{"noiseKey":{"private":{"type":"Buffer","data":"+JLguOr22PFI8kFXp0uSRz+V/7mMXUdt4TB5KuhDlGI="},"public":{"type":"Buffer","data":"sPnRKQofWJWiew25HIcMQ9IU0cVrFbwXVECsUMh2Ti4="}},"pairingEphemeralKeyPair":{"private":{"type":"Buffer","data":"OOKzvefXsSbLoTqtFctkT9wWQw67fFJu50/+k0ibhFE="},"public":{"type":"Buffer","data":"e425jBTSbE19NGuaZrLd9UHuV7JARdOn5DOkVm8kkU0="}},"signedIdentityKey":{"private":{"type":"Buffer","data":"CKPjM/TEu2D7AGyh/0QumYWSUBASsPOpsTEu2B5MgFw="},"public":{"type":"Buffer","data":"hL5rfDEQG+OT5ors+7OrfgJh+dpNi8Mg6dlfQewwSUI="}},"signedPreKey":{"keyPair":{"private":{"type":"Buffer","data":"CN/G0e12GHhJKpNS/LY4F5rCS8iOHFUcSbME0tjke2k="},"public":{"type":"Buffer","data":"8bk4f5znwpFzF9eTSpXdqg/r4fDhFzFpbED1vZMCEm4="}},"signature":{"type":"Buffer","data":"fAigSLHgEaUk+/v14HOicVbePRAnFt9miSgqkyRfATebTvZDbo8TqHRg/4soE0QTWrDrI0DqaVScoVZ3RNZVBg=="},"keyId":1},"registrationId":230,"advSecretKey":"8Mh5rF5DAHTb9fQi/uDH5sWywJ4HtFbYF7Nu1PO0D+U=","processedHistoryMessages":[{"key":{"remoteJid":"6282176236136@s.whatsapp.net","fromMe":true,"id":"69FE9409849A8322D84D75BE918A3072"},"messageTimestamp":1722245412},{"key":{"remoteJid":"6282176236136@s.whatsapp.net","fromMe":true,"id":"C3DF546473A5AEB53CD821B1A7F7F583"},"messageTimestamp":1722245413},{"key":{"remoteJid":"6282176236136@s.whatsapp.net","fromMe":true,"id":"BAAF9E955A0A169947DDF22C293E1A7C"},"messageTimestamp":1722245428}],"nextPreKeyId":151,"firstUnuploadedPreKeyId":151,"accountSyncCounter":1,"accountSettings":{"unarchiveChats":false},"deviceId":"SNOHRW0xTfehqxdIlmVltQ","phoneId":"add6e49a-8a2f-41f1-8d2c-aa33b98faf35","identityId":{"type":"Buffer","data":"BtEop/Y3J2wyDRZJyRmZxjTczQw="},"registered":true,"backupToken":{"type":"Buffer","data":"nopVHiCDin7Ddt5zvViILxNYG0E="},"registration":{},"pairingCode":"HTCNFF2N","me":{"id":"6282176236136:32@s.whatsapp.net","lid":"209826785308802:32@lid","name":"s k y d e n i g h t -"},"account":{"details":"CK690qYCEKDCnbUGGAQgACgA","accountSignatureKey":"4yp9U3oJjMEiAjdUPdl4rjd3Hita//Xi9n+bO9WFo0o=","accountSignature":"R6N8KclAmKjJQWxWYZHg56KzbiILkAItFlrAZKQMhOveXE/xFwmDYotwPfcBnXHaHD6fvjhcyt3qv+/h1m+iBQ==","deviceSignature":"A76mgUjC03MbEnr9P/5doRsbQAdSy4PSGDCHRqPe/ZX+tIyCCUD9s/lQousZniSCwDL/SgdHW3k9e++xDVPXCQ=="},"signalIdentities":[{"identifier":{"name":"6282176236136:32@s.whatsapp.net","deviceId":0},"identifierKey":{"type":"Buffer","data":"BeMqfVN6CYzBIgI3VD3ZeK43dx4rWv/14vZ/mzvVhaNK"}}],"platform":"android","routingInfo":{"type":"Buffer","data":"CAkICA=="},"lastAccountSyncTimestamp":1722245410,"lastPropHash":"2F9yxz","myAppStateKeyId":"AAAAAK51"}