[{"senderKeyId":1108873140,"senderChainKey":{"iteration":209,"seed":"mwH7xOtgME8zDEWqBIPynQDfSsG4saNz4E5+L0V3MX4="},"senderSigningKey":{"public":"BUsULuiWDSwV4thSlQ5PaQLvhL8frQ+QwkQ4RcslbhYw"},"senderMessageKeys":[{},{},{},{},{},{},{},{},{},{},{},{},{},{},{},{},{},{},{},{},{},{},{},{},{},{},{},{},{},{},{},{},{},{},{},{},{},{},{},{},{},{},{},{},{},{},{},{},{},{},{},{},{},{},{},{},{},{},{},{},{},{},{},{},{},{},{},{},{},{},{},{},{},{},{},{},{},{},{},{},{},{},{},{},{},{},{},{},{},{},{},{},{},{},{}]},{"senderKeyId":1108873140,"senderChainKey":{"iteration":131,"seed":"ceT9pQPUGSrXW4OUBe9KhVczTiBtrXW8D9Frrte7qzQ="},"senderSigningKey":{"public":"BUsULuiWDSwV4thSlQ5PaQLvhL8frQ+QwkQ4RcslbhYw"},"senderMessageKeys":[]},{"senderKeyId":1108873140,"senderChainKey":{"iteration":137,"seed":"e8hLLlKiQri3nUgP2LJo+jtBacWWpI3J96b4yFTLRPA="},"senderSigningKey":{"public":"BUsULuiWDSwV4thSlQ5PaQLvhL8frQ+QwkQ4RcslbhYw"},"senderMessageKeys":[]},{"senderKeyId":1108873140,"senderChainKey":{"iteration":193,"seed":"fMudJslCLKM+a8TjNn6keYyP1fHy5B8i2zD09+baYuM="},"senderSigningKey":{"public":"BUsULuiWDSwV4thSlQ5PaQLvhL8frQ+QwkQ4RcslbhYw"}},{"senderKeyId":1108873140,"senderChainKey":{"iteration":197,"seed":"B9v4O3QGWb+L/hbP/Ga57ZUSHN9JnCA/Zc3eQ/HxjOk="},"senderSigningKey":{"public":"BUsULuiWDSwV4thSlQ5PaQLvhL8frQ+QwkQ4RcslbhYw"}}]