[{"senderKeyId":535573561,"senderChainKey":{"iteration":2031,"seed":"fb3ayyOkT1MR446U3K6cFh/wTDQnER8XtZMgDINe9lE="},"senderSigningKey":{"public":"BY3mNJgFDCDLuSFa+ylTWFeCpHgmofhCId/+3vsqlThh"},"senderMessageKeys":[{"iteration":1939,"seed":"zJHD8fAMnskJeHZ89Cstaa7+0ftYd1HRgQkiMB9Ynm0="},{"iteration":1941,"seed":"zVbSoNg/ktuvSCHkL+foGf9HlN0Dy7bvxYPPb4BFyOU="},{"iteration":1943,"seed":"IrSkxNLGFh0VQi87tEBv05mFGedYpRR/VsIQLasQvUA="},{"iteration":1945,"seed":"2hw/1iXB0sH7kvG9CpN/GpVdrpRyQBF2KOF6osy7Ln0="},{"iteration":1947,"seed":"p2CR2x9XpkbAPpIQb0blImtSwFqrHduS2uqb1uniDB0="},{},{},{},{},{},{},{},{},{},{},{},{},{},{},{},{},{},{},{},{},{},{},{},{},{},{},{},{},{},{},{},{},{},{},{},{},{},{},{},{},{}]},{"senderKeyId":535573561,"senderChainKey":{"iteration":2013,"seed":"kp2OdglZAhYpHonjIFVPo9aa0EtTeH6gUi2qsc9gR30="},"senderSigningKey":{"public":"BY3mNJgFDCDLuSFa+ylTWFeCpHgmofhCId/+3vsqlThh"},"senderMessageKeys":[]}]