[{"senderKeyId":1637806271,"senderChainKey":{"iteration":2,"seed":"UEMnFKCkT3GXPZTM+H0fNMhftCohQq73lUHmZttEfeE="},"senderSigningKey":{"public":"BWwZlNQY+/YqsTAhFlqSjRE9OFEhfv7c+fgC57rE9ctx"},"senderMessageKeys":[]},{"senderKeyId":133298538,"senderChainKey":{"iteration":7,"seed":"59kW/wjFw21UKwfmWzT6Af+pbWB14lFOdFcqaes7Qgw="},"senderSigningKey":{"public":"BVRNIP7YFGzzMFcDNEvhyrWyglXguqalKpUkqfwJ9/c+"},"senderMessageKeys":[]},{"senderKeyId":285453469,"senderChainKey":{"iteration":13,"seed":"2yWFEM7BQwASqYqXLkqGLOn5nfeOsCb+WuzYrBPZsFo="},"senderSigningKey":{"public":"Bcvz7TNqroOZvsZPK2hOguqmmXnDch0QRyxRz0cjgoET"},"senderMessageKeys":[]}]