[{"senderKeyId":1535086568,"senderChainKey":{"iteration":65,"seed":"oXulnerTf5w9A/IM2z27PVfs9GVdDfV7qulV+COCXJY="},"senderSigningKey":{"public":"BV3R1UTs472nGuk1KzWFHaJy+gZP+Hir6GPcWT4qBYgG"},"senderMessageKeys":[{"iteration":17,"seed":"qMrpNzzE/TIqEYmXy5+UhY462F1TuCGm1A51gvvZRkU="},{"iteration":19,"seed":"EmbQ92Wz6TPNS+3GGSbtHdlTm2nHbO3hdfCmDRERENY="},{"iteration":21,"seed":"qQPkI6nNynZtl4v6E/R0VfG6ANabj+xuixSA12lnUTA="},{"iteration":23,"seed":"KNTDoez2Upi9HSepNt5lBPE5ijt8d6KDT1jo9gHvf8M="},{"iteration":25,"seed":"3zysHpX/G6H+eubxBELZjE2K8eIgHzUzdaWnF6MMPms="},{"iteration":27,"seed":"/+SxoWM1/nbz3tJd2VGKzdjT2Ns8PSy9WJlZxxSAAGY="},{"iteration":29,"seed":"HMOhcKiyBBckhH/oSRnW86YWNBeL48LBxVI0v9Kxa3o="},{"iteration":31,"seed":"td60xSry21a6So8cmtcYWnUHIi8aez5TS+XTb9uuMP4="},{"iteration":33,"seed":"LArZLBi5OjTfcTplJY/odqHQVRDusGezzkbecOMPYpY="},{"iteration":35,"seed":"C98ZwXO0ynyEmyE8z7nOsfqh2gDb7dGmzNS0y8cIs/w="},{"iteration":37,"seed":"lcrfDjADQ6v9zu3e+JJ6m5Z5MDpCpu7YEYyqSo2Ysi8="},{"iteration":39,"seed":"Z4Q2VsIzMlHxxyxTRfbTwsoON9obKwZVi01Rh9Xgsic="},{"iteration":41,"seed":"CMDmp/QCPalBlNquz22kTP+ZrkruVIJdw79j+YPwAdg="},{"iteration":43,"seed":"X81ejamjAAKipAq5frPWvRJ90gEya0ukzj8ZSi5m7X0="},{"iteration":45,"seed":"hKlnV5B4hdjsJrYpBBbNX6ScKxIXqEP4+wKQciTGjUc="},{"iteration":47,"seed":"vLnAIctdU6Y5z6iv6XHbuZcgMfZOInX69MJQ6XrN++o="},{},{},{},{},{},{},{},{}]},{"senderKeyId":1535086568,"senderChainKey":{"iteration":49,"seed":"rdBtOcCwmb5HYaGmrA1w4eU64jF6cgEfs6+ECrAe9rk="},"senderSigningKey":{"public":"BV3R1UTs472nGuk1KzWFHaJy+gZP+Hir6GPcWT4qBYgG"}}]