[{"senderKeyId":1444282260,"senderChainKey":{"iteration":23,"seed":"PvxFAvK3aKYB4Brj/VH2LTWTxxKNGCok7l9DaQj7ZXA="},"senderSigningKey":{"public":"BbqcyDGbZCfzz2Khp9+/JtlewW3VV2ua/ep8FddqiToI"},"senderMessageKeys":[{"iteration":1,"seed":"giAQt9TLzRIJ8C2pCMyrvwJcCLVGAOnH1LRBeOLsHm4="},{"iteration":3,"seed":"6b4xQqXLIiH5id/tyE87dZWVsMFY7Trsl6LNWnykfxs="},{"iteration":5,"seed":"GRvNpXcB0rXPoEdIfvG9HeD0bR6hfzV61fOrHOrfDkw="},{"iteration":6,"seed":"lOE/NFizKqFc59qT+PudeiKzhoxe4IsRgTsUz2Z50NM="},{"iteration":7,"seed":"ER37kEjeSk32zwJJOvtUWalsfseMoNcqCjVJcCYYih4="},{"iteration":9,"seed":"w6nVaCCWjcXnNj9ViGF0ALr9XDs6kdGNmEfO7kHlJ4A="},{"iteration":11,"seed":"a9J5z4KxQlzUXXy0EorrJwahFMqXS+mDoZPjds15N8U="},{"iteration":13,"seed":"SOd8U42CGOuCaLJUyU1kfl3VThU46xVtFbmJ18UwdN8="},{"iteration":15,"seed":"PvOYoUSF2im01rro3uK+tPK8OiDFLVJ4EEeML0of6LU="},{"iteration":17,"seed":"O6XMm9iV01MbFKcJCWs/DeVdLWyDGGTtopZQzua1yS0="},{"iteration":19,"seed":"v0hqpwpqjYb124+IRgerH2K7Fg7mBsosw6GiZcOz6G0="},{}]},{"senderKeyId":1444282260,"senderChainKey":{"iteration":21,"seed":"sMJ8e5QIQLO0Z6+7IJdCuVn0wYwGP0zbHQSAhZm2EdQ="},"senderSigningKey":{"public":"BbqcyDGbZCfzz2Khp9+/JtlewW3VV2ua/ep8FddqiToI"}}]