[{"senderKeyId":683828243,"senderChainKey":{"iteration":101,"seed":"tW1OAliVOw0Ge0pzIvNjQF9gxr/PjSXi26MskrIYwlo="},"senderSigningKey":{"public":"BbN5kHvINxIm5cgy0/l11E619oHObKNYkhDRoLe73mNQ","private":"iK3/EHrtZjHlOLMSVGPkYBbtjHDG2FXJQuek2czhAFY="},"senderMessageKeys":[{"iteration":1,"seed":"yQ6ye1Y7A4C5vFJ5Y82ZUm4bO6lo910zLrMfAz/0MTI="},{"iteration":3,"seed":"eSpPk5dEjUATpG4zX+CsBqHpFXZrdLQ/xU/ldkRimbk="},{"iteration":5,"seed":"pwjRQY7bSAgcay6gWk43r7IE7xulJB4sXEQqfwzMbbc="},{"iteration":7,"seed":"JNnHYCMe+/AMc3NwPNOcpd4SPOkQaqdDay+YqCqbUBQ="},{"iteration":9,"seed":"lxIGiTIJw0FqwIAchfwEpcdW1TEtGx//3v1xRB6DpLY="},{"iteration":11,"seed":"1aEV3UGiRp2NYc1yz0GiV1wXDluXzai5ZftCxtAlhag="},{"iteration":13,"seed":"qIh6xixkLf8zDKUvAYbW/jlSUXi0YUGvgWQPDqdTu/k="},{"iteration":15,"seed":"YiGdSxAw99hA2H7QGSq78tqtas7nUiBS8E4dwShb9Ys="},{"iteration":17,"seed":"Wb/uTlS5WNpbLX+MnVNl4ZrnbkoZKyrm/KhYa8msFlA="},{"iteration":19,"seed":"21Gqw6FONy1bpKCqyHmRYiwoZiVRhiFkdzJfHRBpFi8="},{"iteration":21,"seed":"6JlM/94sApxEeAyvT177M1m+dPr7V8tc0wnF7KZV0/s="},{"iteration":23,"seed":"vfbviphnm6H5bNOccOVrH6xUOXihV3wriDCnzidhy5s="},{"iteration":25,"seed":"u07F/xwj9FNNyFPJeFlBgi5XAr5dYUbjkb/hSxNlAEk="},{"iteration":27,"seed":"Vai7JHuBdtt61n99dte2MMrG6QXKQYatgsryd6BwI4U="},{"iteration":29,"seed":"S95h0j6SQI0IPIlWfFjE3+JiMRoaM/tdoZwVNy0nWA4="},{"iteration":31,"seed":"fgxdnyxTANFv/ZpGHn281OMw7wjspXvmaFj6dZZKmio="},{"iteration":33,"seed":"Asz31GlOtMtP9Ik4qmHreXaP2qjqZR8AKTybHRLLcMA="},{"iteration":35,"seed":"O/PSFtXsxE4+GsVoK4fLEIvB0dlud1Bs7kV7GFAupdA="},{"iteration":37,"seed":"f+K9Gx5mwP77Oz9r4B8nn6+x6caQZACgQlqCeSXnW2Y="},{"iteration":39,"seed":"8UnTme0iZcA3CffG3De5Wc/226PJKphrZwOQZ2lv1ZU="},{"iteration":41,"seed":"UIYzh5ZNDDt4PnohINbhnYhfRZOO6OxWZvPn+Od3LCg="},{"iteration":43,"seed":"3tHVvsLYeG3/Cyzo9DOox4Zj6NPH7FoyYVvpVR87iCU="},{"iteration":45,"seed":"aHwskvJUuDBpZNvNRNhXxjHKMnA99mYp4Zx6OG4Y7U8="},{"iteration":47,"seed":"zuVYjkxJwwtE2ljucFOF7KiGOgvHeWuCqvNoY8K0ppY="},{"iteration":49,"seed":"kQywSaBhtrcLo7cZKnh6yJnD1njg+G7Ql6qD0qRIYaI="},{"iteration":51,"seed":"lbBPdSg5s3mOuxgrulryngkPsfRShdKCH4GRH1FzPPk="},{"iteration":53,"seed":"KMdd45TSIRlGcqieW6ReLg71FbumFKZwPFdOpsVG7dc="},{"iteration":55,"seed":"n0W3xaMgzAIYfTdlwMkxZKWiqamJuyHrs3XxNPSMFIg="},{"iteration":57,"seed":"uVhYeG29ddmSoiLcbpz1SYYHJf+ijdXbtOMa+HGfM4Y="},{"iteration":59,"seed":"zvgD28Hr3nKr3alpdwqaphqdo+WHJMne3PvlRPNkulI="},{"iteration":61,"seed":"hzUJq1iGzTyuTVtcizuHJyujJ9bVICVvUW4pFyXUadU="},{"iteration":63,"seed":"U8lAiLCSd57oF04DluG8gTcDFrZjomOnVRgc1jepC3g="},{"iteration":65,"seed":"DluM212cv0JmpaMPK6YURyx9Sq7HAC8iOz7fb6eHkFs="},{"iteration":67,"seed":"UG2HovVTKw3iALFiKGiRFhoxIIJBQ4DcluHyNp5USEM="},{"iteration":69,"seed":"ilpVBoL2y+290LCTzQCFqLPWF0Q9gzpEE6WteoxAB8Y="},{"iteration":71,"seed":"wrIwnAxxE98TWzru3cXdZA/wMaRU76WVOQMJ/n8eLAg="},{"iteration":73,"seed":"FsCj2DyMQ9KbwO/FPmwgdNFNt/LKwfbFznwhCthMpuY="},{"iteration":75,"seed":"LpBl5zqob4+l2iP8ecGeGOoQzxGfC7c/C88a3FCq5rE="},{"iteration":77,"seed":"VzZt59nC0YdwyItec1DALvnSGHXYX7vzaUBWPCyL1mA="},{"iteration":79,"seed":"Y0B++1jbVUzd07QXCzkVrNZDUYPdZCTa5uSN4leSX2E="},{"iteration":81,"seed":"eexQLR52JZFMe6JEjOjsxIHgWtUiuCdb6FP/Ff5khUE="},{"iteration":83,"seed":"psjZoaru/fwzOJYY+E2ovOLS/6PZGspduA8Hoo+2wpQ="},{"iteration":85,"seed":"vqx+L3qIwGq7LT0MT6eOYIcLodlW9pQwuXnhp6bFWXE="},{"iteration":87,"seed":"x0L+OjAkqun7uBTRYXkdQm4kJY6tXe9ZDsaOhe9n7sk="},{"iteration":89,"seed":"7MWLm7q0z7o9uIF0wRnuBnDxCzbBrh9c3ICC6LF8/98="},{"iteration":91,"seed":"Z4oEbUu/CfuX0O9FcIop7mazvwO2sUgaLa5U6byZDRw="},{"iteration":93,"seed":"7RLK64Qy4va5VkrmrExiPmd4sGQqZF47JurCjrztlb8="},{"iteration":95,"seed":"gRkeddhvPVwXWggA5gKpyGor9ZqEmusf2X8acgZiY4Y="},{"iteration":97,"seed":"MU86c4YL6o5dGtF7oAKqnJR06fgH0qAkEtbJGqfxJiY="},{"iteration":99,"seed":"/6MD54vhGQLeiGTBCw5eZu9W7JOa9eeVYDuVOSOfLnw="}]}]