[{"senderKeyId":76743359,"senderChainKey":{"iteration":635,"seed":"WDzwoutQgA65KSP0sT1NnVSw/tFk/WW+MkV1YXEQUFQ="},"senderSigningKey":{"public":"BTJwwsIqZEPMPwVaIRyb2qP1TbwhxOhhPdJGWsL0xmsJ","private":"OF7baAeEFF1jJ1lmB31f3xjh6CZxWFMmtj7kmJxwt3Y="},"senderMessageKeys":[{"iteration":1,"seed":"wHDftZuhyZrUGwCZTwuVH/AEj88MNoQB3N0ZxWpEQuc="},{"iteration":3,"seed":"UCJtwfGcFp4tOBFRyzA4RO7d+R6PyufQkhQ9w01qozs="},{"iteration":5,"seed":"+NyMbsrTFZZY9auRmRd3IHc8V8dAnUb2LclZ7li2Q3U="},{"iteration":7,"seed":"7yZONNVcYg3A6GpfNGUe9mHMoiygnuCWX5H8gAGjdGc="},{"iteration":9,"seed":"7w9xPl30WNSHRXswMW/PigRpXoRMy9OlNNQCFyyFbQI="},{"iteration":11,"seed":"SlQarHHEfhs2y0rQAL+R2k9J+0IK0UQnZ21o52okp8c="},{"iteration":13,"seed":"+dbXHV6oA3o0Z4LCkZO3hdolTDHiicBZmdrbFBuaoNI="},{},{},{},{},{},{},{},{},{},{},{},{},{},{},{},{},{},{},{},{},{},{},{},{},{},{},{},{},{},{},{},{},{},{},{},{},{},{},{},{},{},{},{},{},{},{},{},{},{},{},{},{},{},{},{},{},{},{},{},{},{},{},{},{},{},{},{},{},{},{},{},{},{},{},{},{},{},{},{},{},{},{},{},{},{},{},{},{},{},{},{},{},{},{},{},{},{},{},{},{},{},{},{},{},{},{},{},{},{},{},{},{},{},{},{},{},{},{},{},{},{},{},{},{},{},{},{},{},{},{},{},{},{},{},{},{},{},{},{},{},{},{},{},{},{},{},{},{},{},{},{},{},{},{},{},{},{},{},{},{},{},{},{},{},{},{},{},{},{},{},{},{},{},{},{},{},{},{},{},{},{},{},{},{},{},{},{},{},{},{},{},{},{},{},{},{},{},{},{},{},{},{},{},{},{},{},{},{},{},{},{},{},{},{},{},{},{},{},{},{},{},{},{},{},{},{},{},{},{},{},{},{},{},{},{},{},{},{},{},{},{},{},{},{},{},{},{},{},{},{},{},{},{},{},{},{},{},{},{},{},{},{},{},{},{},{},{},{},{},{},{},{},{},{},{},{},{},{},{},{},{},{},{},{},{},{},{},{},{},{},{},{},{},{},{},{},{},{},{},{},{},{},{},{},{},{},{},{},{},{}]}]