[{"senderKeyId":609655448,"senderChainKey":{"iteration":3,"seed":"M+Xww/Db9iR6ygFWR9IPEzcLnPeMxrFy5bksm80XhfM="},"senderSigningKey":{"public":"BZAxXs//kPRI8jJMB49xeEBuAGSOMR1xrNmULMLZrnFX"},"senderMessageKeys":[]},{"senderKeyId":1877375771,"senderChainKey":{"iteration":10,"seed":"5Q3ivOdh/Xxj4V7uEdezJDNv+mLEcKtrVSsS7YMfBEk="},"senderSigningKey":{"public":"BSCLuw7mFomVi9G3hPMKAsGf+Dufn+X637DQKaH2bf1P"},"senderMessageKeys":[]},{"senderKeyId":1115566662,"senderChainKey":{"iteration":2,"seed":"nb3Zf4f8PldKxlS4GtWmgLyUY67iKGCta6I0I8qQUzs="},"senderSigningKey":{"public":"BZkolBC/A5Q8trUfilwQWulWsDBkeqt+Zko9cqjZLe0f"},"senderMessageKeys":[]},{"senderKeyId":2139982804,"senderChainKey":{"iteration":5,"seed":"SQfSeztrSh6wl4A2sapblH+/8IqCCd56zPgELvr4mR8="},"senderSigningKey":{"public":"BWRioLGvzI+Fg9W4GMZ8jwv4o/JHZDuPDHk+GQs2tKg5"},"senderMessageKeys":[]},{"senderKeyId":934721595,"senderChainKey":{"iteration":18,"seed":"7QThBnFSw6AwFe5z64pZtyjefpebBU2fcGVkM12gNBE="},"senderSigningKey":{"public":"BV7BiQ5MhC+pWsT2MbRCD5SwacK+Lfn0w6txM38BAZp2"},"senderMessageKeys":[]}]