[{"senderKeyId":675435593,"senderChainKey":{"iteration":5,"seed":"yc9ckQ5hkTe3SJcq963owOGmtZiIpGF9WCwCzGhGrMg="},"senderSigningKey":{"public":"BdlKp7qqhwNL1uia1SE3EzxijNvb98kq60bfnbmUzcUz"},"senderMessageKeys":[{"iteration":1,"seed":"/SKHaQh4YWpc16h6xEGu6aJZBcVDS8spXmhyNgaXozs="},{"iteration":3,"seed":"idujhWL6Q7dgNh5AEQCKtp+R6qjRUTaPiTyKwZKn928="}]},{"senderKeyId":675435593,"senderChainKey":{"iteration":0,"seed":"pTN0HwGZpqsjJEo1q+sd6niEDED78tKo5/3U64WOBjg="},"senderSigningKey":{"public":"BdlKp7qqhwNL1uia1SE3EzxijNvb98kq60bfnbmUzcUz"}}]