[{"senderKeyId":1573861197,"senderChainKey":{"iteration":93,"seed":"1R9ehSpBYmCtzww8dk28AgC59GjbcJcuDhtfIO0BvA4="},"senderSigningKey":{"public":"Bf3g/Nge5PWLACYQ0ot5BS5oIAYYDwcpNhKTLnqvMFF2"},"senderMessageKeys":[{"iteration":45,"seed":"NKJ5RqdNL6rbzzVRZypWoSzyYOwCg7leAIz8uPocWEw="},{"iteration":47,"seed":"LlZiSsARHMl4fQYgArHcxOh1jDTYeNjwDLNH/VRXxXc="},{"iteration":48,"seed":"kd0xJNENNouEVytrY2SirDdelv+DCqR3oqOREt+z+7c="},{"iteration":49,"seed":"ipmkE6tD7muvIsZ15n0hAf6wjd+49gRj3ao99IgP4To="},{"iteration":51,"seed":"ztl8exKVPnloHuBTsAFEEv/LIcDcRHrcgnryen/13yw="},{"iteration":52,"seed":"paGpkB8unaLqB9NXWjPuth/XuHtwMHJOhbE4B/Fp32c="},{"iteration":53,"seed":"FdXBNYVtXLW6nMQCtXU87qvRmF7nasiBs+AxZuG6cXI="},{"iteration":55,"seed":"35bxRxuFX4q3O/033pyDI3N55JBEMGiMXmy6C+ChUpk="},{"iteration":56,"seed":"oSgoixky5wzJqFyLUy4g6yvo/qHZvv2bsAQjJ+ZxAZU="},{"iteration":57,"seed":"3Ir4y1sRdsJW45E6cUpjxVoUjBIHBna93EWpX6Fuy5k="},{"iteration":59,"seed":"I0xSDpjhCFRUBTlNTjOdhLUccGahVzFKdfDpYVSzopw="},{"iteration":61,"seed":"j+Miloe3ZF3Dv1jF8ttsMn6EjryAKMgZo7em4L9fhRI="},{"iteration":62,"seed":"3kCGwY1EFjqv2vISDMDP93ytheI8LjNLbgF4utH72uQ="},{"iteration":63,"seed":"oqCEqBCHTDNI0dPUb0m4Bjg8h67eoBzL4ZMSfORYBfg="},{"iteration":64,"seed":"xc8xFZrbgu9/UbM0jMTapWcHq3mXheaJd9QnRoz9q2Y="},{"iteration":65,"seed":"5OWPiNlIZtghB2vDZtfRMZfHmSRWkXK0FAYvPykogJw="},{"iteration":67,"seed":"g86j3C1VAiCXSmT7SLTTgFUmIWWyuSG6Bo15yd1xFKk="},{"iteration":68,"seed":"/sd1ErQ2nrtjOqiOmWxG23dQTAL9rxaq8f6ieGTvD1M="},{"iteration":69,"seed":"T5sigOGE+XTfbwr0Jw3J6pdrvSI+9QD7Jb83DiLYrag="},{"iteration":71,"seed":"MkvonhNvH5a56omsy1QotdaOY5Zd6XY6URCmEQzIQrw="},{"iteration":72,"seed":"tDJowyz+qrqX9IPKfJCWdsDLViabm+JJU4gzy4G54DE="},{"iteration":73,"seed":"XVL50zRYuJRJlZlU7KKyTo/CI5U30iCXS9CS8/k/Tq4="},{"iteration":75,"seed":"k8BRn8DoH49VKIJfQrtXU0uEQ0F19qw5oxUW5pkExg4="},{"iteration":76,"seed":"s+GtJ8RZpIKEhMNT33amN53P62fJafwBwqzCjhfEnbw="},{"iteration":77,"seed":"NyJ/q+WWFHnNP80q6+/7l8PlLOjy3umrtiZUS+/l1lk="},{"iteration":79,"seed":"CiFQLn2S3CpC/Ezk2K4yCcc6l1hbMsNKS3grwIA3nYo="},{"iteration":81,"seed":"6MFukEoOP7Bp4qfb/PUXz8klm/iQjUOCPx7OV1jKr24="},{"iteration":82,"seed":"VB3om5uR9VrICOE8EeBYcSiT5iZDlscTYT9l9GAhFVY="},{"iteration":83,"seed":"W3RpUuwEC6xB25rg9/0mWlN9+sRa9DGtnAA+loCgcSE="},{"iteration":85,"seed":"wlwmnKu7f2sInef9bY915g8yF9kbNu4xtgk+23k8piI="},{"iteration":87,"seed":"K/ppDO3IJ0PoDGYoT5EcLn+x3P7REjg3nj+zx1l/3r0="},{"iteration":88,"seed":"ZJpngd8ybpH9y5LvbvPItvrHd0ZPxOjnY5HLiQT3j7k="},{"iteration":89,"seed":"iQt2o/5fNG8TCfyVagLEWNgizlMDvYzeXXBFmCu9eqg="},{"iteration":90,"seed":"1lDwmXEQHwcLQ7/MYxuUwF+0Ie6BpPNU/kbb0FdHBtM="},{"iteration":91,"seed":"uoqkJid4/mKYefVErpChHc44Td/LPngDVpuala9dwgM="}]},{"senderKeyId":1573861197,"senderChainKey":{"iteration":53,"seed":"HQmnpxafsq5utZxcC9brJFBgVfKnTqqccNPAEBbF47A="},"senderSigningKey":{"public":"Bf3g/Nge5PWLACYQ0ot5BS5oIAYYDwcpNhKTLnqvMFF2"}},{"senderKeyId":1573861197,"senderChainKey":{"iteration":65,"seed":"k8bnVwQBLZJzhTrioD8fg9Ys37BPrQTi4WX506KDZxY="},"senderSigningKey":{"public":"Bf3g/Nge5PWLACYQ0ot5BS5oIAYYDwcpNhKTLnqvMFF2"}}]