[{"senderKeyId":54278960,"senderChainKey":{"iteration":119,"seed":"xSa9nWxOsBSeSs6tUe3wJ0uVyhqM3NTvlrnUM80opy0="},"senderSigningKey":{"public":"Bcppi0T7KriOfd4Y9CG4L7+9NqDUqL2BUOk66xhwP/Z2"},"senderMessageKeys":[{"iteration":101,"seed":"FD6ja+ZHSQB2N+Bv5uZkl/tLVknQcmnzyB8eJyl9wQo="},{"iteration":102,"seed":"agmmn4GbjTkpD+Na3zbPJpcNf1aDEkHoPEloLQzarZc="},{"iteration":103,"seed":"JF0rdyGXSmHcllNrxu/zII97Zu32FxU+PbHdcWRB+9w="},{"iteration":104,"seed":"Oo/J5mw4Cr42R3SBqf50X3kqDLuqIxJz9nmZ5mYi3iA="},{"iteration":105,"seed":"igNmUZ1Ca1sJ1nyDSHe5hT2DKn4UOt4JP/626RVSDk0="},{"iteration":106,"seed":"vgscHqt5B9pQMay/QDa/ChTl7vAs1SILPdrsDPc5t2U="},{"iteration":107,"seed":"q/o4aOgcNyQuLgoYZhfSeml7IZOYri8+RWwQCqH4/Z0="},{"iteration":108,"seed":"VbrhcCb6Ck/O/nTd0P3CfhKYEnccISvo3SJUKYkbzkw="},{"iteration":109,"seed":"sO04tN91xZe9l1gynBm9H5TBDRC46HXuE++7xcYZiBU="},{"iteration":110,"seed":"Y/XqJHdUD98I9zPtMAoJ0llU89gyWQQ/8mrnfUzT9uE="},{"iteration":111,"seed":"y920libQcNV0XSJrXJJrvrcjvnzwicWcKDoXs+Nwf+w="},{"iteration":112,"seed":"grkB5MhOGtPdbzsBQlPkBe4MG4AFaTeLwn7T4nKEgqk="},{"iteration":113,"seed":"Vd2fS7zjMoFHT0krZgrsJN8UEiWnhuSuzi5k+go3Pq0="},{"iteration":114,"seed":"jX+CYpuh1fMZzCCn0EwDOYBzi6zYkHfAo89ESXY7XYM="},{"iteration":115,"seed":"rMJJxWHQYzaAWhPdsXHac/DxveN3zK2YBEx2sjOiLl8="},{"iteration":116,"seed":"J6oICp0w1rTSdpfkGv6R2UnlvsIjhRKzgU3p9w1JFao="},{"iteration":117,"seed":"0ZlSiF86Pm9S6EVCTozoFdcdUfb5ynQlkaDYVtBKpeY="}]},{"senderKeyId":54278960,"senderChainKey":{"iteration":105,"seed":"IHnz6CHOqQ307CyV5CM1x06XGuZtyn5s0fGY/7WLyPM="},"senderSigningKey":{"public":"Bcppi0T7KriOfd4Y9CG4L7+9NqDUqL2BUOk66xhwP/Z2"}},{"senderKeyId":54278960,"senderChainKey":{"iteration":109,"seed":"aP/CooZWmz2u8qTxcO2gcFDxEWLEFenxrXGZr3kar/M="},"senderSigningKey":{"public":"Bcppi0T7KriOfd4Y9CG4L7+9NqDUqL2BUOk66xhwP/Z2"}},{"senderKeyId":54278960,"senderChainKey":{"iteration":113,"seed":"Z64cMyWE9y351LyFFTfbIUrPcf5hr+85CDeFedh/xHY="},"senderSigningKey":{"public":"Bcppi0T7KriOfd4Y9CG4L7+9NqDUqL2BUOk66xhwP/Z2"}},{"senderKeyId":54278960,"senderChainKey":{"iteration":117,"seed":"TT43DvtkMJNGAXJOllCt9xAulidUgP8eiY2ephjMyhw="},"senderSigningKey":{"public":"Bcppi0T7KriOfd4Y9CG4L7+9NqDUqL2BUOk66xhwP/Z2"}}]