[{"senderKeyId":360641359,"senderChainKey":{"iteration":31,"seed":"jZQi1J+/1s1h5RhQjfV1ZEGvCigfIr82OaroAdWGQ3c="},"senderSigningKey":{"public":"BVOFQZrCmpYarjIjosK9acsh3OlT5VwKJtQnQsoOmZZd"},"senderMessageKeys":[{"iteration":25,"seed":"G2oqNDbby3siy2PRPM6EWB5T2LMmvbclA/kt4D1b5SM="},{"iteration":27,"seed":"eZ5EECmDfsZuz2tNRuru39iOP1qYX07mlvsehzVxCi0="},{"iteration":29,"seed":"LUsYG9S+Px0RG+ehlyy3REszNC9vZopBVQ/CBmXG9RM="}]},{"senderKeyId":360641359,"senderChainKey":{"iteration":27,"seed":"xZ2ylyN2x76aIVx47QD6/C5hUGFjD1ZL/H6txOA4NpE="},"senderSigningKey":{"public":"BVOFQZrCmpYarjIjosK9acsh3OlT5VwKJtQnQsoOmZZd"}},{"senderKeyId":360641359,"senderChainKey":{"iteration":29,"seed":"KR2/zTEjS0cQ+B3VdsxRbzkvAm3lQ2jIEV2uZkTtrJw="},"senderSigningKey":{"public":"BVOFQZrCmpYarjIjosK9acsh3OlT5VwKJtQnQsoOmZZd"}}]