[{"senderKeyId":725366923,"senderChainKey":{"iteration":11,"seed":"jrOZW4vdHmJ5L6BYWG7TfoRAUvYrt5zgYXdELsJbM8E="},"senderSigningKey":{"public":"BeLpYIF+XfgAOKnhET6ZEfpEU5mSTxX6ruCNw938tqQD"},"senderMessageKeys":[{"iteration":1,"seed":"fTfaH8ULcLKE3PsEhz8NVRbt1O7lEZd6EcHtLNgFzPE="},{"iteration":3,"seed":"ck99IAGjRQZSQvhBGiKDH3x9Kjkr2CkwgGaug85MlYw="},{"iteration":5,"seed":"TmVzL9z9KJzamnrIxQsVrb1owc1OLe1bk4myWOZZZC4="},{"iteration":7,"seed":"xhrSf3AYmVbmO8yQZblXvJX3Fo0T0xXSMX+WXTyBkRk="},{"iteration":9,"seed":"5EUYFhy+laaIlF9Ua899sLnPseC+HBoHl8gV1ho6GOc="}]},{"senderKeyId":725366923,"senderChainKey":{"iteration":1,"seed":"Y3w9LP9CxZWRp5ZcqauRDPSZXawL8dCbgr8HXq1guqs="},"senderSigningKey":{"public":"BeLpYIF+XfgAOKnhET6ZEfpEU5mSTxX6ruCNw938tqQD"}}]