[{"senderKeyId":129801237,"senderChainKey":{"iteration":789,"seed":"1i+sxFGIHdnf6mc4sKc7w23mrRohWhRboSgVSRR5mno="},"senderSigningKey":{"public":"BU6kZe1BxuMrLDOTUo8ExLxjkc2dM/ijDs2Kl0eJ9hQq"},"senderMessageKeys":[{},{},{},{},{},{},{},{},{},{},{},{},{},{},{},{},{},{},{},{},{},{},{},{},{},{},{},{},{},{},{},{},{},{},{},{},{},{},{},{},{},{},{},{},{},{},{},{},{},{},{},{},{},{},{},{},{},{},{},{},{},{},{},{},{},{},{},{},{},{},{},{},{},{},{},{},{},{},{},{},{},{},{},{},{},{},{},{},{},{},{},{},{},{},{},{},{},{},{},{},{},{},{},{}]},{"senderKeyId":129801237,"senderChainKey":{"iteration":679,"seed":"0133G8/Nf/u/mBIcE3IyXcOVUQ2zmvwXDBFrDCD/ezw="},"senderSigningKey":{"public":"BU6kZe1BxuMrLDOTUo8ExLxjkc2dM/ijDs2Kl0eJ9hQq"},"senderMessageKeys":[]},{"senderKeyId":129801237,"senderChainKey":{"iteration":661,"seed":"u3+iL0Y1K4EPVAxdvKxJ20digWBr85oVkzXQb291P18="},"senderSigningKey":{"public":"BU6kZe1BxuMrLDOTUo8ExLxjkc2dM/ijDs2Kl0eJ9hQq"},"senderMessageKeys":[]},{"senderKeyId":129801237,"senderChainKey":{"iteration":677,"seed":"hC/ZNmWFnc+9iu4d3+uPotDpLpY24ezMp2hz+G8tSC8="},"senderSigningKey":{"public":"BU6kZe1BxuMrLDOTUo8ExLxjkc2dM/ijDs2Kl0eJ9hQq"},"senderMessageKeys":[]},{"senderKeyId":129801237,"senderChainKey":{"iteration":755,"seed":"4YDdebheX7NQt8DRYuPjwb650c+9yBlxV+eVJl5x0qE="},"senderSigningKey":{"public":"BU6kZe1BxuMrLDOTUo8ExLxjkc2dM/ijDs2Kl0eJ9hQq"},"senderMessageKeys":[]}]