{"_sessions":{"BeLMHk+U5jEXBMRh1+CxR4JF8B7EJB3FwJK3SMez/vpJ":{"registrationId":870942243,"currentRatchet":{"ephemeralKeyPair":{"pubKey":"BTRzQ/ors3aQsci1TiLlbo2UiGGu9moBO14o5xgtgF0v","privKey":"cMK2St2EMmczHRsgncPhObT3ufLFfWqCxDLx1sev234="},"lastRemoteEphemeralKey":"BfQi3CVpkub7jWcdH6ROuMHEfbSU9zY2OHrQVfMouz5M","previousCounter":0,"rootKey":"atKXwwfNzatWuFFZSh8jNYdMegLiiZfMmEY6qVnQC+M="},"indexInfo":{"baseKey":"BeLMHk+U5jEXBMRh1+CxR4JF8B7EJB3FwJK3SMez/vpJ","baseKeyType":1,"closed":-1,"used":1722302915974,"created":1722302915974,"remoteIdentityKey":"BUxLC22AKOgRp2f6BghyZlOVBKwf5lSSVuDF9CAUukRI"},"_chains":{"BTRzQ/ors3aQsci1TiLlbo2UiGGu9moBO14o5xgtgF0v":{"chainKey":{"counter":76,"key":"GOuohT8H5UWRyIk0GtOOkaM9v4+uN9IaVJU+8rPuoqI="},"chainType":1,"messageKeys":{}}},"pendingPreKey":{"signedKeyId":2,"baseKey":"BeLMHk+U5jEXBMRh1+CxR4JF8B7EJB3FwJK3SMez/vpJ","preKeyId":7752917}}},"version":"v1"}