{"_sessions":{"BSiuvHg8aBt0GZ67PesJNYjQf5sMM9LR24P6jQNH1cx6":{"registrationId":1302820355,"currentRatchet":{"ephemeralKeyPair":{"pubKey":"BfLwzJ6B+coyQMjZU21QdI6ew6/Lrq19ON7x5UMCMYUk","privKey":"MOQsQuq3ugm+LGAWHXDsuRk7zuykIdocM1vwpWawW3Q="},"lastRemoteEphemeralKey":"BYla+EKFGVc/60OFvAxiAaSDao38QSjPhazrVzaTbEw8","previousCounter":0,"rootKey":"d4T5zsEiYVnHoWygBYv2dljEZQ4bpvExY/Yj7yEACrQ="},"indexInfo":{"baseKey":"BSiuvHg8aBt0GZ67PesJNYjQf5sMM9LR24P6jQNH1cx6","baseKeyType":1,"closed":-1,"used":1722224746586,"created":1722224746586,"remoteIdentityKey":"BTkVptqgRscUIylszKA1tEOghUbLCyVDQEuZ0VSwr6Y3"},"_chains":{"BfLwzJ6B+coyQMjZU21QdI6ew6/Lrq19ON7x5UMCMYUk":{"chainKey":{"counter":6,"key":"NsWjhKeOZOsCAB85yLgs3ybPJYpMD1mBErLz8V1t+GA="},"chainType":1,"messageKeys":{}}},"pendingPreKey":{"signedKeyId":1,"baseKey":"BSiuvHg8aBt0GZ67PesJNYjQf5sMM9LR24P6jQNH1cx6","preKeyId":3220141}}},"version":"v1"}