{"_sessions":{"BXfEdQb4DQXjsjo9iDtWrzkA96Gsf55MHxcZ7e0avCY6":{"registrationId":1255557801,"currentRatchet":{"ephemeralKeyPair":{"pubKey":"BaC1l+DgNcpL8z+XvjgN/DzmEqxSi5fHGxoLw+zCIHQo","privKey":"OBasbFwiozwf3fJQM8sRGBI3enzjC1DMGO2VXHbjS1k="},"lastRemoteEphemeralKey":"BY1qRdRiEt+QBtHbtnIDBTyEWup0m71beFkwT/5JDQlo","previousCounter":0,"rootKey":"W3lOSPcrl5jHDUD75QT1y62auVcjHKNJtw5ShIj+yOM="},"indexInfo":{"baseKey":"BXfEdQb4DQXjsjo9iDtWrzkA96Gsf55MHxcZ7e0avCY6","baseKeyType":1,"closed":-1,"used":1722454512388,"created":1722454512388,"remoteIdentityKey":"BZzwYipN8G2nbzg5MaYtT0m/qbQGnG5V0u7Crjp5X59Q"},"_chains":{"BaC1l+DgNcpL8z+XvjgN/DzmEqxSi5fHGxoLw+zCIHQo":{"chainKey":{"counter":7,"key":"5bXbW9ni7M1iPICl93NxKU1zmwBjBSLm1MB7+02RdtI="},"chainType":1,"messageKeys":{}}},"pendingPreKey":{"signedKeyId":0,"baseKey":"BXfEdQb4DQXjsjo9iDtWrzkA96Gsf55MHxcZ7e0avCY6"}}},"version":"v1"}