{"_sessions":{"BarM0VCv9nxoBBDUfycdKjqDEI/HTaHu/4WN29o5urNL":{"registrationId":1889399102,"currentRatchet":{"ephemeralKeyPair":{"pubKey":"Bc7X6IljIwVrmRmTt3FzkbqiH2e9taeBNsSTZVjN1x09","privKey":"WO+iWfMeE6nz6sMTxWcfmuHhXrlUeCscvn/LS+dDx2o="},"lastRemoteEphemeralKey":"BdVW9wG+iff+eT8BANE3qpXfPjH84HdIhgvhGW9uNrwr","previousCounter":13,"rootKey":"dlRz0UFdorSmVakc7L8jnqV8OFLj3vQimc077DkOdfg="},"indexInfo":{"baseKey":"BarM0VCv9nxoBBDUfycdKjqDEI/HTaHu/4WN29o5urNL","baseKeyType":1,"closed":-1,"used":1722324682265,"created":1722302916186,"remoteIdentityKey":"BZDe8c43/bJPlJW/HtrgzUJO/Le6fKft2Q9J6eYY2pgM"},"_chains":{"BeqATew09UgZStaQUshtFXObSwJ/is11l7x3cFYktvsW":{"chainKey":{"counter":0},"chainType":2,"messageKeys":{}},"BdVW9wG+iff+eT8BANE3qpXfPjH84HdIhgvhGW9uNrwr":{"chainKey":{"counter":0,"key":"cB02wEMYva45xMSJ/6vAiEmvIyNOULLGTfBvIAWXV9w="},"chainType":2,"messageKeys":{}},"Bc7X6IljIwVrmRmTt3FzkbqiH2e9taeBNsSTZVjN1x09":{"chainKey":{"counter":47,"key":"luN9fNrN6+fmD3rR1qCK7voagJCPCCGmM/VsOcLekSE="},"chainType":1,"messageKeys":{}}}}},"version":"v1"}