{"_sessions":{"BSFZN6vSn/CeGZHYYiZRN3s559JYSlvgXvckhxEQL9B4":{"registrationId":985505277,"currentRatchet":{"ephemeralKeyPair":{"pubKey":"BZTpnIIZW5LyU3SnKXNyg4c5puhjM/YPN6gC4gFASKlz","privKey":"+PB89RzLHBMUnz7P10KLS74O5p8Gugxlkz0DUOUyBWw="},"lastRemoteEphemeralKey":"BexJrGDs8+R7q4xzNAajIK8x+Ml4jFj6HUdtFss60msH","previousCounter":0,"rootKey":"nmkN1LzT3aVX1EqcQ84s56hNm+EbJZ7QB6knSneL74k="},"indexInfo":{"baseKey":"BSFZN6vSn/CeGZHYYiZRN3s559JYSlvgXvckhxEQL9B4","baseKeyType":1,"closed":-1,"used":1722224746676,"created":1722224746676,"remoteIdentityKey":"BWLr/Dy6DC51WBIHsSljlvi6Rq2qCs/jXjyZpOc0N90O"},"_chains":{"BZTpnIIZW5LyU3SnKXNyg4c5puhjM/YPN6gC4gFASKlz":{"chainKey":{"counter":6,"key":"Xb9sfiYMusEktQjvdKv5ekfTIhvyCoICjIhidvZMiMk="},"chainType":1,"messageKeys":{}}},"pendingPreKey":{"signedKeyId":1,"baseKey":"BSFZN6vSn/CeGZHYYiZRN3s559JYSlvgXvckhxEQL9B4","preKeyId":3495541}}},"version":"v1"}