{"_sessions":{"Bf+YUhWSyilP5J9dtOem3boK1fU2bTUUQ00MYUpGU1hC":{"registrationId":2073059303,"currentRatchet":{"ephemeralKeyPair":{"pubKey":"BQ263wCBRz8M5PBDsEoYnR/0YVjdZe5wAfv4Ecem8tk4","privKey":"uLKKV6+e19zi+cY9oXI4nQPj0p9QBLM02LtnlIwqT3U="},"lastRemoteEphemeralKey":"BcXftZ3cRk1IGY3g89ugBl+Uya4ZXrdWFWh28WL0/vNN","previousCounter":0,"rootKey":"HUd7/+jDnKbHi5BDjPooWe5A9Q6GrVuyqIJm9Vh0V6A="},"indexInfo":{"baseKey":"Bf+YUhWSyilP5J9dtOem3boK1fU2bTUUQ00MYUpGU1hC","baseKeyType":1,"closed":-1,"used":1722224749089,"created":1722224749089,"remoteIdentityKey":"BZGZzdhOsMiPb+HmWNJUfonaeZ53roI5BD7DkJwEiGxL"},"_chains":{"BQ263wCBRz8M5PBDsEoYnR/0YVjdZe5wAfv4Ecem8tk4":{"chainKey":{"counter":6,"key":"khNVs8i5P3BYUbX0RN2ykQFowJPta0Qq5uLaUWzFoiw="},"chainType":1,"messageKeys":{}}},"pendingPreKey":{"signedKeyId":4,"baseKey":"Bf+YUhWSyilP5J9dtOem3boK1fU2bTUUQ00MYUpGU1hC","preKeyId":9219413}}},"version":"v1"}