{"_sessions":{"BbllYele76sVzX8fl1d5TbyaACeVMsCEllArzID23HI3":{"registrationId":1277952186,"currentRatchet":{"ephemeralKeyPair":{"pubKey":"BTvQsudUACP5ForfFXxEywTaTtcEZc1EpP0b0XiQULVJ","privKey":"cLuIZcB8UhfTF0XhPpI+TgfPknsro9mxHOhQy+D801s="},"lastRemoteEphemeralKey":"BfrVg9qKCEDfSSDN6ig6n3Lia73hbYQgtaHClopKAEF6","previousCounter":0,"rootKey":"2gnpLcymtcg2hDb0+nWi5EkTTnLAUFHLKar8VGgux48="},"indexInfo":{"baseKey":"BbllYele76sVzX8fl1d5TbyaACeVMsCEllArzID23HI3","baseKeyType":1,"closed":-1,"used":1722302915209,"created":1722302915209,"remoteIdentityKey":"BYtqAwxG9J3PXvKv97628dLaBWdNLjyhPyPjYpaCmaMc"},"_chains":{"BTvQsudUACP5ForfFXxEywTaTtcEZc1EpP0b0XiQULVJ":{"chainKey":{"counter":76,"key":"7LNoPoZ+Yo3r7Oi+R1Z5wVQ0qqRhrH1qPm52k5STjys="},"chainType":1,"messageKeys":{}}},"pendingPreKey":{"signedKeyId":4,"baseKey":"BbllYele76sVzX8fl1d5TbyaACeVMsCEllArzID23HI3","preKeyId":10089512}}},"version":"v1"}