{"_sessions":{"BUS5nwspgOWCh2V0QV+w4CXdG66ECDqng8sQPq1r/ZIa":{"registrationId":1823616740,"currentRatchet":{"ephemeralKeyPair":{"pubKey":"BTUN+6E7ZjtGnLWaJJWFB3rTL2yqOglnzl+PL2eDu3tJ","privKey":"CMtNTCGfqudC2LJVRudgesUiOClPP1Bk/myNOl1g/U8="},"lastRemoteEphemeralKey":"BZxSGqwCKzJyXhxXweKZSvSSAJQywhZ4lkd1KxmeCj9X","previousCounter":0,"rootKey":"kfRMdxLoxX0YV/F3X2Wr5a7cH1NVm5VdU/7hcN3Ssik="},"indexInfo":{"baseKey":"BUS5nwspgOWCh2V0QV+w4CXdG66ECDqng8sQPq1r/ZIa","baseKeyType":1,"closed":-1,"used":1722224749397,"created":1722224749397,"remoteIdentityKey":"BRyJPGppiO9u6p2WLtpWDn4L1r5TJFsWkbZwgQRplxxH"},"_chains":{"BTUN+6E7ZjtGnLWaJJWFB3rTL2yqOglnzl+PL2eDu3tJ":{"chainKey":{"counter":6,"key":"YMt27Rr3/EchiEYyoDGIJb7SRgD963XVTGZNVLghh+Q="},"chainType":1,"messageKeys":{}}},"pendingPreKey":{"signedKeyId":0,"baseKey":"BUS5nwspgOWCh2V0QV+w4CXdG66ECDqng8sQPq1r/ZIa"}}},"version":"v1"}