{"_sessions":{"BdvEGdt/+5zDVj3SzGawA+kAOCYyvugXlVz8Osj42alR":{"registrationId":1198508578,"currentRatchet":{"ephemeralKeyPair":{"pubKey":"BfK4v6LadjfH6mslUXfOpqBc8qErmLKn+REhiU5aUXJA","privKey":"UBck0yHeJ7G9c/+yI7z6kNSKBd1pSjHq8EtQcuCcaHw="},"lastRemoteEphemeralKey":"Be6qh1PxKItFDmwOLwI43NZxrncu40WxeVGI84xAibcJ","previousCounter":0,"rootKey":"/FngnR51D/HOG0fzHQ9fxBCKmehf6B/dEgskrGtFKhM="},"indexInfo":{"baseKey":"BdvEGdt/+5zDVj3SzGawA+kAOCYyvugXlVz8Osj42alR","baseKeyType":1,"closed":-1,"used":1722224746870,"created":1722224746870,"remoteIdentityKey":"BVsGDDdrWU59CasIyRogCnzCC2+vJKmnore/Io7Wq+lZ"},"_chains":{"BfK4v6LadjfH6mslUXfOpqBc8qErmLKn+REhiU5aUXJA":{"chainKey":{"counter":6,"key":"0lUFK8PLYtWC0MEaNv4bnPNC2OzSxmhPHtAJLG82n+8="},"chainType":1,"messageKeys":{}}},"pendingPreKey":{"signedKeyId":1,"baseKey":"BdvEGdt/+5zDVj3SzGawA+kAOCYyvugXlVz8Osj42alR","preKeyId":4877314}}},"version":"v1"}