{"_sessions":{"BWDxfFzy7UXQbKrCQcA/NjXFDa/kHAAaGVTeKVzS6dUs":{"registrationId":1548863407,"currentRatchet":{"ephemeralKeyPair":{"pubKey":"BWqIb7BQurKcTbbKfpgDJua4NLq/kB5lpH2BeLQfH7Jq","privKey":"uGEeiyv/dPIVJFp1sxW+PbHnOfgmbafFGeLmKDszKXQ="},"lastRemoteEphemeralKey":"Bc/nGFIu8pcBLQhs+mDyzEazRrcSSga4FAV+hsFOBghj","previousCounter":30,"rootKey":"HKaM/scDFxVtIQfXx69dpIOal/WjYYA28BRQwnY1gPU="},"indexInfo":{"baseKey":"BWDxfFzy7UXQbKrCQcA/NjXFDa/kHAAaGVTeKVzS6dUs","baseKeyType":1,"closed":-1,"used":1722329293260,"created":1722302915868,"remoteIdentityKey":"BV2oEac0aNgSMiSGLYlx8FRd+RKTorHrStq3cvFOTqtx"},"_chains":{"Bc/nGFIu8pcBLQhs+mDyzEazRrcSSga4FAV+hsFOBghj":{"chainKey":{"counter":0,"key":"jtqsKsrBq/V8x8DKyWDvr86pplDy9m93ea2YoTdBHfI="},"chainType":2,"messageKeys":{}},"BWqIb7BQurKcTbbKfpgDJua4NLq/kB5lpH2BeLQfH7Jq":{"chainKey":{"counter":45,"key":"YnMz2iCXxjFEeU1B5ZsoLo9WeT62xn6nMFYciXNVcXk="},"chainType":1,"messageKeys":{}}}}},"version":"v1"}