{"_sessions":{"BZzxwJdUkYNs6w/2rCmDV3GB7xXgVT2uuGR/J6/p+GhL":{"registrationId":583609870,"currentRatchet":{"ephemeralKeyPair":{"pubKey":"BRWUaeF8EGRElGS7iby/MTAOC7/QICVhsbhbDievxrto","privKey":"gKrg6gfCEGQ/xlhqcUFSUPGrMA30bkIXbyaBFwo6qEg="},"lastRemoteEphemeralKey":"BQO7vR6VIqAgDI8pD5rTy6bpOKIXd5LUXVh9S1BuWhEt","previousCounter":0,"rootKey":"xU3sp5s28+QMN/ncT/+cZMXLiTAo1u4W7K/dBCLRQdo="},"indexInfo":{"baseKey":"BZzxwJdUkYNs6w/2rCmDV3GB7xXgVT2uuGR/J6/p+GhL","baseKeyType":1,"closed":-1,"used":1722224747797,"created":1722224747797,"remoteIdentityKey":"BVPHOybZcoOVb/P2wIiVu7fYUqj5RoZwzMkrk3rnYiFB"},"_chains":{"BRWUaeF8EGRElGS7iby/MTAOC7/QICVhsbhbDievxrto":{"chainKey":{"counter":6,"key":"QPnBC8y/sI+3FYKRWIcKRS9URaFL1fqDehdLoJetV0A="},"chainType":1,"messageKeys":{}}},"pendingPreKey":{"signedKeyId":1,"baseKey":"BZzxwJdUkYNs6w/2rCmDV3GB7xXgVT2uuGR/J6/p+GhL"}}},"version":"v1"}