{"_sessions":{"BYsMnJg3TI0W4jowrfGp1YhAofgBBh2dR9fOgZ4oe3Np":{"registrationId":117274821,"currentRatchet":{"ephemeralKeyPair":{"pubKey":"BYVpfYl1QlXyFPyUdywcJYq0YtnneIdNKctm+ccHp1Rv","privKey":"EFVwz+1s8Pqzshw9l3u2qnOJAM98Ip286lCh8Ort/1A="},"lastRemoteEphemeralKey":"BUzMPzvIm/d+p0wPwQ/EILpeQ7t9d8AnGGixG+0lcKZY","previousCounter":0,"rootKey":"4o60XmZtuGQS3rZBzSCgZ/ACH2ic1DWJaoKmT1mm+ao="},"indexInfo":{"baseKey":"BYsMnJg3TI0W4jowrfGp1YhAofgBBh2dR9fOgZ4oe3Np","baseKeyType":1,"closed":-1,"used":1722302915003,"created":1722302915003,"remoteIdentityKey":"BZ65tWVd8Po0Vtk4JcW75rHzjL66XHuwmuyWbl8lWN9s"},"_chains":{"BYVpfYl1QlXyFPyUdywcJYq0YtnneIdNKctm+ccHp1Rv":{"chainKey":{"counter":76,"key":"8S9om6WhI29RLv8u6oTSnoM+tRG6LhqtsSgzd9QDEzc="},"chainType":1,"messageKeys":{}}},"pendingPreKey":{"signedKeyId":4,"baseKey":"BYsMnJg3TI0W4jowrfGp1YhAofgBBh2dR9fOgZ4oe3Np","preKeyId":5176162}}},"version":"v1"}