{"_sessions":{"BSyHTCSl86DV3i9zitlS8qTg1U8PvbQXcwSFyw8zOgQg":{"registrationId":3219,"currentRatchet":{"ephemeralKeyPair":{"pubKey":"BVUN03w5+vsEhLgZOwKSWoxAx2HRFeWjs136DS1z+JYw","privKey":"ODo+3wdKTIqdl1xhKTeKLFzkwXNutR8h2KOUqeo8ClM="},"lastRemoteEphemeralKey":"Bab/+jOH+BAzV6/LYBFa9DjZtx1EGjoJaa8lGfz/ZURT","previousCounter":0,"rootKey":"5VpFU6IqoCavINzd2LofAB0gYkr4651ie0oiA5yZgzo="},"indexInfo":{"baseKey":"BSyHTCSl86DV3i9zitlS8qTg1U8PvbQXcwSFyw8zOgQg","baseKeyType":1,"closed":-1,"used":1722224746479,"created":1722224746479,"remoteIdentityKey":"BYF0n1e2NpHZ7s6hdOsqxon8EOojVnkczr7j5o98kj80"},"_chains":{"BVUN03w5+vsEhLgZOwKSWoxAx2HRFeWjs136DS1z+JYw":{"chainKey":{"counter":6,"key":"1f6HPwS93Hs4pvS3u2q+cpX6clSnEhlVx/IURnlHTy4="},"chainType":1,"messageKeys":{}}},"pendingPreKey":{"signedKeyId":1,"baseKey":"BSyHTCSl86DV3i9zitlS8qTg1U8PvbQXcwSFyw8zOgQg"}}},"version":"v1"}