{"_sessions":{"BYCD45yahtC0UtVCBkQHL0mq3DvtgIATiQMJSqR1Xu1b":{"registrationId":249,"currentRatchet":{"ephemeralKeyPair":{"pubKey":"BWsO13fJn1rGysmV7EEWnO2iCQSVVJe8+enj7AJ4f80e","privKey":"4JltodnnPB3MZtFPmVQeZcWqBIQat9m6WpkjhAfHiEY="},"lastRemoteEphemeralKey":"BXj+YnuPGyzTIVrMFM2di0L/Xkp5Jdxd6KEj717FtPgg","previousCounter":0,"rootKey":"eEKni2HfHvPoA8bjZ9YGqU+emle0mNVhh7CfPcS3m24="},"indexInfo":{"baseKey":"BYCD45yahtC0UtVCBkQHL0mq3DvtgIATiQMJSqR1Xu1b","baseKeyType":1,"closed":-1,"used":1722454511192,"created":1722454511192,"remoteIdentityKey":"BWMLUznFJxNXn5MYyC114X33QWYcUj02IYpPDzkNMt8u"},"_chains":{"BWsO13fJn1rGysmV7EEWnO2iCQSVVJe8+enj7AJ4f80e":{"chainKey":{"counter":7,"key":"/VYjIYm7d5BMpwnHdE+840tAAHcwstSAwYFiIRxrbHU="},"chainType":1,"messageKeys":{}}},"pendingPreKey":{"signedKeyId":1,"baseKey":"BYCD45yahtC0UtVCBkQHL0mq3DvtgIATiQMJSqR1Xu1b"}}},"version":"v1"}