{"_sessions":{"BTFxa0d0o/soDBRFi+JFdjZXwrMxgMNtPeGZzz1/zxgw":{"registrationId":1088233160,"currentRatchet":{"ephemeralKeyPair":{"pubKey":"BdU5XNAtpmZK0bok7u7ePJFScohfnyX0fqqn95YdOFYA","privKey":"iIT5fsmQs1hVufM4IMsJaGa2y86hbhgy7nBQ0SwCGm0="},"lastRemoteEphemeralKey":"BRzXW574DPc4/4TMfZ3IboDhS+zQH6OAt4PXezEEMdcC","previousCounter":0,"rootKey":"7nPqcVoxqrHy2uhBBxlrg8M0HBJ6pQ8Bo2gWeBumvrs="},"indexInfo":{"baseKey":"BTFxa0d0o/soDBRFi+JFdjZXwrMxgMNtPeGZzz1/zxgw","baseKeyType":1,"closed":-1,"used":1722224747002,"created":1722224747002,"remoteIdentityKey":"BZnJOm5p4m3mLSZHB8ocVlV8hGlzSMvy7/L14gdi688W"},"_chains":{"BdU5XNAtpmZK0bok7u7ePJFScohfnyX0fqqn95YdOFYA":{"chainKey":{"counter":6,"key":"b9bQ8HKCVK9Bhm5pDh+B7g+V0rHrNRX5D3zixBKPrbw="},"chainType":1,"messageKeys":{}}},"pendingPreKey":{"signedKeyId":36,"baseKey":"BTFxa0d0o/soDBRFi+JFdjZXwrMxgMNtPeGZzz1/zxgw","preKeyId":11031220}}},"version":"v1"}