{"_sessions":{"Bbl7fhJwW+NMIJUfxoCUilCtwSqRHvLbipx9C/3hdsZQ":{"registrationId":1691669082,"currentRatchet":{"ephemeralKeyPair":{"pubKey":"BQhoYpfbCI74O7JMBWc65XgmwgYDNRjc7vxXVNiuWQcT","privKey":"6FTm2/imF25Rp2jrdacuqbyIQgZy97YsIoxNBKuUDnk="},"lastRemoteEphemeralKey":"BaVRqeNaftVLIG6W9NY+gZ+1il/Gtfb3FTnqOWIMOQs2","previousCounter":0,"rootKey":"bOaCpDnq/y7zoakyBWOXNz//avyLiQlAUH3vmRdIKUk="},"indexInfo":{"baseKey":"Bbl7fhJwW+NMIJUfxoCUilCtwSqRHvLbipx9C/3hdsZQ","baseKeyType":1,"closed":-1,"used":1722302914982,"created":1722302914982,"remoteIdentityKey":"BXhV2ynS4Zf3lIkSfYD1W78pTCZEt9neGuS1vMGpnX0D"},"_chains":{"BQhoYpfbCI74O7JMBWc65XgmwgYDNRjc7vxXVNiuWQcT":{"chainKey":{"counter":76,"key":"iP4wBbwAJiiT7gBUjRXFm4ER3S9KXkugmbalnVlTYb4="},"chainType":1,"messageKeys":{}}},"pendingPreKey":{"signedKeyId":3,"baseKey":"Bbl7fhJwW+NMIJUfxoCUilCtwSqRHvLbipx9C/3hdsZQ","preKeyId":9329600}}},"version":"v1"}