{"_sessions":{"BZJxeKYIvw9rFIiJo9nWtLZR/uHtaoZjKltwFtdA81Ff":{"registrationId":411924925,"currentRatchet":{"ephemeralKeyPair":{"pubKey":"BUFW7zkchLt7Ti9kBb2IK77g4RKVM8IQCG23GVlxkYR6","privKey":"KL1ZHuDVZTlJId/46tkuVS8mjaeI/9KN2y3tboUrQ0E="},"lastRemoteEphemeralKey":"BVLjYY1kqasIXZ0D/DNxObGlRYXLdvfNR55TxtSPNXQz","previousCounter":0,"rootKey":"riXn5am8SlDoI9TF8Id6RC8HD+RoSte+yMeUjJxxNvo="},"indexInfo":{"baseKey":"BZJxeKYIvw9rFIiJo9nWtLZR/uHtaoZjKltwFtdA81Ff","baseKeyType":1,"closed":-1,"used":1722224747868,"created":1722224747868,"remoteIdentityKey":"BZnbSrEBSdR6IVM7etMMY658MDxMWuAyxgeHqoFRvfIM"},"_chains":{"BUFW7zkchLt7Ti9kBb2IK77g4RKVM8IQCG23GVlxkYR6":{"chainKey":{"counter":6,"key":"fI81i50JIjUkKouLvJ7uUnwJqiurrHp6VVECPDwTiuI="},"chainType":1,"messageKeys":{}}},"pendingPreKey":{"signedKeyId":0,"baseKey":"BZJxeKYIvw9rFIiJo9nWtLZR/uHtaoZjKltwFtdA81Ff","preKeyId":12326052}}},"version":"v1"}