{"_sessions":{"BfYHtugVKLWi0gITb4qq8tkQChPasYuyOe4nD0sWQmpE":{"registrationId":10272,"currentRatchet":{"ephemeralKeyPair":{"pubKey":"Bbn0316/jQgQgyWXyJwoD81nLiNFqESBPwE/wkGYKU5U","privKey":"IKp4Mage3p9wEb6f0dHbgkHN7Y3sZL4RHNDM4+sZh2A="},"lastRemoteEphemeralKey":"BYYdXq2OzDg78h0Oc8nQMr8HIs5SOTsBFzqWVogTE0dc","previousCounter":0,"rootKey":"v7PGnOSFj3feHUJnBmUv5Q1S02HWVN3BcaRxqkkUd58="},"indexInfo":{"baseKey":"BfYHtugVKLWi0gITb4qq8tkQChPasYuyOe4nD0sWQmpE","baseKeyType":1,"closed":-1,"used":1722224745499,"created":1722224745499,"remoteIdentityKey":"BSszkYenQYsO1IfVnKpml5A7k1hsVW4qpD4SWn8UYrkR"},"_chains":{"Bbn0316/jQgQgyWXyJwoD81nLiNFqESBPwE/wkGYKU5U":{"chainKey":{"counter":6,"key":"huzW4+9IAcVU2QxvLeuJRbcYb4kCe9BAM1q2B6D2U30="},"chainType":1,"messageKeys":{}}},"pendingPreKey":{"signedKeyId":1,"baseKey":"BfYHtugVKLWi0gITb4qq8tkQChPasYuyOe4nD0sWQmpE","preKeyId":6418}}},"version":"v1"}