{"_sessions":{"BQvLpDa3JuymRh3IaBSQu5lWmgTUDhD2G0EvSVmZKQ1z":{"registrationId":912718247,"currentRatchet":{"ephemeralKeyPair":{"pubKey":"BQmFM2zVesZcB7/pQV1EQqQ+VHzIsAsgbXT7P+vqPGNs","privKey":"aC2vrK4j5uDyaf8WHaj2S2NFAiZmV/2e4Zvr7UmLbUw="},"lastRemoteEphemeralKey":"BVCeLXTJYWkvhtA+rtykN/tKDd2DfqZXEpOGq+HBOCtK","previousCounter":0,"rootKey":"jra0FJ0qPWe/NIFsTrjwDSuNnol02tmkjNiez0BlTSI="},"indexInfo":{"baseKey":"BQvLpDa3JuymRh3IaBSQu5lWmgTUDhD2G0EvSVmZKQ1z","baseKeyType":1,"closed":-1,"used":1722224749357,"created":1722224749357,"remoteIdentityKey":"BXWhVTOiWIXsh2oeTapW06jUiPNOJT6ArNnFSBlmSohs"},"_chains":{"BQmFM2zVesZcB7/pQV1EQqQ+VHzIsAsgbXT7P+vqPGNs":{"chainKey":{"counter":6,"key":"dKMYjYR0bVQxJkSRsh1u6FT+c74OW0DlmfEHDckMznE="},"chainType":1,"messageKeys":{}}},"pendingPreKey":{"signedKeyId":9,"baseKey":"BQvLpDa3JuymRh3IaBSQu5lWmgTUDhD2G0EvSVmZKQ1z","preKeyId":6757242}}},"version":"v1"}