{"_sessions":{"BR+49ySJ5cI3ejyJzvk/vKZI0gARaq1e3n8JPcS+koYv":{"registrationId":1290406034,"currentRatchet":{"ephemeralKeyPair":{"pubKey":"BT07rRCVtqINEFjH3aU4d2azoOPA9xajL0tB8gE+qV4z","privKey":"oOnHyz/FXfEbzzHWVApwiaQjGj9YjIBnpgYwGEJ55Xo="},"lastRemoteEphemeralKey":"Bd8XN78r/PPs1Gz6dM+OGEWIgBXSi8WlabQ/UohzwFA8","previousCounter":0,"rootKey":"DGkM/FGwV2x7FJ1KfSHWqX2AdjqMmmkoLo0yvGluCfg="},"indexInfo":{"baseKey":"BR+49ySJ5cI3ejyJzvk/vKZI0gARaq1e3n8JPcS+koYv","baseKeyType":1,"closed":-1,"used":1722224746575,"created":1722224746575,"remoteIdentityKey":"BYXSc51xrxckFzpgfi1xWVWHsIVRlKQxCQkY0O3MVuph"},"_chains":{"BT07rRCVtqINEFjH3aU4d2azoOPA9xajL0tB8gE+qV4z":{"chainKey":{"counter":6,"key":"802FJ0JArVlfE+PXrcfbSgDAHtt8cHHOCMOdy5E+hLA="},"chainType":1,"messageKeys":{}}},"pendingPreKey":{"signedKeyId":1,"baseKey":"BR+49ySJ5cI3ejyJzvk/vKZI0gARaq1e3n8JPcS+koYv"}}},"version":"v1"}