{"_sessions":{"BQ8xTU8Ee1qXRrKt7x5cfK3XxmQq/AcxVq4BRcOv6XIA":{"registrationId":906756855,"currentRatchet":{"ephemeralKeyPair":{"pubKey":"BWihGHocUMZ+MLqv4fghO0eCnMklDa9SPOoOI1zgeA1g","privKey":"UG/Yht6HTMwc+rokinvSxG4I46/FfGgerPNoqR9o1ms="},"lastRemoteEphemeralKey":"BQF8mS561qCqC4YYfl4HjGNnFz2yuHs2fXGbQXRlz3Ad","previousCounter":0,"rootKey":"VDegwFulX376+GPS8VTeAa6s4s5us9NJbLmR5cJQyHI="},"indexInfo":{"baseKey":"BQ8xTU8Ee1qXRrKt7x5cfK3XxmQq/AcxVq4BRcOv6XIA","baseKeyType":1,"closed":-1,"used":1722224748965,"created":1722224748965,"remoteIdentityKey":"Bb4412HFxTKFPSQ4JbfCee5DgsTWl/6P2TUewYJH1Mxh"},"_chains":{"BWihGHocUMZ+MLqv4fghO0eCnMklDa9SPOoOI1zgeA1g":{"chainKey":{"counter":6,"key":"wr/dNU0DcU3ueno4Gk/78RpyxEhlH8JKNmEet3mZjTg="},"chainType":1,"messageKeys":{}}},"pendingPreKey":{"signedKeyId":0,"baseKey":"BQ8xTU8Ee1qXRrKt7x5cfK3XxmQq/AcxVq4BRcOv6XIA","preKeyId":12995297}}},"version":"v1"}