{"_sessions":{"BUct3DV7yD63DFqo8xJgRYQlvUI4flcksUiBYRYCSgE6":{"registrationId":1746231100,"currentRatchet":{"ephemeralKeyPair":{"pubKey":"Be5GgN57utRMQ/AIIRGNQMVo/9CTI5qmBcSdd7ctNjcC","privKey":"8NPz31VZLo3k/Ky+f3Y1LxOni9Bt9ikyaqwDMFVPA0Q="},"lastRemoteEphemeralKey":"BdYZk4dQ1vpRy0t7FGeIq4iFASu1TOYaKWEnmDPTgq93","previousCounter":0,"rootKey":"GXeHh+Xpr3OxnV1Y1CkaBb6blNnhcUloQ9vPQDiJYjs="},"indexInfo":{"baseKey":"BUct3DV7yD63DFqo8xJgRYQlvUI4flcksUiBYRYCSgE6","baseKeyType":1,"closed":-1,"used":1722302914953,"created":1722302914953,"remoteIdentityKey":"BcRsqaYiyfZ29tGHDAeGhss2DtQLY6CRU5nZfafWTXQf"},"_chains":{"Be5GgN57utRMQ/AIIRGNQMVo/9CTI5qmBcSdd7ctNjcC":{"chainKey":{"counter":76,"key":"x1I1uht/CiTpEnczeJF0nhN1Gln+lDJC4Ik/8N6j1NE="},"chainType":1,"messageKeys":{}}},"pendingPreKey":{"signedKeyId":1,"baseKey":"BUct3DV7yD63DFqo8xJgRYQlvUI4flcksUiBYRYCSgE6","preKeyId":7177585}}},"version":"v1"}