{"_sessions":{"BU4+4Nw+v2b5dP9wFHL2BCPR6e17pmU4ATn5EoGUmPZp":{"registrationId":69,"currentRatchet":{"ephemeralKeyPair":{"pubKey":"BU91NucwSBv8W4J/msK8NvPAl8B6ZoLWqzateFnDnYVY","privKey":"IAsuOto4P24FDjcuvkWK8TdKXPB4tLMYWwf3vnGlsHs="},"lastRemoteEphemeralKey":"BaY+buh1WE9xlPv7Kq0L0ZrmOSozExMg+oTkZq+9fpld","previousCounter":0,"rootKey":"us6wWnUL1rEYutiK3r/JWHtwOQgzukr6Uwa8kygUIW0="},"indexInfo":{"baseKey":"BU4+4Nw+v2b5dP9wFHL2BCPR6e17pmU4ATn5EoGUmPZp","baseKeyType":1,"closed":-1,"used":1722450555804,"created":1722450555804,"remoteIdentityKey":"BVx+D1roMmvL1ZOdM/lfW6hGIoQX6xYd34XouZik1fI4"},"_chains":{"BU91NucwSBv8W4J/msK8NvPAl8B6ZoLWqzateFnDnYVY":{"chainKey":{"counter":8,"key":"/v/POtGhFrZfG1SdO5VrF5wZO7N42+ekjEloVp3xI68="},"chainType":1,"messageKeys":{}}},"pendingPreKey":{"signedKeyId":1,"baseKey":"BU4+4Nw+v2b5dP9wFHL2BCPR6e17pmU4ATn5EoGUmPZp"}}},"version":"v1"}