{"_sessions":{"BQzkVA1PuGe6guhZzbZcCBUInpZVfY/7iLBlqGcZnPIw":{"registrationId":980913997,"currentRatchet":{"ephemeralKeyPair":{"pubKey":"BU0/k8nG9AYNgSi06AvWjTRlP4R5T4kavRCZpvDp+pFG","privKey":"GLWJkAOsnxp2HAS/jWv/4DlxFs5dyHLCSY45+GdOS0s="},"lastRemoteEphemeralKey":"BViSYhjQAsveK618sJ1Ek/njX4nw7ljOTeOzpFRul9kR","previousCounter":0,"rootKey":"0Ei+rnq/qZusmtBnCzlJi/LvVZwt1zz6QJ5bVDy3BFQ="},"indexInfo":{"baseKey":"BQzkVA1PuGe6guhZzbZcCBUInpZVfY/7iLBlqGcZnPIw","baseKeyType":1,"closed":-1,"used":1722344082491,"created":1722344064781,"remoteIdentityKey":"Bctx2dW/pgqjHTuNT2p9EG4w6acAkfP4TxQGT7toKvcv"},"_chains":{"BViSYhjQAsveK618sJ1Ek/njX4nw7ljOTeOzpFRul9kR":{"chainKey":{"counter":0,"key":"gljnsLI/Od9RAZ8dQ+6HmmIlwTIk2yq2MCUeDGd6O9I="},"chainType":2,"messageKeys":{}},"BU0/k8nG9AYNgSi06AvWjTRlP4R5T4kavRCZpvDp+pFG":{"chainKey":{"counter":37,"key":"uXclh5lRpeU0XlSaxvthofdafZS2MZyRgvHUYmx55XE="},"chainType":1,"messageKeys":{}}}}},"version":"v1"}