{"_sessions":{"BboIzkvgp/rraipM64eUrA8gkYoIKHhYnqBPdcU/UBNA":{"registrationId":94,"currentRatchet":{"ephemeralKeyPair":{"pubKey":"BSp6ZQ45VNdizQnnkDy2d5MHbXHo/ofRUPJY3pqmDblp","privKey":"8BteofSsj8iMVi7CWxBfIpvhZ3t+UOfNzoqIvbctAms="},"lastRemoteEphemeralKey":"BdTcvU4BjQI92E1Sgy6i/ndY5dtaSUXdDViamn0qP8IZ","previousCounter":0,"rootKey":"J5gQUEG2z3hMnCXrvCai270Z5RI3L+KNzXXL4heRL3Y="},"indexInfo":{"baseKey":"BboIzkvgp/rraipM64eUrA8gkYoIKHhYnqBPdcU/UBNA","baseKeyType":1,"closed":-1,"used":1722302914374,"created":1722302914374,"remoteIdentityKey":"BftAjUy3Iut9i9t4QoDxL++jbpmlqKZNqiu9pyFaqqRl"},"_chains":{"BSp6ZQ45VNdizQnnkDy2d5MHbXHo/ofRUPJY3pqmDblp":{"chainKey":{"counter":76,"key":"sDdL0ggpFADy8s2DoxYcAsi7kZcZpvHpmlHK7JqAzq4="},"chainType":1,"messageKeys":{}}},"pendingPreKey":{"signedKeyId":1,"baseKey":"BboIzkvgp/rraipM64eUrA8gkYoIKHhYnqBPdcU/UBNA"}}},"version":"v1"}