{"_sessions":{"BWJP3Qn1I1qahRgSPJ+Of/BvFUHhuxgDONp4R8hZ2Joj":{"registrationId":1878,"currentRatchet":{"ephemeralKeyPair":{"pubKey":"BcsTjT8UXcSdN35NDQNRkrA1Mx2FPsw5Y447rvffG6ok","privKey":"ED/4irxg2kwNhUdFKfdb32cVGeSaMthAEzy7IIPxo0M="},"lastRemoteEphemeralKey":"BbafQevBXhQ1BtXsT/mThvzLdJcCJtram/MCMbWrG3w+","previousCounter":0,"rootKey":"SvMsF3KokCWkYnKN/+iAmbCKf7ZXDWLP/ip0QmfsP5Q="},"indexInfo":{"baseKey":"BWJP3Qn1I1qahRgSPJ+Of/BvFUHhuxgDONp4R8hZ2Joj","baseKeyType":1,"closed":-1,"used":1722224745091,"created":1722224745091,"remoteIdentityKey":"Belx4JPS156E+W1A+6I6y4u7oUgewT2mAcGnZzCYMyNf"},"_chains":{"BcsTjT8UXcSdN35NDQNRkrA1Mx2FPsw5Y447rvffG6ok":{"chainKey":{"counter":6,"key":"eSIs0o7cUVOmXOxfcRzp/oGAdMOTzMOd9XPhNVIgYEk="},"chainType":1,"messageKeys":{}}},"pendingPreKey":{"signedKeyId":1,"baseKey":"BWJP3Qn1I1qahRgSPJ+Of/BvFUHhuxgDONp4R8hZ2Joj"}}},"version":"v1"}