{"_sessions":{"BamkUMAydiHAZjpmP0YCf0FG1Lkkr79tzNAk6B4pepQw":{"registrationId":577879363,"currentRatchet":{"ephemeralKeyPair":{"pubKey":"BT4hkO6RCLJNs4oBNm2k23PWbB2UlyQQT5r678wroy0y","privKey":"cDL2AqEtrxRBWPq2U7rGbCv/GyIXIywmhtvVLQihN1E="},"lastRemoteEphemeralKey":"BTE3lwGFWRWSdq4UU5WHjihTOl/gOWrqMSY35+OjBI9Q","previousCounter":0,"rootKey":"WeR7LIy0wL9zCwLEyK3QmlTVjO1QgVY6eMBjX8YyyBw="},"indexInfo":{"baseKey":"BamkUMAydiHAZjpmP0YCf0FG1Lkkr79tzNAk6B4pepQw","baseKeyType":1,"closed":-1,"used":1722224747176,"created":1722224747176,"remoteIdentityKey":"BRmqaEgqsD/oY7v48G+vhJxHVtMj3rc7YyMM0ocbl5gc"},"_chains":{"BT4hkO6RCLJNs4oBNm2k23PWbB2UlyQQT5r678wroy0y":{"chainKey":{"counter":6,"key":"AzF+Qidvms/UfOW191x6XMAJZPJVIjNt6fXbgO/YF5A="},"chainType":1,"messageKeys":{}}},"pendingPreKey":{"signedKeyId":7,"baseKey":"BamkUMAydiHAZjpmP0YCf0FG1Lkkr79tzNAk6B4pepQw","preKeyId":14589331}}},"version":"v1"}