{"_sessions":{"BcH+59dMM3DwV4hkempssfKwEOib8vCOU+GPCG8zE2wL":{"registrationId":1075357616,"currentRatchet":{"ephemeralKeyPair":{"pubKey":"BdBnsGAb58di4lT+4jqVB227kBRGh9e324ebaTa3rDkw","privKey":"yAi/7L/Qe6Kt/TtuUtsWBOZaNyYwCqJwfR9NwgyRXX0="},"lastRemoteEphemeralKey":"BR4BIk7eGdVnNTvAuFs2175UgnaWviWET1xyw4O78ZUk","previousCounter":0,"rootKey":"iWQhK2LMhY7uwYoagKU/9s/0m3oa41RWJYwYDmCvoxM="},"indexInfo":{"baseKey":"BcH+59dMM3DwV4hkempssfKwEOib8vCOU+GPCG8zE2wL","baseKeyType":1,"closed":-1,"used":1722224747172,"created":1722224747172,"remoteIdentityKey":"Ba6FK3F5Flfa9Z5Ue7KOhtG7oqSUrzGk0oyAE7AprIA7"},"_chains":{"BdBnsGAb58di4lT+4jqVB227kBRGh9e324ebaTa3rDkw":{"chainKey":{"counter":6,"key":"AWP+vbiAszjgCtAcPyshjfdeIwvtc1gev2JGZxUm+cE="},"chainType":1,"messageKeys":{}}},"pendingPreKey":{"signedKeyId":0,"baseKey":"BcH+59dMM3DwV4hkempssfKwEOib8vCOU+GPCG8zE2wL","preKeyId":13115546}}},"version":"v1"}