{"_sessions":{"BTcG9DhSJcRXZyf2wDjnF9L0gyhf4kf+wNGFbNtlI800":{"registrationId":2057930129,"currentRatchet":{"ephemeralKeyPair":{"pubKey":"BZFK2SQHZNDSQjJCvf2anpodvWvpMLLELnbZNFs/bOhr","privKey":"gAzHEshvLHq5/ABmy2RAfKDzvq7dJ7UUtL4W5z0ZM2Y="},"lastRemoteEphemeralKey":"BRUqDIURLP8wHKE4OfL/CUfIrFNsb36Ly0RUvkHpfZwn","previousCounter":0,"rootKey":"xm1bu/8PGbyTHm3olyNvK8NvwEiDFR/sRzyTbAn9HI0="},"indexInfo":{"baseKey":"BTcG9DhSJcRXZyf2wDjnF9L0gyhf4kf+wNGFbNtlI800","baseKeyType":1,"closed":-1,"used":1722454511257,"created":1722454511257,"remoteIdentityKey":"BVUuSZmpU1ZVCKYzfmuxE14JwTgJO4EW+IHEMu0LcPoH"},"_chains":{"BZFK2SQHZNDSQjJCvf2anpodvWvpMLLELnbZNFs/bOhr":{"chainKey":{"counter":7,"key":"sOp3YwmsWSfb2nvuVg0bgC71ACGcFCYqXe3jZk0OgMc="},"chainType":1,"messageKeys":{}}},"pendingPreKey":{"signedKeyId":1,"baseKey":"BTcG9DhSJcRXZyf2wDjnF9L0gyhf4kf+wNGFbNtlI800","preKeyId":772}}},"version":"v1"}