{"_sessions":{"BRXK5EzW0E6gknG+vwJp+0NUWvHjog5z/4h5wD+ecth4":{"registrationId":1624099718,"currentRatchet":{"ephemeralKeyPair":{"pubKey":"Be/evNaTnSV+px1WHMMq1Lp0AKeA6OXaiXP8H4pF6Zcf","privKey":"WEIkgzNHvSTWNL8a9zwhrY/Ne4HsSmP2rIiz74aPhnk="},"lastRemoteEphemeralKey":"BSJwcwndXRFx7bzbm90sLOJLokq9a48JOEHD22IBpdJ5","previousCounter":0,"rootKey":"ollAPgkSUCLUHl0NkKz59tRQMKZesR9mSUtdx2bgSuw="},"indexInfo":{"baseKey":"BRXK5EzW0E6gknG+vwJp+0NUWvHjog5z/4h5wD+ecth4","baseKeyType":1,"closed":-1,"used":1722224746886,"created":1722224746886,"remoteIdentityKey":"BalBwOlfEZSAZvbWgb1uDn/M4uBU9iPpBc+jFDmLoFJZ"},"_chains":{"Be/evNaTnSV+px1WHMMq1Lp0AKeA6OXaiXP8H4pF6Zcf":{"chainKey":{"counter":6,"key":"N1kePRlixNsrm/1IsPsYqi5mLYRW1PSpkYQx9xLeh5M="},"chainType":1,"messageKeys":{}}},"pendingPreKey":{"signedKeyId":1,"baseKey":"BRXK5EzW0E6gknG+vwJp+0NUWvHjog5z/4h5wD+ecth4"}}},"version":"v1"}