{"_sessions":{"Bfipb7upP74auKbKoMzx25AMZXnYIqhkcpLcjfIo0uJo":{"registrationId":844044187,"currentRatchet":{"ephemeralKeyPair":{"pubKey":"Berjz3TvzIigICwDoHeSarxyYd9BeUI2Aypjl21Vbpss","privKey":"qOAQZ1dGBpv7/0kRPv+AR7nmlQzRq1BuPIdr4xxp32U="},"lastRemoteEphemeralKey":"BfeLWxPaKpob9cIkpNE0eG2Yp8biDFU9E73+wFrYFLo/","previousCounter":0,"rootKey":"ClR/Tc6fU2sPfHrNmSQ9MxxdNQ979aTU9HQh1LsWk4w="},"indexInfo":{"baseKey":"Bfipb7upP74auKbKoMzx25AMZXnYIqhkcpLcjfIo0uJo","baseKeyType":1,"closed":-1,"used":1722224747556,"created":1722224747556,"remoteIdentityKey":"BYdb09EJ4HT106u/2C8XSHhhmf4uFPx1lpBbQh3jOjxq"},"_chains":{"Berjz3TvzIigICwDoHeSarxyYd9BeUI2Aypjl21Vbpss":{"chainKey":{"counter":6,"key":"BRm01mgvEpprU/2idLxWhzDcOURY8XFeeq3FixPuIeo="},"chainType":1,"messageKeys":{}}},"pendingPreKey":{"signedKeyId":1,"baseKey":"Bfipb7upP74auKbKoMzx25AMZXnYIqhkcpLcjfIo0uJo"}}},"version":"v1"}