{"_sessions":{"Bbfwcq/BVzIqsEPO5azoAn2P7aYENgC8oEujryE56N19":{"registrationId":466669906,"currentRatchet":{"ephemeralKeyPair":{"pubKey":"BZj1ubs7yZPSIGyZJ3xUBseCOP9a4EbJ6TXtlvmltuV2","privKey":"sAzc8ujiyxxS7Ty1Z8loy20/wIBy5706NN+QmAXiWno="},"lastRemoteEphemeralKey":"Bep1GlofTrkKcAal705cFxMyCAEsYvrBElI/r3C4KgxS","previousCounter":0,"rootKey":"YAQkJKMQf2SXeDhjnrbCJKQLdOOIArsuS6acW5cbkMU="},"indexInfo":{"baseKey":"Bbfwcq/BVzIqsEPO5azoAn2P7aYENgC8oEujryE56N19","baseKeyType":1,"closed":-1,"used":1722224746578,"created":1722224746578,"remoteIdentityKey":"BQnXkoaNUhBrkLZHm3ZLQ/JzPMvChzA/ox2/G8DCC2QX"},"_chains":{"BZj1ubs7yZPSIGyZJ3xUBseCOP9a4EbJ6TXtlvmltuV2":{"chainKey":{"counter":6,"key":"QnlEzqPoE5CPgpixKtyI7KZukBjaXpVcNgf6XWcLR3U="},"chainType":1,"messageKeys":{}}},"pendingPreKey":{"signedKeyId":0,"baseKey":"Bbfwcq/BVzIqsEPO5azoAn2P7aYENgC8oEujryE56N19"}}},"version":"v1"}