{"_sessions":{"BRG8PhUVEGZlFN0/oafrgd5np1Nx98Z+04PrRhMjeN8E":{"registrationId":331837077,"currentRatchet":{"ephemeralKeyPair":{"pubKey":"Be4iflJTR3KXdUv1s0n2xuORbit5NTBaVNUbu4yAS1Q8","privKey":"YNbrVVipxjAdJt43npTcpuvCx6+V8wbHD1s19/hJ+GY="},"lastRemoteEphemeralKey":"BcfM/SY28cDr0LkL6WFAj5y18DqrzeccHHqhWHknQy5x","previousCounter":0,"rootKey":"N/0DexZkzdKByohTLCnGFMtzmUvhTurl+OGuzYKZ7WI="},"indexInfo":{"baseKey":"BRG8PhUVEGZlFN0/oafrgd5np1Nx98Z+04PrRhMjeN8E","baseKeyType":1,"closed":-1,"used":1722224747561,"created":1722224747561,"remoteIdentityKey":"BbCHqOPdqNWGUbVCe3VhysWmYZrhepOkY5LSlMQjbNdr"},"_chains":{"Be4iflJTR3KXdUv1s0n2xuORbit5NTBaVNUbu4yAS1Q8":{"chainKey":{"counter":6,"key":"qRsbA18KvcKIQZz0E2iZd9+mS0NZSgo6htjl80w7HkU="},"chainType":1,"messageKeys":{}}},"pendingPreKey":{"signedKeyId":0,"baseKey":"BRG8PhUVEGZlFN0/oafrgd5np1Nx98Z+04PrRhMjeN8E","preKeyId":11329896}}},"version":"v1"}