{"_sessions":{"BezrnFtGCTrxzDj6yzMjVz8FwxErNKzNEeDU8hziBHsM":{"registrationId":1922662567,"currentRatchet":{"ephemeralKeyPair":{"pubKey":"BYRQFhzmW/y/JCHRz+fuYQ6UPopvu4y/jPhp9+kpWFkE","privKey":"oFISQ7P4w6e5UkevqrVROW04hLPIF5fEoOgWTrbE+0E="},"lastRemoteEphemeralKey":"BakYmjO6+Ea5ikDNkwH4oiqVM7sq8mp7n1IMHimRvcBU","previousCounter":0,"rootKey":"p4IIPtpzTVgqUv1MSViSQHpm8cGRuNtqOKEHUpzgtLI="},"indexInfo":{"baseKey":"BezrnFtGCTrxzDj6yzMjVz8FwxErNKzNEeDU8hziBHsM","baseKeyType":1,"closed":-1,"used":1722454512373,"created":1722454512373,"remoteIdentityKey":"BcPU8/jApRxhtUIzwVk3d/HTPLdqOmAi+Jn1Vl0yScQD"},"_chains":{"BYRQFhzmW/y/JCHRz+fuYQ6UPopvu4y/jPhp9+kpWFkE":{"chainKey":{"counter":7,"key":"TnB1ML0SOPwrci+X+MHjRnIPsIAku8T1q+pRUskMlAA="},"chainType":1,"messageKeys":{}}},"pendingPreKey":{"signedKeyId":1,"baseKey":"BezrnFtGCTrxzDj6yzMjVz8FwxErNKzNEeDU8hziBHsM","preKeyId":2747150}}},"version":"v1"}