{"_sessions":{"BazkIRh6pCf3mcwvh6Nw9LMeTcXa1NjgT3kUDsRkoN5j":{"registrationId":564365730,"currentRatchet":{"ephemeralKeyPair":{"pubKey":"BWIqd2nMJsSUz46Rds0FTwvQXsuGQmUlUsB4CsaSsKpP","privKey":"kEuHgWdo1h1zdNFKz6xDnqY6fluJUwzdpuxCNyUwrnQ="},"lastRemoteEphemeralKey":"BWaJ8emWv34mcqzmPwONa7/hjn6PLzX2vHsXBliyHwc7","previousCounter":0,"rootKey":"iYuW3vpPiIorrSLd5wSjlO8NzOiPdeWjRvl5LGe87c4="},"indexInfo":{"baseKey":"BazkIRh6pCf3mcwvh6Nw9LMeTcXa1NjgT3kUDsRkoN5j","baseKeyType":1,"closed":-1,"used":1722454512986,"created":1722454512986,"remoteIdentityKey":"BVk7SZHrF6srr6EMUKZ7Ql+I2bgUejeTttm1Pmw88IlI"},"_chains":{"BWIqd2nMJsSUz46Rds0FTwvQXsuGQmUlUsB4CsaSsKpP":{"chainKey":{"counter":7,"key":"0cbScXbSIQHvEAj4fofV5PrgCrhfvJn6vFUISm86+o8="},"chainType":1,"messageKeys":{}}},"pendingPreKey":{"signedKeyId":4,"baseKey":"BazkIRh6pCf3mcwvh6Nw9LMeTcXa1NjgT3kUDsRkoN5j","preKeyId":15568799}}},"version":"v1"}