{"_sessions":{"BRdBWtiPIXBPyRi+hJ58zVsk7TLNOlniluWFQxGhcq0J":{"registrationId":169,"currentRatchet":{"ephemeralKeyPair":{"pubKey":"BYCpSOUs2jYNu6Z/sh7VgYR1wvao3NHzM/RRdhSFIyRm","privKey":"qKFLNIGT3uUixmKaiL2PSMvu3NJ2q8TYFLGcrXmetHA="},"lastRemoteEphemeralKey":"BY38Lbqzs3U7YDx8f6hoohfjrSgWv0QL6b2Gxb/pdgU2","previousCounter":0,"rootKey":"iwWDQ+98bShwH8vDw03B0tCkuHdrsxdChGckb522xyY="},"indexInfo":{"baseKey":"BRdBWtiPIXBPyRi+hJ58zVsk7TLNOlniluWFQxGhcq0J","baseKeyType":1,"closed":-1,"used":1722302914359,"created":1722302914359,"remoteIdentityKey":"BbnxfDCEDGDcVnq/e2APxesOjA2ba/esiRfgfgvaG4Fj"},"_chains":{"BYCpSOUs2jYNu6Z/sh7VgYR1wvao3NHzM/RRdhSFIyRm":{"chainKey":{"counter":76,"key":"/HHmEvH+yL6OVbAVzvzwJHF4WJopxzyDZyk2i5QSZEw="},"chainType":1,"messageKeys":{}}},"pendingPreKey":{"signedKeyId":1,"baseKey":"BRdBWtiPIXBPyRi+hJ58zVsk7TLNOlniluWFQxGhcq0J"}}},"version":"v1"}