{"_sessions":{"BZT7BEz0h3mON5Esynn1Pjz5TQQ0Hp1poKv7wzMyxvQS":{"registrationId":1889399102,"currentRatchet":{"ephemeralKeyPair":{"pubKey":"BbLVLXV6SbYBWWMZ9g60s3xmlTaZhaxoHxleHEBj/upR","privKey":"0ATsclie7Vm6ZINegFqRgkmYdhbdu9rtaCjCzmt9CFg="},"lastRemoteEphemeralKey":"BSTSIdhuubJ2KGhi9DcMx0HKYs7vdVE61DcDku15Qhs3","previousCounter":0,"rootKey":"s/ixUzauA2eco38zbA3jjaRwfuAKYuOW6usvQlzDv3w="},"indexInfo":{"baseKey":"BZT7BEz0h3mON5Esynn1Pjz5TQQ0Hp1poKv7wzMyxvQS","baseKeyType":1,"closed":-1,"used":1722454513272,"created":1722454513272,"remoteIdentityKey":"BZDe8c43/bJPlJW/HtrgzUJO/Le6fKft2Q9J6eYY2pgM"},"_chains":{"BbLVLXV6SbYBWWMZ9g60s3xmlTaZhaxoHxleHEBj/upR":{"chainKey":{"counter":7,"key":"a8KqW5ZuhviUuaXZQZW8Tb8447D8H8Qs7yVN9ZgFA3M="},"chainType":1,"messageKeys":{}}},"pendingPreKey":{"signedKeyId":1,"baseKey":"BZT7BEz0h3mON5Esynn1Pjz5TQQ0Hp1poKv7wzMyxvQS","preKeyId":2154485}}},"version":"v1"}