{"_sessions":{"BdRGfNClUq7S1e9ZA4c6R0kmq5AMsAP5Xn4hxfl6TXAb":{"registrationId":12352,"currentRatchet":{"ephemeralKeyPair":{"pubKey":"BUKdkOeQo5+I+H6IuWS24oB3lITwQyc7r7sEen/tcv1N","privKey":"6OfUSVruCdbCIrsVzSiJ1x57bCteKixWfiDAw/XeFFY="},"lastRemoteEphemeralKey":"BemVOHqTo7+ZqMIt9xzJZ3F44cGWoYH0HCpo5ZTgcf47","previousCounter":0,"rootKey":"MlAT3pD5Zvn5M/KnVpO6HF9rYFZo9HRxU/DBAPW3Ajg="},"indexInfo":{"baseKey":"BdRGfNClUq7S1e9ZA4c6R0kmq5AMsAP5Xn4hxfl6TXAb","baseKeyType":1,"closed":-1,"used":1722224745096,"created":1722224745096,"remoteIdentityKey":"BZYoXi0wYIshCnnacAVjgxWbJ2ZrFqql1NOr65F0xJxG"},"_chains":{"BUKdkOeQo5+I+H6IuWS24oB3lITwQyc7r7sEen/tcv1N":{"chainKey":{"counter":6,"key":"SXGF7P6EbSWBFlNPY2QyBLlnfxzKO+haAxZv7xy/whY="},"chainType":1,"messageKeys":{}}},"pendingPreKey":{"signedKeyId":1,"baseKey":"BdRGfNClUq7S1e9ZA4c6R0kmq5AMsAP5Xn4hxfl6TXAb"}}},"version":"v1"}