{"_sessions":{"BQ9IoZLmPTnOj6VoOqiBxLD1gwJcogtqgUEyKFpJro9e":{"registrationId":1336413508,"currentRatchet":{"ephemeralKeyPair":{"pubKey":"BQX9x3HbETs72fUdyrWtThdPJVl6IuSD034/YiSdcGBa","privKey":"+ETdXJvkIy0QwDHQ8LwtFDBX9ypB70iiLEc0FVr4c1s="},"lastRemoteEphemeralKey":"BYTv+lV+EPevmko840Ld2CdBJ/I9wg1HoNqo1y+opy0e","previousCounter":0,"rootKey":"KZQ3XeT4REDOlPS53Prah8VKPu9iaATOTmHQ3JQqRPU="},"indexInfo":{"baseKey":"BQ9IoZLmPTnOj6VoOqiBxLD1gwJcogtqgUEyKFpJro9e","baseKeyType":1,"closed":-1,"used":1722224747262,"created":1722224747262,"remoteIdentityKey":"BVDIJVOYr1JpIRsFC0jOWRkmyARb4whaZ8VNxZFY7Cxq"},"_chains":{"BQX9x3HbETs72fUdyrWtThdPJVl6IuSD034/YiSdcGBa":{"chainKey":{"counter":6,"key":"u6wrnSScHAROA/u5Dydwhx1ICnjfv8EJXR1MbWUsTZw="},"chainType":1,"messageKeys":{}}},"pendingPreKey":{"signedKeyId":0,"baseKey":"BQ9IoZLmPTnOj6VoOqiBxLD1gwJcogtqgUEyKFpJro9e"}}},"version":"v1"}