{"_sessions":{"BWTqpWWwaVjwaW6vGxzJhAxT0quzhliayytQxpHH9WYj":{"registrationId":372437769,"currentRatchet":{"ephemeralKeyPair":{"pubKey":"BatLFdE4+xie2OqNoF8YochaKDoYvt1Tycg5/V13DAYr","privKey":"2CGAUQhnt3ObD0bQ2Cgt4Rmj+6nfthZdzAIogSvPC30="},"lastRemoteEphemeralKey":"BaVH0ssaCGs2Z/8FeAJ/SEqeTbgTZgnfd/HKYbz4pdId","previousCounter":0,"rootKey":"1McI706cGjjWTIREh4ecLyp2lDH/se3nNG1YNl4ZCJw="},"indexInfo":{"baseKey":"BWTqpWWwaVjwaW6vGxzJhAxT0quzhliayytQxpHH9WYj","baseKeyType":1,"closed":-1,"used":1722302914686,"created":1722302914686,"remoteIdentityKey":"BSXpzLHJ8TP83P/undNOshPMZob8bOJ454mDG1S9n7Eo"},"_chains":{"BatLFdE4+xie2OqNoF8YochaKDoYvt1Tycg5/V13DAYr":{"chainKey":{"counter":76,"key":"uzcd6zQL2/uyv5Wpu2kB/XReBR5JEfEYoUAIjWxO5Sg="},"chainType":1,"messageKeys":{}}},"pendingPreKey":{"signedKeyId":4081125,"baseKey":"BWTqpWWwaVjwaW6vGxzJhAxT0quzhliayytQxpHH9WYj"}}},"version":"v1"}