{"_sessions":{"BUTRHXf6XU3jMHdwTXCX7xPHYO8ndeSA6v+IBbeo07wD":{"registrationId":193,"currentRatchet":{"ephemeralKeyPair":{"pubKey":"BTDYaQFB4WQqjYbnHnOu9MXnxcSrWw73IxpI9/ptWjcl","privKey":"OGg70q9VwNYefLCTqP6+qZ4tjRx9k6Rb6jjo43cyhE4="},"lastRemoteEphemeralKey":"BYDXgg8+MzoGRz1nQ/tCKWSCKZgEGCSeotYjFu5XF7Nj","previousCounter":0,"rootKey":"DD6z/FQd7Eoi9k8GIxdxnRyccdU0kB8gsqoCdXQTG3M="},"indexInfo":{"baseKey":"BUTRHXf6XU3jMHdwTXCX7xPHYO8ndeSA6v+IBbeo07wD","baseKeyType":1,"closed":-1,"used":1722454510905,"created":1722454510905,"remoteIdentityKey":"BVWKTeh/OR0518efxz1t0M4OmAkGjSOXkocYq2zzECID"},"_chains":{"BTDYaQFB4WQqjYbnHnOu9MXnxcSrWw73IxpI9/ptWjcl":{"chainKey":{"counter":7,"key":"pTbK4ZrzeCtBhLQsGtQQUkojfL6TTz2w0z+2+F6NB4A="},"chainType":1,"messageKeys":{}}},"pendingPreKey":{"signedKeyId":1,"baseKey":"BUTRHXf6XU3jMHdwTXCX7xPHYO8ndeSA6v+IBbeo07wD"}}},"version":"v1"}