{"_sessions":{"BQibXJCEhRAQZTlipZMb5gqLYvgB4fwOzEs6tXqnqkAR":{"registrationId":1723190229,"currentRatchet":{"ephemeralKeyPair":{"pubKey":"BcaiyhmWgW3tEvZF9wXLtHJcJ116TGjgfLe91tDV4Mcl","privKey":"WMfOXR5bKyCpMZhtERhT6r29kioCMZr/nsydBMHd6G4="},"lastRemoteEphemeralKey":"BThj5BmPi9pn9w0d+9Eq2oNbOor0tV0ggr6bwKTyRCwj","previousCounter":0,"rootKey":"H3VFkX8IgQg+FipslEusx/9l0oIvZF0fXrv78OZv/0s="},"indexInfo":{"baseKey":"BQibXJCEhRAQZTlipZMb5gqLYvgB4fwOzEs6tXqnqkAR","baseKeyType":1,"closed":-1,"used":1722224749482,"created":1722224749482,"remoteIdentityKey":"BahMDuJYcHQIHWTQbojx6qrhWtJ1L5elv6TUPD3eVpF3"},"_chains":{"BcaiyhmWgW3tEvZF9wXLtHJcJ116TGjgfLe91tDV4Mcl":{"chainKey":{"counter":6,"key":"Lldwj3ipRbxuDoCVwFgc3LJMf7mBffHw+1h+e/9jo9Y="},"chainType":1,"messageKeys":{}}},"pendingPreKey":{"signedKeyId":2,"baseKey":"BQibXJCEhRAQZTlipZMb5gqLYvgB4fwOzEs6tXqnqkAR","preKeyId":6698333}}},"version":"v1"}