{"_sessions":{"BSATAZYTzGCvy3n6BZ1y9nxO/Ei3fvs3lRLAjEAhn24F":{"registrationId":1005248827,"currentRatchet":{"ephemeralKeyPair":{"pubKey":"Bb9Otjt0Oy/b4k3tSUzyAfKpys1KX186FDM4pCf0aItg","privKey":"WCtiyqwTJFq7ZoHFxx7nYNWmCG27pwTd9dovcVDQ2G4="},"lastRemoteEphemeralKey":"BYAc058qjErsGmK9XDK0YPIj285J2mqZ2DcaTkQGuMM9","previousCounter":0,"rootKey":"fO+evgO7eHxa44oqKIqFOzXibfx6dcPtzFxoIrKA528="},"indexInfo":{"baseKey":"BSATAZYTzGCvy3n6BZ1y9nxO/Ei3fvs3lRLAjEAhn24F","baseKeyType":1,"closed":-1,"used":1722302914759,"created":1722302914759,"remoteIdentityKey":"Bc7hSTVVqyp6uc3cTpHvFDXcOrLPN0mRr0i7sHMxg5N0"},"_chains":{"Bb9Otjt0Oy/b4k3tSUzyAfKpys1KX186FDM4pCf0aItg":{"chainKey":{"counter":76,"key":"SqYxLgcvezv4epv6JUdME6dhPZrTgtSyyKcwoQFUJa0="},"chainType":1,"messageKeys":{}}},"pendingPreKey":{"signedKeyId":1,"baseKey":"BSATAZYTzGCvy3n6BZ1y9nxO/Ei3fvs3lRLAjEAhn24F"}}},"version":"v1"}