{"_sessions":{"BdU5Df7uTecY+Z1J5byz7TFhcX2TS6Ry3aw5GzEWOiJd":{"registrationId":97,"currentRatchet":{"ephemeralKeyPair":{"pubKey":"BSNowAvReOW0twobmK7gVNbRs3xmiBJTwCd7YBleRd12","privKey":"eKytxJhi4hPDShyrvl1rB1/ml1Gci/FQHv3JcFGhgVQ="},"lastRemoteEphemeralKey":"BfhJb2E04c6LnQ/NRMWW7TGNX77f2vM9M0tIXbCNYDBM","previousCounter":0,"rootKey":"g8Aby5rUlE/pd5S9+cuZQYiRP/IdX2P0QyoB4mefq+A="},"indexInfo":{"baseKey":"BdU5Df7uTecY+Z1J5byz7TFhcX2TS6Ry3aw5GzEWOiJd","baseKeyType":1,"closed":-1,"used":1722302914457,"created":1722302914457,"remoteIdentityKey":"BSZ8BG7sSOoTZjc11vujgQWrf9wRqM8eY3sGGinQ+oAL"},"_chains":{"BSNowAvReOW0twobmK7gVNbRs3xmiBJTwCd7YBleRd12":{"chainKey":{"counter":79,"key":"4yXqvoCbF4ZqND+OKGmLGMMf07ef5XrRcc0nee/tStk="},"chainType":1,"messageKeys":{}}},"pendingPreKey":{"signedKeyId":1,"baseKey":"BdU5Df7uTecY+Z1J5byz7TFhcX2TS6Ry3aw5GzEWOiJd"}}},"version":"v1"}