{"_sessions":{"Baa83t0q1wADN+ZPTFNiEq/yjtWt4VQXg4oEbQ6iU5Md":{"registrationId":1454419001,"currentRatchet":{"ephemeralKeyPair":{"pubKey":"BQUbgNtgIz7J9Ap0CP0Pt0rm5bP1h4f+Blax5KSVuzcu","privKey":"GNFNGxqlNAmJehXrTKUV01whoT2u6QVb1cNGpKSNPXs="},"lastRemoteEphemeralKey":"BTf0uvDZIiGhjyXQGrO/oWRJKs7sMtlXZJ1KvR6W6mER","previousCounter":0,"rootKey":"XqEt/iPEDavOPOt07pa3uCQUPzgBeHQWEs1/+CR5G3Y="},"indexInfo":{"baseKey":"Baa83t0q1wADN+ZPTFNiEq/yjtWt4VQXg4oEbQ6iU5Md","baseKeyType":1,"closed":-1,"used":1722457022780,"created":1722454511673,"remoteIdentityKey":"BXQQkljav1kKM/uK7fLZA3fNIKm+ZjF9kkxGKf5kMHAl"},"_chains":{"BTf0uvDZIiGhjyXQGrO/oWRJKs7sMtlXZJ1KvR6W6mER":{"chainKey":{"counter":1,"key":"9I8UqK1dlHLsLP1CjlDx9oH8A35vKgrQTjDyeTCPLPs="},"chainType":2,"messageKeys":{}},"BQUbgNtgIz7J9Ap0CP0Pt0rm5bP1h4f+Blax5KSVuzcu":{"chainKey":{"counter":6,"key":"ibOaz7C7SR0APF+C8fCZeqMw98K1B7fdhmjCxnlvAU0="},"chainType":1,"messageKeys":{}}}}},"version":"v1"}