{"_sessions":{"BdrG9JN15TxicxDCI6Gx8mLILWoGxAArePnDJx4GNtk5":{"registrationId":245477663,"currentRatchet":{"ephemeralKeyPair":{"pubKey":"Bcsts7DP5u8C8fWYWg3bKIIIwOSCXI9p0ZmGcAnryrwT","privKey":"QPAJCrEh2Gz4Ss78nJF6y0ztXX0gfs2XOs5+d3RX22w="},"lastRemoteEphemeralKey":"BcOrTxOg6FtSW7ihezgVHc0KdcsQApwhr4y41ymSauUn","previousCounter":0,"rootKey":"W2d7Y+g+qo2DVMiK7aIxkZ5O9mxbZ6kVyAJIOq23C4I="},"indexInfo":{"baseKey":"BdrG9JN15TxicxDCI6Gx8mLILWoGxAArePnDJx4GNtk5","baseKeyType":1,"closed":-1,"used":1722302915573,"created":1722302915573,"remoteIdentityKey":"BbZFJCsl8Frtpi8fmd1WHeEEJ1YvbHFI4jQVm2G2Z+dp"},"_chains":{"Bcsts7DP5u8C8fWYWg3bKIIIwOSCXI9p0ZmGcAnryrwT":{"chainKey":{"counter":76,"key":"2lFoz29vOg50SIuYcYSwEy2vaITbS4ehFblJHb7YGJA="},"chainType":1,"messageKeys":{}}},"pendingPreKey":{"signedKeyId":1,"baseKey":"BdrG9JN15TxicxDCI6Gx8mLILWoGxAArePnDJx4GNtk5","preKeyId":2921153}}},"version":"v1"}