{"_sessions":{"BfCEU08SPq2LDGtRhyLytEHjx7sOj/YFhLv70+UDbDdB":{"registrationId":2136623499,"currentRatchet":{"ephemeralKeyPair":{"pubKey":"BRSgwRGJDpXa/5EGd/3rOsbuYsHlrTm7vvrRRoLetWN/","privKey":"yJDnbIg6JAtAsMfY2ed/vewTdCAxz79zIMiH0by1GnE="},"lastRemoteEphemeralKey":"BTOk0c9snH11DagIcu/dhxHWqHU4BYP/JEOq9qWMTCJD","previousCounter":0,"rootKey":"9kPYSBFpUE+7nNoeZrZXxfDh+FjDw1aBh7Ea5YhnkYA="},"indexInfo":{"baseKey":"BfCEU08SPq2LDGtRhyLytEHjx7sOj/YFhLv70+UDbDdB","baseKeyType":1,"closed":-1,"used":1722302915793,"created":1722302915793,"remoteIdentityKey":"BcU5CH/H2ihC8RYyGKCMslLRIicinkYKoA6Xanu1g9Aj"},"_chains":{"BRSgwRGJDpXa/5EGd/3rOsbuYsHlrTm7vvrRRoLetWN/":{"chainKey":{"counter":76,"key":"M9JrrnaATHdXQ5AU71BW9aCy97DLDWREwG8IstDn2JY="},"chainType":1,"messageKeys":{}}},"pendingPreKey":{"signedKeyId":4,"baseKey":"BfCEU08SPq2LDGtRhyLytEHjx7sOj/YFhLv70+UDbDdB","preKeyId":11518404}}},"version":"v1"}