{"_sessions":{"BSLH7IaPx7co8M8U6nxBPwumVemCd2ObUxhGm4GKHXYN":{"registrationId":33,"currentRatchet":{"ephemeralKeyPair":{"pubKey":"BVNvwmNtDK+i6+lLI3GFY5hbza2tANNfnrbd4AlBiFw8","privKey":"6DFgtgKqWvTupbmRWdiLGm2jcrdLKqrHxHWdnS+eSm0="},"lastRemoteEphemeralKey":"BaSsr4FzqUceSQxi60Q1cJ+1YEAyd27+ZGnG3NcjNsJt","previousCounter":0,"rootKey":"B63zltoZSlzfL8WmGKE7bi0CZmetbpP2Qeh/ojJPrDA="},"indexInfo":{"baseKey":"BSLH7IaPx7co8M8U6nxBPwumVemCd2ObUxhGm4GKHXYN","baseKeyType":1,"closed":-1,"used":1722401989476,"created":1722401989476,"remoteIdentityKey":"BQJk26twXsmjaE3xMY247unBMG5YM9fhtGHb0wci+pNE"},"_chains":{"BVNvwmNtDK+i6+lLI3GFY5hbza2tANNfnrbd4AlBiFw8":{"chainKey":{"counter":28,"key":"pga2VQkOZUTRjC2e1dB1Rw0JPbp//YU4yu1RogrPRd4="},"chainType":1,"messageKeys":{}}},"pendingPreKey":{"signedKeyId":1,"baseKey":"BSLH7IaPx7co8M8U6nxBPwumVemCd2ObUxhGm4GKHXYN"}}},"version":"v1"}