{"_sessions":{"Be/6AyrBV1lsTcl2G+QpMRQHJo5wg8Rl4cFK7hv45Tpp":{"registrationId":1194399712,"currentRatchet":{"ephemeralKeyPair":{"pubKey":"BYejYmnj5I0XgbDy87j88pbZzT0PAd8HFleHsoiPX9Y4","privKey":"CIZIfMUuENw2C+z5zD8w3qAVSwYKSzf+UPdJ9YlQ1m8="},"lastRemoteEphemeralKey":"BdLTYxWTlSdUj3sIuxabzwtWSPMlxkdMUzglUyUT0bM2","previousCounter":0,"rootKey":"hh8GQeJI0/WRVOt0ymbZS9LxivSUzDL3gKn1L/wyn2g="},"indexInfo":{"baseKey":"Be/6AyrBV1lsTcl2G+QpMRQHJo5wg8Rl4cFK7hv45Tpp","baseKeyType":1,"closed":-1,"used":1722224749085,"created":1722224749085,"remoteIdentityKey":"BUZ3U5rixF1n9AaAcXTcW2PJtD/FGqb4yOnavvL6fApJ"},"_chains":{"BYejYmnj5I0XgbDy87j88pbZzT0PAd8HFleHsoiPX9Y4":{"chainKey":{"counter":6,"key":"nGooX5pqb0xNf97uk2dXqoH/VRANhPwPkAPSL4M3X8M="},"chainType":1,"messageKeys":{}}},"pendingPreKey":{"signedKeyId":0,"baseKey":"Be/6AyrBV1lsTcl2G+QpMRQHJo5wg8Rl4cFK7hv45Tpp"}}},"version":"v1"}