{"_sessions":{"BbCvaLon1yStSs7SS3qnnv4/86pG0ui0VePmex2yOqEs":{"registrationId":97,"currentRatchet":{"ephemeralKeyPair":{"pubKey":"Bdltl+niEX9EwZh0oJwPFNIZ4IU53uclJ6pSfnGqxBAv","privKey":"iJAOfkmYnY6RjlgAToS+Qvy67xp85D6lcEpMMC/oq2o="},"lastRemoteEphemeralKey":"BfhJb2E04c6LnQ/NRMWW7TGNX77f2vM9M0tIXbCNYDBM","previousCounter":0,"rootKey":"JqIylfPu5Uhfa/7iOWhkU3QxRrbJHVPcGVro6bI1ZWs="},"indexInfo":{"baseKey":"BbCvaLon1yStSs7SS3qnnv4/86pG0ui0VePmex2yOqEs","baseKeyType":1,"closed":-1,"used":1722454510968,"created":1722454510968,"remoteIdentityKey":"BSZ8BG7sSOoTZjc11vujgQWrf9wRqM8eY3sGGinQ+oAL"},"_chains":{"Bdltl+niEX9EwZh0oJwPFNIZ4IU53uclJ6pSfnGqxBAv":{"chainKey":{"counter":7,"key":"yyAP1xfI+eueks3+Ea+qqeu785HpgxRbxn5dXf/+m9I="},"chainType":1,"messageKeys":{}}},"pendingPreKey":{"signedKeyId":1,"baseKey":"BbCvaLon1yStSs7SS3qnnv4/86pG0ui0VePmex2yOqEs"}}},"version":"v1"}