{"_sessions":{"BT0XcAmEqD9d38quUs0M6Gtzop8dAMMm16K9x4XNRtAI":{"registrationId":1283073750,"currentRatchet":{"ephemeralKeyPair":{"pubKey":"BdbG6loblWrx1UkAn8tZdxG1rDskrWjkVhy22CYk1cYT","privKey":"eL0N8KPiOpLvVJ8PMnmVwkPtpSAf3mHfARmCuszolmA="},"lastRemoteEphemeralKey":"BZGJLXCWQUdtidbNJkwUfoosHl23szz9KuVnjTFM4IJo","previousCounter":0,"rootKey":"0BHaiV+MEYpSUP200eFTNvBudDuj41rDC7Fkw03Hj0E="},"indexInfo":{"baseKey":"BT0XcAmEqD9d38quUs0M6Gtzop8dAMMm16K9x4XNRtAI","baseKeyType":1,"closed":-1,"used":1722302915272,"created":1722302915272,"remoteIdentityKey":"BXRksXtpnRigYzMsCS5wT5cFfDHL7DzcWdSf4wyqZGo1"},"_chains":{"BdbG6loblWrx1UkAn8tZdxG1rDskrWjkVhy22CYk1cYT":{"chainKey":{"counter":76,"key":"P7d7cq+InvJeGjKZW9K2gGkIQJjdoD3ZCivKPt4LK8c="},"chainType":1,"messageKeys":{}}},"pendingPreKey":{"signedKeyId":0,"baseKey":"BT0XcAmEqD9d38quUs0M6Gtzop8dAMMm16K9x4XNRtAI"}}},"version":"v1"}