{"_sessions":{"BT7b+KPxgNtH7jxgXTG7ycQjZ31Lb2R0RPKFZDmD3A1q":{"registrationId":245477663,"currentRatchet":{"ephemeralKeyPair":{"pubKey":"BQZ9v3A2JnArqARYlXpWfspd797UUIi0HlKjhXfZruI3","privKey":"4FGcRzoXs7CU0c/Q3iqjQPNz/u4Q/nF0NDuhjr6pH1o="},"lastRemoteEphemeralKey":"BcOrTxOg6FtSW7ihezgVHc0KdcsQApwhr4y41ymSauUn","previousCounter":0,"rootKey":"D7m2Vri1SQtVpEhuLumJSl69xcoEs1T7Hnz5a63GLmQ="},"indexInfo":{"baseKey":"BT7b+KPxgNtH7jxgXTG7ycQjZ31Lb2R0RPKFZDmD3A1q","baseKeyType":1,"closed":-1,"used":1722454512393,"created":1722454512393,"remoteIdentityKey":"BbZFJCsl8Frtpi8fmd1WHeEEJ1YvbHFI4jQVm2G2Z+dp"},"_chains":{"BQZ9v3A2JnArqARYlXpWfspd797UUIi0HlKjhXfZruI3":{"chainKey":{"counter":7,"key":"GuqV7VPLviE2sYrefXjjwIOzSB5LeNTfsbaFp9i7pys="},"chainType":1,"messageKeys":{}}},"pendingPreKey":{"signedKeyId":1,"baseKey":"BT7b+KPxgNtH7jxgXTG7ycQjZ31Lb2R0RPKFZDmD3A1q","preKeyId":2922593}}},"version":"v1"}