{"_sessions":{"Bfq9WFNuXTt0t5LIBPIlDK0cH8xUNa9IsW84q2aHezMB":{"registrationId":1223,"currentRatchet":{"ephemeralKeyPair":{"pubKey":"BYJMNxiCnw9Bz3I2USf7uiRodKOVkABGzllw+cRXTZEl","privKey":"mEqSWMPb1bMLv5i2rNeQwRQ8oPnQ21hVzBMwFokoN2g="},"lastRemoteEphemeralKey":"BQAsW+E659CBrrP1Zemvg+2fvQR8zTSaz96g6Xom8xgF","previousCounter":0,"rootKey":"AegV7HIaGl5wWK+hnGZZi0KJ2TzSUCuokrkLGj89a8M="},"indexInfo":{"baseKey":"Bfq9WFNuXTt0t5LIBPIlDK0cH8xUNa9IsW84q2aHezMB","baseKeyType":1,"closed":-1,"used":1722224746482,"created":1722224746482,"remoteIdentityKey":"BanhCRRtiMmUagh8QDhuDcCw7GcMA8rgBB1BapfTcmsz"},"_chains":{"BYJMNxiCnw9Bz3I2USf7uiRodKOVkABGzllw+cRXTZEl":{"chainKey":{"counter":6,"key":"oIokdI1Tjkmlft1CJ/ckP2d9IJ1SPJzOjCwu45EXrR0="},"chainType":1,"messageKeys":{}}},"pendingPreKey":{"signedKeyId":1,"baseKey":"Bfq9WFNuXTt0t5LIBPIlDK0cH8xUNa9IsW84q2aHezMB"}}},"version":"v1"}