{"_sessions":{"BfWwIn0ILSS97DUR4NssNnPOhgvbaZJdbZ7oHd9l5Z9j":{"registrationId":212259958,"currentRatchet":{"ephemeralKeyPair":{"pubKey":"BcYzwVp+3gFVlGQMgJGEfkLRTlzGiqB8y+JT6YcbKvdz","privKey":"AKKPdN8FZ11qK7P/mSSIVinKM1X9iOfHuNycZJo3Xn0="},"lastRemoteEphemeralKey":"Ba6X7g+TkWa+7tOOfLTliQABzdF/ThiLMxTJWStB2VED","previousCounter":0,"rootKey":"7AowWTIU83kjWZk1M2+FEmuytjUVykqa0yp8Kg/B0AQ="},"indexInfo":{"baseKey":"BfWwIn0ILSS97DUR4NssNnPOhgvbaZJdbZ7oHd9l5Z9j","baseKeyType":1,"closed":-1,"used":1722454512962,"created":1722454512962,"remoteIdentityKey":"BTmalxs4f9wKV0rzLwsS5dGxJggFqOB2UGgZ8gp9vQA+"},"_chains":{"BcYzwVp+3gFVlGQMgJGEfkLRTlzGiqB8y+JT6YcbKvdz":{"chainKey":{"counter":7,"key":"OBg/mvPodwdlaPUf5n1owHr48aiM8eiTle30UM0VynA="},"chainType":1,"messageKeys":{}}},"pendingPreKey":{"signedKeyId":0,"baseKey":"BfWwIn0ILSS97DUR4NssNnPOhgvbaZJdbZ7oHd9l5Z9j","preKeyId":5309984}}},"version":"v1"}