{"_sessions":{"BV/tPly+JqIRTuMQD99ldqXnxD8oU5n/i062vHsh7yR6":{"registrationId":1272077632,"currentRatchet":{"ephemeralKeyPair":{"pubKey":"BZGPoyyDiJCj3hbmc4B1NxvGaMC2q/aaStv1IIyo1cRt","privKey":"8PS8xKm995lFikRv01HSwpQ3N09tQAbKFVm82DpQRlg="},"lastRemoteEphemeralKey":"BVziQypcnAbN/c1YnA9V1Qe5HTlqsyUsUP8Vo4mmiaAo","previousCounter":0,"rootKey":"2n3jTFMMoFn+i1wGPm69atBHtKxb/wgY0wqqHbfPzfs="},"indexInfo":{"baseKey":"BV/tPly+JqIRTuMQD99ldqXnxD8oU5n/i062vHsh7yR6","baseKeyType":1,"closed":-1,"used":1722224749075,"created":1722224749075,"remoteIdentityKey":"BQDCEQibE/2U367YHlJgrGYD+jJEbOYOaTdRavK5xOxl"},"_chains":{"BZGPoyyDiJCj3hbmc4B1NxvGaMC2q/aaStv1IIyo1cRt":{"chainKey":{"counter":6,"key":"aPYaedncCR7Jgu6jE9waOWNk+741dac9z0oixYL9ikE="},"chainType":1,"messageKeys":{}}},"pendingPreKey":{"signedKeyId":3,"baseKey":"BV/tPly+JqIRTuMQD99ldqXnxD8oU5n/i062vHsh7yR6","preKeyId":11125249}}},"version":"v1"}