{"_sessions":{"BUBeYh4jrxVEsakqPpEQeMWR2EiSx32mPZeXfONgnlkD":{"registrationId":219,"currentRatchet":{"ephemeralKeyPair":{"pubKey":"BXmm9dV3yWceaptgawUaqkQgAYaqjeDLpiAUHrcAszZy","privKey":"UIIO4syl5DZnLNx9cqn3MFGGxA44/bNf42/OYUrTT2A="},"lastRemoteEphemeralKey":"Be/CSN7zHZ38u/CjszxWZBOkc6pI86igbl7TLed8uRUP","previousCounter":0,"rootKey":"RftMRMkZwzNx/LopR4+wvH2VORm3UFSdsdHq87/e/dg="},"indexInfo":{"baseKey":"BUBeYh4jrxVEsakqPpEQeMWR2EiSx32mPZeXfONgnlkD","baseKeyType":1,"closed":-1,"used":1722302914389,"created":1722302914389,"remoteIdentityKey":"BacrzPPHBAQuybRtkOVhrPPPUiWzrR4ICZhYkLYa7HJV"},"_chains":{"BXmm9dV3yWceaptgawUaqkQgAYaqjeDLpiAUHrcAszZy":{"chainKey":{"counter":76,"key":"+qXOdZlwHRkOkOiiNz8JThuYErLONjirc3jCk/gSbhg="},"chainType":1,"messageKeys":{}}},"pendingPreKey":{"signedKeyId":1,"baseKey":"BUBeYh4jrxVEsakqPpEQeMWR2EiSx32mPZeXfONgnlkD","preKeyId":229}}},"version":"v1"}