{"_sessions":{"BX5oTWiXlhLBCXLLB3fM6jJEc8dA+G335yGzqiI3I21K":{"registrationId":1680578657,"currentRatchet":{"ephemeralKeyPair":{"pubKey":"BTfa4robF3HcTmyXZLQJXB9pfb9LQdqRHTBmfJEIDYca","privKey":"WKkdzW4oEBTXOxbi7PVCMbZSVb37OECG4xowpakZ0UM="},"lastRemoteEphemeralKey":"BSzndMLJ6DpB4CZyVwcsJ0/J3ENy/WfnvkJgoLjDr8Qg","previousCounter":0,"rootKey":"v6h7GPrMrLtAnzZ+b0wkAgmKCMovmCehIX13mNeSyzo="},"indexInfo":{"baseKey":"BX5oTWiXlhLBCXLLB3fM6jJEc8dA+G335yGzqiI3I21K","baseKeyType":1,"closed":-1,"used":1722224748870,"created":1722224748870,"remoteIdentityKey":"BWwNbDSaHOPR9KkryVVoyFfI1E+IwC2qpwmJ7TnkDgJU"},"_chains":{"BTfa4robF3HcTmyXZLQJXB9pfb9LQdqRHTBmfJEIDYca":{"chainKey":{"counter":6,"key":"VNkBZifw3v7okKO+d4R6rffpJhIuZcDLg7zFX+b8hXc="},"chainType":1,"messageKeys":{}}},"pendingPreKey":{"signedKeyId":8,"baseKey":"BX5oTWiXlhLBCXLLB3fM6jJEc8dA+G335yGzqiI3I21K","preKeyId":13396212}}},"version":"v1"}