{"_sessions":{"BQqX8IPXnIokVgW5XfFGb3BkbRy6q5lzt68y6aKnE7g9":{"registrationId":1452067307,"currentRatchet":{"ephemeralKeyPair":{"pubKey":"BdpSwyWxXfTfG3uGRzCwwMu4ju9CfuAYVcZCXTsxrssb","privKey":"gFS/lLJKi7OsLV4tXSoXYSfIHVZ3qWGxVp8TgtgiKms="},"lastRemoteEphemeralKey":"BYHukLAJ8z6V+C20ZgzJA5rxFLCUW7bnZlDCuxi8sy4P","previousCounter":0,"rootKey":"Ynb5jjm7sHEH9iQm01w6nK9pTiVGrGs9jhGDD50b4g8="},"indexInfo":{"baseKey":"BQqX8IPXnIokVgW5XfFGb3BkbRy6q5lzt68y6aKnE7g9","baseKeyType":1,"closed":-1,"used":1722224749469,"created":1722224749469,"remoteIdentityKey":"Bdx1oUmYsxGbSueQ5x0O+GI7obVmZ5vlWbYT6d5CMpQV"},"_chains":{"BdpSwyWxXfTfG3uGRzCwwMu4ju9CfuAYVcZCXTsxrssb":{"chainKey":{"counter":6,"key":"IeolFFKPVx294LfrjJOGnHb4qe2vH73z2xynya+HDNw="},"chainType":1,"messageKeys":{}}},"pendingPreKey":{"signedKeyId":3,"baseKey":"BQqX8IPXnIokVgW5XfFGb3BkbRy6q5lzt68y6aKnE7g9","preKeyId":11714721}}},"version":"v1"}