{"_sessions":{"Bcg6MPcVaAP8bl+vYcAx6tbHlcy59vgWzwYHUJUW70Yg":{"registrationId":15250,"currentRatchet":{"ephemeralKeyPair":{"pubKey":"BdRPVPijQflyVNmdGECxM2ABiKhqaYvSH0cTCe2GaocS","privKey":"qI5UiEXFcEL532IAHqr0kBKaCOv+AWI7aphZN/QHVVk="},"lastRemoteEphemeralKey":"BXES6wzlGcqJjxs7TOjDB8IWbXO9YENxkXResTmXARcE","previousCounter":0,"rootKey":"oSGeE818qwzDw1iSE0UHFyOZvm/xDaiwLqLXq5lfBZk="},"indexInfo":{"baseKey":"Bcg6MPcVaAP8bl+vYcAx6tbHlcy59vgWzwYHUJUW70Yg","baseKeyType":1,"closed":-1,"used":1722224745394,"created":1722224745394,"remoteIdentityKey":"BdK+DMJc/27mQa6WxcYReIfRfRIyegy1q5O17oPaVJI1"},"_chains":{"BdRPVPijQflyVNmdGECxM2ABiKhqaYvSH0cTCe2GaocS":{"chainKey":{"counter":6,"key":"x7h5YZ/pSShQmwskUlYkRiQmguIBHTb0/CPK6pasQQ0="},"chainType":1,"messageKeys":{}}},"pendingPreKey":{"signedKeyId":1,"baseKey":"Bcg6MPcVaAP8bl+vYcAx6tbHlcy59vgWzwYHUJUW70Yg"}}},"version":"v1"}