{"_sessions":{"BZz1kWruey1958PyEJFj7/HXkvUQBFV+R+26l1EmduYj":{"registrationId":97,"currentRatchet":{"ephemeralKeyPair":{"pubKey":"BW/BaePmcbMorw1yqjsy5tpbqy57fEveCfWjE3wDgcok","privKey":"AOwV4EkjOtLy1t7qPOzDxAm416nt0mPp9gCPpMAnLXw="},"lastRemoteEphemeralKey":"BTdM0awFsYjETF8sWm0AWjThZEmkGMwKLn8FA0o9Y9hc","previousCounter":0,"rootKey":"R3drcXkvtpiZEkFe+bmdEmUDWfsCkNEm/lDQK3r4b/0="},"indexInfo":{"baseKey":"BZz1kWruey1958PyEJFj7/HXkvUQBFV+R+26l1EmduYj","baseKeyType":1,"closed":-1,"used":1722302914497,"created":1722302914497,"remoteIdentityKey":"BS5uTIxvnWuYtn1LIhBMjBkjHwJ72yR9Cs43UrimW2hW"},"_chains":{"BW/BaePmcbMorw1yqjsy5tpbqy57fEveCfWjE3wDgcok":{"chainKey":{"counter":76,"key":"pd+DN/FefWYDuH0he0G3ik1tFQqBr9WsOqDOYKQircw="},"chainType":1,"messageKeys":{}}},"pendingPreKey":{"signedKeyId":1,"baseKey":"BZz1kWruey1958PyEJFj7/HXkvUQBFV+R+26l1EmduYj"}}},"version":"v1"}