{"_sessions":{"BTWtQidGm3kPA3v/9jTcsBzBxORMyWB1O2SmkHbHn3kh":{"registrationId":1792331635,"currentRatchet":{"ephemeralKeyPair":{"pubKey":"BQD/wQa6SOZ2q6+P4ZkcZOQnYUzh+n2Y1xUOV9bfbRxq","privKey":"eKDuHwJHOeRwOWHTmlPvVoZsvQACZwJTzLP6/YbEgGA="},"lastRemoteEphemeralKey":"BbPPNeYai+/FLUUb0j1iK/kFo0WewALb7lyKtIl6/LVh","previousCounter":0,"rootKey":"swYEYIQi1fD+Smz2/W1pmYmuwQbpgrClocLx5OCHFio="},"indexInfo":{"baseKey":"BTWtQidGm3kPA3v/9jTcsBzBxORMyWB1O2SmkHbHn3kh","baseKeyType":1,"closed":-1,"used":1722302915799,"created":1722302915799,"remoteIdentityKey":"BS90HyCRRSyAWqDapd1OK8x8zafurshNMDhqx1P0GrkX"},"_chains":{"BQD/wQa6SOZ2q6+P4ZkcZOQnYUzh+n2Y1xUOV9bfbRxq":{"chainKey":{"counter":76,"key":"CJ2qh5vTGsqa9iz4RGG0zGz0cRB2Kih6YNnLIRY8WHk="},"chainType":1,"messageKeys":{}}},"pendingPreKey":{"signedKeyId":2,"baseKey":"BTWtQidGm3kPA3v/9jTcsBzBxORMyWB1O2SmkHbHn3kh","preKeyId":4807672}}},"version":"v1"}