{"_sessions":{"BWY/7CukrDcy+ANbjI2ZCa/DYgJVQ9DpvHalXkMaa2Nx":{"registrationId":956880427,"currentRatchet":{"ephemeralKeyPair":{"pubKey":"BbQ/XFqLxnaHRP9hmRT0OgoXYzrPQpWiJFvRpWkhCCsS","privKey":"yBtDi6q5+DFI28QcY6rr3+x/BIx/ika41/J9hkw/zmk="},"lastRemoteEphemeralKey":"BWS2rWwiq0SuCy7QDzUuzFhycCJXliEqFqExARUefoQM","previousCounter":0,"rootKey":"Wf6K9s91Tf0z98D8P+FLU2w2XkY+xraw4vR01iE79Ms="},"indexInfo":{"baseKey":"BWY/7CukrDcy+ANbjI2ZCa/DYgJVQ9DpvHalXkMaa2Nx","baseKeyType":1,"closed":-1,"used":1722454511594,"created":1722454511594,"remoteIdentityKey":"BaRgvTztf8a2eE9dL65etFY1Jmi3MZAvLDJRd/5flGlI"},"_chains":{"BbQ/XFqLxnaHRP9hmRT0OgoXYzrPQpWiJFvRpWkhCCsS":{"chainKey":{"counter":7,"key":"votPAEWFbyGs9WIqhSXD6iKTx6d/kbO0wIirm7nq33E="},"chainType":1,"messageKeys":{}}},"pendingPreKey":{"signedKeyId":1,"baseKey":"BWY/7CukrDcy+ANbjI2ZCa/DYgJVQ9DpvHalXkMaa2Nx","preKeyId":6859626}}},"version":"v1"}