{"_sessions":{"BT/5iXNAkZFn7gR4TUrUsrD6AAvu5TkvvJ3A/JI0OBNo":{"registrationId":226,"currentRatchet":{"ephemeralKeyPair":{"pubKey":"BeRKaWMxHb7XaLrN1RpR3ya4VqKkFN5T9sp/4+nrRxol","privKey":"ePCtzoPCBPJIzNrO/9CNgPZgkMp6/vSORruy86aM4ns="},"lastRemoteEphemeralKey":"BX9KZ46331CbL4rSWgznn5lam3PJ8AD+SGUiYzscCrB/","previousCounter":0,"rootKey":"pFqReyXDoi16lY99EL/wmBMKq9ZD4v5jICqjYIP5xho="},"indexInfo":{"baseKey":"BT/5iXNAkZFn7gR4TUrUsrD6AAvu5TkvvJ3A/JI0OBNo","baseKeyType":1,"closed":1722454610670,"used":1722454510988,"created":1722454510988,"remoteIdentityKey":"BZlbgdolAui+xTOS8698okh5iffNdVSH/5BmkHIBvqFq"},"_chains":{"BeRKaWMxHb7XaLrN1RpR3ya4VqKkFN5T9sp/4+nrRxol":{"chainKey":{"counter":0,"key":"+8kk1U9TD48dLiMhH7eockCOJCeSZKilsfFAuB3VoTw="},"chainType":1,"messageKeys":{}}},"pendingPreKey":{"signedKeyId":1,"baseKey":"BT/5iXNAkZFn7gR4TUrUsrD6AAvu5TkvvJ3A/JI0OBNo"}},"BSHUTwIDKwIXnksm1n02mW28uP/o+z7VfSe6S2SUyfN4":{"registrationId":226,"currentRatchet":{"ephemeralKeyPair":{"pubKey":"BeMpOXJpn/D8Ya7/zcDkeETsIlmDF8qotUc0o7/YDahV","privKey":"UGfvfMdwezCQH0dvob9M85h7EBh6l3rjXdUTk37VdFk="},"lastRemoteEphemeralKey":"BQ1zY/Ph3bRbgX7SQCao8ALaMQU8iVimb+orSsYUzSNv","previousCounter":0,"rootKey":"g2BXhEA7SpO8z0vJqUuAXxja+j3xWMuvHd+OxbmCxCA="},"indexInfo":{"baseKey":"BSHUTwIDKwIXnksm1n02mW28uP/o+z7VfSe6S2SUyfN4","baseKeyType":2,"closed":1722468289469,"used":1722454610672,"created":1722454610672,"remoteIdentityKey":"BZlbgdolAui+xTOS8698okh5iffNdVSH/5BmkHIBvqFq"},"_chains":{"BQ1zY/Ph3bRbgX7SQCao8ALaMQU8iVimb+orSsYUzSNv":{"chainKey":{"counter":1,"key":"hWIWdkQL7F5Lef6x0q1a5RvGzU3nuAtydF7bolEBKmo="},"chainType":2,"messageKeys":{"0":"Y7++LE7Vni4Nqu0ImZSUHROoRqkRIJt7WrggBpZK2sc="}},"BeMpOXJpn/D8Ya7/zcDkeETsIlmDF8qotUc0o7/YDahV":{"chainKey":{"counter":-1,"key":"baTrJJhR4Q6bHMTh+Zt3K74IOh4+wK9t/x8roJA0E5E="},"chainType":1,"messageKeys":{}}}},"BULf4M1Qbhyuf2R1VncwoqqVGK9Ns9yiFVdsTwN9bPhw":{"registrationId":226,"currentRatchet":{"ephemeralKeyPair":{"pubKey":"BdOwhAcq2AGfTpzkIWXyPGGNyQc2Fkry9j68+7wjJ5Fe","privKey":"KOebtjmqsYmmQ7PssZK2bAX0FPFKKo3w/n6fbNhFk1Q="},"lastRemoteEphemeralKey":"BVLcw8erQrRzPRY7+M2meuca4qZVMiG7nkelQILLtZcu","previousCounter":0,"rootKey":"kIR4HmHAe4vyolK1vjNeTzbGmwvIMNH68lUitZViSWE="},"indexInfo":{"baseKey":"BULf4M1Qbhyuf2R1VncwoqqVGK9Ns9yiFVdsTwN9bPhw","baseKeyType":2,"closed":1722468309364,"used":1722468289499,"created":1722468289499,"remoteIdentityKey":"BZlbgdolAui+xTOS8698okh5iffNdVSH/5BmkHIBvqFq"},"_chains":{"BVLcw8erQrRzPRY7+M2meuca4qZVMiG7nkelQILLtZcu":{"chainKey":{"counter":1,"key":"glzvIoI6E0KAZ3X9Gto40PT0aXnx/LBC4xRxsOOWQx0="},"chainType":2,"messageKeys":{"0":"GFz4Fx/qVvhiJJbhN7u7blRPqQSpQCwrQHabwZr17tA="}},"BdOwhAcq2AGfTpzkIWXyPGGNyQc2Fkry9j68+7wjJ5Fe":{"chainKey":{"counter":-1,"key":"aeM6fjAExyOIU9SUUlQ1dkNw37pqtS9EuBy47SuweiU="},"chainType":1,"messageKeys":{}}}},"BfL95I/V1U0PlzGBg2jG+gpnlFvtPSAhjW9736nxef5J":{"registrationId":226,"currentRatchet":{"ephemeralKeyPair":{"pubKey":"BeR7Soot6fVkihMzRZgiAUBo/D8aoUTEhHVQU04Bbeh4","privKey":"cLdBIkhwAN3c2W7lluX2+5GdLfmznvQB9kI+oXx+xFA="},"lastRemoteEphemeralKey":"BVP46HlioYe6w1+Q0LdV4V/olDrMPu8Xv+2lzP/CYgRD","previousCounter":0,"rootKey":"x0rrwxu9oVjy3/9WRmG1D1JZaztBjPF7QO5oBHnBfoo="},"indexInfo":{"baseKey":"BfL95I/V1U0PlzGBg2jG+gpnlFvtPSAhjW9736nxef5J","baseKeyType":2,"closed":1722471825599,"used":1722468309373,"created":1722468309373,"remoteIdentityKey":"BZlbgdolAui+xTOS8698okh5iffNdVSH/5BmkHIBvqFq"},"_chains":{"BVP46HlioYe6w1+Q0LdV4V/olDrMPu8Xv+2lzP/CYgRD":{"chainKey":{"counter":2,"key":"9ckaqPioHkyC8R3UYFnLBJ+bKb4YRwpT7nu1Ds7HLnQ="},"chainType":2,"messageKeys":{"0":"ZC6v9EvymzTyxcuJmR5+M5/Ua+t/aycvvJOHPTp8pbo="}},"BeR7Soot6fVkihMzRZgiAUBo/D8aoUTEhHVQU04Bbeh4":{"chainKey":{"counter":-1,"key":"etKtpeag94+I6d1rTKQWftUNYC3lDJZahe7PZCmk/nA="},"chainType":1,"messageKeys":{}}}},"BYznnN6/yLxMzeJ/c2lHHhNPSrEMF8Gni3hJHX42HoI4":{"registrationId":226,"currentRatchet":{"ephemeralKeyPair":{"pubKey":"BfTRVdl/l4FaCNWijv5X1GrXZwCe41Erl1IyRW/ZM0R0","privKey":"oI83oyo0QLEXxvejOM8tVIpZtFda9qfSXqdibU4aLE0="},"lastRemoteEphemeralKey":"BYcPni0k69S3paZq4l2TXAzDQSIFNx0tRsLJ8urA3Mko","previousCounter":5,"rootKey":"snb+mEpx5MXb5lJAFeJNvceVvEjKaogfUMqF3UWisc0="},"indexInfo":{"baseKey":"BYznnN6/yLxMzeJ/c2lHHhNPSrEMF8Gni3hJHX42HoI4","baseKeyType":1,"closed":-1,"used":1722480582564,"created":1722471825582,"remoteIdentityKey":"BZlbgdolAui+xTOS8698okh5iffNdVSH/5BmkHIBvqFq"},"_chains":{"BYcPni0k69S3paZq4l2TXAzDQSIFNx0tRsLJ8urA3Mko":{"chainKey":{"counter":1,"key":"aAMAxEfxuee9PZt8hpO8VRwcXe/YelWHupDGREidxOw="},"chainType":2,"messageKeys":{}},"BfTRVdl/l4FaCNWijv5X1GrXZwCe41Erl1IyRW/ZM0R0":{"chainKey":{"counter":2,"key":"IRrrqUCPGRlQHEELHV0WN6n0ysH7DLapq3j+INz4tNQ="},"chainType":1,"messageKeys":{}}}}},"version":"v1"}