{"_sessions":{"BWWtWgqJNRo4Br29AEqaQWHplKri12KT5NoS6cBazkhU":{"registrationId":610679301,"currentRatchet":{"ephemeralKeyPair":{"pubKey":"BQxds2C9zYRNoolL++SpXleAwl7t3oljh+1cnaHSGVV0","privKey":"+DLXLBw+58W/4ji7v4ALhooCVvJdpQXvmfuObqDUdkQ="},"lastRemoteEphemeralKey":"BX6psoS4iaW63RmncJvfUo5wVzRQCvUen+U11P6I+y1h","previousCounter":0,"rootKey":"MInPTUyZvH2Q9URXLyqKPoCwqWB+yB2BpgeqfXhSAhc="},"indexInfo":{"baseKey":"BWWtWgqJNRo4Br29AEqaQWHplKri12KT5NoS6cBazkhU","baseKeyType":1,"closed":-1,"used":1722224748881,"created":1722224748881,"remoteIdentityKey":"BbtQBnVP8irPa1BvNmaFbsdK8QHP5YOXKwwI1pKuaLhD"},"_chains":{"BQxds2C9zYRNoolL++SpXleAwl7t3oljh+1cnaHSGVV0":{"chainKey":{"counter":6,"key":"2aHILnFce8mCR3r37cXll4bjLxWSnTTUU5RHOvMYnjI="},"chainType":1,"messageKeys":{}}},"pendingPreKey":{"signedKeyId":6,"baseKey":"BWWtWgqJNRo4Br29AEqaQWHplKri12KT5NoS6cBazkhU","preKeyId":5431714}}},"version":"v1"}