{"_sessions":{"BQKp+OHtlke3G+IpL7dYpyVNR9S6mxNpvB33bYHUkGZD":{"registrationId":25616922,"currentRatchet":{"ephemeralKeyPair":{"pubKey":"BZoGwS5ltId9AkajoTyW3q737l2m+l0RUE6qAZ7jHNhQ","privKey":"oG3DLQyu+3PQFJX7oLrjoc0idlcRgKzc8NJXO5slb2Y="},"lastRemoteEphemeralKey":"BUVCFuBfifYT9VBdxjyvD+7mnbnqtT227qu8l8U0HCZi","previousCounter":3,"rootKey":"FKcqfePS6AO92R7DHKE1RkdS3COfEKTLN7Ag7k4bCIs="},"indexInfo":{"baseKey":"BQKp+OHtlke3G+IpL7dYpyVNR9S6mxNpvB33bYHUkGZD","baseKeyType":2,"closed":1722245431999,"used":1722244837369,"created":1722244771480,"remoteIdentityKey":"BaWySaelSVjGLw1hgSAZW7tj0ZstEoyqLdDGKaLpHl09"},"_chains":{"BSerUtaNIyCuFgWjQfdV0zN8AJJ7qAt1sEQd+ZYwz6BO":{"chainKey":{"counter":2},"chainType":2,"messageKeys":{}},"BaE1nriisJ4/TIvvAVGxsZfEPvA4+t4Z7i4y1c7Gv14g":{"chainKey":{"counter":4},"chainType":2,"messageKeys":{}},"Berysu9op9DK/R0RpdlP2eDDkenwNx0Mu6gVmx4MNkBH":{"chainKey":{"counter":0},"chainType":2,"messageKeys":{}},"BUVCFuBfifYT9VBdxjyvD+7mnbnqtT227qu8l8U0HCZi":{"chainKey":{"counter":0,"key":"392/7EFZVnxdOy6Fz6Wg+BZh/RDy8dp9XEldNOpyIi8="},"chainType":2,"messageKeys":{}},"BZoGwS5ltId9AkajoTyW3q737l2m+l0RUE6qAZ7jHNhQ":{"chainKey":{"counter":1,"key":"2oFZU8Wi2X4dla/38W3EP1OfTs8uUb8DLR5P/1Uvy+w="},"chainType":1,"messageKeys":{}}}},"BV7HaAacbxBxKrep6sN0UlZzn3BuzhXPsuTfQy2/un5N":{"registrationId":25616922,"currentRatchet":{"ephemeralKeyPair":{"pubKey":"BXqYQFWMNABsGOom2US9eYmXP6LAX9bC72D/XMX+NFV9","privKey":"mBOndSiWjtpFOTpo6TqV47e6ryp0m+9+Y0lXNbzVcV4="},"lastRemoteEphemeralKey":"BV4AHSdzfprKFraaEZvnn8fQ/ffBLnd98y2RBgrnAd9K","previousCounter":1,"rootKey":"2C716jPLk2sxaRkm7VkG9lmN9ktKMxvwIg8fPdTlBlU="},"indexInfo":{"baseKey":"BV7HaAacbxBxKrep6sN0UlZzn3BuzhXPsuTfQy2/un5N","baseKeyType":2,"closed":-1,"used":1722245443071,"created":1722245432286,"remoteIdentityKey":"BaWySaelSVjGLw1hgSAZW7tj0ZstEoyqLdDGKaLpHl09"},"_chains":{"BYxOaOy1nB2ZIeQ51DcMOfm33opJEGqxNJKIdgN8ClZs":{"chainKey":{"counter":1},"chainType":2,"messageKeys":{}},"BexUv9PQS2dNwTeydADwa8emzQcb9lmrCycDd2vDvosp":{"chainKey":{"counter":0},"chainType":2,"messageKeys":{}},"BQvzeSwTDQsVyjSTLVhTp6rJuxVPDSfisetGBWY2WTQS":{"chainKey":{"counter":0},"chainType":2,"messageKeys":{}},"BV4AHSdzfprKFraaEZvnn8fQ/ffBLnd98y2RBgrnAd9K":{"chainKey":{"counter":0,"key":"+bG8c9K9POqzcEicudxz58KHlAJAyTuEHeob+1eNIk0="},"chainType":2,"messageKeys":{}},"BXqYQFWMNABsGOom2US9eYmXP6LAX9bC72D/XMX+NFV9":{"chainKey":{"counter":1,"key":"48S+A2IUF+0CzhF2Pe1C0X0Mnxy+w40wYvvEr8GaoK4="},"chainType":1,"messageKeys":{}}}}},"version":"v1"}