{"_sessions":{"BdpN+0t2tJYM5Dr6RkJwuSpQ7yI7limfDts3iOpSWopJ":{"registrationId":2020539011,"currentRatchet":{"ephemeralKeyPair":{"pubKey":"BXV9drd1qKnSZIHo/pgaKix31g0KNLk/dLH0RmshGS5e","privKey":"WByMrMwY6N/bP3cGwyAIL2TndazobalzfeT2ZYONiFk="},"lastRemoteEphemeralKey":"BT1qw4La+ht1sCAARI4CILtCyRNZC7/vczTfWVg15Q8R","previousCounter":0,"rootKey":"W7gbAe5tyr+SlbhxVX7PsPigQRPTFxOChW7eIDmBV7o="},"indexInfo":{"baseKey":"BdpN+0t2tJYM5Dr6RkJwuSpQ7yI7limfDts3iOpSWopJ","baseKeyType":1,"closed":-1,"used":1722454513258,"created":1722454513258,"remoteIdentityKey":"BZGvyr4hMoQQLD5n6aWtaF66A0rBk0xyhTBP3UzjY/5Z"},"_chains":{"BXV9drd1qKnSZIHo/pgaKix31g0KNLk/dLH0RmshGS5e":{"chainKey":{"counter":7,"key":"Xk9Is0hnI0+Vopa9A9gXeOIyT+K1pEdyrfF4BP0NW9Y="},"chainType":1,"messageKeys":{}}},"pendingPreKey":{"signedKeyId":0,"baseKey":"BdpN+0t2tJYM5Dr6RkJwuSpQ7yI7limfDts3iOpSWopJ","preKeyId":8839487}}},"version":"v1"}