{"_sessions":{"BRj60DG5L6GZWkJBBRoQ4Qw6kpmYqGOZHYoGbH4QWqxt":{"registrationId":1170750976,"currentRatchet":{"ephemeralKeyPair":{"pubKey":"BSTHM+GSEZQXrSJh9GxYigQlbMh515lLFn/D6948rO19","privKey":"sJPgHMv6WXYBZ+Kr/3STycLar96otWD2MHTQHk4n/W4="},"lastRemoteEphemeralKey":"Bedzw3u7Bz0r+ZQT3WCT3SLircg3aq1t7KS7+Jd+bDtP","previousCounter":0,"rootKey":"4eYmL2YADrApmkfMOWVyDK8OPifgslMO9K1yFFGY3l4="},"indexInfo":{"baseKey":"BRj60DG5L6GZWkJBBRoQ4Qw6kpmYqGOZHYoGbH4QWqxt","baseKeyType":1,"closed":-1,"used":1722302916301,"created":1722302916301,"remoteIdentityKey":"BesCk2DcUS4zVt+QQ1Btd8rbHnMaxw+nlpo/e++Mk/BL"},"_chains":{"BSTHM+GSEZQXrSJh9GxYigQlbMh515lLFn/D6948rO19":{"chainKey":{"counter":76,"key":"1XoR21qj16ZoDFK6KJlKV+KVqSqWsaAJFN+3VkHj8TM="},"chainType":1,"messageKeys":{}}},"pendingPreKey":{"signedKeyId":1,"baseKey":"BRj60DG5L6GZWkJBBRoQ4Qw6kpmYqGOZHYoGbH4QWqxt","preKeyId":16086664}}},"version":"v1"}