{"_sessions":{"BdouD15t2dPwTGDLUcvCk/UQv2u8a88+UIMWu9OvgRdO":{"registrationId":6327,"currentRatchet":{"ephemeralKeyPair":{"pubKey":"BQ5CRYjmzpUmxQRssYfLbYObiQAEM0uJOYMS/7xE6k1C","privKey":"iDeH/O+cbgXrjZ2asLcr5dTKozjrfG4fZCV7FUJ8OHU="},"lastRemoteEphemeralKey":"BeD983O0fTfFXGLX8KMmLWnOdHDdWc6l3y3MLBQfZX1/","previousCounter":0,"rootKey":"eY6DzGWo2IwW7cHkktrnddb5wib9mDt1frqdqqCY/Yo="},"indexInfo":{"baseKey":"BdouD15t2dPwTGDLUcvCk/UQv2u8a88+UIMWu9OvgRdO","baseKeyType":1,"closed":-1,"used":1722224745786,"created":1722224745786,"remoteIdentityKey":"BaQQPbS5Egi+LEbrM5w7+Wnm4jcTGWI0UlS4A1ZFgow2"},"_chains":{"BQ5CRYjmzpUmxQRssYfLbYObiQAEM0uJOYMS/7xE6k1C":{"chainKey":{"counter":6,"key":"OaTrsAMt3OBBdQY9BRU8Lzci1wXo73c6nqL4Y0mav2U="},"chainType":1,"messageKeys":{}}},"pendingPreKey":{"signedKeyId":1,"baseKey":"BdouD15t2dPwTGDLUcvCk/UQv2u8a88+UIMWu9OvgRdO"}}},"version":"v1"}