{"_sessions":{"BexmyCiZDyoB1+8MT5j2PDoMgd3Hjqxp7RDbTFkdvCoJ":{"registrationId":2049427600,"currentRatchet":{"ephemeralKeyPair":{"pubKey":"BW28WGodj8SpHW8GFJp192717rXcr6MXkuwjJMV3oXsz","privKey":"gIq8FLItFgnMw2PmmZzK6d0VVZTKvPJoftfXnrAQyU4="},"lastRemoteEphemeralKey":"BekLKmkFbJAHgB2vEl1e/dNHpbel48Oeq2deCJrt68Ue","previousCounter":0,"rootKey":"A83r8DTaYKDpMrXKhuL3gsHau3uW7nPkjC4j7dV7Sig="},"indexInfo":{"baseKey":"BexmyCiZDyoB1+8MT5j2PDoMgd3Hjqxp7RDbTFkdvCoJ","baseKeyType":1,"closed":-1,"used":1722302915061,"created":1722302915061,"remoteIdentityKey":"BehJphnpO2bbIDLssWa2hVl7Yql1kOAmyvfcwE1EZABi"},"_chains":{"BW28WGodj8SpHW8GFJp192717rXcr6MXkuwjJMV3oXsz":{"chainKey":{"counter":76,"key":"o+WJfJGFgjp6Fip23X+8ZQPHViLrFMFKVp0v7KqkO2w="},"chainType":1,"messageKeys":{}}},"pendingPreKey":{"signedKeyId":1,"baseKey":"BexmyCiZDyoB1+8MT5j2PDoMgd3Hjqxp7RDbTFkdvCoJ","preKeyId":8907601}}},"version":"v1"}