{"_sessions":{"Bd/q3MpGiRqTKLNnqq7LxtLiueneJlmwurEEbqiPUF1d":{"registrationId":844121893,"currentRatchet":{"ephemeralKeyPair":{"pubKey":"BZ7Dd+3SLwu8gpNtoFKBAM1dpgHDG5d2//aGTIGTgTtw","privKey":"oIfEfZThf/zWHnOKR0fydoGIeVhizrLK3OC0qSVQYE0="},"lastRemoteEphemeralKey":"BZ7tXQD0fETtCnMSoYxAKKdCDQwXhAOnOX+SKE/ENZ8H","previousCounter":0,"rootKey":"FDi7stj9XRV+SWhJtjD8BtkBSuV1lrlDBeefLHqQEYM="},"indexInfo":{"baseKey":"Bd/q3MpGiRqTKLNnqq7LxtLiueneJlmwurEEbqiPUF1d","baseKeyType":1,"closed":-1,"used":1722224748390,"created":1722224748390,"remoteIdentityKey":"BfK3LcsklOnfYRAYKzrqMfXh+inQrf5gEs9F3XYlIqs/"},"_chains":{"BZ7Dd+3SLwu8gpNtoFKBAM1dpgHDG5d2//aGTIGTgTtw":{"chainKey":{"counter":6,"key":"Qg+FZfP3IIDbacA1ykejtq3XRdz6cXAopqCVc3yo87E="},"chainType":1,"messageKeys":{}}},"pendingPreKey":{"signedKeyId":7,"baseKey":"Bd/q3MpGiRqTKLNnqq7LxtLiueneJlmwurEEbqiPUF1d","preKeyId":3255261}}},"version":"v1"}