{"_sessions":{"BfbuCHXpT/ZVfe54j6HAblGjx2JCoOlWufoWBDZKIeRm":{"registrationId":1449958821,"currentRatchet":{"ephemeralKeyPair":{"pubKey":"BZT8yL7VS1gJo+4j+qw4tfF3OAt4zSmhmbExHXqesoID","privKey":"8O5Cfo1UJIK7tFWwcBvt8W/BxoUg6yxmCwwgBw1Bi0A="},"lastRemoteEphemeralKey":"BeiU6H7ocSkch66mz97d5emS40RD3i11gr2jg2vf0Fdg","previousCounter":0,"rootKey":"RBJl0j7QdBp/uoR8k68bnRH6QuZorGoDYkCE8Oc3A+k="},"indexInfo":{"baseKey":"BfbuCHXpT/ZVfe54j6HAblGjx2JCoOlWufoWBDZKIeRm","baseKeyType":1,"closed":-1,"used":1722454513170,"created":1722454513170,"remoteIdentityKey":"BU5cWhhyIb7O2ochvHsXeTSICLu933jih+tFezepfyo0"},"_chains":{"BZT8yL7VS1gJo+4j+qw4tfF3OAt4zSmhmbExHXqesoID":{"chainKey":{"counter":7,"key":"VmwtqSq6CEWVsYmnVNXjbbblyGQAh2iusfbR51v0REw="},"chainType":1,"messageKeys":{}}},"pendingPreKey":{"signedKeyId":3,"baseKey":"BfbuCHXpT/ZVfe54j6HAblGjx2JCoOlWufoWBDZKIeRm","preKeyId":1103157}}},"version":"v1"}