{"_sessions":{"BfDfTDkCbUdid1JzFn42ewVMqb+zVR53KZtX6Z2FObNT":{"registrationId":2034567835,"currentRatchet":{"ephemeralKeyPair":{"pubKey":"BXwCFjN0coOh4yiw3TrJKzrqW3h6V/TniHMNor4N4rte","privKey":"WPgi8RmTOWY23GPh1M4VCv8ijtTO1N4fY40COcq9hE0="},"lastRemoteEphemeralKey":"BcF3aYDvw/NKP/jURQ4Y7Rkd1/++lNteZoi2ASI/hNo2","previousCounter":0,"rootKey":"VPo4G0Njtc/aWzi9zxelo/7pZ5FDO5NegSt30RoSQVE="},"indexInfo":{"baseKey":"BfDfTDkCbUdid1JzFn42ewVMqb+zVR53KZtX6Z2FObNT","baseKeyType":1,"closed":-1,"used":1722224748575,"created":1722224748575,"remoteIdentityKey":"BUMz6NWhYcqMrprBx1r/f9Pq3OikKKHRBhtdi7Ng39Zi"},"_chains":{"BXwCFjN0coOh4yiw3TrJKzrqW3h6V/TniHMNor4N4rte":{"chainKey":{"counter":6,"key":"NbeLb4X7QLMT8Irwf00FLOZHABpOhhLj/bzy4C1wPtc="},"chainType":1,"messageKeys":{}}},"pendingPreKey":{"signedKeyId":1,"baseKey":"BfDfTDkCbUdid1JzFn42ewVMqb+zVR53KZtX6Z2FObNT","preKeyId":10215141}}},"version":"v1"}