{"_sessions":{"BVXBFQk+AgAPy7EuHeoDwN2jzcpkTChWCJzYnFis4+lk":{"registrationId":12135,"currentRatchet":{"ephemeralKeyPair":{"pubKey":"BR2smvjq2bZZ5lUCMucXLK5z67lD+ct/x9M4f234ssVW","privKey":"EIQMZ1VuFYOkrFFlx9AJbMJKtIpham3Yj4dh1CBq7UU="},"lastRemoteEphemeralKey":"BZ5JIpKvL4mNhc2FshEDFqKfGQEyn+I5jgYZlEaxCfsH","previousCounter":0,"rootKey":"kUOlhgfBu6xGg0+zqk2ePkYDjQxKljjQjHiB+bCz1Z8="},"indexInfo":{"baseKey":"BVXBFQk+AgAPy7EuHeoDwN2jzcpkTChWCJzYnFis4+lk","baseKeyType":1,"closed":-1,"used":1722224746073,"created":1722224746073,"remoteIdentityKey":"Babym99eOLlzkxjuKEtjGDkBMynxxuCALLYpGOuxgCRW"},"_chains":{"BR2smvjq2bZZ5lUCMucXLK5z67lD+ct/x9M4f234ssVW":{"chainKey":{"counter":6,"key":"oFH1tG7uDJLDRCBRS1rmOjCi7MTjSLveuvCmQz8M9TM="},"chainType":1,"messageKeys":{}}},"pendingPreKey":{"signedKeyId":1,"baseKey":"BVXBFQk+AgAPy7EuHeoDwN2jzcpkTChWCJzYnFis4+lk"}}},"version":"v1"}