{"_sessions":{"BcmvGP3l3Td/2nsNhjSXSUzJS1s/ANjL2TfcCMXutAMf":{"registrationId":1442190166,"currentRatchet":{"ephemeralKeyPair":{"pubKey":"BcuGWYDUBHgoyua2jBuXemqt+s4LOXWvzqeR5n2d3moM","privKey":"gNg3x7U9dbZ7Y+tkEAzXviW2tljRQVynbEIsm0Xq/Ek="},"lastRemoteEphemeralKey":"BRC8xNFN3hUY93tL47LGX3DXXOO8A5sZIhfeZITRvlxh","previousCounter":0,"rootKey":"TFyq9VnE0ANxsLuQ3hUCHbvdXMeska9NYELtaNGAykg="},"indexInfo":{"baseKey":"BcmvGP3l3Td/2nsNhjSXSUzJS1s/ANjL2TfcCMXutAMf","baseKeyType":1,"closed":-1,"used":1722224747758,"created":1722224747758,"remoteIdentityKey":"BcFNL7IUNvgLiXOWxiwZAWcDMLg0gFgzYdbeTwaXz8h5"},"_chains":{"BcuGWYDUBHgoyua2jBuXemqt+s4LOXWvzqeR5n2d3moM":{"chainKey":{"counter":6,"key":"CqMN4BYLbEJCKsZmaGOx8xRq2Zf7zyoX6YCjbohsgpQ="},"chainType":1,"messageKeys":{}}},"pendingPreKey":{"signedKeyId":0,"baseKey":"BcmvGP3l3Td/2nsNhjSXSUzJS1s/ANjL2TfcCMXutAMf","preKeyId":15270574}}},"version":"v1"}