{"_sessions":{"BcTaYu9Kb2mgZzypjZNWGO3y2dE/QLVUgF+hifAMLIBi":{"registrationId":31,"currentRatchet":{"ephemeralKeyPair":{"pubKey":"BeukIQrR836JFK0XcRuOwt+H0W+Pe4k/L+32BOFkcv8q","privKey":"gLmfp6mCIZNAOqun6mDQ9qj1UIC3tQuM5NsdkiCdxVs="},"lastRemoteEphemeralKey":"BXDNdOQJ7WJAxIpEXeSw4ljiLax36B5pjvPbHP9WXgIt","previousCounter":0,"rootKey":"Z+BqZVtMkIVbyAy5Zf7JKYdwQBcmiBgVlnS/2TpTJTg="},"indexInfo":{"baseKey":"BcTaYu9Kb2mgZzypjZNWGO3y2dE/QLVUgF+hifAMLIBi","baseKeyType":1,"closed":-1,"used":1722454511274,"created":1722454511274,"remoteIdentityKey":"BY3mXLkaKozMYvcjS4MjFKgXeQX5QQz3A+B+6npB96BF"},"_chains":{"BeukIQrR836JFK0XcRuOwt+H0W+Pe4k/L+32BOFkcv8q":{"chainKey":{"counter":7,"key":"MWsJjz3wLudokSJhu71KxxlUwJUWE3sA2DPEZgVYRsk="},"chainType":1,"messageKeys":{}}},"pendingPreKey":{"signedKeyId":1,"baseKey":"BcTaYu9Kb2mgZzypjZNWGO3y2dE/QLVUgF+hifAMLIBi","preKeyId":157}}},"version":"v1"}