{"_sessions":{"BWE8vks+PF8xAhj+z64/56DMX8Grrz5Yr/Q+dTKVW8wi":{"registrationId":473513025,"currentRatchet":{"ephemeralKeyPair":{"pubKey":"BUYbt6QpG0/mPXCx1q9dPBPYExrtYV/jysSP987Dw6dA","privKey":"+DMqu1PlBMMuyOgyrZt2m274WPkc1Tkm7OyVDjJkZGc="},"lastRemoteEphemeralKey":"Bdjh09RpNd/CY6Yw57v7m8E1kRLqyI7XSZClNfQIPtVp","previousCounter":0,"rootKey":"5vZdDnLDuPhEkJLD2+Lcyu+il4/F5WwPntjToWrcFd4="},"indexInfo":{"baseKey":"BWE8vks+PF8xAhj+z64/56DMX8Grrz5Yr/Q+dTKVW8wi","baseKeyType":1,"closed":-1,"used":1722224746893,"created":1722224746893,"remoteIdentityKey":"BW8oIqXl9aLO7fniulhBEq5m7ttVWcA1seDHV9y1S+ZD"},"_chains":{"BUYbt6QpG0/mPXCx1q9dPBPYExrtYV/jysSP987Dw6dA":{"chainKey":{"counter":6,"key":"CJ5S/Ht366dPltAxQ6mzeuwIsFK7sbrOr8FbVVyYPCs="},"chainType":1,"messageKeys":{}}},"pendingPreKey":{"signedKeyId":1,"baseKey":"BWE8vks+PF8xAhj+z64/56DMX8Grrz5Yr/Q+dTKVW8wi","preKeyId":7763463}}},"version":"v1"}