{"_sessions":{"BWccRCWJc81eF53QPm+ygS0azgu5Yo+0SwxCFdOGmwk+":{"registrationId":861488886,"currentRatchet":{"ephemeralKeyPair":{"pubKey":"BQuXjBJhLLGvvJjI3pHj5pJgRwooOiMSvmlxDcUgA7V0","privKey":"cGwvwSS0RmWjhG2bpvIosOFRmmcyLxLxiFHy+/Ms33k="},"lastRemoteEphemeralKey":"BVbxl2aWrHrsdPuqpc9oVE8//meeJ4InwLBph1cHr38t","previousCounter":0,"rootKey":"sD5wrlsVKzaeDdlp1XcdDa87h2JJiVSNim3pkPM52a8="},"indexInfo":{"baseKey":"BWccRCWJc81eF53QPm+ygS0azgu5Yo+0SwxCFdOGmwk+","baseKeyType":1,"closed":-1,"used":1722224747083,"created":1722224747083,"remoteIdentityKey":"BTW4nWyyf2SNMDiJDoAtl2Ton/0aW+6QWvK62onTCFoP"},"_chains":{"BQuXjBJhLLGvvJjI3pHj5pJgRwooOiMSvmlxDcUgA7V0":{"chainKey":{"counter":6,"key":"FSnANSdT1dN7R0TzdivQK1moI/vmIwGFqnizHDNbtwk="},"chainType":1,"messageKeys":{}}},"pendingPreKey":{"signedKeyId":0,"baseKey":"BWccRCWJc81eF53QPm+ygS0azgu5Yo+0SwxCFdOGmwk+"}}},"version":"v1"}