{"_sessions":{"BW7VcWq0jmIAFuaOYVI3IUjJB890kOFRoHI+doMMx2MY":{"registrationId":130,"currentRatchet":{"ephemeralKeyPair":{"pubKey":"BejWqMrK2zzsKNyIzxQp+9ksSDr5KrWbGEoi33Lo6LVU","privKey":"mAKzCpl7HjTEm/nRM3qYvD09UbQHJS3iCixlbrAOQFU="},"lastRemoteEphemeralKey":"BSDvRww8JDgMpqV4YwfkU6zNHN8glmzdZQ48jykaVHZA","previousCounter":0,"rootKey":"KZuNsYb1gTG2W5EQlTBfS7mBYxflUiNoeARWmc7LgbU="},"indexInfo":{"baseKey":"BW7VcWq0jmIAFuaOYVI3IUjJB890kOFRoHI+doMMx2MY","baseKeyType":1,"closed":-1,"used":1722454511362,"created":1722454511362,"remoteIdentityKey":"BVHyMqQhjJNxzoQXN0Guu5XyDKDfmx/k+cyDPTPPtAQX"},"_chains":{"BejWqMrK2zzsKNyIzxQp+9ksSDr5KrWbGEoi33Lo6LVU":{"chainKey":{"counter":7,"key":"ppX3UB7G8AQN2/ADPyHyd3fMgHAjxTg291UmsEdZYOE="},"chainType":1,"messageKeys":{}}},"pendingPreKey":{"signedKeyId":1,"baseKey":"BW7VcWq0jmIAFuaOYVI3IUjJB890kOFRoHI+doMMx2MY"}}},"version":"v1"}