{"_sessions":{"BZhzG8xHWiodQIW4/qCoI61iscA8s3EIxGt6rtB1YOJF":{"registrationId":1553460417,"currentRatchet":{"ephemeralKeyPair":{"pubKey":"BUBkSgUKKo3yco7fWRbAC+OQbZAtZchLW9HCCVkkN7ws","privKey":"iMoIoHu2XFfIlTUzWf3vGoJbZvtjd77FiA9DTqwVul4="},"lastRemoteEphemeralKey":"BVtA+bS+jEANd34lAos7hamhjanMWN00jXVp3gLYsWIb","previousCounter":0,"rootKey":"1sa3mEjR6fGxhqkZu2MJExEnqR13PaAhZEdr0HZTykE="},"indexInfo":{"baseKey":"BZhzG8xHWiodQIW4/qCoI61iscA8s3EIxGt6rtB1YOJF","baseKeyType":1,"closed":-1,"used":1722454512992,"created":1722454512992,"remoteIdentityKey":"Bagwv3PgY8qh4sMhTrIBRaoJmp4QDD52kbObigz5LCF9"},"_chains":{"BUBkSgUKKo3yco7fWRbAC+OQbZAtZchLW9HCCVkkN7ws":{"chainKey":{"counter":7,"key":"3AnBDzOIMRrodg5x48JZvzW/xS3dKHB3VhPPIy0qD4M="},"chainType":1,"messageKeys":{}}},"pendingPreKey":{"signedKeyId":0,"baseKey":"BZhzG8xHWiodQIW4/qCoI61iscA8s3EIxGt6rtB1YOJF","preKeyId":296036}}},"version":"v1"}