{"_sessions":{"BYOb6Sizrr21mNqeIbZEt50DUiCFbKXqJpuZ4xOsfKo3":{"registrationId":1687022082,"currentRatchet":{"ephemeralKeyPair":{"pubKey":"BSRSDFUnWZdxt/RXVOwxJd0dEnrV+zqsanfYh9v/j0A9","privKey":"QDUgxOOBLyWTUSXMln1aM5W9eLJElpDg96WYwnbtuXE="},"lastRemoteEphemeralKey":"BROlTZxWuKDU22dxBbpEqmdO5UL8unTPA/WRleTkGPQD","previousCounter":0,"rootKey":"APzr6sP84cI/6mtJTARncuXXKK0jdE+JEclJYv7s77U="},"indexInfo":{"baseKey":"BYOb6Sizrr21mNqeIbZEt50DUiCFbKXqJpuZ4xOsfKo3","baseKeyType":1,"closed":-1,"used":1722454512663,"created":1722454512663,"remoteIdentityKey":"BUAkUg7hyU37VW3bfEzbjEf/hvfptZ8dJq+Qz/SAO189"},"_chains":{"BSRSDFUnWZdxt/RXVOwxJd0dEnrV+zqsanfYh9v/j0A9":{"chainKey":{"counter":7,"key":"QwIuKmvIFEbbW0bo/06Q6/YutIRQpn+rOeHJQ0nPoVk="},"chainType":1,"messageKeys":{}}},"pendingPreKey":{"signedKeyId":0,"baseKey":"BYOb6Sizrr21mNqeIbZEt50DUiCFbKXqJpuZ4xOsfKo3","preKeyId":11564225}}},"version":"v1"}