{"_sessions":{"BZngOUJbAxHtRBr6Q4qjbttpKCuO9uyMbv04Lf9j5Wh9":{"registrationId":1996165832,"currentRatchet":{"ephemeralKeyPair":{"pubKey":"BfKExXZkzGI0GxaGN4s69vZfoXh+6JuQBHFaGIluoaIs","privKey":"6PcKcFbzp03b97h94pWPbEHf1dmIgHeJj9ZOCRLpDm0="},"lastRemoteEphemeralKey":"BboY4W8BY4tgJO8w+tBktE/0rX8+caEt2zX8aegc5MNo","previousCounter":0,"rootKey":"uCvxmHoAjUh68VvzAYBClh6jwt0M44xFPbOtrcPvMic="},"indexInfo":{"baseKey":"BZngOUJbAxHtRBr6Q4qjbttpKCuO9uyMbv04Lf9j5Wh9","baseKeyType":1,"closed":-1,"used":1722224747498,"created":1722224747498,"remoteIdentityKey":"BZOMEXtE3Sy4H3lmUhimg07lmtX6DaqQvJLZ8X7XKNAD"},"_chains":{"BfKExXZkzGI0GxaGN4s69vZfoXh+6JuQBHFaGIluoaIs":{"chainKey":{"counter":6,"key":"vDdUOn2V2XnXqpS+T+EZuWwjWBnBnC/slbSJNu/dAjo="},"chainType":1,"messageKeys":{}}},"pendingPreKey":{"signedKeyId":0,"baseKey":"BZngOUJbAxHtRBr6Q4qjbttpKCuO9uyMbv04Lf9j5Wh9"}}},"version":"v1"}