{"_sessions":{"BXndM1+91ytEJq6gtJy+j5EXPwLq9EstgZP5qMXydxpj":{"registrationId":378707792,"currentRatchet":{"ephemeralKeyPair":{"pubKey":"BRNmT3v9brMRHWzsmiVHxUi6PfsdRQifRFBaFL61Sbts","privKey":"SBQ/d2XhAZe0cJjE9LidmIfw+OEJ0nnHEL22xsjPHlw="},"lastRemoteEphemeralKey":"BWCaiAWMMCHG0xFJKMORd+S42JPvJ69OiHhd9IV0+qMs","previousCounter":0,"rootKey":"rgle+A8O6hNfAZjk/GznrPZa2Jf61jr5Rp1um30D1+k="},"indexInfo":{"baseKey":"BXndM1+91ytEJq6gtJy+j5EXPwLq9EstgZP5qMXydxpj","baseKeyType":1,"closed":-1,"used":1722224746883,"created":1722224746883,"remoteIdentityKey":"BSRbZQyAlRzPodonbrQFNWbtiNnT+9PoqXmxSWGYKoE5"},"_chains":{"BRNmT3v9brMRHWzsmiVHxUi6PfsdRQifRFBaFL61Sbts":{"chainKey":{"counter":6,"key":"pI3ZXyL8Ud4E3xdoQDVZ6pt+aM6lKkaxIGclNgXuh+I="},"chainType":1,"messageKeys":{}}},"pendingPreKey":{"signedKeyId":4,"baseKey":"BXndM1+91ytEJq6gtJy+j5EXPwLq9EstgZP5qMXydxpj","preKeyId":6271864}}},"version":"v1"}