{"_sessions":{"BZPxby12MeGHGdQ9jypogKLP+Bnza4wJKeU2Y5qoR9AS":{"registrationId":337881207,"currentRatchet":{"ephemeralKeyPair":{"pubKey":"BVVvpB1JJm3vI7DfdIi6I1gGyhMklQFQW4FQFP/H8ngZ","privKey":"qOLFAgW/DPGPoTiecfL6BgwgAO4p250fTMyT+8+Asns="},"lastRemoteEphemeralKey":"BeyMSxSvInUXEKEDbS9gKE+V4H1tuzGz6i2GXPkekU4L","previousCounter":0,"rootKey":"DfkeyOwc0lm/Up5A2w/BOMvyLvxkP5QhICl/m9r9iYA="},"indexInfo":{"baseKey":"BZPxby12MeGHGdQ9jypogKLP+Bnza4wJKeU2Y5qoR9AS","baseKeyType":1,"closed":-1,"used":1722454512368,"created":1722454512368,"remoteIdentityKey":"BWz0W2MmAvM8DxKuQ9oVkp4u2/pHkXkqn0Ke4e/5rzhq"},"_chains":{"BVVvpB1JJm3vI7DfdIi6I1gGyhMklQFQW4FQFP/H8ngZ":{"chainKey":{"counter":7,"key":"QBO9/yme4im3somYsi3205rE9jXCqO7mQCWqD4jIkio="},"chainType":1,"messageKeys":{}}},"pendingPreKey":{"signedKeyId":4,"baseKey":"BZPxby12MeGHGdQ9jypogKLP+Bnza4wJKeU2Y5qoR9AS"}}},"version":"v1"}