{"_sessions":{"BVOwDA7QQBMFCyAf+gIByPg0GwDJxPErFs+2WZgswKEC":{"registrationId":170985483,"currentRatchet":{"ephemeralKeyPair":{"pubKey":"BarxkoWNh0xngNlQ0rUyWxmujGTGgLUx8jaRvLkP5VoL","privKey":"EJ4TPPSDjhiaUYDwEHXeR7XnOAMjaqn7QWvZm2nbi2A="},"lastRemoteEphemeralKey":"BRwyYk9RUaTMPrGeKOrHSGNAP359rkz4Icu16rF4x1t/","previousCounter":0,"rootKey":"XjIdcCNE62OhNZE7AuUERp+jbR2KDVjsFuk41uEBcEo="},"indexInfo":{"baseKey":"BVOwDA7QQBMFCyAf+gIByPg0GwDJxPErFs+2WZgswKEC","baseKeyType":1,"closed":-1,"used":1722454513396,"created":1722454513396,"remoteIdentityKey":"BWo4mAjt6u3R6dm6diu/t8mzijSW+FI2+bZ8lzaPXQAb"},"_chains":{"BarxkoWNh0xngNlQ0rUyWxmujGTGgLUx8jaRvLkP5VoL":{"chainKey":{"counter":7,"key":"wWJp+4pQ7i01LUN9NE/1qsHDUvRAxXheOKRW/d2JD20="},"chainType":1,"messageKeys":{}}},"pendingPreKey":{"signedKeyId":0,"baseKey":"BVOwDA7QQBMFCyAf+gIByPg0GwDJxPErFs+2WZgswKEC","preKeyId":13301008}}},"version":"v1"}