{"_sessions":{"BXvqidk2iuMcl95QB+qz/iRy2p5XS+znXyocxg7JQuBL":{"registrationId":139,"currentRatchet":{"ephemeralKeyPair":{"pubKey":"Beof6S72hI6cNwmj3lj2V3qcUZBuXFkISVVGUb/1ubge","privKey":"qJE/reJWMJOpMpI0Ce51rlUxGsTeCgptXsYFnTzEnmQ="},"lastRemoteEphemeralKey":"BTXKceccnRqqQCC8YduAUkZlQ9BRhidr+nRKp8KpsuB2","previousCounter":2,"rootKey":"hoJ8JpkFFh9rRC6OmC/NqPUtIdy4K2ukTPGGLsVqhJE="},"indexInfo":{"baseKey":"BXvqidk2iuMcl95QB+qz/iRy2p5XS+znXyocxg7JQuBL","baseKeyType":2,"closed":1722475005161,"used":1722468151487,"created":1722455123163,"remoteIdentityKey":"BSqUyYOnQ5kS6CdyxLRIW9QXljMENtxbtkvUqQdsus9G"},"_chains":{"BdBcChkqKUThOxHZNrFRSHNO/oW9IXNHRFBWipKPrNx2":{"chainKey":{"counter":0},"chainType":2,"messageKeys":{}},"BTXKceccnRqqQCC8YduAUkZlQ9BRhidr+nRKp8KpsuB2":{"chainKey":{"counter":0,"key":"tYuLkt3haPIqvwCormmiTiBy8R4oQO6ih84dTPb+Jiw="},"chainType":2,"messageKeys":{}},"Beof6S72hI6cNwmj3lj2V3qcUZBuXFkISVVGUb/1ubge":{"chainKey":{"counter":3,"key":"pK+Iatqb6wIwb7oBnzNLqpEONptG+uVIEDbm5tsvpGQ="},"chainType":1,"messageKeys":{}}}},"BXxvXYdHbQg3m6G1ELNh/ghtYVRzCgSdO3c7w1Z2DZxF":{"registrationId":139,"currentRatchet":{"ephemeralKeyPair":{"pubKey":"BfpWjLuyRSRgoP/CHH2rekgYUAV1iFh12EfcN5j7h4IK","privKey":"CEPn640UwzM7hNfmr16ws06UID4JVjmkN9W1NMLVQWo="},"lastRemoteEphemeralKey":"BZertlAzu5LscS2vCILc8mAOrvwMGePLJmYM81KGhgYf","previousCounter":0,"rootKey":"YEkCUkwzftgbFwvPjbc8kFdyBLHkgxOmwcZ3aAcgnn8="},"indexInfo":{"baseKey":"BXxvXYdHbQg3m6G1ELNh/ghtYVRzCgSdO3c7w1Z2DZxF","baseKeyType":1,"closed":-1,"used":1722475004868,"created":1722475004868,"remoteIdentityKey":"BSqUyYOnQ5kS6CdyxLRIW9QXljMENtxbtkvUqQdsus9G"},"_chains":{"BfpWjLuyRSRgoP/CHH2rekgYUAV1iFh12EfcN5j7h4IK":{"chainKey":{"counter":2,"key":"Aqv4fo2cIwoIe1SVBvK7DRPpYp6Wjf0sZVz3Y/sMLPM="},"chainType":1,"messageKeys":{}}},"pendingPreKey":{"signedKeyId":1,"baseKey":"BXxvXYdHbQg3m6G1ELNh/ghtYVRzCgSdO3c7w1Z2DZxF"}}},"version":"v1"}