{"_sessions":{"BQB3UFY4JhhbcPRzsxtkGhPXTu9UJbaqCsHPbYJK6AwM":{"registrationId":1323510040,"currentRatchet":{"ephemeralKeyPair":{"pubKey":"BWnX6esMSnuWVtoRK3LQQtuXdsAV3TcB+i6c8OphbPpi","privKey":"+Mh28ogqbUc6DnZyzBpiybkJFgUUXwezQeNwORXbaEs="},"lastRemoteEphemeralKey":"BeVQgVlZ/gOvbF869lTO729MRYIjqR6naPujWr/zIXJw","previousCounter":0,"rootKey":"xhafx5urN1u5tL4irvlhuIyDCIyaluPNpGA7voR2T2U="},"indexInfo":{"baseKey":"BQB3UFY4JhhbcPRzsxtkGhPXTu9UJbaqCsHPbYJK6AwM","baseKeyType":1,"closed":-1,"used":1722224748058,"created":1722224748058,"remoteIdentityKey":"BQ2XbBFf/rLkHX1R1U3oBdN4LX4B3hfWePi4YCx5kVAI"},"_chains":{"BWnX6esMSnuWVtoRK3LQQtuXdsAV3TcB+i6c8OphbPpi":{"chainKey":{"counter":6,"key":"5eFXE3VN1R9Jl/QG809CUsxPk0UYClVu36f0gpZdZZc="},"chainType":1,"messageKeys":{}}},"pendingPreKey":{"signedKeyId":9,"baseKey":"BQB3UFY4JhhbcPRzsxtkGhPXTu9UJbaqCsHPbYJK6AwM","preKeyId":8709216}}},"version":"v1"}