{"_sessions":{"BRltIfJI8sx8XEyscsS2pqNPoRPRCB8z/0NcJFAyIusm":{"registrationId":2086666834,"currentRatchet":{"ephemeralKeyPair":{"pubKey":"Batqyqv7Z2Wk40FtktgVEZvza5qVRxRAm4usHLKXdUoO","privKey":"wGO0mbnjkj8uHLV2xiVNGzi6xF3mEHITmNOBfcQ8XUc="},"lastRemoteEphemeralKey":"Be3i4bCLywcboZd5oKKri1toiPfk3EDApEO17qtgFcRy","previousCounter":0,"rootKey":"0zGrbdch2jVOQZLtxMEF+pnytG56qRHnwzkD5ujrZ2U="},"indexInfo":{"baseKey":"BRltIfJI8sx8XEyscsS2pqNPoRPRCB8z/0NcJFAyIusm","baseKeyType":1,"closed":-1,"used":1722454512583,"created":1722454512583,"remoteIdentityKey":"BQbuc8MXLejN/1AQArlxEQvCcy1VYE7+bs+1pg8t6fhu"},"_chains":{"Batqyqv7Z2Wk40FtktgVEZvza5qVRxRAm4usHLKXdUoO":{"chainKey":{"counter":7,"key":"kVVBAOM/UqNZbSlgoHSWDH8munwWb49kdnzSlidPV+k="},"chainType":1,"messageKeys":{}}},"pendingPreKey":{"signedKeyId":3,"baseKey":"BRltIfJI8sx8XEyscsS2pqNPoRPRCB8z/0NcJFAyIusm","preKeyId":12871480}}},"version":"v1"}