{"_sessions":{"BSwLVohyaA6njCHSlaNzVPLTCzqPX19jTm6lK8/6PMZs":{"registrationId":1874442993,"currentRatchet":{"ephemeralKeyPair":{"pubKey":"BUrFVYpE5fNkbmXkt18+PMWxjyBNmPXOsLf5yqmW+/Aa","privKey":"4KGh7+oFLgbXMn7ww7OqZSJ+OQhY4DdSx8kurrAw3Ec="},"lastRemoteEphemeralKey":"BceaK4A+J0q8APK7wFvsAiYnJx0dG7mroJtNIUKIk8sI","previousCounter":0,"rootKey":"PnozDAgUefio6s31v4r8Li1WDf6MetLl8kS1Q/ix6/A="},"indexInfo":{"baseKey":"BSwLVohyaA6njCHSlaNzVPLTCzqPX19jTm6lK8/6PMZs","baseKeyType":1,"closed":-1,"used":1722224748795,"created":1722224748795,"remoteIdentityKey":"BfnqwDfPlrgkRaLpcnaHGG9ZfJQOOWQnfsynqTtB5BFB"},"_chains":{"BUrFVYpE5fNkbmXkt18+PMWxjyBNmPXOsLf5yqmW+/Aa":{"chainKey":{"counter":6,"key":"wUcyVGnRGr98Va7WvlFvJ1abUfbF5+yBf//n3s++2tI="},"chainType":1,"messageKeys":{}}},"pendingPreKey":{"signedKeyId":6,"baseKey":"BSwLVohyaA6njCHSlaNzVPLTCzqPX19jTm6lK8/6PMZs","preKeyId":14732150}}},"version":"v1"}