{"_sessions":{"BZIro5yaQfjKPgzlMnNEKgEFyOHCFC9LSf/OH9AUGgYR":{"registrationId":1333374164,"currentRatchet":{"ephemeralKeyPair":{"pubKey":"BTa+XRVpszUQWkN3EBpWmq73WHTvzawZLOMhkztuvjBS","privKey":"COqAE3Jcp8YRJZ9u4dMDnPUwsoPOalaoqQuHtCdbVlg="},"lastRemoteEphemeralKey":"Bdi4hh/qPDSN669GKUOYkArWkF5ry+1AicZFlvKiFah/","previousCounter":0,"rootKey":"EZ3o/+8NmRA77Zl6/hjjhq+G4Du7B0jXYD9StcK573c="},"indexInfo":{"baseKey":"BZIro5yaQfjKPgzlMnNEKgEFyOHCFC9LSf/OH9AUGgYR","baseKeyType":1,"closed":-1,"used":1722467332379,"created":1722454513281,"remoteIdentityKey":"Bcxd2qzIu2TsLqEUc+6I3L4IOQbQxjXS6mnZp8FSpZdj"},"_chains":{"Bdi4hh/qPDSN669GKUOYkArWkF5ry+1AicZFlvKiFah/":{"chainKey":{"counter":0,"key":"CzxrGYrHHdiAv3y3DD3VgUK4WWqUce9H3dpW1DM040o="},"chainType":2,"messageKeys":{}},"BTa+XRVpszUQWkN3EBpWmq73WHTvzawZLOMhkztuvjBS":{"chainKey":{"counter":6,"key":"lNmqUZLR6YMwp3csvIiaWmJimtbM+F0KqJI4XbCyw2Y="},"chainType":1,"messageKeys":{}}}}},"version":"v1"}