{"_sessions":{"BViFGR8fSc+5rrINYzk5TwtfX8zRQ51C+mlwvAemErds":{"registrationId":1306876537,"currentRatchet":{"ephemeralKeyPair":{"pubKey":"BQiUDaZrWu14B7/Khdejzr1Ww4KFSTnwiWQRET4PkBxl","privKey":"qEf/ZZAdDVKIhu11VvHmKPsMerO+FOKCEhKE7LVkPXs="},"lastRemoteEphemeralKey":"BWB3uVKT0zkJDXPZxON3RXqTjnzarD1xUUXRjU882m5/","previousCounter":0,"rootKey":"g4AfjJLxHnFNPyhW2pybYygKnhEaGNhU0/RHWZqMFGE="},"indexInfo":{"baseKey":"BViFGR8fSc+5rrINYzk5TwtfX8zRQ51C+mlwvAemErds","baseKeyType":1,"closed":-1,"used":1722224746861,"created":1722224746861,"remoteIdentityKey":"BYdMtDR+iEWtpBWhYGYQegbPWEu5hhhHiwBK64GDWbQf"},"_chains":{"BQiUDaZrWu14B7/Khdejzr1Ww4KFSTnwiWQRET4PkBxl":{"chainKey":{"counter":6,"key":"0SsGeBsY0ODGO6QyXnZgvENd+FP5yZRw/y2H+IO6bZQ="},"chainType":1,"messageKeys":{}}},"pendingPreKey":{"signedKeyId":0,"baseKey":"BViFGR8fSc+5rrINYzk5TwtfX8zRQ51C+mlwvAemErds"}}},"version":"v1"}