{"_sessions":{"BXW9wj2Ctvs04Aj7gWoX2xpcwmP7f4+CpgOvfc/+db4p":{"registrationId":16184,"currentRatchet":{"ephemeralKeyPair":{"pubKey":"BaTVBQWfN3Gtdx+ZCnmpGRcaUxUvOt8sYGcgv5PbCPd5","privKey":"0IOX2qNm5o2JckE24qB5BwYQBwudE3JRo8Cs7Xd/xX0="},"lastRemoteEphemeralKey":"BXJSS9Accqjlc7MPA82cnVpA0BqvZnwVYzcCtRHuUSNk","previousCounter":0,"rootKey":"0QGrlTuDB8GUSozSGDdC2bUEMfr3AYY1Zu/vAT7rwq4="},"indexInfo":{"baseKey":"BXW9wj2Ctvs04Aj7gWoX2xpcwmP7f4+CpgOvfc/+db4p","baseKeyType":1,"closed":-1,"used":1722224745063,"created":1722224745063,"remoteIdentityKey":"BZekGR82lv0NbpFlM7X/DfARNX3JY5TMDDVh32oBSLch"},"_chains":{"BaTVBQWfN3Gtdx+ZCnmpGRcaUxUvOt8sYGcgv5PbCPd5":{"chainKey":{"counter":6,"key":"nxwvtwhyL8LlAR2mf2XqWRrWCsNw5H2KGyJoNlkuTE0="},"chainType":1,"messageKeys":{}}},"pendingPreKey":{"signedKeyId":1,"baseKey":"BXW9wj2Ctvs04Aj7gWoX2xpcwmP7f4+CpgOvfc/+db4p"}}},"version":"v1"}