{"_sessions":{"Bd38sWYx2p7Yq0OUL19BSP6O7aE72hEs2H+hwpmob7R1":{"registrationId":1553460417,"currentRatchet":{"ephemeralKeyPair":{"pubKey":"BedS9VeHEK0XgAVwVIi0Pq/ej3VSN/KrbCxSf8xdvHRC","privKey":"iEG89RjfHsMMlDM0BNJv+5dwWSYeLTSxK5ZQ312suUs="},"lastRemoteEphemeralKey":"BU9EOV281PCBRyxzGfFbJbgC78MCXKcLE3Qjy9jeZx4e","previousCounter":42,"rootKey":"NoootTuv8PXRK/w8n4oPlA5GltOXK0hsMae5KahrUPA="},"indexInfo":{"baseKey":"Bd38sWYx2p7Yq0OUL19BSP6O7aE72hEs2H+hwpmob7R1","baseKeyType":1,"closed":-1,"used":1722356164922,"created":1722302915969,"remoteIdentityKey":"Bagwv3PgY8qh4sMhTrIBRaoJmp4QDD52kbObigz5LCF9"},"_chains":{"BU9EOV281PCBRyxzGfFbJbgC78MCXKcLE3Qjy9jeZx4e":{"chainKey":{"counter":0,"key":"lIc/wwE41U9aYh6VE7JQM4qMnpg2M1ywFyUzyXybfFU="},"chainType":2,"messageKeys":{}},"BedS9VeHEK0XgAVwVIi0Pq/ej3VSN/KrbCxSf8xdvHRC":{"chainKey":{"counter":33,"key":"gB1+eYAC37M/Esyep4bUebyDf7SCqOwXC7ADVovbyoE="},"chainType":1,"messageKeys":{}}}}},"version":"v1"}