{"_sessions":{"BW0ILIT7JxHEnMa3bl66AKp9nbX6KW6xWN5/K3UTsnUj":{"registrationId":97,"currentRatchet":{"ephemeralKeyPair":{"pubKey":"BXb2Tav97PTCURZsKYA/w6XyutdCfxbJQD8K7JwjnwFv","privKey":"MCRxFTMRiKokz/UI1JA+Fj64e/y9uGMD6FT2u6K/Gmo="},"lastRemoteEphemeralKey":"BTdM0awFsYjETF8sWm0AWjThZEmkGMwKLn8FA0o9Y9hc","previousCounter":0,"rootKey":"eosI4IoQn7TaI5/M125Ob/ACifRLZroXBOo9HwSoSrM="},"indexInfo":{"baseKey":"BW0ILIT7JxHEnMa3bl66AKp9nbX6KW6xWN5/K3UTsnUj","baseKeyType":1,"closed":-1,"used":1722454511095,"created":1722454511095,"remoteIdentityKey":"BS5uTIxvnWuYtn1LIhBMjBkjHwJ72yR9Cs43UrimW2hW"},"_chains":{"BXb2Tav97PTCURZsKYA/w6XyutdCfxbJQD8K7JwjnwFv":{"chainKey":{"counter":7,"key":"2QgH8VHitRs4LCSHUPg5d8PH3E1RAYkHjV3FJBHqZY0="},"chainType":1,"messageKeys":{}}},"pendingPreKey":{"signedKeyId":1,"baseKey":"BW0ILIT7JxHEnMa3bl66AKp9nbX6KW6xWN5/K3UTsnUj"}}},"version":"v1"}