{"_sessions":{"BcLsjMZF/+nXyTKNzccrnResPjHuWVlTUIzTxnTbNUMi":{"registrationId":1004697699,"currentRatchet":{"ephemeralKeyPair":{"pubKey":"BT6sGbqFKU0zBWrM77MlVyL/fG5Gw18FvfL/+msJ4IZJ","privKey":"WNferIG8FljBzTo314K0GXvDzlqtsst+6Y0EVLwn2Ug="},"lastRemoteEphemeralKey":"BdnTR462msiogNrVohr6ynSLWVfdue6E2lvkvEOK21MN","previousCounter":0,"rootKey":"oDBSM6OrMbpIEA0pXIXQkwQtFf6byLy+qDSP1U9MUSE="},"indexInfo":{"baseKey":"BcLsjMZF/+nXyTKNzccrnResPjHuWVlTUIzTxnTbNUMi","baseKeyType":1,"closed":-1,"used":1722454511564,"created":1722454511564,"remoteIdentityKey":"BUBzvq1y5hvk9sZfwkgN3G7L1OrJNq+a1OQY22LX7IoB"},"_chains":{"BT6sGbqFKU0zBWrM77MlVyL/fG5Gw18FvfL/+msJ4IZJ":{"chainKey":{"counter":7,"key":"0i371hfIWytUlHnp1bQ/YjuNX8QUqzzjAXtX1j3tCII="},"chainType":1,"messageKeys":{}}},"pendingPreKey":{"signedKeyId":5,"baseKey":"BcLsjMZF/+nXyTKNzccrnResPjHuWVlTUIzTxnTbNUMi","preKeyId":11288983}}},"version":"v1"}