{"_sessions":{"BWeZES3Q++61Yhm+IrSW8fhzoual4G9jxAOVBDNM8eQP":{"registrationId":1075357616,"currentRatchet":{"ephemeralKeyPair":{"pubKey":"BdENnK0E36nHgNkbeHdH41XBMxLsH7Tz6VCpGtzclIow","privKey":"KDsQ3nvly+2rGE03HKr1ScOLofMbg3PgHtGCDQWlcWE="},"lastRemoteEphemeralKey":"BR4BIk7eGdVnNTvAuFs2175UgnaWviWET1xyw4O78ZUk","previousCounter":0,"rootKey":"JwIqct3+wsC+g618BLqXxNNFAahNCoddZbag6JDmgNQ="},"indexInfo":{"baseKey":"BWeZES3Q++61Yhm+IrSW8fhzoual4G9jxAOVBDNM8eQP","baseKeyType":1,"closed":-1,"used":1722224746661,"created":1722224746661,"remoteIdentityKey":"Ba6FK3F5Flfa9Z5Ue7KOhtG7oqSUrzGk0oyAE7AprIA7"},"_chains":{"BdENnK0E36nHgNkbeHdH41XBMxLsH7Tz6VCpGtzclIow":{"chainKey":{"counter":6,"key":"zX0DtTPkY9lX9fo2wjzfq/CuKfuNtbLHk6B/IeofC6s="},"chainType":1,"messageKeys":{}}},"pendingPreKey":{"signedKeyId":0,"baseKey":"BWeZES3Q++61Yhm+IrSW8fhzoual4G9jxAOVBDNM8eQP"}}},"version":"v1"}