{"_sessions":{"BW7z/hI96dmLzIO+B9QvB2akZNi0XefftZigQhVkyLxD":{"registrationId":1352136682,"currentRatchet":{"ephemeralKeyPair":{"pubKey":"BcNowWLqvtDjFa3kWd8rN4xgyvD0XdKFCf6qD8VpLLVG","privKey":"MJFevhXuZpvTidzn2g3VAdvpKJR9JQLbKR5Ad7vgF14="},"lastRemoteEphemeralKey":"BboRn8J685pRs9i1CsBf0ouOtQAgqsjpwDF8t320uDsW","previousCounter":0,"rootKey":"C1jS6CgmpbHm4+bmIyJwvSKjvBSaM7Hnna+q4r/RU5U="},"indexInfo":{"baseKey":"BW7z/hI96dmLzIO+B9QvB2akZNi0XefftZigQhVkyLxD","baseKeyType":1,"closed":-1,"used":1722224748578,"created":1722224748578,"remoteIdentityKey":"BVaIFMR6DjR3Sg1aJeKghBSGrL2UcZiFFxwMFgkll7Yt"},"_chains":{"BcNowWLqvtDjFa3kWd8rN4xgyvD0XdKFCf6qD8VpLLVG":{"chainKey":{"counter":6,"key":"de3udF45ctwokG0KQB1dzj2JEsrvx4dATGa/TXynwV0="},"chainType":1,"messageKeys":{}}},"pendingPreKey":{"signedKeyId":0,"baseKey":"BW7z/hI96dmLzIO+B9QvB2akZNi0XefftZigQhVkyLxD"}}},"version":"v1"}