{"_sessions":{"BRVCfzFCbpigd7X/swATscmSO0R4015vyMJ+6THAfOQf":{"registrationId":1963499940,"currentRatchet":{"ephemeralKeyPair":{"pubKey":"BbFWKWZ2Hi2X7QDPKAwZVoyXO2I1YAKVUyblT9sfWFlE","privKey":"uE+HfVeC9W0qZwlpPAfwWH8AeEZgLzsAqSnD/n60FGU="},"lastRemoteEphemeralKey":"BVuW2PobXZ3tdEHgXk7On+n88gJzBRvOtUkR/IW/tHpX","previousCounter":0,"rootKey":"M89OMzNwfDixUjohgEM/5HOeAGllCdrCy1Xkx3/V5mg="},"indexInfo":{"baseKey":"BRVCfzFCbpigd7X/swATscmSO0R4015vyMJ+6THAfOQf","baseKeyType":1,"closed":-1,"used":1722302916177,"created":1722302916177,"remoteIdentityKey":"Bdjzu/RWSWT+Zd0GA9YXrdfuPoOd0hgfrx+UsltLP1A+"},"_chains":{"BbFWKWZ2Hi2X7QDPKAwZVoyXO2I1YAKVUyblT9sfWFlE":{"chainKey":{"counter":76,"key":"U4wC93lvj2zK6D7MCMBmlf43spVmp83y1I1XvtPhhQs="},"chainType":1,"messageKeys":{}}},"pendingPreKey":{"signedKeyId":4,"baseKey":"BRVCfzFCbpigd7X/swATscmSO0R4015vyMJ+6THAfOQf","preKeyId":1447500}}},"version":"v1"}