{"_sessions":{"BRB92HITxliL2JabV3u8J5M4ME4lz+YjaYdh/6oq0YZ1":{"registrationId":1369460575,"currentRatchet":{"ephemeralKeyPair":{"pubKey":"BZwk376mOGPJoPAW2fV+pcnWQYFNrdQTuTaAwN+MWXgr","privKey":"+KQ4rXgPD4ycCBPfxb8HlkSvLILM/g9/jtePI2OWLkk="},"lastRemoteEphemeralKey":"BUy7m1usldzowcOghy7e5jYaFWV2A68I81JmjOWZApsf","previousCounter":0,"rootKey":"qGjzB8gHDCorTKEMJo6koCz9pBojSTjiqUysn9/nIVk="},"indexInfo":{"baseKey":"BRB92HITxliL2JabV3u8J5M4ME4lz+YjaYdh/6oq0YZ1","baseKeyType":1,"closed":-1,"used":1722224747490,"created":1722224747490,"remoteIdentityKey":"BbNe5tth448RTu2zo/2/s04/wz0JGv7EXINYCrBLGrIi"},"_chains":{"BZwk376mOGPJoPAW2fV+pcnWQYFNrdQTuTaAwN+MWXgr":{"chainKey":{"counter":6,"key":"oB7cjiuxS6fBz+WXa2+SnQyJldx13ZnDw+fayTzJFHE="},"chainType":1,"messageKeys":{}}},"pendingPreKey":{"signedKeyId":0,"baseKey":"BRB92HITxliL2JabV3u8J5M4ME4lz+YjaYdh/6oq0YZ1","preKeyId":2796778}}},"version":"v1"}