{"_sessions":{"BbdK75MCAhQBTZ8ERsr5rKN57WPy9mh60DH9OZZQgPtT":{"registrationId":1051345324,"currentRatchet":{"ephemeralKeyPair":{"pubKey":"BVx+GXcnubegJqRORy5SVLq0nOsOCiTPTUMXCRPexhNO","privKey":"uOac0W2gDUlDZAzvjbCChhP2lvFxZWnqhqZz42Zs2W0="},"lastRemoteEphemeralKey":"BQSbOtLToerpzWpc81Zvmr0mpEemNYIFF15pr4g/dZFo","previousCounter":0,"rootKey":"jLJXKn2xXdDDR0EouWWEwhTlkfVEXarGyBtdPxPZKQY="},"indexInfo":{"baseKey":"BbdK75MCAhQBTZ8ERsr5rKN57WPy9mh60DH9OZZQgPtT","baseKeyType":1,"closed":-1,"used":1722454512785,"created":1722454512785,"remoteIdentityKey":"BTxi9r88YwTYitAzDEzRqQzodyZiZx66ot6as0Fmi6td"},"_chains":{"BVx+GXcnubegJqRORy5SVLq0nOsOCiTPTUMXCRPexhNO":{"chainKey":{"counter":7,"key":"7pBklyiJApYsW6mUTD2YtJ/D4oof77yhLxIxug/R144="},"chainType":1,"messageKeys":{}}},"pendingPreKey":{"signedKeyId":1,"baseKey":"BbdK75MCAhQBTZ8ERsr5rKN57WPy9mh60DH9OZZQgPtT","preKeyId":8384427}}},"version":"v1"}