{"_sessions":{"BeXcDGsA/kQleMHPTand0o1r6GY4YGQWlzonrqZ5f5Y8":{"registrationId":15108,"currentRatchet":{"ephemeralKeyPair":{"pubKey":"BaWwq09PhNw+vGKzhxlb/dBWtnbn/Vbo+Ug+4vj+8oVi","privKey":"QBFAp3RNPxfERUlzqin29xrBKxHBvQ/ZEPqN53FqYGM="},"lastRemoteEphemeralKey":"BU8vuC7yurrRbjCih1TPYC7dhbYibAou3/GRzCilxfd+","previousCounter":0,"rootKey":"q5/4yETA57M4kgjbbxs6OwLAua446VXJ7k0OTfgsu3A="},"indexInfo":{"baseKey":"BeXcDGsA/kQleMHPTand0o1r6GY4YGQWlzonrqZ5f5Y8","baseKeyType":1,"closed":-1,"used":1722224745690,"created":1722224745690,"remoteIdentityKey":"BR0SUqpHo+GkRzQHcOXstD7RNWQjyHq6cU+t9ZiJ/7ta"},"_chains":{"BaWwq09PhNw+vGKzhxlb/dBWtnbn/Vbo+Ug+4vj+8oVi":{"chainKey":{"counter":6,"key":"EaTtwNxLcKum9qswUKNeEINnCE60/LJesZZs6nMaMEc="},"chainType":1,"messageKeys":{}}},"pendingPreKey":{"signedKeyId":1,"baseKey":"BeXcDGsA/kQleMHPTand0o1r6GY4YGQWlzonrqZ5f5Y8"}}},"version":"v1"}