{"_sessions":{"Ba0AoQGyeXdzUBHbFtrtAPY7D1R339gYdtIfSABMqIJu":{"registrationId":103825630,"currentRatchet":{"ephemeralKeyPair":{"pubKey":"BW3vr4N1ExE2N+OlSst62Mb+eF3Pzjs8l64/KIEU788U","privKey":"YM/jVgE3Wzit3tbdD/XFplCzSV6G6ibbSgkvYk5hGGQ="},"lastRemoteEphemeralKey":"BcDa5uLovxdZkYA+FtVWiB6gGjUsiW2zOmrPNwdWoTch","previousCounter":0,"rootKey":"shPH4Fvu5+wYUPA6Ft3DnXjv5J1v0sIyCJ87fzQx+bg="},"indexInfo":{"baseKey":"Ba0AoQGyeXdzUBHbFtrtAPY7D1R339gYdtIfSABMqIJu","baseKeyType":1,"closed":-1,"used":1722454511489,"created":1722454511489,"remoteIdentityKey":"BQmUNXMtYM7qiJnQeuQ7ZuXdoBQjeFYyUnl8e6EZr8gB"},"_chains":{"BW3vr4N1ExE2N+OlSst62Mb+eF3Pzjs8l64/KIEU788U":{"chainKey":{"counter":7,"key":"P6NmlhBxUkYyoCFgPOaKVeqHonFgqQYdw8sI12Rur24="},"chainType":1,"messageKeys":{}}},"pendingPreKey":{"signedKeyId":10,"baseKey":"Ba0AoQGyeXdzUBHbFtrtAPY7D1R339gYdtIfSABMqIJu","preKeyId":6777768}}},"version":"v1"}