{"_sessions":{"BfRM6xeHPlhZGnjBRHFaxaoAuK8es9Z7rC4zLx6AGUhd":{"registrationId":361831059,"currentRatchet":{"ephemeralKeyPair":{"pubKey":"BXcJMf/6uRGOgZ5Msp/+D7EwhvPXOTEJcmzEXUi79Lcn","privKey":"UAAMDmuZmKjcEy/Sk4jmfa2PwVFM6f4q+0vU/9Lbg00="},"lastRemoteEphemeralKey":"BVomxPcJQk2ikl4CsSkkz9IKEaCR56K5r4QNRcHaP9tf","previousCounter":0,"rootKey":"lwPt+UwAc9Enlg0r7KxuzaCrFRkGNmrvkf+KXmlW7Vk="},"indexInfo":{"baseKey":"BfRM6xeHPlhZGnjBRHFaxaoAuK8es9Z7rC4zLx6AGUhd","baseKeyType":1,"closed":-1,"used":1722224746568,"created":1722224746568,"remoteIdentityKey":"BSV0OIOucONVpBE6aeORrvqxs2e2sYYIRNH8yprwXqZg"},"_chains":{"BXcJMf/6uRGOgZ5Msp/+D7EwhvPXOTEJcmzEXUi79Lcn":{"chainKey":{"counter":6,"key":"0o8ImIk0VBcj/eo/5oqKDsr+A+wRNr5m6GBe9hL+rfs="},"chainType":1,"messageKeys":{}}},"pendingPreKey":{"signedKeyId":0,"baseKey":"BfRM6xeHPlhZGnjBRHFaxaoAuK8es9Z7rC4zLx6AGUhd","preKeyId":2368077}}},"version":"v1"}