{"_sessions":{"BZrVHXWIDxGJjwFgJK3/4gtPwb0Y59Z6EXG0mKZy65VN":{"registrationId":90,"currentRatchet":{"ephemeralKeyPair":{"pubKey":"Bf7G8nN2OJMpcc7Efs3/A4dc6ucUsYlHPg2vvsjwpeBC","privKey":"GLlZlbOmoxbdGNC7cX6P3YxbP4/yNYewxo4pk4w9DVQ="},"lastRemoteEphemeralKey":"BZNy0+z/vh+RbK32lkY1qt9xoVwmveOCY7Yoww9AEqxw","previousCounter":0,"rootKey":"UgOx/AsVl+rzrxTuen7LiFVoaOsOmP/IsNhzfyTW9pU="},"indexInfo":{"baseKey":"BZrVHXWIDxGJjwFgJK3/4gtPwb0Y59Z6EXG0mKZy65VN","baseKeyType":2,"closed":1722349526264,"used":1722349785065,"created":1722345527276,"remoteIdentityKey":"BW/F+a2ynSU/+e+IYcMvTl6WKJN+aU9cyVaqIbv+HzNx"},"_chains":{"BaT7eSgv3ttdpPeddRuODXX6BSkQav9ZTWvvWCxDf9ES":{"chainKey":{"counter":45},"chainType":2,"messageKeys":{"3":"7EOgFyrSvpvkLkcn0WC2HVhyTSDpUUliSB5XWs+JNYI="}},"BZNy0+z/vh+RbK32lkY1qt9xoVwmveOCY7Yoww9AEqxw":{"chainKey":{"counter":2,"key":"TVIHq1jvpUxnM2763Sjab6Yq+hAnXrmsZ7+GxEnZV/I="},"chainType":2,"messageKeys":{}},"Bf7G8nN2OJMpcc7Efs3/A4dc6ucUsYlHPg2vvsjwpeBC":{"chainKey":{"counter":-1,"key":"a754p/3yufaK7pgmJN/pRQYTA+h16koILNkCdoxpXNk="},"chainType":1,"messageKeys":{}}}},"BWmAZhIhyrRDpUndYKxevd1gRkbd2sT4k2XN+/qAFakW":{"registrationId":90,"currentRatchet":{"ephemeralKeyPair":{"pubKey":"BR1rU1gF9aD9ndCKaUxaqL/l8K/1Vdm8B54YJV0sbwIm","privKey":"uGU2S/c4J2OwuUEJXkhZCsZzm93zKEwCbvE6RTW+AUI="},"lastRemoteEphemeralKey":"BZNy0+z/vh+RbK32lkY1qt9xoVwmveOCY7Yoww9AEqxw","previousCounter":0,"rootKey":"pG0IZ0fcp3bwAtg8VQUVui3XLoXWpeXbhWRi1kSH2H8="},"indexInfo":{"baseKey":"BWmAZhIhyrRDpUndYKxevd1gRkbd2sT4k2XN+/qAFakW","baseKeyType":1,"closed":1722349649394,"used":1722349526204,"created":1722349526204,"remoteIdentityKey":"BW/F+a2ynSU/+e+IYcMvTl6WKJN+aU9cyVaqIbv+HzNx"},"_chains":{"BZNy0+z/vh+RbK32lkY1qt9xoVwmveOCY7Yoww9AEqxw":{"chainKey":{"counter":0,"key":"jAZ52/AQzi16zZPImNC/rilSDInvy75UXcsfUPkySxI="},"chainType":2,"messageKeys":{}},"BR1rU1gF9aD9ndCKaUxaqL/l8K/1Vdm8B54YJV0sbwIm":{"chainKey":{"counter":0,"key":"XUbAXpFhiRHCqLnQa6sHniAZoQ9aqwPRzNuhjfiaYCU="},"chainType":1,"messageKeys":{}}},"pendingPreKey":{"signedKeyId":1,"baseKey":"BWmAZhIhyrRDpUndYKxevd1gRkbd2sT4k2XN+/qAFakW"}},"BU7ouNEGkAjqIQVq+Qn2eEL3oOsIilyhUt3GYKc+0llD":{"registrationId":90,"currentRatchet":{"ephemeralKeyPair":{"pubKey":"BTVGReNSG8EXgWWvioFliSVLTghthj2rVUAal0w8Anlv","privKey":"gGcqWVehrO8X9urW+hvWnigFC1jcTxjOillBaKEv5UQ="},"lastRemoteEphemeralKey":"BZNy0+z/vh+RbK32lkY1qt9xoVwmveOCY7Yoww9AEqxw","previousCounter":0,"rootKey":"Wv3sbLKIekE2qVSKhSowaye0TGXiyuQoXthOpH9PdkU="},"indexInfo":{"baseKey":"BU7ouNEGkAjqIQVq+Qn2eEL3oOsIilyhUt3GYKc+0llD","baseKeyType":1,"closed":1722349986584,"used":1722349649387,"created":1722349649387,"remoteIdentityKey":"BW/F+a2ynSU/+e+IYcMvTl6WKJN+aU9cyVaqIbv+HzNx"},"_chains":{"BZNy0+z/vh+RbK32lkY1qt9xoVwmveOCY7Yoww9AEqxw":{"chainKey":{"counter":1,"key":"KcqgPBNMnuVaWPle+BpqM3dFghyNXFJgRSXSbgq3m5I="},"chainType":2,"messageKeys":{"0":"a6AlhNtVtkcumNdlvx+fpBjmY+5AamjGpg9ZRVvDooo="}},"BTVGReNSG8EXgWWvioFliSVLTghthj2rVUAal0w8Anlv":{"chainKey":{"counter":0,"key":"OD5rAljbjLJh80WHVXhj7sE+9DFPgjS4rQ8isR5olKI="},"chainType":1,"messageKeys":{}}},"pendingPreKey":{"signedKeyId":1,"baseKey":"BU7ouNEGkAjqIQVq+Qn2eEL3oOsIilyhUt3GYKc+0llD"}},"BZY4iDkuhoBhyI6DeMRPNZvrzBOd0P2ZJkS/Uu5w5Lxe":{"registrationId":90,"currentRatchet":{"ephemeralKeyPair":{"pubKey":"BdwC3IvWu/ws48BCNKDEJNL1RO+2+mnQIw7tu0ErvywW","privKey":"MAqiwNTGGQirH3ViuboQBJlMqSw0ltkqft9C4HxpE0I="},"lastRemoteEphemeralKey":"BVuOpdL1NAR8pr3fk0s2+xBCXGaOfsr6ytQ2qGuCGdtC","previousCounter":1,"rootKey":"gi1xDzPsfxvzDOFPwFSTxqZc3Bh+Y9A56HJyc2K+Y6I="},"indexInfo":{"baseKey":"BZY4iDkuhoBhyI6DeMRPNZvrzBOd0P2ZJkS/Uu5w5Lxe","baseKeyType":1,"closed":1722386018266,"used":1722378368682,"created":1722349986581,"remoteIdentityKey":"BW/F+a2ynSU/+e+IYcMvTl6WKJN+aU9cyVaqIbv+HzNx"},"_chains":{"BVuOpdL1NAR8pr3fk0s2+xBCXGaOfsr6ytQ2qGuCGdtC":{"chainKey":{"counter":9,"key":"xSjfOyfEpEWKNaUawGiwfKMl9+O03jU/uEMi7rmygxo="},"chainType":2,"messageKeys":{"1":"aVqX2jBjrJQXjc9pa+qN0OBFeQj32diqmvx/C1WDsf0="}},"BdwC3IvWu/ws48BCNKDEJNL1RO+2+mnQIw7tu0ErvywW":{"chainKey":{"counter":1,"key":"3MAaZfyz5umiDVv2KpMqtc9ZY+El7nhHHS95hWWV5+Q="},"chainType":1,"messageKeys":{}}}},"BTvwCucCRXZ240YwdryqDPblZWHt3OpA0AOKrUx1BrpW":{"registrationId":90,"currentRatchet":{"ephemeralKeyPair":{"pubKey":"BfOYOkIuHIU9LeDg27QifxOWYc1TD+uCbMsBCpjUAM8i","privKey":"OJLBRDysIOOBVFgMhBOAP7wxIbwawx3yrlNoQ8QXK34="},"lastRemoteEphemeralKey":"BYMqjmKKnmWocdMd43UgHsHTWsKRUfes67+fs+dCgr8Y","previousCounter":0,"rootKey":"2Xhe4fils1EvcvQwVOzXPIWZ3FikGmmqrl6RJXShIBU="},"indexInfo":{"baseKey":"BTvwCucCRXZ240YwdryqDPblZWHt3OpA0AOKrUx1BrpW","baseKeyType":2,"closed":1722389990096,"used":1722386018278,"created":1722386018278,"remoteIdentityKey":"BW/F+a2ynSU/+e+IYcMvTl6WKJN+aU9cyVaqIbv+HzNx"},"_chains":{"BYMqjmKKnmWocdMd43UgHsHTWsKRUfes67+fs+dCgr8Y":{"chainKey":{"counter":0,"key":"ooWyGDmxIPcjk7enXoPa99X4d8h4zakICEkSFi0bS9I="},"chainType":2,"messageKeys":{}},"BfOYOkIuHIU9LeDg27QifxOWYc1TD+uCbMsBCpjUAM8i":{"chainKey":{"counter":-1,"key":"4aj8kf26fNLEskst3vNkZla3ivu7q53ES36iuzLhyk8="},"chainType":1,"messageKeys":{}}}},"Bf+K74zzgasYbxXBv+7YR703iY0H3WwCYCyv7LRgRJYy":{"registrationId":90,"currentRatchet":{"ephemeralKeyPair":{"pubKey":"BTY+UUgRyiiGzlz3eR8ICvlYksYAIXxCagZVYgG8Vkhi","privKey":"UBEY6umiptyiDGKaLIHvdM3cZNu9suNJVt+wYZVorls="},"lastRemoteEphemeralKey":"BRXN4TFp4pPDwrYBB7dMe7CnNkhVeISQI2YWPEr+Hyxx","previousCounter":9,"rootKey":"dadzbtPmKT574xWNz+fEIES726qvNbNpHAP6k0FhjAc="},"indexInfo":{"baseKey":"Bf+K74zzgasYbxXBv+7YR703iY0H3WwCYCyv7LRgRJYy","baseKeyType":1,"closed":-1,"used":1722409071764,"created":1722389990090,"remoteIdentityKey":"BW/F+a2ynSU/+e+IYcMvTl6WKJN+aU9cyVaqIbv+HzNx"},"_chains":{"BV7CfmOseCb7PzXoNCMsndDapM2G8Xnr8NdQSaT3hjVw":{"chainKey":{"counter":8},"chainType":2,"messageKeys":{"0":"VKjJDWrqYRf6I3rpNaEXrCQNqk9F5vXUIKYJK0K/4PA=","4":"A0zUXwh0opM3A975U4pbsffq2n62uqbADSzugO6cwkU=","5":"iOJTA3eSX8uTsLMGu2qRYlD9SIMp4nvHd6ihFakhIjA=","6":"qN4lS0+A/Zo3Jxjnqfl0FM7xlF3fiRd6wT7uiVoFARc=","7":"2AJ7fzwL9yaXrLxAnaFmtFJTMYDCv/KEjXHQHsz0Cak=","8":"+ZoIOzK8OTUFzsbc9hBq5qz0hJjrfNOcbhHK4MG13iw="}},"BRXN4TFp4pPDwrYBB7dMe7CnNkhVeISQI2YWPEr+Hyxx":{"chainKey":{"counter":0,"key":"uCX2kPkG90a4mLKp9SG+fqWvQchLHzrNHlipAZjK9lA="},"chainType":2,"messageKeys":{}},"BTY+UUgRyiiGzlz3eR8ICvlYksYAIXxCagZVYgG8Vkhi":{"chainKey":{"counter":13,"key":"jGASeYzgu9TYWrf3rXFkpnpPyClIcG1YZDrLibsMUxI="},"chainType":1,"messageKeys":{}}}}},"version":"v1"}