{"_sessions":{"BdT4yS0+h48Rkq7XutMk/fkfwkrrrww2XsINIByneUBF":{"registrationId":1202032944,"currentRatchet":{"ephemeralKeyPair":{"pubKey":"Bd7ZETvvQrJPF2UOWv1DOY4dcpGmn2PbXHFSedDidzg8","privKey":"QPmujC34j65b/CYCbyB2H+NSkXVUG7kUwEpqlCE+M3k="},"lastRemoteEphemeralKey":"Bb36iwAmbReqw23NGrB38swZNFIduIAyO7T+jMTYjwFa","previousCounter":0,"rootKey":"DUZ5PB/1COIDwHY/bDFmH1gWR8HFlNi6nmiHEVFC23s="},"indexInfo":{"baseKey":"BdT4yS0+h48Rkq7XutMk/fkfwkrrrww2XsINIByneUBF","baseKeyType":1,"closed":-1,"used":1722454512996,"created":1722454512996,"remoteIdentityKey":"BTRNmNCSRtMDzuYeVo637F2JO8iVJxtPkdZGA6EOoGRR"},"_chains":{"Bd7ZETvvQrJPF2UOWv1DOY4dcpGmn2PbXHFSedDidzg8":{"chainKey":{"counter":7,"key":"G1LwVSRGe02Dr4nU1RwGoqLHK9bs+pO2xyGlNK2VFMk="},"chainType":1,"messageKeys":{}}},"pendingPreKey":{"signedKeyId":0,"baseKey":"BdT4yS0+h48Rkq7XutMk/fkfwkrrrww2XsINIByneUBF"}}},"version":"v1"}