{"_sessions":{"BafU2SFfoYpR3yawPT13hsWPuJCuWe0P2cCkQgFQqvEb":{"registrationId":183412131,"currentRatchet":{"ephemeralKeyPair":{"pubKey":"BXjj8Ne8OFyBPKvPukkOqnBiw7OcPtX9ba6SJMSnfro1","privKey":"SJANoNw2IFOiC8YpsQZ/6CmZxXCI92bVXCKldsQyYkM="},"lastRemoteEphemeralKey":"BfqzGPlDHPJZsHNx26EhTyQcxlRPMDYV3t93oz1L+F19","previousCounter":0,"rootKey":"0vHAdPxx1cI3Yk8HtzNWZYmlf/8RabNPsoVQjVxVFCI="},"indexInfo":{"baseKey":"BafU2SFfoYpR3yawPT13hsWPuJCuWe0P2cCkQgFQqvEb","baseKeyType":1,"closed":-1,"used":1722224746712,"created":1722224746712,"remoteIdentityKey":"Bd+5XN80QjV9MWtrxhdbyD5dF0yp8vifBTc7a3pESEch"},"_chains":{"BXjj8Ne8OFyBPKvPukkOqnBiw7OcPtX9ba6SJMSnfro1":{"chainKey":{"counter":6,"key":"jnyB3kibvCZuKv4yIE+DhyWZfV0Na6dIAxI3HL7Q/J0="},"chainType":1,"messageKeys":{}}},"pendingPreKey":{"signedKeyId":0,"baseKey":"BafU2SFfoYpR3yawPT13hsWPuJCuWe0P2cCkQgFQqvEb"}}},"version":"v1"}