{"_sessions":{"Bb8/WmIBg+XBd6M6NthXeTFDPda4fnP50WEwKjOE2iM2":{"registrationId":6070,"currentRatchet":{"ephemeralKeyPair":{"pubKey":"BXXcYcaDtSz2M6ayuqWaShc441tpRWTQvT3fqsgmYhpe","privKey":"YPa/9F5iD1J63zd0IRM3RnungGS9THrYUHWIlZDX/Ew="},"lastRemoteEphemeralKey":"Bb0K4QDuqHXLfyPziyBF6WQUhtMlO/ql+4LlHzbymR4V","previousCounter":0,"rootKey":"yHM4hUOgf71+XUBv7AuJSuEg+/0LU5pQ6K2gEHpwCcM="},"indexInfo":{"baseKey":"Bb8/WmIBg+XBd6M6NthXeTFDPda4fnP50WEwKjOE2iM2","baseKeyType":1,"closed":-1,"used":1722224745586,"created":1722224745586,"remoteIdentityKey":"BeEiTL5AtSY5sQ41zosXC9NKGw8igjjunfhuaWYHNsEu"},"_chains":{"BXXcYcaDtSz2M6ayuqWaShc441tpRWTQvT3fqsgmYhpe":{"chainKey":{"counter":6,"key":"NBNQWD3OIIdH0sNaxuNtlrPVRzeRu1dkEtCSSHsYehk="},"chainType":1,"messageKeys":{}}},"pendingPreKey":{"signedKeyId":1,"baseKey":"Bb8/WmIBg+XBd6M6NthXeTFDPda4fnP50WEwKjOE2iM2","preKeyId":3864}}},"version":"v1"}