{"_sessions":{"BZ7EkuOmtdSaGJ37EbmhyWoOp9Pd/xU2701JZPxKbyEQ":{"registrationId":2006085124,"currentRatchet":{"ephemeralKeyPair":{"pubKey":"BURKbvDeVl5IXMZFKSShGd9+vJEn3unAkQJaByCsXg9c","privKey":"gKKWo/K0xphejf8GZ2W+ssB81AFd5cqwFjKge80lO3c="},"lastRemoteEphemeralKey":"Bc+ltmCH+WHSWiOpshrWDcJNdfS4iClo9/NQDer43UJf","previousCounter":0,"rootKey":"0e6u516BoqSGwfwVdNoPYA65rJd+Oi7DiAUJY/g654Q="},"indexInfo":{"baseKey":"BZ7EkuOmtdSaGJ37EbmhyWoOp9Pd/xU2701JZPxKbyEQ","baseKeyType":1,"closed":1722321453062,"used":1722302915188,"created":1722302915188,"remoteIdentityKey":"BYqUu0UO0tzqx+zoQmZanYg9LR7Gh9Q8uBRBJgwAHuVM"},"_chains":{"BURKbvDeVl5IXMZFKSShGd9+vJEn3unAkQJaByCsXg9c":{"chainKey":{"counter":20,"key":"w3hObfl9YpxXodBJBQ+ysz2JxGZeS4iNBClXZTdtanQ="},"chainType":1,"messageKeys":{}}},"pendingPreKey":{"signedKeyId":1,"baseKey":"BZ7EkuOmtdSaGJ37EbmhyWoOp9Pd/xU2701JZPxKbyEQ","preKeyId":2464430}},"BZv8MSP+iYDHKzrauC2qUEsAPPkgeJ6E532I7ij/hdRI":{"registrationId":2006085124,"currentRatchet":{"ephemeralKeyPair":{"pubKey":"BY900uX7bJiJ5CZlCJw/xzUPJ4PMThigHnCqu+SPVWFr","privKey":"OK70CBg2Hm6bwx8O/KgrD6lpWvq6JtVWTPsqlQFW1Ec="},"lastRemoteEphemeralKey":"Bc+ltmCH+WHSWiOpshrWDcJNdfS4iClo9/NQDer43UJf","previousCounter":0,"rootKey":"T5iIRjdanmnOlBJO8b/91a7cj1oRu7jY40apnGjXidU="},"indexInfo":{"baseKey":"BZv8MSP+iYDHKzrauC2qUEsAPPkgeJ6E532I7ij/hdRI","baseKeyType":1,"closed":1722321690988,"used":1722321453005,"created":1722321453005,"remoteIdentityKey":"BYqUu0UO0tzqx+zoQmZanYg9LR7Gh9Q8uBRBJgwAHuVM"},"_chains":{"BY900uX7bJiJ5CZlCJw/xzUPJ4PMThigHnCqu+SPVWFr":{"chainKey":{"counter":0,"key":"XRgBV20kztN9klvU8fCckun7kLEE44VWWA7DXlRizkE="},"chainType":1,"messageKeys":{}}},"pendingPreKey":{"signedKeyId":1,"baseKey":"BZv8MSP+iYDHKzrauC2qUEsAPPkgeJ6E532I7ij/hdRI","preKeyId":2464402}},"BSNpa6ZwRQGzsiqXyPYHP+Qat1Qc/42/WHa4EiKug1JX":{"registrationId":2006085124,"currentRatchet":{"ephemeralKeyPair":{"pubKey":"BW2uHxoKN6L4WSLBUU40acVXn/SDQlc6qCFpHGmsQptG","privKey":"wPB+eURwIZl6WyvmgOcLynwWGRl4/H77ipZFedo5PWE="},"lastRemoteEphemeralKey":"Bc+ltmCH+WHSWiOpshrWDcJNdfS4iClo9/NQDer43UJf","previousCounter":0,"rootKey":"GxsQb9L4jHETiXsd73IBsqqzuXS0dNs7TgjR15J8Cwk="},"indexInfo":{"baseKey":"BSNpa6ZwRQGzsiqXyPYHP+Qat1Qc/42/WHa4EiKug1JX","baseKeyType":1,"closed":1722321692467,"used":1722321690980,"created":1722321690980,"remoteIdentityKey":"BYqUu0UO0tzqx+zoQmZanYg9LR7Gh9Q8uBRBJgwAHuVM"},"_chains":{"BW2uHxoKN6L4WSLBUU40acVXn/SDQlc6qCFpHGmsQptG":{"chainKey":{"counter":0,"key":"qrwPqr1AWMT/ISwvc5EkB3eMge386xKJLlEbKEOrPQ4="},"chainType":1,"messageKeys":{}}},"pendingPreKey":{"signedKeyId":1,"baseKey":"BSNpa6ZwRQGzsiqXyPYHP+Qat1Qc/42/WHa4EiKug1JX","preKeyId":2464270}},"BYQpate2oqpxgzmSA/j5L8awIsiZax8ELIBeiJzEVNwp":{"registrationId":2006085124,"currentRatchet":{"ephemeralKeyPair":{"pubKey":"BeHpARhzUkm9dZfQwfGku1uBOGqbEimdtT4Iczwnz84O","privKey":"oD2hrv5ULMpNA0cGwvWsLQg2DxWDUBH75oA1ithGOUQ="},"lastRemoteEphemeralKey":"Bc+ltmCH+WHSWiOpshrWDcJNdfS4iClo9/NQDer43UJf","previousCounter":0,"rootKey":"dCDaqgWWEJ6zTX9o5u5QOMBSJL6A3dkDNu9IBSkSJ+c="},"indexInfo":{"baseKey":"BYQpate2oqpxgzmSA/j5L8awIsiZax8ELIBeiJzEVNwp","baseKeyType":1,"closed":-1,"used":1722321692465,"created":1722321692465,"remoteIdentityKey":"BYqUu0UO0tzqx+zoQmZanYg9LR7Gh9Q8uBRBJgwAHuVM"},"_chains":{"BeHpARhzUkm9dZfQwfGku1uBOGqbEimdtT4Iczwnz84O":{"chainKey":{"counter":53,"key":"6jvM/w4oIBi7aMafiHysQwuq/AT05OSggEKyFXZ6QMs="},"chainType":1,"messageKeys":{}}},"pendingPreKey":{"signedKeyId":1,"baseKey":"BYQpate2oqpxgzmSA/j5L8awIsiZax8ELIBeiJzEVNwp","preKeyId":2464192}}},"version":"v1"}