{"_sessions":{"BViwhQTWjOvMbP9P8YjIAH9yRjrbEtYpk0lF5eb1pmxW":{"registrationId":22,"currentRatchet":{"ephemeralKeyPair":{"pubKey":"BZgtYEbTXn6aSxFmYklPs/pshPKibhbfU8l2MjmmDoNN","privKey":"4Nny7bTtnUnavU+3ySIWXb+ME/drvTDLD2tV8PQUMHw="},"lastRemoteEphemeralKey":"Be6v3IJLYPTW2PFVWg4xiscue3mA56lqYBuOwSU51Loh","previousCounter":0,"rootKey":"0A0QMyAhLkPuwaEXs9paIbs0FEH9fRge2BNbMRwr3eU="},"indexInfo":{"baseKey":"BViwhQTWjOvMbP9P8YjIAH9yRjrbEtYpk0lF5eb1pmxW","baseKeyType":1,"closed":-1,"used":1722302914474,"created":1722302914474,"remoteIdentityKey":"BcaBp10WkndWU9ZVZfjiTylamS3GYfz+pQjn2KaG03c+"},"_chains":{"BZgtYEbTXn6aSxFmYklPs/pshPKibhbfU8l2MjmmDoNN":{"chainKey":{"counter":79,"key":"6GXkwKv95A6QmDiflGLb6kv7NTpQ7e4eUaY80G7Ojn4="},"chainType":1,"messageKeys":{}}},"pendingPreKey":{"signedKeyId":1,"baseKey":"BViwhQTWjOvMbP9P8YjIAH9yRjrbEtYpk0lF5eb1pmxW"}}},"version":"v1"}