{"_sessions":{"BYigfVLtstTegTtq7g1pzMX83lwwprWpl+hgH8gJpsw0":{"registrationId":685707287,"currentRatchet":{"ephemeralKeyPair":{"pubKey":"Bb5vjQXq3wUWxjQlJNdEa/mWGqzjSB/wwd3FvbBBwUxm","privKey":"CKF3oOCD/ZoVgBBHKqHIPWj+lx0kAalPKdQLUZNJ1UA="},"lastRemoteEphemeralKey":"BRIXhBJiVAfrDB5OQr+xJZ9Y/4L9wy6pNsiSaL26WEUm","previousCounter":0,"rootKey":"7A8a/3UcgjwU1xuzbA6oFQ0xb55r3PeSepHBYZQDBcg="},"indexInfo":{"baseKey":"BYigfVLtstTegTtq7g1pzMX83lwwprWpl+hgH8gJpsw0","baseKeyType":1,"closed":-1,"used":1722224746701,"created":1722224746701,"remoteIdentityKey":"BWgJ97Qppg8ewan/AuNOcvYziQ5gQ+CiEf7XuiIoouI+"},"_chains":{"Bb5vjQXq3wUWxjQlJNdEa/mWGqzjSB/wwd3FvbBBwUxm":{"chainKey":{"counter":6,"key":"gXWYZ0zs0LIWxn18mooP5I1jefRNPjO5ccr51pyFIIA="},"chainType":1,"messageKeys":{}}},"pendingPreKey":{"signedKeyId":1,"baseKey":"BYigfVLtstTegTtq7g1pzMX83lwwprWpl+hgH8gJpsw0"}}},"version":"v1"}