{"_sessions":{"BX+0I72MugeiOVRudCQ6QXKAwdB3XCwaphzi24sTDFgs":{"registrationId":188,"currentRatchet":{"ephemeralKeyPair":{"pubKey":"BXKQGgYzigvS9CblBx1TMu1ktBiRES70vEywx3OsqlYO","privKey":"cOPIWreQackbGvt4wUq1VhH4XxE30K7nkul+4yoOrHI="},"lastRemoteEphemeralKey":"BZoO5Tnv4q76l089hkhOsRLukzhJMnDKsNUDn55OJ/YY","previousCounter":0,"rootKey":"2N+TWDSQskQ5reqUsSK41yGDxIpPG11rk915gEPuY2c="},"indexInfo":{"baseKey":"BX+0I72MugeiOVRudCQ6QXKAwdB3XCwaphzi24sTDFgs","baseKeyType":1,"closed":-1,"used":1722450555699,"created":1722450555699,"remoteIdentityKey":"BezSPMBM2QP0aUTNk7R1is6xY7gGvA1YX3l/CewhBhNE"},"_chains":{"BXKQGgYzigvS9CblBx1TMu1ktBiRES70vEywx3OsqlYO":{"chainKey":{"counter":8,"key":"echNNvVR/v0ELwd5qeaEXp+nqW9EafGj8E1z5Ex1bp0="},"chainType":1,"messageKeys":{}}},"pendingPreKey":{"signedKeyId":1,"baseKey":"BX+0I72MugeiOVRudCQ6QXKAwdB3XCwaphzi24sTDFgs"}}},"version":"v1"}