{"_sessions":{"Bac3zgfRS9/A3QdqINpXaCDEEkTzvwxiVzjYr+kMIas5":{"registrationId":548088862,"currentRatchet":{"ephemeralKeyPair":{"pubKey":"BVcpKQYExa0+1QlTHhfaZCaztvqGv5Gi7eT9k225dXlY","privKey":"eHzOKc6tzTFLhA5qQ3id+ffLjK4AHwtOUgA63LZCPHY="},"lastRemoteEphemeralKey":"BStkkmik4EgKgRP30BAagrazYDBoEnksIsxl6MQEME5h","previousCounter":0,"rootKey":"dCAvt7smSd1Oo3QHdcyxHOtj328UlbJtvU576Owo97Q="},"indexInfo":{"baseKey":"Bac3zgfRS9/A3QdqINpXaCDEEkTzvwxiVzjYr+kMIas5","baseKeyType":1,"closed":-1,"used":1722302915264,"created":1722302915264,"remoteIdentityKey":"BSNmuj1yOONFu0/7juRh3rCE5iZcj0i9NVfAdQ+RpFsO"},"_chains":{"BVcpKQYExa0+1QlTHhfaZCaztvqGv5Gi7eT9k225dXlY":{"chainKey":{"counter":76,"key":"YdbZFjpWnd0FgqQ0Eat1H3F/PgEEQKV4+oUXQDEAaSg="},"chainType":1,"messageKeys":{}}},"pendingPreKey":{"signedKeyId":6,"baseKey":"Bac3zgfRS9/A3QdqINpXaCDEEkTzvwxiVzjYr+kMIas5","preKeyId":8084890}}},"version":"v1"}