{"_sessions":{"BUuKAv9LnJldbrchi7BK1KbcDcJxx8jxl6ZPr+4fsAN0":{"registrationId":1276113025,"currentRatchet":{"ephemeralKeyPair":{"pubKey":"BdbFrdtF/Yn/ZSko/ZgtVetWEjFWbpT4xMB13b6+jWs+","privKey":"MMr0Q85Nse1ObmYGgdioV1ZycdvyLQBBquP7XiZ8pVY="},"lastRemoteEphemeralKey":"BcME/ZLwoQlV4qKBXanbHtmorhEXFspttyqeVfrPiIUt","previousCounter":0,"rootKey":"YI73FTNjZK7ID0IbVc5BbDNGZxFWRVZMHI54TWDGMNw="},"indexInfo":{"baseKey":"BUuKAv9LnJldbrchi7BK1KbcDcJxx8jxl6ZPr+4fsAN0","baseKeyType":1,"closed":-1,"used":1722302915169,"created":1722302915169,"remoteIdentityKey":"BX7LMznbdzB3glf490y8VI9RDSPn/2TSiScHdS1iKwAl"},"_chains":{"BdbFrdtF/Yn/ZSko/ZgtVetWEjFWbpT4xMB13b6+jWs+":{"chainKey":{"counter":76,"key":"nOvSor0LXiuWQfvYi5GOp2wOCyvHOafdVOHM9oWUqOc="},"chainType":1,"messageKeys":{}}},"pendingPreKey":{"signedKeyId":0,"baseKey":"BUuKAv9LnJldbrchi7BK1KbcDcJxx8jxl6ZPr+4fsAN0","preKeyId":5770289}}},"version":"v1"}