{"_sessions":{"BeOGJoeO4fgAv9bjary+dDfSW24eM0NTywLVlS4fK5dq":{"registrationId":12817495,"currentRatchet":{"ephemeralKeyPair":{"pubKey":"BTmHbhddm9ShAYJ89z/7x7vRiABLpxEM7y1mOBPS+b9N","privKey":"mILu2zf8DaSEjziCygh5G1hihqvXPQ4szBVdjIm1kFI="},"lastRemoteEphemeralKey":"BWI5vr4+THMDn4r+xk2sI6XdaY68zkVR/9hzgZHS8+x7","previousCounter":0,"rootKey":"ZMkA8Ceus+xosvV6D8iyaao1GXLAuQedYydh0oDG9CQ="},"indexInfo":{"baseKey":"BeOGJoeO4fgAv9bjary+dDfSW24eM0NTywLVlS4fK5dq","baseKeyType":1,"closed":-1,"used":1722224749569,"created":1722224749569,"remoteIdentityKey":"BYY0J58twvveKdkiPnp2ik6U7bEzN6De4sJIzrvUZWoc"},"_chains":{"BTmHbhddm9ShAYJ89z/7x7vRiABLpxEM7y1mOBPS+b9N":{"chainKey":{"counter":6,"key":"TKNJW27klwfcP7Iq9VFUz1Vu1X9x56BFYwkS8dNouK4="},"chainType":1,"messageKeys":{}}},"pendingPreKey":{"signedKeyId":3,"baseKey":"BeOGJoeO4fgAv9bjary+dDfSW24eM0NTywLVlS4fK5dq","preKeyId":11978202}}},"version":"v1"}