{"_sessions":{"BYrLP8++C0+6Xg/LdLmA6X1eExTlyeMYbd1f9ADlBpYE":{"registrationId":3932,"currentRatchet":{"ephemeralKeyPair":{"pubKey":"BUBCr9iOMzs/TvNVczzFO7LpL/QiXTO0ECHS6GmXS4Fj","privKey":"mPJTS5aZSZfk0F+QDQ5VVAx6lwSAew5THmftqsm6IGw="},"lastRemoteEphemeralKey":"BQNdwcbfK/yyYVHkMrrHwzSbdriooLP4tbJzTRSJKxg0","previousCounter":0,"rootKey":"rIct9KOAuVco+6SLFp2TyjPTMWVy6encOLmJX9kaJZo="},"indexInfo":{"baseKey":"BYrLP8++C0+6Xg/LdLmA6X1eExTlyeMYbd1f9ADlBpYE","baseKeyType":1,"closed":-1,"used":1722224745572,"created":1722224745572,"remoteIdentityKey":"Ban2+JrWr47nA5RPvdmIFbIoBh2LGwtQPsmswnEvCflr"},"_chains":{"BUBCr9iOMzs/TvNVczzFO7LpL/QiXTO0ECHS6GmXS4Fj":{"chainKey":{"counter":6,"key":"cUmB1Gp5fV4rFK74DQ1qWAVcKSoc80WBVAgasbYl5R4="},"chainType":1,"messageKeys":{}}},"pendingPreKey":{"signedKeyId":1,"baseKey":"BYrLP8++C0+6Xg/LdLmA6X1eExTlyeMYbd1f9ADlBpYE"}}},"version":"v1"}