{"_sessions":{"BYz2by6AgaJR5WlJO5aTO4tP4ikPea1CmUkcA3MFwXIN":{"registrationId":1079674018,"currentRatchet":{"ephemeralKeyPair":{"pubKey":"BcqPi7K9MZ/03npik68KtEc0717994DC8EqA8e8n/vt3","privKey":"WPAuj+Fs5t7Ep2Nkp+kvV4YwUN7+4Y+Lqoc1UWg70m0="},"lastRemoteEphemeralKey":"BSE0UP5JLAncsrw9aMm016QQG79XHufChv25OEooRAYq","previousCounter":0,"rootKey":"hjQGoygthox8emaN22CTvKyHp8eWGSyWjiLm5HJLgMg="},"indexInfo":{"baseKey":"BYz2by6AgaJR5WlJO5aTO4tP4ikPea1CmUkcA3MFwXIN","baseKeyType":1,"closed":-1,"used":1722224747470,"created":1722224747470,"remoteIdentityKey":"BTIJheAIGfzUCOBjFigYD4xeu2tlX+dqlmkfzBbQsJtz"},"_chains":{"BcqPi7K9MZ/03npik68KtEc0717994DC8EqA8e8n/vt3":{"chainKey":{"counter":6,"key":"fxbpYjh96nuuyuNl2+X4KnfzqTasNb5JSI/GJe0GdRM="},"chainType":1,"messageKeys":{}}},"pendingPreKey":{"signedKeyId":0,"baseKey":"BYz2by6AgaJR5WlJO5aTO4tP4ikPea1CmUkcA3MFwXIN"}}},"version":"v1"}