{"_sessions":{"Bctt53P2QY3nJYYJYJpuNBmFDRxuVl8gQ239ZKA3TRpM":{"registrationId":1794949964,"currentRatchet":{"ephemeralKeyPair":{"pubKey":"BRW1ht0LQlwL1gd/ud5WJyoblnAhzp3gHqDO6ZZlgOxJ","privKey":"iKtjSJxxuIYTF7UX56iLhUINuJWvMHse2YmtE1HWbWM="},"lastRemoteEphemeralKey":"BUFC2FcLCLMNNP8yl7OuBJMEspbIlhJcAn8VToiz/uNP","previousCounter":0,"rootKey":"xSJTvZySWsVg5mezM7RGGAh+P6Ijy0YP5nt2TIJIYNo="},"indexInfo":{"baseKey":"Bctt53P2QY3nJYYJYJpuNBmFDRxuVl8gQ239ZKA3TRpM","baseKeyType":1,"closed":-1,"used":1722224748467,"created":1722224748467,"remoteIdentityKey":"BXqvMTj31jHXAxvp2QmGZZ2XIX2QvNOE4yfzyk0RX90m"},"_chains":{"BRW1ht0LQlwL1gd/ud5WJyoblnAhzp3gHqDO6ZZlgOxJ":{"chainKey":{"counter":6,"key":"jlXDP90FZ9QxY1/VFyrHEzqrw+CZ9W0guLbW+HtDLQo="},"chainType":1,"messageKeys":{}}},"pendingPreKey":{"signedKeyId":0,"baseKey":"Bctt53P2QY3nJYYJYJpuNBmFDRxuVl8gQ239ZKA3TRpM"}}},"version":"v1"}