{"_sessions":{"Bdf399jYZczK3AVHoioEULPNro3T3Iz5rjPUoWiiFncV":{"registrationId":1132463552,"currentRatchet":{"ephemeralKeyPair":{"pubKey":"BWMZobJtqGQ7vmQnMet77usgSDg1uV/O9yXW9lo+NglL","privKey":"wLOiPRcw99usU5ybTkEzs9zqEuyaSjv5bOQh17YC0GU="},"lastRemoteEphemeralKey":"BQCNKcRU2Sp4AHRIF0cQbDkOccoq/rNhVmJBsgtsqZg2","previousCounter":0,"rootKey":"9BH3zCqpgSQkAAx9VgkC97MPHpV2cGHEfK/zIl9MrjI="},"indexInfo":{"baseKey":"Bdf399jYZczK3AVHoioEULPNro3T3Iz5rjPUoWiiFncV","baseKeyType":1,"closed":1722350277672,"used":1722302915386,"created":1722302915386,"remoteIdentityKey":"BSnpMGWVdLt9gZVVKI8kwRVwNiBuVhs95og/dm6dIjgr"},"_chains":{"BWMZobJtqGQ7vmQnMet77usgSDg1uV/O9yXW9lo+NglL":{"chainKey":{"counter":41,"key":"zjaaUxLJV8xUW2bTFrdnM6LWUi9r+C/7ccIhXIVZR1I="},"chainType":1,"messageKeys":{}}},"pendingPreKey":{"signedKeyId":1,"baseKey":"Bdf399jYZczK3AVHoioEULPNro3T3Iz5rjPUoWiiFncV","preKeyId":10435271}},"BSpWdJ0hVLryVzEzVj5emKmran3mIUJ1Y3kCYEx8FIlo":{"registrationId":1370104398,"currentRatchet":{"ephemeralKeyPair":{"pubKey":"BaRJ6gk6yTtGOGvJ5UiEwf9hLB+t4Ao+6daH4p9XMqEw","privKey":"gJCSvv7qZ7aK+eGTFFxU0ktHb+J2l7fSl97qI+8dl0Y="},"lastRemoteEphemeralKey":"BTZU8iRb0tEh97pt2vkc9MiSVt1AgVXEOS+Bea6sGCke","previousCounter":0,"rootKey":"dS9b8zQf5gVjRgmc6Fqut1ASuJ2c1CzWdBqs1rdyfNU="},"indexInfo":{"baseKey":"BSpWdJ0hVLryVzEzVj5emKmran3mIUJ1Y3kCYEx8FIlo","baseKeyType":1,"closed":-1,"used":1722350277660,"created":1722350277660,"remoteIdentityKey":"BcyNutfRE8pg+kvrHmc80u61JQg6Wr7/sGx4YXH5O0FW"},"_chains":{"BaRJ6gk6yTtGOGvJ5UiEwf9hLB+t4Ao+6daH4p9XMqEw":{"chainKey":{"counter":34,"key":"hzcjaumsQkdY1Tigcu9KY7NBr/fNpR4mylgw4tG9XFk="},"chainType":1,"messageKeys":{}}},"pendingPreKey":{"signedKeyId":0,"baseKey":"BSpWdJ0hVLryVzEzVj5emKmran3mIUJ1Y3kCYEx8FIlo","preKeyId":2136325}}},"version":"v1"}