{"_sessions":{"BfsFpfQMBJwUxI7aBv3cFoaAW3ek1sleD29sL+o3oQMY":{"registrationId":26,"currentRatchet":{"ephemeralKeyPair":{"pubKey":"BTBxEx67iiVtGQ+3OqSZyB8ALIRpuWA4B6YoiLhFZ/4z","privKey":"8KbcsRJb99gxgn3qTRaGbeo8qMLeA0fG0X0D1I/o/mA="},"lastRemoteEphemeralKey":"BSaiKdLym8yclR8eT4nC1AIicA1/1ofQ8k1dT7GUmfxm","previousCounter":0,"rootKey":"QfVkIazqip8xlWvkhVd8/JFrLUDrBCH39U0gHFGp/rA="},"indexInfo":{"baseKey":"BfsFpfQMBJwUxI7aBv3cFoaAW3ek1sleD29sL+o3oQMY","baseKeyType":1,"closed":1722322174585,"used":1722302914382,"created":1722302914382,"remoteIdentityKey":"BS/Gwjb24j0YDHGxE/OcEG81kY4rMkeSa1BVv23wIE9a"},"_chains":{"BTBxEx67iiVtGQ+3OqSZyB8ALIRpuWA4B6YoiLhFZ/4z":{"chainKey":{"counter":23,"key":"drZkyyYNPDQlXRrI3lL+1U1n5pjiKajW9Ox6URIabJQ="},"chainType":1,"messageKeys":{}}},"pendingPreKey":{"signedKeyId":1,"baseKey":"BfsFpfQMBJwUxI7aBv3cFoaAW3ek1sleD29sL+o3oQMY","preKeyId":1219}},"BZmoE6heIrklVYcG7EZa+Has2yYncj9JuNQTArwIxHkN":{"registrationId":26,"currentRatchet":{"ephemeralKeyPair":{"pubKey":"BUbX6TVjwdtevqeHG/h9EbGPeNGwratTh1GrgXXpOfxY","privKey":"OHkZ8RXc8p7K0EhkuhqZChArqOaqi4t1b5QudbMPcnI="},"lastRemoteEphemeralKey":"BSaiKdLym8yclR8eT4nC1AIicA1/1ofQ8k1dT7GUmfxm","previousCounter":0,"rootKey":"4wZOYnqq+EX7cVkzGHentDgnVGBhwM89UvT1JiJsWRI="},"indexInfo":{"baseKey":"BZmoE6heIrklVYcG7EZa+Has2yYncj9JuNQTArwIxHkN","baseKeyType":1,"closed":1722322194463,"used":1722322174567,"created":1722322174567,"remoteIdentityKey":"BS/Gwjb24j0YDHGxE/OcEG81kY4rMkeSa1BVv23wIE9a"},"_chains":{"BUbX6TVjwdtevqeHG/h9EbGPeNGwratTh1GrgXXpOfxY":{"chainKey":{"counter":0,"key":"xpdaXMaaxucrn4GS2xpI5+4k7SFjj1xX044g5DiAFbI="},"chainType":1,"messageKeys":{}}},"pendingPreKey":{"signedKeyId":1,"baseKey":"BZmoE6heIrklVYcG7EZa+Has2yYncj9JuNQTArwIxHkN"}},"BcY46TtkoHU1KlkFhQy8ZROcDdfKIJuASxHS/SxSahck":{"registrationId":26,"currentRatchet":{"ephemeralKeyPair":{"pubKey":"Bf/4usQQRastYmBVp+3pB5Lmk6dJbjrmR20B9hhjSxkp","privKey":"OGtU7wU2/Z6BNgcSIyIZiLWiwIgh7n9cl7JW+TQyAHc="},"lastRemoteEphemeralKey":"BSaiKdLym8yclR8eT4nC1AIicA1/1ofQ8k1dT7GUmfxm","previousCounter":0,"rootKey":"lxc0RM93fgUXlvoeFTYzCTHq+rI4EvQsFpeQxRL5a70="},"indexInfo":{"baseKey":"BcY46TtkoHU1KlkFhQy8ZROcDdfKIJuASxHS/SxSahck","baseKeyType":1,"closed":1722322194961,"used":1722322194461,"created":1722322194461,"remoteIdentityKey":"BS/Gwjb24j0YDHGxE/OcEG81kY4rMkeSa1BVv23wIE9a"},"_chains":{"Bf/4usQQRastYmBVp+3pB5Lmk6dJbjrmR20B9hhjSxkp":{"chainKey":{"counter":0,"key":"vUk98+tcHIXttEqks386MX4lcdTQXpW0NT6gqGPRpIs="},"chainType":1,"messageKeys":{}}},"pendingPreKey":{"signedKeyId":1,"baseKey":"BcY46TtkoHU1KlkFhQy8ZROcDdfKIJuASxHS/SxSahck"}},"BdfVHYgOk9jw+tDdK7OoEC6cOotNL9khnraUdaKB9HBH":{"registrationId":26,"currentRatchet":{"ephemeralKeyPair":{"pubKey":"BamFqYcdasusO4DILmHQJFqYwbf/Ke3M+MlFKrzBqeNy","privKey":"qPvrZddxPgMmCRQLd8csSCcAQ+7fckTombwHI94GtUM="},"lastRemoteEphemeralKey":"BSaiKdLym8yclR8eT4nC1AIicA1/1ofQ8k1dT7GUmfxm","previousCounter":0,"rootKey":"599D4Ej/wq63rAPwHj/vsDnZdJG8YAe3l/SPF4IXlLc="},"indexInfo":{"baseKey":"BdfVHYgOk9jw+tDdK7OoEC6cOotNL9khnraUdaKB9HBH","baseKeyType":1,"closed":1722323513705,"used":1722322194959,"created":1722322194959,"remoteIdentityKey":"BS/Gwjb24j0YDHGxE/OcEG81kY4rMkeSa1BVv23wIE9a"},"_chains":{"BamFqYcdasusO4DILmHQJFqYwbf/Ke3M+MlFKrzBqeNy":{"chainKey":{"counter":0,"key":"kzcSbXzZkkJa2r3K+uYu80TLlYGSqfRbIPft8QLEpls="},"chainType":1,"messageKeys":{}}},"pendingPreKey":{"signedKeyId":1,"baseKey":"BdfVHYgOk9jw+tDdK7OoEC6cOotNL9khnraUdaKB9HBH"}},"BcI4bh/yDfVB+eOwDQc2VEc6OpnIdbtCHkxUgM++3GsP":{"registrationId":26,"currentRatchet":{"ephemeralKeyPair":{"pubKey":"BSxqS0cJnO1UpMW50XLyWxzEsM9NSEr99RkYEvVvviJ0","privKey":"kI8Bb4p+JBdmedR6BS8daJgTNgiCVU1vDtQrN4I5tU8="},"lastRemoteEphemeralKey":"BSaiKdLym8yclR8eT4nC1AIicA1/1ofQ8k1dT7GUmfxm","previousCounter":0,"rootKey":"rSpLgWW+wIdunhhNaBAOlFr7du5wN6nPMpTlKAn/0uU="},"indexInfo":{"baseKey":"BcI4bh/yDfVB+eOwDQc2VEc6OpnIdbtCHkxUgM++3GsP","baseKeyType":1,"closed":1722323522974,"used":1722323513703,"created":1722323513703,"remoteIdentityKey":"BS/Gwjb24j0YDHGxE/OcEG81kY4rMkeSa1BVv23wIE9a"},"_chains":{"BSxqS0cJnO1UpMW50XLyWxzEsM9NSEr99RkYEvVvviJ0":{"chainKey":{"counter":0,"key":"/HWJw2Pzr396PwcMEfaMylq5GOHgy6cPzBVRZB7l8Zg="},"chainType":1,"messageKeys":{}}},"pendingPreKey":{"signedKeyId":1,"baseKey":"BcI4bh/yDfVB+eOwDQc2VEc6OpnIdbtCHkxUgM++3GsP"}},"BQ7qc348EX39ZIp9qYPplL7gMqAzEiYKz+4GQtul+w4C":{"registrationId":26,"currentRatchet":{"ephemeralKeyPair":{"pubKey":"BXmf6g4pGOpdENeS7TnClgtuMWzZnI6BnJf2NTCD1cVX","privKey":"QNKTzyFTXAcC9diNloe/TMz5l/iMqA7knRtn1bBmb2w="},"lastRemoteEphemeralKey":"BSaiKdLym8yclR8eT4nC1AIicA1/1ofQ8k1dT7GUmfxm","previousCounter":0,"rootKey":"9DBP7VlhHC7XkAdTtBXoaJPWAyPOx9Hi37+6XZmTYhY="},"indexInfo":{"baseKey":"BQ7qc348EX39ZIp9qYPplL7gMqAzEiYKz+4GQtul+w4C","baseKeyType":1,"closed":1722323532261,"used":1722323522972,"created":1722323522972,"remoteIdentityKey":"BS/Gwjb24j0YDHGxE/OcEG81kY4rMkeSa1BVv23wIE9a"},"_chains":{"BXmf6g4pGOpdENeS7TnClgtuMWzZnI6BnJf2NTCD1cVX":{"chainKey":{"counter":0,"key":"+hU9ws8fbROMXbx3fzrVQ4oDspr1fzvcbAgdOKoIMHI="},"chainType":1,"messageKeys":{}}},"pendingPreKey":{"signedKeyId":1,"baseKey":"BQ7qc348EX39ZIp9qYPplL7gMqAzEiYKz+4GQtul+w4C"}},"Bfk+P+mtSLuR2kuiUdJ6ULyN2ur20z5+bMaes2rn6rsS":{"registrationId":26,"currentRatchet":{"ephemeralKeyPair":{"pubKey":"BW91bo0vMhxU/052QYRw29RTCkm6wW0HmMsTh73bIGkT","privKey":"2OPli7UIyVELSqIKEWicBWtwd2MgFXVWnuKvvFGRunQ="},"lastRemoteEphemeralKey":"BSaiKdLym8yclR8eT4nC1AIicA1/1ofQ8k1dT7GUmfxm","previousCounter":0,"rootKey":"EQp1zCrIFtnkMznpbrBFI2hHP5NKnTUKTmVDyQerrJE="},"indexInfo":{"baseKey":"Bfk+P+mtSLuR2kuiUdJ6ULyN2ur20z5+bMaes2rn6rsS","baseKeyType":1,"closed":1722323629862,"used":1722323532195,"created":1722323532195,"remoteIdentityKey":"BS/Gwjb24j0YDHGxE/OcEG81kY4rMkeSa1BVv23wIE9a"},"_chains":{"BW91bo0vMhxU/052QYRw29RTCkm6wW0HmMsTh73bIGkT":{"chainKey":{"counter":0,"key":"4Ma80a/l9OQ6jgCzATGTI2Vym7LmFDZWhtIIkVB3Dw0="},"chainType":1,"messageKeys":{}}},"pendingPreKey":{"signedKeyId":1,"baseKey":"Bfk+P+mtSLuR2kuiUdJ6ULyN2ur20z5+bMaes2rn6rsS"}},"BW+ro9r5IitMvMVzCkW+Yfy1H1rBujFFpnAfd8Wih4Em":{"registrationId":26,"currentRatchet":{"ephemeralKeyPair":{"pubKey":"BeFSAvcS3VWZ3D2nt3NjpNtwPp0whqC/jzxMhXZl0x0t","privKey":"yHoYYOXuQDsB0emHOuGJxoNbOQtJ/xocWPmRyAH6fl4="},"lastRemoteEphemeralKey":"BSaiKdLym8yclR8eT4nC1AIicA1/1ofQ8k1dT7GUmfxm","previousCounter":0,"rootKey":"A0v75O/Bpe82DoRIDLyjDdur6+oifPm4JuiVWITdTeU="},"indexInfo":{"baseKey":"BW+ro9r5IitMvMVzCkW+Yfy1H1rBujFFpnAfd8Wih4Em","baseKeyType":1,"closed":1722323646004,"used":1722323629859,"created":1722323629859,"remoteIdentityKey":"BS/Gwjb24j0YDHGxE/OcEG81kY4rMkeSa1BVv23wIE9a"},"_chains":{"BeFSAvcS3VWZ3D2nt3NjpNtwPp0whqC/jzxMhXZl0x0t":{"chainKey":{"counter":0,"key":"hxC8j8RsrxaVqV9nGMgw67xUODdTtzW/JlbA13GgpBI="},"chainType":1,"messageKeys":{}}},"pendingPreKey":{"signedKeyId":1,"baseKey":"BW+ro9r5IitMvMVzCkW+Yfy1H1rBujFFpnAfd8Wih4Em"}},"Bf70zDn8nd9ePM1IonGAKo873yHYeSP7gRAclp313k85":{"registrationId":26,"currentRatchet":{"ephemeralKeyPair":{"pubKey":"BV2DEEBUXFMEFKCHIds50jqX1KZgPg1wwIqvdqmaOrFt","privKey":"kA97OTc/esQ+7VoGKhBdgaoD656nf9NqPIH51jPIxkw="},"lastRemoteEphemeralKey":"BSaiKdLym8yclR8eT4nC1AIicA1/1ofQ8k1dT7GUmfxm","previousCounter":0,"rootKey":"2fWZ3TJr9kepKv+BeIoc/+8pdIOXp5RTkWdabPIINEs="},"indexInfo":{"baseKey":"Bf70zDn8nd9ePM1IonGAKo873yHYeSP7gRAclp313k85","baseKeyType":1,"closed":1722323654010,"used":1722323646002,"created":1722323646002,"remoteIdentityKey":"BS/Gwjb24j0YDHGxE/OcEG81kY4rMkeSa1BVv23wIE9a"},"_chains":{"BV2DEEBUXFMEFKCHIds50jqX1KZgPg1wwIqvdqmaOrFt":{"chainKey":{"counter":0,"key":"mXQXP7UVbKw7Pt8AcSRyCTuATAQdP3Vw7DA5/1ZnSa4="},"chainType":1,"messageKeys":{}}},"pendingPreKey":{"signedKeyId":1,"baseKey":"Bf70zDn8nd9ePM1IonGAKo873yHYeSP7gRAclp313k85"}},"BRRgEXXsFADWMJp9yTJefCzHUpTFHJBaGAR+hpviFsEs":{"registrationId":26,"currentRatchet":{"ephemeralKeyPair":{"pubKey":"BeLlPaz+6cKprMNSRMu8jQOL7tBw5FG+WN1w3uv9abBt","privKey":"sIE4u1TNSkwqxyZjTRxd6+zCUD219rdHh1Df2xmznE8="},"lastRemoteEphemeralKey":"BSaiKdLym8yclR8eT4nC1AIicA1/1ofQ8k1dT7GUmfxm","previousCounter":0,"rootKey":"m2SDcSadx6r6v/4yUG7e/5xKhX7EN8803EWwNR2ocuM="},"indexInfo":{"baseKey":"BRRgEXXsFADWMJp9yTJefCzHUpTFHJBaGAR+hpviFsEs","baseKeyType":1,"closed":1722324826272,"used":1722323654008,"created":1722323654008,"remoteIdentityKey":"BS/Gwjb24j0YDHGxE/OcEG81kY4rMkeSa1BVv23wIE9a"},"_chains":{"BeLlPaz+6cKprMNSRMu8jQOL7tBw5FG+WN1w3uv9abBt":{"chainKey":{"counter":0,"key":"Xke01YjYI3zFNwfqcPZb+GXElrr1ioPZQjUe6mdkIsM="},"chainType":1,"messageKeys":{}}},"pendingPreKey":{"signedKeyId":1,"baseKey":"BRRgEXXsFADWMJp9yTJefCzHUpTFHJBaGAR+hpviFsEs"}},"BQLERmlwzBd2IWaR8LnItdVWWB57toJdLaShjf5L6hNp":{"registrationId":26,"currentRatchet":{"ephemeralKeyPair":{"pubKey":"BWpfphtq/MK4L7Hy4GPXTzYTNNsCGQuxY1BL0uxhiZ1f","privKey":"AJ8IKNl/vs8PVElik/CzjVOtFXc56b6qlPFJSqZutXM="},"lastRemoteEphemeralKey":"BSaiKdLym8yclR8eT4nC1AIicA1/1ofQ8k1dT7GUmfxm","previousCounter":0,"rootKey":"2fb/D41vbGkRWvSxpzE397B5JOjCyW59RPZ3tVeCaKg="},"indexInfo":{"baseKey":"BQLERmlwzBd2IWaR8LnItdVWWB57toJdLaShjf5L6hNp","baseKeyType":1,"closed":1722325349079,"used":1722324826263,"created":1722324826263,"remoteIdentityKey":"BS/Gwjb24j0YDHGxE/OcEG81kY4rMkeSa1BVv23wIE9a"},"_chains":{"BWpfphtq/MK4L7Hy4GPXTzYTNNsCGQuxY1BL0uxhiZ1f":{"chainKey":{"counter":0,"key":"LCUoJUf1LYNmLnF93z09MMVjIjJhm1Negw8pNd2lybc="},"chainType":1,"messageKeys":{}}},"pendingPreKey":{"signedKeyId":1,"baseKey":"BQLERmlwzBd2IWaR8LnItdVWWB57toJdLaShjf5L6hNp"}},"Bfxr/0klydd3wy3a/JIcnbs/89AHr3mwnzOXB0vh8M8i":{"registrationId":26,"currentRatchet":{"ephemeralKeyPair":{"pubKey":"BftMUUVXhk0pZ9xjsG2T6bQvXd3jzvf93IHqFliPNgVf","privKey":"OLhmPjHBuO4564IVXeol4f4UZtw2kde4vRC6XBHzxFM="},"lastRemoteEphemeralKey":"Baek8Ma1tYfTNsDmun+pep8+46vsL0YTXMJxOhXSrepB","previousCounter":7,"rootKey":"4Vqummray/iIH9VDaaIiwjCy2bCaBWF1CFMjxVip618="},"indexInfo":{"baseKey":"Bfxr/0klydd3wy3a/JIcnbs/89AHr3mwnzOXB0vh8M8i","baseKeyType":2,"closed":1722347640096,"used":1722345523395,"created":1722325349084,"remoteIdentityKey":"BS/Gwjb24j0YDHGxE/OcEG81kY4rMkeSa1BVv23wIE9a"},"_chains":{"BVDMpc0R3kS4kk5fjDjD0qo+ZMT2y0AyWdz7CRa2XW4P":{"chainKey":{"counter":0},"chainType":2,"messageKeys":{}},"Bc1SSGkVUhSH2zQIAKTifsrKtBztkARAv/o5EbY7vp47":{"chainKey":{"counter":8},"chainType":2,"messageKeys":{}},"Baek8Ma1tYfTNsDmun+pep8+46vsL0YTXMJxOhXSrepB":{"chainKey":{"counter":0,"key":"JbFv0kMPWOUA3MCqwypQ9gadQ2gagaPmNmbOJjgnUYs="},"chainType":2,"messageKeys":{}},"BftMUUVXhk0pZ9xjsG2T6bQvXd3jzvf93IHqFliPNgVf":{"chainKey":{"counter":-1,"key":"QQHQN0gTTWS5x0DhBRLEeXd0cKFfcKpg9hoPDxULrpo="},"chainType":1,"messageKeys":{}}}},"BQUQIeisFrVkLER3uPvrXTH36mRkRKGoWPfFIQphvcwA":{"registrationId":26,"currentRatchet":{"ephemeralKeyPair":{"pubKey":"BW6+XS+vFhhV9ROCt635gAQtwZweCkwnBdczjcQRWyNK","privKey":"qB09Kkl2XbHwnR9QzTIh0JynIyH486I825Oc8lYsW2s="},"lastRemoteEphemeralKey":"BSGBG1vpcbQnDjgHvtYH9zm9F8UPgrxhtWL5oj4muEIY","previousCounter":0,"rootKey":"OffYmsxR/P8dPTZz6MOH+7H1EIwFXsIySPyOvfd1pkc="},"indexInfo":{"baseKey":"BQUQIeisFrVkLER3uPvrXTH36mRkRKGoWPfFIQphvcwA","baseKeyType":2,"closed":1722347677960,"used":1722347640101,"created":1722347640101,"remoteIdentityKey":"BS/Gwjb24j0YDHGxE/OcEG81kY4rMkeSa1BVv23wIE9a"},"_chains":{"BSGBG1vpcbQnDjgHvtYH9zm9F8UPgrxhtWL5oj4muEIY":{"chainKey":{"counter":0,"key":"iQwDYH8FbzASKhkNOYsIp9UqnAg5wiYfvExYRnOTeZE="},"chainType":2,"messageKeys":{}},"BW6+XS+vFhhV9ROCt635gAQtwZweCkwnBdczjcQRWyNK":{"chainKey":{"counter":-1,"key":"swTINIP0PFo2h3ei1iHdSA1fUNxdUVemxP6KwwRldos="},"chainType":1,"messageKeys":{}}}},"BXCxd6polRtK7QwBKZw8uHykSrwKgIvgv0b/t8sRqZIF":{"registrationId":26,"currentRatchet":{"ephemeralKeyPair":{"pubKey":"BenpPr6QIi5eR4QholXBE1IM0gQmG+3g3ycOx8guuMNP","privKey":"aMw6j94083HoUM0+HztpsJNSsxNTXyBvoRZLzHPzPmk="},"lastRemoteEphemeralKey":"BfI+9wPSTWHECwMQwut/mE3fPzMsmbArer8NEzsRvttZ","previousCounter":0,"rootKey":"UryOM1NC/KNt8rT89JRXKV1xswZYVdevsQbI+m2MIvg="},"indexInfo":{"baseKey":"BXCxd6polRtK7QwBKZw8uHykSrwKgIvgv0b/t8sRqZIF","baseKeyType":2,"closed":1722348050465,"used":1722347677965,"created":1722347677965,"remoteIdentityKey":"BS/Gwjb24j0YDHGxE/OcEG81kY4rMkeSa1BVv23wIE9a"},"_chains":{"BfI+9wPSTWHECwMQwut/mE3fPzMsmbArer8NEzsRvttZ":{"chainKey":{"counter":0,"key":"Bouv4psMhC5wWGGxtF2qoaVIoXW6dRLJ0zqPJkdjTwg="},"chainType":2,"messageKeys":{}},"BenpPr6QIi5eR4QholXBE1IM0gQmG+3g3ycOx8guuMNP":{"chainKey":{"counter":-1,"key":"D0kxOzw/rlJJGs+sWhYYT1k02itEI2ZUCOM0+quz6bE="},"chainType":1,"messageKeys":{}}}},"BcyhyhQPUfkxj4e6iFsk+zDWUhTYRA97zE2XjsH7fdgK":{"registrationId":26,"currentRatchet":{"ephemeralKeyPair":{"pubKey":"Bc1D6k6p1WMv9cbgVpG00iIYrMTlGmalp+qXhDEI5C51","privKey":"SD3rS5JRv8jXtIDPtYSgGysyp+ZUSZSn/K2t3BASoWk="},"lastRemoteEphemeralKey":"BXQP6oPWMuVwiKCzweAZXotSWxfwCBm3ZthcUSTng+Vs","previousCounter":0,"rootKey":"IXSi6FfI92xjkKZXVeRVVQFZ+QWc1lS2i7Y5xQU6huE="},"indexInfo":{"baseKey":"BcyhyhQPUfkxj4e6iFsk+zDWUhTYRA97zE2XjsH7fdgK","baseKeyType":2,"closed":1722348086208,"used":1722348050472,"created":1722348050472,"remoteIdentityKey":"BS/Gwjb24j0YDHGxE/OcEG81kY4rMkeSa1BVv23wIE9a"},"_chains":{"BXQP6oPWMuVwiKCzweAZXotSWxfwCBm3ZthcUSTng+Vs":{"chainKey":{"counter":0,"key":"tXJFBSgOMeEhtl2s0dnafdzsIWoImQaUs7HDNRo206s="},"chainType":2,"messageKeys":{}},"Bc1D6k6p1WMv9cbgVpG00iIYrMTlGmalp+qXhDEI5C51":{"chainKey":{"counter":-1,"key":"0k1MC0V2J51SHGko4ee9SFpbZQ2OeToj2tWlkI6T+IU="},"chainType":1,"messageKeys":{}}}},"BX+cgho//7J2Y+inFdM1CDq+qFeTmOkMMOjtLPqzN451":{"registrationId":26,"currentRatchet":{"ephemeralKeyPair":{"pubKey":"BTXUsUSoKcHz+fT99PA5JQvhGEU+PO7UDIscbhTXrM0N","privKey":"CMjne3kvoTmO/LQRknR/uqew9ApCxqvYJ95TJWneQ3Q="},"lastRemoteEphemeralKey":"BXbn2Ax9E6G04PHWVrGR2Wl2i1mG5cUsitdnvAPnVWV1","previousCounter":0,"rootKey":"7Qy2ZkX1Y1mH5jeBxePOYiLqk7dUr31TummwN9Ujk/M="},"indexInfo":{"baseKey":"BX+cgho//7J2Y+inFdM1CDq+qFeTmOkMMOjtLPqzN451","baseKeyType":2,"closed":1722348102362,"used":1722348086297,"created":1722348086297,"remoteIdentityKey":"BS/Gwjb24j0YDHGxE/OcEG81kY4rMkeSa1BVv23wIE9a"},"_chains":{"BXbn2Ax9E6G04PHWVrGR2Wl2i1mG5cUsitdnvAPnVWV1":{"chainKey":{"counter":0,"key":"UfW0+0NvpRk66fFd47x1DIMeGJmByGQlt3stCTOEa/U="},"chainType":2,"messageKeys":{}},"BTXUsUSoKcHz+fT99PA5JQvhGEU+PO7UDIscbhTXrM0N":{"chainKey":{"counter":-1,"key":"F6j/N1Cry4pqQvOXK5rAMcj5+NkNiap9RkUY0yzx36k="},"chainType":1,"messageKeys":{}}}},"BTOfXEjm4EFiK5rEBz4zfP4FqrqafJ0islzhYG3QHsQK":{"registrationId":26,"currentRatchet":{"ephemeralKeyPair":{"pubKey":"BUEPn/HPVDKQZWGoKsz8jfJezfg9TjJDRpfBJjxA7oQg","privKey":"yAunaO4WLPwIeXNB/s5t1lm0T8LO4467WnhiATVN2kY="},"lastRemoteEphemeralKey":"Ba/BvqLdXyVJcFwUhRnVDBaA7mSOE9ZVkbMKPlBSdbEf","previousCounter":0,"rootKey":"AOPVjmBtbtuE9b6HhD8dL0xdTcSkoi1QLVenEQ4YHoA="},"indexInfo":{"baseKey":"BTOfXEjm4EFiK5rEBz4zfP4FqrqafJ0islzhYG3QHsQK","baseKeyType":2,"closed":1722349527487,"used":1722348102369,"created":1722348102369,"remoteIdentityKey":"BS/Gwjb24j0YDHGxE/OcEG81kY4rMkeSa1BVv23wIE9a"},"_chains":{"Ba/BvqLdXyVJcFwUhRnVDBaA7mSOE9ZVkbMKPlBSdbEf":{"chainKey":{"counter":2,"key":"gt2IqrD0NXi5l9KGV4s2InkIrrIXuemLu8Y+fkv1eVc="},"chainType":2,"messageKeys":{}},"BUEPn/HPVDKQZWGoKsz8jfJezfg9TjJDRpfBJjxA7oQg":{"chainKey":{"counter":-1,"key":"fhz2gy39ziUnZcYxQkyGhm6zj1RI+kmi46O7j6W+l24="},"chainType":1,"messageKeys":{}}}},"BVUE+HaazOEfRZK3eQepr6tpYecW2bUoWudCRxXpmCtn":{"registrationId":26,"currentRatchet":{"ephemeralKeyPair":{"pubKey":"BYvx7hykI9KF6I5teQ2RQaZNAOAxa2CmBYh2QMF25JhF","privKey":"oMVWAounEdFdlM/wt+zy0LmqZ9ypoDGwON62ld7ZPGk="},"lastRemoteEphemeralKey":"BW8I5z9JImfeN1oEvOup/OByLX4IhZ7IBXNz0Q2vR5Ne","previousCounter":4,"rootKey":"+9lnkPD03gJ14iJcfQRzXkXe3EUXjyJS30SKNX61qws="},"indexInfo":{"baseKey":"BVUE+HaazOEfRZK3eQepr6tpYecW2bUoWudCRxXpmCtn","baseKeyType":1,"closed":1722365761661,"used":1722356929557,"created":1722349527485,"remoteIdentityKey":"BS/Gwjb24j0YDHGxE/OcEG81kY4rMkeSa1BVv23wIE9a"},"_chains":{"BW8I5z9JImfeN1oEvOup/OByLX4IhZ7IBXNz0Q2vR5Ne":{"chainKey":{"counter":1,"key":"1siXSwibYMZXmGbg2ili/Usz/PuNdEba8u7moUphSyw="},"chainType":2,"messageKeys":{}},"BYvx7hykI9KF6I5teQ2RQaZNAOAxa2CmBYh2QMF25JhF":{"chainKey":{"counter":-1,"key":"ILIVIjS2tiNZQyhpmkMsSXbQBxXFIDEy3Iz7ZdrtPW0="},"chainType":1,"messageKeys":{}}}},"BVjcYE2AmPnWd7P132X52q/8n/g18NEYmtbf9sVLHvsK":{"registrationId":26,"currentRatchet":{"ephemeralKeyPair":{"pubKey":"BbL7eDbKY185YccTbCguYYGPbH3wDWEVqwWZqQQim84k","privKey":"QLqTGbR/yaeXEO1jQXRsFJncDDqpB+VF3pUlA5AiB1s="},"lastRemoteEphemeralKey":"BaRHWyhpewH9nDd9K9/eWF0zwnmNW7dl5vGQtMEwAiRn","previousCounter":0,"rootKey":"vqHCIg9ASEkEVo/2IqiQfVwW6GbbMKk85HEg1NKT1vs="},"indexInfo":{"baseKey":"BVjcYE2AmPnWd7P132X52q/8n/g18NEYmtbf9sVLHvsK","baseKeyType":2,"closed":-1,"used":1722365761665,"created":1722365761665,"remoteIdentityKey":"BS/Gwjb24j0YDHGxE/OcEG81kY4rMkeSa1BVv23wIE9a"},"_chains":{"BaRHWyhpewH9nDd9K9/eWF0zwnmNW7dl5vGQtMEwAiRn":{"chainKey":{"counter":0,"key":"WpHSa9zMeBG1G4vETEEN8VuT5lBqU/lvxlq8gRt3YJQ="},"chainType":2,"messageKeys":{}},"BbL7eDbKY185YccTbCguYYGPbH3wDWEVqwWZqQQim84k":{"chainKey":{"counter":33,"key":"7DIBt/8NSYCi9elg+8+9ePsxnXnjanxEXcYaRsKcvBc="},"chainType":1,"messageKeys":{}}}}},"version":"v1"}