{"_sessions":{"BaRNrmaFWwW2xuKlcerNUqNw0vs/KjctBUvkhbdTT29P":{"registrationId":381132963,"currentRatchet":{"ephemeralKeyPair":{"pubKey":"BU1Mik+LiVi+r5gITktMLvKAz+Xtw5+XHea5ssOvgE0Z","privKey":"EJEPi4CXCbUuHttYqppYy/FVI8AXPmDmIJEiXLIEDF8="},"lastRemoteEphemeralKey":"Bbi3I1ZyWBAsUeaZaktqRGEycwmDPNY+e9ZKtJrEZ119","previousCounter":0,"rootKey":"mtu3Amrz0YZv5aFqZ/eu7ntqxQWkx448RZ2/TsLCl0s="},"indexInfo":{"baseKey":"BaRNrmaFWwW2xuKlcerNUqNw0vs/KjctBUvkhbdTT29P","baseKeyType":1,"closed":-1,"used":1722224747690,"created":1722224747690,"remoteIdentityKey":"BRkLqQJXhKeeYVVsbGLNVM4663+jbDXThS5a5Joe/zl2"},"_chains":{"BU1Mik+LiVi+r5gITktMLvKAz+Xtw5+XHea5ssOvgE0Z":{"chainKey":{"counter":6,"key":"5IcCgn9EJ+40sQhHxGP0H5nrUGZ1HFNw12eXHedbuak="},"chainType":1,"messageKeys":{}}},"pendingPreKey":{"signedKeyId":2,"baseKey":"BaRNrmaFWwW2xuKlcerNUqNw0vs/KjctBUvkhbdTT29P","preKeyId":9239210}}},"version":"v1"}