{"_sessions":{"BcbPDdy9CNdobcockTPHT4KgUVUwgZM5dAfH0XNtVUBR":{"registrationId":222,"currentRatchet":{"ephemeralKeyPair":{"pubKey":"BfoHLCWhD+sx3yx2vKd5N1+jOSqB10qMqjOF9jZ6g4xA","privKey":"0NvpYuoIBiuO4rCeEowYfUhkawzjGe5DRwR/DWi8mmU="},"lastRemoteEphemeralKey":"Bf7ooSoKdbilIwyie7lscsP4dXIp4LSUQyWQWBQiNaRC","previousCounter":0,"rootKey":"Cq3uyfTsmuoSWY/L7FQn4vLzam1ovYcRuUpZ+dZWXUI="},"indexInfo":{"baseKey":"BcbPDdy9CNdobcockTPHT4KgUVUwgZM5dAfH0XNtVUBR","baseKeyType":2,"closed":1722475979263,"used":1722475969269,"created":1722475969269,"remoteIdentityKey":"BeayikB5ZGeUtGUEGysPyBOb0xThVph89/9jrqO3AmNS"},"_chains":{"Bf7ooSoKdbilIwyie7lscsP4dXIp4LSUQyWQWBQiNaRC":{"chainKey":{"counter":0,"key":"WlFlJjBD4ntd8L229kaykeG6TcfLw0SwyUEY/Jf//ag="},"chainType":2,"messageKeys":{}},"BfoHLCWhD+sx3yx2vKd5N1+jOSqB10qMqjOF9jZ6g4xA":{"chainKey":{"counter":-1,"key":"ymZ82jzytuyD6Dvp7MxZGcfcxQvFe+uqiSpBZOGSl2w="},"chainType":1,"messageKeys":{}}}},"BT3ePy6g3QHd/r7B7oUbu1wWZqjjiD9jJE6qm05wQ3lJ":{"registrationId":222,"currentRatchet":{"ephemeralKeyPair":{"pubKey":"BSDL01ber81OAp/O9v7BkdfYNX5WugjC3wZ2kGDPDCYL","privKey":"AEsg8OEOHksU4QGzDzVHLwYotuE+F7Djgtjp5ggToXA="},"lastRemoteEphemeralKey":"BTQST9vBHqoaCbW827S4CQ5vhvTvs6x6nkGy8LG5qMov","previousCounter":0,"rootKey":"xypamSa/L5z8O9hiE61K5JGIN6Ck3X0pW1mutTYyXRQ="},"indexInfo":{"baseKey":"BT3ePy6g3QHd/r7B7oUbu1wWZqjjiD9jJE6qm05wQ3lJ","baseKeyType":2,"closed":-1,"used":1722475979271,"created":1722475979271,"remoteIdentityKey":"BeayikB5ZGeUtGUEGysPyBOb0xThVph89/9jrqO3AmNS"},"_chains":{"BTQST9vBHqoaCbW827S4CQ5vhvTvs6x6nkGy8LG5qMov":{"chainKey":{"counter":0,"key":"WrVO8GICFdnQjHphhr24p8a76vsZ/9qgiUzYftdERlo="},"chainType":2,"messageKeys":{}},"BSDL01ber81OAp/O9v7BkdfYNX5WugjC3wZ2kGDPDCYL":{"chainKey":{"counter":-1,"key":"yOACb+tckA66iZN+LKRPhbQcDdC+qZrCWM2TLV94P8M="},"chainType":1,"messageKeys":{}}}}},"version":"v1"}