{"_sessions":{"BSvqrzyEGj8fOAztTXty/Kxrnst7J/WYf3K2bMwoSuZN":{"registrationId":16010,"currentRatchet":{"ephemeralKeyPair":{"pubKey":"BfWJlWlThQfjO/y/2VH2ZaW2Ts+BrPqbA2J6TJ1ExEgQ","privKey":"oEd8Qq39NdsyRfoRo0gZLH4FM1FQTa7Iyyl2PeI0D0g="},"lastRemoteEphemeralKey":"BciINzPQyDyD50wpEqAbI03W5RznJZVdeaPUv7eooTlG","previousCounter":0,"rootKey":"Pi1fjkQyC78Rgme6JqkOix3+fYaKKKVnJai5kuPUkok="},"indexInfo":{"baseKey":"BSvqrzyEGj8fOAztTXty/Kxrnst7J/WYf3K2bMwoSuZN","baseKeyType":1,"closed":-1,"used":1722224746161,"created":1722224746161,"remoteIdentityKey":"BaxQbxrJXVMcIILYddg9ZUB+/tu4+rBMwuI+Jb2kPoR/"},"_chains":{"BfWJlWlThQfjO/y/2VH2ZaW2Ts+BrPqbA2J6TJ1ExEgQ":{"chainKey":{"counter":6,"key":"vDlBMJ7+ee8E8jULlm5sgxLD3c8KSVOpfUGIsNGg9IU="},"chainType":1,"messageKeys":{}}},"pendingPreKey":{"signedKeyId":1,"baseKey":"BSvqrzyEGj8fOAztTXty/Kxrnst7J/WYf3K2bMwoSuZN"}}},"version":"v1"}