{"_sessions":{"Behj+Us3k8VaAzHbxfEBADqBCSwvdHug1RSyyTUhURpw":{"registrationId":1229788063,"currentRatchet":{"ephemeralKeyPair":{"pubKey":"Bc7LfyFfGRtkwEhQlthFGZQo4Ne9HgcdZ4k8z7PFyPwn","privKey":"kO1h7d5QuXeOIXUZRALFwIyyjUm+QJlABDvRjpMcZ3g="},"lastRemoteEphemeralKey":"BfVjWnpdgGZUl2HKumknr0Bk34ADcqiKXmxwH/XO7N4a","previousCounter":0,"rootKey":"9V2Z01TcVpdHLWhttWuk8zu05CwedTyBP0mBmx8BhMo="},"indexInfo":{"baseKey":"Behj+Us3k8VaAzHbxfEBADqBCSwvdHug1RSyyTUhURpw","baseKeyType":1,"closed":-1,"used":1722454512478,"created":1722454512478,"remoteIdentityKey":"Baft4S81llPQnUnLidrw7xgOIzq5lMnuy3kyN78J88tT"},"_chains":{"Bc7LfyFfGRtkwEhQlthFGZQo4Ne9HgcdZ4k8z7PFyPwn":{"chainKey":{"counter":7,"key":"P9X3GNKp9UUSPKyIlfKTlNdIkKKf/zVlvOMNtMt85Qc="},"chainType":1,"messageKeys":{}}},"pendingPreKey":{"signedKeyId":3,"baseKey":"Behj+Us3k8VaAzHbxfEBADqBCSwvdHug1RSyyTUhURpw","preKeyId":8629151}}},"version":"v1"}