{"_sessions":{"BbxutUSzenWNxzxBNDMXHUVeXPn+vTuSkM8bFtZgclIB":{"registrationId":25,"currentRatchet":{"ephemeralKeyPair":{"pubKey":"BcLxoTdOXa5FHgP4NUrsuNreJIXtIg2fi2kg1cXfbZ1O","privKey":"OMEvONo1Ljbhyz1/VpTnHTGqPCMFhlE7Kf87I8VggnE="},"lastRemoteEphemeralKey":"BUFuawYD++PTuDb9Lqtf6MHD889pyCMlrlYloVnzhTRd","previousCounter":0,"rootKey":"JUduSqYqI1LfdW9iMqI4sNEF6JdKNWUiPp+/M7RLZeE="},"indexInfo":{"baseKey":"BbxutUSzenWNxzxBNDMXHUVeXPn+vTuSkM8bFtZgclIB","baseKeyType":1,"closed":-1,"used":1722454511086,"created":1722454511085,"remoteIdentityKey":"BYdeS6YNKszta617L20gz+Ma9aSZNId2F82ARARLy28p"},"_chains":{"BcLxoTdOXa5FHgP4NUrsuNreJIXtIg2fi2kg1cXfbZ1O":{"chainKey":{"counter":7,"key":"b3Yz0IzSESaD5lJitdcWuaxxXSmLq+j0U0tTFYdUxW4="},"chainType":1,"messageKeys":{}}},"pendingPreKey":{"signedKeyId":1,"baseKey":"BbxutUSzenWNxzxBNDMXHUVeXPn+vTuSkM8bFtZgclIB"}}},"version":"v1"}