{"_sessions":{"Bdt6nCilcOUlkELwcOcs9uQGMRyIVc3uSNILNrL34nVu":{"registrationId":945399153,"currentRatchet":{"ephemeralKeyPair":{"pubKey":"Be42D74A0DrhHZFFvj0D1PKbjVmWOkg3ercoPb8QQoMF","privKey":"4A9ASnBeAzFsKlvHdlFD37k6gJHk46ac0Xsj8/uonlw="},"lastRemoteEphemeralKey":"BbNpkHZTkz0pESXWcYwvXOg+JmA+qPkR1YFPltmY27Vs","previousCounter":0,"rootKey":"i4dq6wymmh6YECoFQoYYQBymXTl7CB8rdnKGfGKhkl0="},"indexInfo":{"baseKey":"Bdt6nCilcOUlkELwcOcs9uQGMRyIVc3uSNILNrL34nVu","baseKeyType":1,"closed":-1,"used":1722224749389,"created":1722224749389,"remoteIdentityKey":"BY4iX+lDPB6EpTS2zaOsLYsdSYqUapXon7gDJdaC7bBN"},"_chains":{"Be42D74A0DrhHZFFvj0D1PKbjVmWOkg3ercoPb8QQoMF":{"chainKey":{"counter":6,"key":"IAjREk51b1rqb1+fotV7pUCwy5y6GN5QjcdQlCMNCNM="},"chainType":1,"messageKeys":{}}},"pendingPreKey":{"signedKeyId":4,"baseKey":"Bdt6nCilcOUlkELwcOcs9uQGMRyIVc3uSNILNrL34nVu"}}},"version":"v1"}