{"_sessions":{"BYjr0BA8QB3XOyoRLaANTUd1TfZoAhF+2RGbkURrHUJj":{"registrationId":333382836,"currentRatchet":{"ephemeralKeyPair":{"pubKey":"Bcdgf6+h2pIcZWAD6Km8UNTONhLRTC83twdnbwUMsFdi","privKey":"4Br4HO37WZUK0yizAQhasA3+Mr1Xsx5upiRJDjVzoXk="},"lastRemoteEphemeralKey":"BZYYk5230REUDvhoWsEfaaHeja555sGHe98vDifmO1kV","previousCounter":0,"rootKey":"GUGvHUSBuBXkBX3u+Wm+qyhIdW69/bMKLj4/F4CgqRE="},"indexInfo":{"baseKey":"BYjr0BA8QB3XOyoRLaANTUd1TfZoAhF+2RGbkURrHUJj","baseKeyType":1,"closed":-1,"used":1722224749292,"created":1722224749292,"remoteIdentityKey":"BfCph54vHnqvTSWBKPYMSbmtM1XMRqKt0TFKpAHY8AM+"},"_chains":{"Bcdgf6+h2pIcZWAD6Km8UNTONhLRTC83twdnbwUMsFdi":{"chainKey":{"counter":6,"key":"Dm6hCsYrOctmQvMQMmu9yYzySxIP7rWRz3IUa/BLA7I="},"chainType":1,"messageKeys":{}}},"pendingPreKey":{"signedKeyId":0,"baseKey":"BYjr0BA8QB3XOyoRLaANTUd1TfZoAhF+2RGbkURrHUJj","preKeyId":15564782}}},"version":"v1"}