{"_sessions":{"BUHU7/ATKOdxEMwFqrFKEbqhQ4tMRhgIKpPIcBE4O8Q8":{"registrationId":1275608838,"currentRatchet":{"ephemeralKeyPair":{"pubKey":"BaJDXxAl1Iw7C4MHYEsfQtz86aaHScrUGS8RYXfap6Bf","privKey":"QB84stwqsQpDjJwr8W+JNVTdr3+zXIeHjbitl99W2VY="},"lastRemoteEphemeralKey":"BU/Pa9qysKcOtteyA4tflypuvnkrq1kLEXYzbbDswUkV","previousCounter":0,"rootKey":"xez6LVQgjjD5gAnh+HrH8XJj2Cz6+VrhflNVd5Hx67I="},"indexInfo":{"baseKey":"BUHU7/ATKOdxEMwFqrFKEbqhQ4tMRhgIKpPIcBE4O8Q8","baseKeyType":1,"closed":-1,"used":1722454512688,"created":1722454512688,"remoteIdentityKey":"BeI9mLSpvmR6tml8YyYpOfhNlM9aKOdhznAaMDuwsv5P"},"_chains":{"BaJDXxAl1Iw7C4MHYEsfQtz86aaHScrUGS8RYXfap6Bf":{"chainKey":{"counter":7,"key":"VU/FXCFruUFczVHE1T750Km1FgmyQP7dIM2pqn3kWsA="},"chainType":1,"messageKeys":{}}},"pendingPreKey":{"signedKeyId":1,"baseKey":"BUHU7/ATKOdxEMwFqrFKEbqhQ4tMRhgIKpPIcBE4O8Q8","preKeyId":7729954}}},"version":"v1"}