{"_sessions":{"BfSlC4LOkFPL6Ar5P8VcMJ4P42blxlq6MF0QpnAaXgJN":{"registrationId":679777674,"currentRatchet":{"ephemeralKeyPair":{"pubKey":"BXjoxn4p0dctCFmdLgdP2zkNoMZC3kYtK2EldTRIrRtG","privKey":"wLOTTef5x4Ef71+WM/njCJz04K/VjtqcsRRgunMMK0I="},"lastRemoteEphemeralKey":"BYPV949BjxJ/n8zdlj0yR4lYOzfGFmTp57TOn5BQt2of","previousCounter":0,"rootKey":"jIkKJo/igtjsa81S3jNGSkikKb3ztQDj67JwVbHa2B8="},"indexInfo":{"baseKey":"BfSlC4LOkFPL6Ar5P8VcMJ4P42blxlq6MF0QpnAaXgJN","baseKeyType":1,"closed":-1,"used":1722454511983,"created":1722454511983,"remoteIdentityKey":"BaeCv320y99p8XNmDaAh/W0YHuOoFsr9uxV2TF5SLjpk"},"_chains":{"BXjoxn4p0dctCFmdLgdP2zkNoMZC3kYtK2EldTRIrRtG":{"chainKey":{"counter":7,"key":"KBRb/aQHGFeNFJvz4RFJ9y2KyFUCbhsgcjEIvXaLlwI="},"chainType":1,"messageKeys":{}}},"pendingPreKey":{"signedKeyId":0,"baseKey":"BfSlC4LOkFPL6Ar5P8VcMJ4P42blxlq6MF0QpnAaXgJN","preKeyId":10177119}}},"version":"v1"}