{"_sessions":{"BeB493rTiLe+AD7fmxxMTEuRt8/KKlAZCDPIiHUa8xhp":{"registrationId":299146619,"currentRatchet":{"ephemeralKeyPair":{"pubKey":"BSwgsObItp2X6qXd5pujbFcDFkDqyUh0AFNtESbEQ112","privKey":"CMClJRq7RF3FLFtkPxZAvegWLz3kPtX0SlnCb6T5gVo="},"lastRemoteEphemeralKey":"BSz/ogNLpfpC7sWAbyxq5xbb98eKKsE+PMru3qkMA+dk","previousCounter":0,"rootKey":"/LyRd0SAbSNmDB2ycqo/wj8tJ4sVPyADT0j6408J6Dk="},"indexInfo":{"baseKey":"BeB493rTiLe+AD7fmxxMTEuRt8/KKlAZCDPIiHUa8xhp","baseKeyType":1,"closed":-1,"used":1722454513092,"created":1722454513092,"remoteIdentityKey":"BfJ8n8VHKrlD2k4IMtNzmsGXIab5dB3tkDm4h0BFResS"},"_chains":{"BSwgsObItp2X6qXd5pujbFcDFkDqyUh0AFNtESbEQ112":{"chainKey":{"counter":7,"key":"rQJUqaPvZ0AS85N/X75nC1yYgJsrP3iQeTrD3IeDg1o="},"chainType":1,"messageKeys":{}}},"pendingPreKey":{"signedKeyId":20,"baseKey":"BeB493rTiLe+AD7fmxxMTEuRt8/KKlAZCDPIiHUa8xhp","preKeyId":14491718}}},"version":"v1"}