{"_sessions":{"BeSQkO/hNxQY6z8rX8viOcqihkA6lQejE0/yGfItpXE3":{"registrationId":888753073,"currentRatchet":{"ephemeralKeyPair":{"pubKey":"BUdK6q+/ByklW+6y1+kORdin17zbAgRKLvfH5tDWyzFr","privKey":"cLW0nC98f7cFODmY6DBCpEYfQ1TAV1tV3i973dB2L1Y="},"lastRemoteEphemeralKey":"BaB0SlLOpSHqrgvqYAYfLsgYmahQ4Vi7MYdV3D5BN08r","previousCounter":0,"rootKey":"Eyszd3HMUfrfyfWfMXZ1/clhx6AJgobKHrNjtkYuvcc="},"indexInfo":{"baseKey":"BeSQkO/hNxQY6z8rX8viOcqihkA6lQejE0/yGfItpXE3","baseKeyType":1,"closed":-1,"used":1722454511456,"created":1722454511456,"remoteIdentityKey":"BVzWHTqrHIuIxKXRgVTaDw7syq6gvmpsgorTH9Fs4A4J"},"_chains":{"BUdK6q+/ByklW+6y1+kORdin17zbAgRKLvfH5tDWyzFr":{"chainKey":{"counter":7,"key":"PojHuzGLqp8YfyGsHRYmg6hX8Xwj14HU34n0I4CJYNA="},"chainType":1,"messageKeys":{}}},"pendingPreKey":{"signedKeyId":4,"baseKey":"BeSQkO/hNxQY6z8rX8viOcqihkA6lQejE0/yGfItpXE3"}}},"version":"v1"}