{"_sessions":{"BdQvKeeciHmGBNb/wyqnE1oHxHFdbnfkDlPW0TxnON5p":{"registrationId":704717990,"currentRatchet":{"ephemeralKeyPair":{"pubKey":"BY5AMoenJNKADYTj3emh/uuo6BfzHPl5j5+4x4qbCoEx","privKey":"ACkRgiLIz70YwsFVnwbgYTqynJTWnYTNH2cePkNbm1Q="},"lastRemoteEphemeralKey":"BTW8Pej+nIxQ80n41FglLLSJmoPO4+R+jf5K893ZfdEB","previousCounter":0,"rootKey":"Gv/E5YpB7BmwWXm8TGBO78+Kch1D9YcTQnWIMN5gEpA="},"indexInfo":{"baseKey":"BdQvKeeciHmGBNb/wyqnE1oHxHFdbnfkDlPW0TxnON5p","baseKeyType":1,"closed":-1,"used":1722224748558,"created":1722224748558,"remoteIdentityKey":"BSvobsgJMI1JIV4R+W4Ioby2z+PfzSvJG//84kMvCjIp"},"_chains":{"BY5AMoenJNKADYTj3emh/uuo6BfzHPl5j5+4x4qbCoEx":{"chainKey":{"counter":6,"key":"z+A52g/ur5Fl3KHmaqK7MZ5bWbdXyiHmZVuTCHH086E="},"chainType":1,"messageKeys":{}}},"pendingPreKey":{"signedKeyId":7043804,"baseKey":"BdQvKeeciHmGBNb/wyqnE1oHxHFdbnfkDlPW0TxnON5p","preKeyId":1156}}},"version":"v1"}