{"_sessions":{"BdXhVA7GyDcs6GtdS6SjicZvIWPal7mmHK6qJsJ9FnI9":{"registrationId":980913997,"currentRatchet":{"ephemeralKeyPair":{"pubKey":"BV2jSu6hgwsZs0BNuEXNNdB22EpF3OoS3O0VqzdCp10i","privKey":"OMp8eYU/gTGeBDQZBiLTa7YaJPO36YadhYhNZG+Luno="},"lastRemoteEphemeralKey":"BT/et+X/DwvxlwAVzu3sGxn8y/3vm4N9n6a/ZuLT9gwt","previousCounter":0,"rootKey":"OBXx5Yzw7PsJiTwzGdaHrmtPHjFJsP++twZaJy+pIQo="},"indexInfo":{"baseKey":"BdXhVA7GyDcs6GtdS6SjicZvIWPal7mmHK6qJsJ9FnI9","baseKeyType":1,"closed":-1,"used":1722454511479,"created":1722454511479,"remoteIdentityKey":"Bctx2dW/pgqjHTuNT2p9EG4w6acAkfP4TxQGT7toKvcv"},"_chains":{"BV2jSu6hgwsZs0BNuEXNNdB22EpF3OoS3O0VqzdCp10i":{"chainKey":{"counter":7,"key":"dbxpdKceAssiR3q+qjcv953Odgv28kGjXfTxs1ynhRo="},"chainType":1,"messageKeys":{}}},"pendingPreKey":{"signedKeyId":0,"baseKey":"BdXhVA7GyDcs6GtdS6SjicZvIWPal7mmHK6qJsJ9FnI9","preKeyId":11013526}}},"version":"v1"}