{"_sessions":{"BQvBqLcjKQfqkP/Ruv5qLbx7eoOtf9XU4N8pHcdC4vsb":{"registrationId":2011315333,"currentRatchet":{"ephemeralKeyPair":{"pubKey":"Bef2hfsE/1ryN0roHVSrCaDtXeJHTa359PqPWi3xvBRR","privKey":"EGQYX7IyPDqqfhq5jpDifC/57HyAzJ9j7a0WJw6qeUQ="},"lastRemoteEphemeralKey":"BZmDJTslFImquFehZK3akDEeqUk1WLgZ8YD7/dp+57lw","previousCounter":1,"rootKey":"ZUuP0SLK3hrr4zns5RVvwWyuLiGhxsfudg+o2I4OW7c="},"indexInfo":{"baseKey":"BQvBqLcjKQfqkP/Ruv5qLbx7eoOtf9XU4N8pHcdC4vsb","baseKeyType":1,"closed":-1,"used":1722418497267,"created":1722302915673,"remoteIdentityKey":"BbY9HVM7fKmbvU7qtGQrJ30JLsbl3ttoZzPEYf9TuwlP"},"_chains":{"BRGdAJMatWvrPE+RaKpdL10lQ9X5Yt1jwMAF4tnE5xMm":{"chainKey":{"counter":2},"chainType":2,"messageKeys":{}},"BQqh73EaORvnquuaLudsHi9j5w/v76PS0nB35vNkPtMY":{"chainKey":{"counter":0},"chainType":2,"messageKeys":{}},"BSf98Mguofqa/OM7qYwPRypdQ/azyokqgZ/oaeDUwrJj":{"chainKey":{"counter":0},"chainType":2,"messageKeys":{}},"BYhG3fiWDE5T04WvE29zuB4hsb20S4v5wArif/5ZWPFO":{"chainKey":{"counter":1},"chainType":2,"messageKeys":{}},"Bftd6Qzo0ioAopN0wKlML1WxKeN3/8RJ6zf/LAxgUmQ/":{"chainKey":{"counter":0},"chainType":2,"messageKeys":{}},"BZmDJTslFImquFehZK3akDEeqUk1WLgZ8YD7/dp+57lw":{"chainKey":{"counter":1,"key":"uR1GzBtQSyZ5kf6CsQ4eeW95N/F8WHapIXjbeF5bt9A="},"chainType":2,"messageKeys":{}},"Bef2hfsE/1ryN0roHVSrCaDtXeJHTa359PqPWi3xvBRR":{"chainKey":{"counter":1,"key":"Y9eG7lE2+x8J5oKDrLKqkvq1OxL8UfDBOj3jA2ZFC/I="},"chainType":1,"messageKeys":{}}}}},"version":"v1"}