{"_sessions":{"BW385Ps+r8eLLII98sMV8PS9lB2BXH3PFm0ALRRrCPAT":{"registrationId":526670886,"currentRatchet":{"ephemeralKeyPair":{"pubKey":"BSxoEwqPkDE+/iEdMszYXQ2ky57pK2KL+GvlUznC7F90","privKey":"8OaybxD+v91VsegxKLI5/pJXAx9UZzbuvH+U6MVsNmQ="},"lastRemoteEphemeralKey":"BZxS0nHhK7WCZIgI8tZRl3Gb/hipm/3wuG/zptvHrdxA","previousCounter":0,"rootKey":"2ohpl5550UmXGkJXorVonkZJ/0EkE93SVM3FUj02+qQ="},"indexInfo":{"baseKey":"BW385Ps+r8eLLII98sMV8PS9lB2BXH3PFm0ALRRrCPAT","baseKeyType":1,"closed":-1,"used":1722224748562,"created":1722224748562,"remoteIdentityKey":"BbyodNnysOGPeS0rQSv2FmjyHxqq15IjknPAS/h1zdVr"},"_chains":{"BSxoEwqPkDE+/iEdMszYXQ2ky57pK2KL+GvlUznC7F90":{"chainKey":{"counter":6,"key":"TuTI5zBLIumGnG5Tta9fPO5twoUsw55vCP/n/LG/AcE="},"chainType":1,"messageKeys":{}}},"pendingPreKey":{"signedKeyId":1,"baseKey":"BW385Ps+r8eLLII98sMV8PS9lB2BXH3PFm0ALRRrCPAT"}}},"version":"v1"}