{"_sessions":{"BTdd54SotMuU45AM76eR2FcFmK/JAAUNu1KIhgUvQOVs":{"registrationId":1926251887,"currentRatchet":{"ephemeralKeyPair":{"pubKey":"BQ0ypQtBIb1pgfuNcfVmylv9qCT0cTXnV09jPuhADoZ2","privKey":"SJUrRRtWWYpW5ItkyjpVtiExPXCoDD+wAMwMVS7C11k="},"lastRemoteEphemeralKey":"Basp6BTnMzUOsvLzLfqK+BEgXGiiT4TAUMomo4ZqQ+tZ","previousCounter":1,"rootKey":"CLgwbvHsLXYpMHQyI5SwDPrQw/NK+Z+PmKNO7pbzopQ="},"indexInfo":{"baseKey":"BTdd54SotMuU45AM76eR2FcFmK/JAAUNu1KIhgUvQOVs","baseKeyType":2,"closed":-1,"used":1722474127864,"created":1722454496164,"remoteIdentityKey":"BX42f5JjI8A0rHJ0MJhw2oiPSk/sd520YgNvsjp6PtEf"},"_chains":{"Bepe+WwFoCLJ5ZdFIholm4IfEpsnYOJrMB35NRZ3UT5c":{"chainKey":{"counter":0},"chainType":2,"messageKeys":{}},"Basp6BTnMzUOsvLzLfqK+BEgXGiiT4TAUMomo4ZqQ+tZ":{"chainKey":{"counter":0,"key":"v2cUH6OCXPddJxTmLFsE4jp6G/Qpij2a+iAlVjtJgMY="},"chainType":2,"messageKeys":{}},"BQ0ypQtBIb1pgfuNcfVmylv9qCT0cTXnV09jPuhADoZ2":{"chainKey":{"counter":5,"key":"6/Hh1U9cHuL+3TTrm1YIGGJjYr7ApPNUZHBM1V9s23Y="},"chainType":1,"messageKeys":{}}}}},"version":"v1"}