{"_sessions":{"BXJUk6o13g2/JdeVx61aZqUyiG4d4GqnJ3QoUxkyJJlm":{"registrationId":923927173,"currentRatchet":{"ephemeralKeyPair":{"pubKey":"BcvZF7RVl20JTBfCyHuKpU9QAUWIklnrB9TKp/C2FaxA","privKey":"cEqY23CgaSYwJWD2BZLlZzhPN4U5bMIeGWoYkefvhFU="},"lastRemoteEphemeralKey":"BStDaYobrtOfz0siV7XTV5UA7mV9qJCuA62AAR8N6pxM","previousCounter":0,"rootKey":"3eUG5FxLMQ1I37Tt7lu7sFHcU3qeGhYuRlqrwEEDR7M="},"indexInfo":{"baseKey":"BXJUk6o13g2/JdeVx61aZqUyiG4d4GqnJ3QoUxkyJJlm","baseKeyType":1,"closed":-1,"used":1722454513076,"created":1722454513076,"remoteIdentityKey":"BWCKFFnjvgr57xYHcC1R/JC7vE3Z2BfauNefJD+UCw01"},"_chains":{"BcvZF7RVl20JTBfCyHuKpU9QAUWIklnrB9TKp/C2FaxA":{"chainKey":{"counter":7,"key":"iCSdW11IiSuTl3OkQfo6PzwZuBTDIPOdPZURRiL8Hf8="},"chainType":1,"messageKeys":{}}},"pendingPreKey":{"signedKeyId":12,"baseKey":"BXJUk6o13g2/JdeVx61aZqUyiG4d4GqnJ3QoUxkyJJlm","preKeyId":5199388}}},"version":"v1"}