{"_sessions":{"BdBaHr8rxsDqhCfLAvdQbZcSAt8Q9WCeA93gDsA2RN14":{"registrationId":947535372,"currentRatchet":{"ephemeralKeyPair":{"pubKey":"BQiIPkxrWGXH4Jg6QOL3F8VNO8dXD2MtThlFgoqBLtpL","privKey":"uGSARe00It1DLdNZvROxoR6KUYxHK6HcOkKmSQ/UdUM="},"lastRemoteEphemeralKey":"Bb80CbUM4C9JBzVYvBZxvCoWmAtvjscRF455HmLfxlMX","previousCounter":0,"rootKey":"vOJXEmI9+CPgc/j9/CavNIv0V9AGFjJfReIStkmqQfE="},"indexInfo":{"baseKey":"BdBaHr8rxsDqhCfLAvdQbZcSAt8Q9WCeA93gDsA2RN14","baseKeyType":1,"closed":-1,"used":1722302916070,"created":1722302916070,"remoteIdentityKey":"BduQTTZK3FArekEh4n40G+yQe9zajt2tnIIQxw2l9xtf"},"_chains":{"BQiIPkxrWGXH4Jg6QOL3F8VNO8dXD2MtThlFgoqBLtpL":{"chainKey":{"counter":76,"key":"dOoCeVRsuqIPM82zTdo/kzqJk3Lz9ucKhz7C4VNXmRM="},"chainType":1,"messageKeys":{}}},"pendingPreKey":{"signedKeyId":20,"baseKey":"BdBaHr8rxsDqhCfLAvdQbZcSAt8Q9WCeA93gDsA2RN14","preKeyId":2700025}}},"version":"v1"}