{"_sessions":{"BdHmgCnuawde3T+TRg0tdZ/cYWQoNDB3UPe5Xp9+dvgh":{"registrationId":10240,"currentRatchet":{"ephemeralKeyPair":{"pubKey":"BRoqP7bTFHpxG8VaGf4pMZ1R0ZAR/jrWQuLldesw8jEo","privKey":"iNy/msOGg7ZjAvLke4kDVIB2bC67AUTr9M+uJTap92Y="},"lastRemoteEphemeralKey":"BdVuXqQwiFAwqlpXkGxtntZnJIZoQbU6cpIEaFVbM61v","previousCounter":0,"rootKey":"1ftzXF5MM6T5GEFkgtpF17oD7+9L3jq4Xco8KSiqVCE="},"indexInfo":{"baseKey":"BdHmgCnuawde3T+TRg0tdZ/cYWQoNDB3UPe5Xp9+dvgh","baseKeyType":1,"closed":-1,"used":1722224746459,"created":1722224746459,"remoteIdentityKey":"BdWEf0Ql9QztzSz1KkTjX2L+nOOYCvvctovbAEr/Pj5J"},"_chains":{"BRoqP7bTFHpxG8VaGf4pMZ1R0ZAR/jrWQuLldesw8jEo":{"chainKey":{"counter":6,"key":"xrc0XspEOkCaVFQOXHiCnEpn/IrZrQPynezoGLV4IDQ="},"chainType":1,"messageKeys":{}}},"pendingPreKey":{"signedKeyId":1,"baseKey":"BdHmgCnuawde3T+TRg0tdZ/cYWQoNDB3UPe5Xp9+dvgh"}}},"version":"v1"}