{"_sessions":{"Ba++Vg7r35rxyOjK/1iDqTR2XpD8BD10sFDwdqxizaB6":{"registrationId":106420362,"currentRatchet":{"ephemeralKeyPair":{"pubKey":"BcfldwJ7j2PZwNI2o2QzK5dacqtzgMtPMiHwTyA3AyxJ","privKey":"CFt6WRIMUTmgJV91voHeccrovhuoxZimZf0UMxwG2Gc="},"lastRemoteEphemeralKey":"BbCAuUupkcCwUszMcHNDwvdOSBfwQscL/m4EeXiOgONc","previousCounter":0,"rootKey":"DkY5bq6OBOzpXdZ2whOwfzTghVaAdnOjHvGD9Zwl7+M="},"indexInfo":{"baseKey":"Ba++Vg7r35rxyOjK/1iDqTR2XpD8BD10sFDwdqxizaB6","baseKeyType":1,"closed":-1,"used":1722302914987,"created":1722302914987,"remoteIdentityKey":"BctwLHjImBxjKU1p9dPwnD9cf446PiGp6LoVsgx3WSE7"},"_chains":{"BcfldwJ7j2PZwNI2o2QzK5dacqtzgMtPMiHwTyA3AyxJ":{"chainKey":{"counter":76,"key":"PeDWi4AZODC7ewh6YjpT2zKE3lTaJuuyxPet4Z0+G58="},"chainType":1,"messageKeys":{}}},"pendingPreKey":{"signedKeyId":3,"baseKey":"Ba++Vg7r35rxyOjK/1iDqTR2XpD8BD10sFDwdqxizaB6","preKeyId":8231623}}},"version":"v1"}