{"_sessions":{"BXgAoxPQA1Ph8STtU15fK7Pprca871WUrH/9dikg5qQy":{"registrationId":896800293,"currentRatchet":{"ephemeralKeyPair":{"pubKey":"BXKu2jTv+e7VuPtHIZMrMmMNAXiPgBAT0TFFZd/5aDQN","privKey":"SAdKXvJfqbtuxjLRuVVavIKqJMt83+zNJlViTfO4knk="},"lastRemoteEphemeralKey":"BZhsGkf+xfOzAZ1TNZ85Uj/lr/ZJbuzkQB60Fp59i4Mg","previousCounter":0,"rootKey":"QQts3GuBFeKFVzlu9Cft/rCOK1zUjq4EMpI1G0A4W1M="},"indexInfo":{"baseKey":"BXgAoxPQA1Ph8STtU15fK7Pprca871WUrH/9dikg5qQy","baseKeyType":1,"closed":-1,"used":1722224746055,"created":1722224746055,"remoteIdentityKey":"BQWgGitzG4Bi1Kf4n1GUjyI9b0MYNJHjMZPjGLJJDqUM"},"_chains":{"BXKu2jTv+e7VuPtHIZMrMmMNAXiPgBAT0TFFZd/5aDQN":{"chainKey":{"counter":6,"key":"Ho9hx7A0jTkWHGMI1Z88zRiHTqFHM8ghCOULPxKgfkM="},"chainType":1,"messageKeys":{}}},"pendingPreKey":{"signedKeyId":11614824,"baseKey":"BXgAoxPQA1Ph8STtU15fK7Pprca871WUrH/9dikg5qQy"}}},"version":"v1"}