{"_sessions":{"BV9mloSnfdTqoq9OWKXbSrDzwcaRyy3Imhaje8quOIsw":{"registrationId":11037,"currentRatchet":{"ephemeralKeyPair":{"pubKey":"BaNwTZiR5XV3cyDA8LcDwqHYRCHHFbL5HqJZCTxMialg","privKey":"CMqwb/kn0fdmvBexlC8YR4sb7gSqEP+N04An1WAfn0M="},"lastRemoteEphemeralKey":"BYKHPUEECK4zGlCNJNjtFHXe+HZAaPV4yy9sljOuat5Z","previousCounter":0,"rootKey":"4ZIHIJtQ2CumCUGZnU1ljIq1C5iYo9cXr5aAlCWpldo="},"indexInfo":{"baseKey":"BV9mloSnfdTqoq9OWKXbSrDzwcaRyy3Imhaje8quOIsw","baseKeyType":1,"closed":-1,"used":1722224745892,"created":1722224745892,"remoteIdentityKey":"BdzdRlR+B6IkC/OvLbae0VOFm4/ZVNR83F6FUx0pkGo4"},"_chains":{"BaNwTZiR5XV3cyDA8LcDwqHYRCHHFbL5HqJZCTxMialg":{"chainKey":{"counter":6,"key":"SW8mUC43n0AxHuK6IvXqA5xixhEZ01uceIvBTCpXivs="},"chainType":1,"messageKeys":{}}},"pendingPreKey":{"signedKeyId":1,"baseKey":"BV9mloSnfdTqoq9OWKXbSrDzwcaRyy3Imhaje8quOIsw"}}},"version":"v1"}