{"_sessions":{"BSE5CEABnd/9rahlqG/jiQBkijvmJ2fNTmPzaqxY5IJZ":{"registrationId":4913,"currentRatchet":{"ephemeralKeyPair":{"pubKey":"BTKLSHTCl1r+L5mkHMtEMV5HARTxXINIREOkEVd13RRz","privKey":"uPcQFTjSCvf77Gg0fSp0wKEtBjZL8ZtoFaQE1xw3U14="},"lastRemoteEphemeralKey":"BYoOebvqCUu3tL4SvQARvnBooG39hmFrU5fBWRxWnKNC","previousCounter":0,"rootKey":"NjWc+lZ989kLjOBbxyNgcBF42CmGGw10MyvcV213RQA="},"indexInfo":{"baseKey":"BSE5CEABnd/9rahlqG/jiQBkijvmJ2fNTmPzaqxY5IJZ","baseKeyType":1,"closed":-1,"used":1722302914501,"created":1722302914501,"remoteIdentityKey":"BU0HMSS84DlRNOzh3IG+Lyk2j5+op2vTr0vlmwAOWjIh"},"_chains":{"BTKLSHTCl1r+L5mkHMtEMV5HARTxXINIREOkEVd13RRz":{"chainKey":{"counter":76,"key":"ur6xu7tL3YtBQqHwyzFItvuh4IjrPunUixm4dGelXYk="},"chainType":1,"messageKeys":{}}},"pendingPreKey":{"signedKeyId":1,"baseKey":"BSE5CEABnd/9rahlqG/jiQBkijvmJ2fNTmPzaqxY5IJZ"}}},"version":"v1"}