{"_sessions":{"BRMoyWNLSl2k6cPq7ZGmv2xm8iwKG2g7efMCoHEcrd8l":{"registrationId":157,"currentRatchet":{"ephemeralKeyPair":{"pubKey":"BWckuSHPPVxr1DptmBe5GLm7b4DeaH8jowyk7fwhY8s0","privKey":"kGtcJAw0T1HR5P5vvF+s832F2l7kNfxEGsKrwcXqgXM="},"lastRemoteEphemeralKey":"Bdklx2LCG8PH7OkKZOvxPK6llbgPuVTu3Fh8A5bdUMVh","previousCounter":0,"rootKey":"vJXXkfavTXQuOUMdFC3CCdBoeLJEDJL7wPd8Pt534zQ="},"indexInfo":{"baseKey":"BRMoyWNLSl2k6cPq7ZGmv2xm8iwKG2g7efMCoHEcrd8l","baseKeyType":1,"closed":1722467056488,"used":1722450555876,"created":1722450555876,"remoteIdentityKey":"BXeA7dx2iXtcJZmu8DhdK8/arsZ2R2eG95/UCst8Z/5q"},"_chains":{"BWckuSHPPVxr1DptmBe5GLm7b4DeaH8jowyk7fwhY8s0":{"chainKey":{"counter":0,"key":"DZfulTc6siOIzy+KCfZ5sIXFzNLqwrY3Z/xprrPRytQ="},"chainType":1,"messageKeys":{}}},"pendingPreKey":{"signedKeyId":1,"baseKey":"BRMoyWNLSl2k6cPq7ZGmv2xm8iwKG2g7efMCoHEcrd8l","preKeyId":170}},"BTrx4++glPPyaqGZnCGTn225lbBgDDgvjzuY7hhnuP9R":{"registrationId":157,"currentRatchet":{"ephemeralKeyPair":{"pubKey":"BfjyqZarrTF387zIlGqDetB53vNlIq5cU1/zHmOaf2Vr","privKey":"cHnydEwj7aOIIjUD3BhkQ1jucDMN3VcXiAvyhzSWFlY="},"lastRemoteEphemeralKey":"BR223YmYx3mLPSvTUxohA8h/1pD36lbfUEVv1J7Z8vUr","previousCounter":0,"rootKey":"IRWRG95MzcytvsjUyFwRcBV6ZxhUdz7KgSpcDqJtCtw="},"indexInfo":{"baseKey":"BTrx4++glPPyaqGZnCGTn225lbBgDDgvjzuY7hhnuP9R","baseKeyType":2,"closed":1722467062074,"used":1722467056558,"created":1722467056558,"remoteIdentityKey":"BXeA7dx2iXtcJZmu8DhdK8/arsZ2R2eG95/UCst8Z/5q"},"_chains":{"BR223YmYx3mLPSvTUxohA8h/1pD36lbfUEVv1J7Z8vUr":{"chainKey":{"counter":17,"key":"ce6qA7G7NnGN20j1cy5dqbRi7rT/BFjpoCrX3b85zs4="},"chainType":2,"messageKeys":{"2":"L56lOrCIkPKCBC4beU9sLV9U2Lcgm2UaEpFBzaFPNNk=","3":"voZWbUHGDdUcj6GE5QmBymfaD6uo9rwotugrwiLnlzA=","4":"BN/ZizSTU6DFp0IjmyxdseGtRS6wi8uM6HZUfeNXcj8=","5":"GtWD3r2a2AkZ4A4bRZ/duOtHx2Akvnei97zelkeEt8k=","7":"Emfxp1PNkw+dmdjO0sFe2REfAhqYrLfx4GIsSlix5ds=","8":"P/rJQDr34w6tex5w1u89HStMatW4XcLQjYQpqinfCjA=","9":"Mvi3iYnB9OiIr2bOlLEM+eLU9Ze6sUFy46Qvb4wRqAU=","10":"jdztXBjXwaYcn7YiEBezVyMmnSEexLp7rlH1Gfm0HmI=","12":"KGqSKoUq0dpOK5wGIGIUoOe/Ipk2hHez4uiitR/vIBY="}},"BfjyqZarrTF387zIlGqDetB53vNlIq5cU1/zHmOaf2Vr":{"chainKey":{"counter":-1,"key":"A/RUX48BXcrUv8zENHkn3C3AdZ5z/t//b6SnBeGgxBs="},"chainType":1,"messageKeys":{}}}},"BTdtKi8fIM4hZhWilOG5+YNVoGF6rqXk7yfjr07RMjpk":{"registrationId":157,"currentRatchet":{"ephemeralKeyPair":{"pubKey":"BWlfC4m8imT5BasyIF5G2brgC33ok9hxyt4b0y/8up8O","privKey":"aD55utU0OAZxrr/k6jrqomrH8ubAWcdVHMN2erTHJkI="},"lastRemoteEphemeralKey":"Bdklx2LCG8PH7OkKZOvxPK6llbgPuVTu3Fh8A5bdUMVh","previousCounter":0,"rootKey":"vxl0EUMfO9zbTeLW0klRH1aJyxD4w9EyCYYRreL8m9k="},"indexInfo":{"baseKey":"BTdtKi8fIM4hZhWilOG5+YNVoGF6rqXk7yfjr07RMjpk","baseKeyType":1,"closed":1722467293973,"used":1722467062073,"created":1722467062073,"remoteIdentityKey":"BXeA7dx2iXtcJZmu8DhdK8/arsZ2R2eG95/UCst8Z/5q"},"_chains":{"BWlfC4m8imT5BasyIF5G2brgC33ok9hxyt4b0y/8up8O":{"chainKey":{"counter":0,"key":"cJo+kpP4UPcqDjVk1c9VL75l09ok7nWSLpJdoB0W0OE="},"chainType":1,"messageKeys":{}}},"pendingPreKey":{"signedKeyId":1,"baseKey":"BTdtKi8fIM4hZhWilOG5+YNVoGF6rqXk7yfjr07RMjpk"}},"Be0cbDNKxgG8GVAe5ymHj89MGJ/PoqFkJw0hBzE0tPYr":{"registrationId":157,"currentRatchet":{"ephemeralKeyPair":{"pubKey":"BWHjgCfr/0dgFQFYvV9uWQ1bpHGINIVpjb1VQeRo5E0p","privKey":"IJL59MJnjrHghz5ofN/wCaZjQR6ad3fi9QLiDrDNF0g="},"lastRemoteEphemeralKey":"Bdklx2LCG8PH7OkKZOvxPK6llbgPuVTu3Fh8A5bdUMVh","previousCounter":0,"rootKey":"j5OMmChzhcY6WBFRwxjNfB70MgTooUXFkTJE/Fdy7JY="},"indexInfo":{"baseKey":"Be0cbDNKxgG8GVAe5ymHj89MGJ/PoqFkJw0hBzE0tPYr","baseKeyType":1,"closed":1722467378482,"used":1722467293958,"created":1722467293958,"remoteIdentityKey":"BXeA7dx2iXtcJZmu8DhdK8/arsZ2R2eG95/UCst8Z/5q"},"_chains":{"BWHjgCfr/0dgFQFYvV9uWQ1bpHGINIVpjb1VQeRo5E0p":{"chainKey":{"counter":0,"key":"yYssu/SbZA+Vz4VvVdD08zRT4/6qVe6GAOF6q+Cnxts="},"chainType":1,"messageKeys":{}}},"pendingPreKey":{"signedKeyId":1,"baseKey":"Be0cbDNKxgG8GVAe5ymHj89MGJ/PoqFkJw0hBzE0tPYr"}},"BVUU8IsaGYNs+sIiwgVwZ5PLMebEz1+hPf7rUBYYANcz":{"registrationId":157,"currentRatchet":{"ephemeralKeyPair":{"pubKey":"BTmNxAGNCm8UB7BdfIaIO5/H1lAUiAIzJP72ejbwTLUc","privKey":"KAhUUpxy8BobffYnsI9b2EEYj99Ybu5F/WcaCcgNrk0="},"lastRemoteEphemeralKey":"Bdklx2LCG8PH7OkKZOvxPK6llbgPuVTu3Fh8A5bdUMVh","previousCounter":0,"rootKey":"/AFeowFukhhunrNSiEObtwEy6msKf7UuNGJ/dZ/Nml8="},"indexInfo":{"baseKey":"BVUU8IsaGYNs+sIiwgVwZ5PLMebEz1+hPf7rUBYYANcz","baseKeyType":1,"closed":1722468531495,"used":1722467378480,"created":1722467378480,"remoteIdentityKey":"BXeA7dx2iXtcJZmu8DhdK8/arsZ2R2eG95/UCst8Z/5q"},"_chains":{"BTmNxAGNCm8UB7BdfIaIO5/H1lAUiAIzJP72ejbwTLUc":{"chainKey":{"counter":0,"key":"Sy3FOXcgHBHP3lzWbW1ZDCA994soCTU8BsY+l1EFjUU="},"chainType":1,"messageKeys":{}}},"pendingPreKey":{"signedKeyId":1,"baseKey":"BVUU8IsaGYNs+sIiwgVwZ5PLMebEz1+hPf7rUBYYANcz"}},"BeqkE8zCVVLrHJJuOms6ecnPsoWkJnce35lrYpPvFjc/":{"registrationId":157,"currentRatchet":{"ephemeralKeyPair":{"pubKey":"BU9khcdxPyOUmehcFspKvB6iauw1sVQ2x2UrmNtPsxQ3","privKey":"EJskXymC+6lXlk+rcSAcJbOdyGKmvnTT3DJ6PSrGxlE="},"lastRemoteEphemeralKey":"Bdklx2LCG8PH7OkKZOvxPK6llbgPuVTu3Fh8A5bdUMVh","previousCounter":0,"rootKey":"UX+Z2YJKBm9CoTH785lGQZ7HNXGr+kHkd7HCE7W2uSU="},"indexInfo":{"baseKey":"BeqkE8zCVVLrHJJuOms6ecnPsoWkJnce35lrYpPvFjc/","baseKeyType":1,"closed":1722468541092,"used":1722468531492,"created":1722468531492,"remoteIdentityKey":"BXeA7dx2iXtcJZmu8DhdK8/arsZ2R2eG95/UCst8Z/5q"},"_chains":{"BU9khcdxPyOUmehcFspKvB6iauw1sVQ2x2UrmNtPsxQ3":{"chainKey":{"counter":0,"key":"CVujGtial6ve+T1nsd5PDUh1rwkWRfFktn4QE3nyieY="},"chainType":1,"messageKeys":{}}},"pendingPreKey":{"signedKeyId":1,"baseKey":"BeqkE8zCVVLrHJJuOms6ecnPsoWkJnce35lrYpPvFjc/"}},"BXGV79KAf3JFfMssUVtv1fpPHhoo1tP3JjDVthzd+59w":{"registrationId":157,"currentRatchet":{"ephemeralKeyPair":{"pubKey":"BXS5KMVpBxta8ke7SNm56RXimuVDivCcn36eWirVq91+","privKey":"oMgbwioK9p533OZWjwsy7RARDaDREz2Bgs3vL8zbbVs="},"lastRemoteEphemeralKey":"Bdklx2LCG8PH7OkKZOvxPK6llbgPuVTu3Fh8A5bdUMVh","previousCounter":0,"rootKey":"x5GI/ztfwG2Etd+QXGAEFWBaI4VfLsMtn0lJknBg2W0="},"indexInfo":{"baseKey":"BXGV79KAf3JFfMssUVtv1fpPHhoo1tP3JjDVthzd+59w","baseKeyType":1,"closed":1722468557874,"used":1722468541083,"created":1722468541083,"remoteIdentityKey":"BXeA7dx2iXtcJZmu8DhdK8/arsZ2R2eG95/UCst8Z/5q"},"_chains":{"BXS5KMVpBxta8ke7SNm56RXimuVDivCcn36eWirVq91+":{"chainKey":{"counter":0,"key":"/LQGq/v30tpkf79TPhsMrDyS/EsNdTJK3rz5Kw07Fi0="},"chainType":1,"messageKeys":{}}},"pendingPreKey":{"signedKeyId":1,"baseKey":"BXGV79KAf3JFfMssUVtv1fpPHhoo1tP3JjDVthzd+59w"}},"BcymAkNNwgvoqIpqjxkfrVBqgc0UKd6zJQq2f44HVHso":{"registrationId":157,"currentRatchet":{"ephemeralKeyPair":{"pubKey":"BYKacLXts88yWjZg0SbktP40ucHAQzQmyL+HcSX2Sjsq","privKey":"sDsn1//y37EM4pped+aba3L8D9JFOL6wHXfFALApmXM="},"lastRemoteEphemeralKey":"Bdklx2LCG8PH7OkKZOvxPK6llbgPuVTu3Fh8A5bdUMVh","previousCounter":0,"rootKey":"6KaDu9on3ltJM5xRI5+I4N4j+6+L17Ah1+FLFseftas="},"indexInfo":{"baseKey":"BcymAkNNwgvoqIpqjxkfrVBqgc0UKd6zJQq2f44HVHso","baseKeyType":1,"closed":1722474783191,"used":1722468557859,"created":1722468557859,"remoteIdentityKey":"BXeA7dx2iXtcJZmu8DhdK8/arsZ2R2eG95/UCst8Z/5q"},"_chains":{"BYKacLXts88yWjZg0SbktP40ucHAQzQmyL+HcSX2Sjsq":{"chainKey":{"counter":1,"key":"n2UQNJRw5icb5tTLiKdLVmOq9wkkMLA5SL5J+jRdKdg="},"chainType":1,"messageKeys":{}}},"pendingPreKey":{"signedKeyId":1,"baseKey":"BcymAkNNwgvoqIpqjxkfrVBqgc0UKd6zJQq2f44HVHso"}},"BUR/LmtG7/ep0oG363X58yH6OEStZPTHq9OgN8YInphe":{"registrationId":157,"currentRatchet":{"ephemeralKeyPair":{"pubKey":"BQ+++S0E6BeFXM/S/nwipMRg/UmUIh4+Psk8pd0MUg0L","privKey":"EM4wBwYZlqQxNJPoxyjHWPkcqUX2ZA5NY2VjIbtR8kI="},"lastRemoteEphemeralKey":"BV7ASYe6YsPI3IgWMbVQWm9KgwYogxz4pf8JCb/mk6Ag","previousCounter":0,"rootKey":"YV0RBYfU/3P8dt37Lfj7sIdVM+AhuPDEva2qy24gi1I="},"indexInfo":{"baseKey":"BUR/LmtG7/ep0oG363X58yH6OEStZPTHq9OgN8YInphe","baseKeyType":2,"closed":1722475005574,"used":1722474783204,"created":1722474783204,"remoteIdentityKey":"BXeA7dx2iXtcJZmu8DhdK8/arsZ2R2eG95/UCst8Z/5q"},"_chains":{"BV7ASYe6YsPI3IgWMbVQWm9KgwYogxz4pf8JCb/mk6Ag":{"chainKey":{"counter":21,"key":"TBqCvAiyu9bSxBeS/zmFACUslxF4ikmFCwZ/uJ210Is="},"chainType":2,"messageKeys":{"3":"BSy17aoevHTNgmFjlmID6Jer6oLXz0/ndjNo3WE1zWY="}},"BQ+++S0E6BeFXM/S/nwipMRg/UmUIh4+Psk8pd0MUg0L":{"chainKey":{"counter":-1,"key":"+LuUPK9Mm/EVGJTcvr09OKl9YoE/4dvgA7YcsuoT3Bc="},"chainType":1,"messageKeys":{}}}},"BevC7cR9ChW5Lp3Sg/MkgPszXmnsZaRcgBz3/9lCRqsy":{"registrationId":157,"currentRatchet":{"ephemeralKeyPair":{"pubKey":"BSK1J+VpXIWK+BDBm3xVDOTedKI+XANXjvXzV77qSkpa","privKey":"IIn3QFyzzSuH9P+T9jZN1S1FN9Q6HV7vSv3LdfnnWW0="},"lastRemoteEphemeralKey":"Bdklx2LCG8PH7OkKZOvxPK6llbgPuVTu3Fh8A5bdUMVh","previousCounter":0,"rootKey":"smSfhJVGJ8tc3Zmxu3mphGUVLRfNiJ9OkYYr6npAkIU="},"indexInfo":{"baseKey":"BevC7cR9ChW5Lp3Sg/MkgPszXmnsZaRcgBz3/9lCRqsy","baseKeyType":1,"closed":-1,"used":1722475005571,"created":1722475005571,"remoteIdentityKey":"BXeA7dx2iXtcJZmu8DhdK8/arsZ2R2eG95/UCst8Z/5q"},"_chains":{"BSK1J+VpXIWK+BDBm3xVDOTedKI+XANXjvXzV77qSkpa":{"chainKey":{"counter":2,"key":"ey90KLoHl2qrayTPvVVOkofn6H8R8aknILrZFhbjLAw="},"chainType":1,"messageKeys":{}}},"pendingPreKey":{"signedKeyId":1,"baseKey":"BevC7cR9ChW5Lp3Sg/MkgPszXmnsZaRcgBz3/9lCRqsy"}}},"version":"v1"}