{"_sessions":{"BRo8ofRn0GQRuqw5y59OlZcRJnR7SRTGAbFAHWf/2RcW":{"registrationId":592033608,"currentRatchet":{"ephemeralKeyPair":{"pubKey":"BSbvVV2A5dwUAS2jNLptaZBjeeduxrV4S6eq0QMF+zE+","privKey":"eOz46qkeKyT0yks8GXMyGk2oebuEKpZweXWqN+a7XmY="},"lastRemoteEphemeralKey":"BYdcqFda9oZEo4Qhbg00QxTP7yZpqDyjHZLupckgMq42","previousCounter":0,"rootKey":"kEUOUm4hafq/A+8l8WM6Ke9BfyUAT064b4pamwZxbWo="},"indexInfo":{"baseKey":"BRo8ofRn0GQRuqw5y59OlZcRJnR7SRTGAbFAHWf/2RcW","baseKeyType":1,"closed":-1,"used":1722454512299,"created":1722454512299,"remoteIdentityKey":"BeY9roiZmMCCo+2JXmEVINNL/hBg6qzmTiP52b8l4GAv"},"_chains":{"BSbvVV2A5dwUAS2jNLptaZBjeeduxrV4S6eq0QMF+zE+":{"chainKey":{"counter":7,"key":"0HWS86B7XAC7Er2YSofpChElNBVgAJpWrx75rgpkunI="},"chainType":1,"messageKeys":{}}},"pendingPreKey":{"signedKeyId":1,"baseKey":"BRo8ofRn0GQRuqw5y59OlZcRJnR7SRTGAbFAHWf/2RcW","preKeyId":13056661}}},"version":"v1"}