{"_sessions":{"Bdo/giH2HPNaPU+VIBY7zR1TqemqRjn+09Bq+A65KX1J":{"registrationId":1736889558,"currentRatchet":{"ephemeralKeyPair":{"pubKey":"BZNTmybE062CHShJNGZCKu+3diXB9INcM/CqCpvgJ8F9","privKey":"WJOlb4D/PnxahU/o8Tev+vr2E0SW2uUAgrOvh8SBeHQ="},"lastRemoteEphemeralKey":"BScyiweDTcGolKZqVjZuLblPTjKUIwMiZJlXBxqZFgQ6","previousCounter":0,"rootKey":"RqHqImTQunR9YeTc4k8CKvFdvpCOK+1XdSmoipnUl38="},"indexInfo":{"baseKey":"Bdo/giH2HPNaPU+VIBY7zR1TqemqRjn+09Bq+A65KX1J","baseKeyType":1,"closed":-1,"used":1722454512474,"created":1722454512474,"remoteIdentityKey":"BceU6vfSzaB6bhuBUpyGbIqS6R2vqFgN3tyZT5r+1/QV"},"_chains":{"BZNTmybE062CHShJNGZCKu+3diXB9INcM/CqCpvgJ8F9":{"chainKey":{"counter":7,"key":"IFDrVw2wt+L6rr7oH8H10ubkdv7WxrIYEmzE+1d6OmM="},"chainType":1,"messageKeys":{}}},"pendingPreKey":{"signedKeyId":1,"baseKey":"Bdo/giH2HPNaPU+VIBY7zR1TqemqRjn+09Bq+A65KX1J","preKeyId":13333907}}},"version":"v1"}