{"_sessions":{"BemiRMNo+xCON2sILWzz47JYKCEiyl3kCrh8qH78bxUB":{"registrationId":666138205,"currentRatchet":{"ephemeralKeyPair":{"pubKey":"BReU+W/m6ysdu0cKwMm9E72PwN/cWmKObDrlnKzDSMIC","privKey":"mAapzGti0s0lXJ3o5dp1AMbITLX7d+ngEF8z4XhNLWU="},"lastRemoteEphemeralKey":"BQPCwoO2JldiXeWophU4p3/nlNqOFtHzLwd/ZXp1B/sI","previousCounter":0,"rootKey":"XeMrWv2pO+HpMrYovZvOqF0RkQJ3KiEwaInc72W+JNM="},"indexInfo":{"baseKey":"BemiRMNo+xCON2sILWzz47JYKCEiyl3kCrh8qH78bxUB","baseKeyType":1,"closed":-1,"used":1722224748772,"created":1722224748772,"remoteIdentityKey":"Be4OToINgkL5rU8n3y/pX7HBbrP36tAOMhG+ieWxxTNs"},"_chains":{"BReU+W/m6ysdu0cKwMm9E72PwN/cWmKObDrlnKzDSMIC":{"chainKey":{"counter":6,"key":"mJ7OuKptQqkrzOLhRNbztiJO8kj54lEsyENPhms0CR0="},"chainType":1,"messageKeys":{}}},"pendingPreKey":{"signedKeyId":0,"baseKey":"BemiRMNo+xCON2sILWzz47JYKCEiyl3kCrh8qH78bxUB","preKeyId":3734883}}},"version":"v1"}