{"_sessions":{"BVxV2u5ICGLWCHTgVOIAEj8/uReYQYY6uEv6sDGRodYv":{"registrationId":1636165780,"currentRatchet":{"ephemeralKeyPair":{"pubKey":"BeOnahxWxigno8pUHUhtm5u6JFCLIf20nO+J64RZPzUW","privKey":"AOOtgHluCWoG+z7Jt1mYYhOqniboyPHi87ChJUEOsUw="},"lastRemoteEphemeralKey":"BUDRnP1dQBluqPQJiQI/su9KhultR9yTO2AEHYREWIE6","previousCounter":0,"rootKey":"DJHP9sF6BhLHVOX6NnJxjKa8AAylRCjxx429SZkyL5E="},"indexInfo":{"baseKey":"BVxV2u5ICGLWCHTgVOIAEj8/uReYQYY6uEv6sDGRodYv","baseKeyType":1,"closed":-1,"used":1722224749596,"created":1722224749596,"remoteIdentityKey":"BZrHgmb3LoYQQa3KGsPwuh9oTpE0iwvWNOzeOOT+oClu"},"_chains":{"BeOnahxWxigno8pUHUhtm5u6JFCLIf20nO+J64RZPzUW":{"chainKey":{"counter":6,"key":"/lDJeHkis9UhpRwv6CPu2OtOBpKHxMIl6VqJUtx8keI="},"chainType":1,"messageKeys":{}}},"pendingPreKey":{"signedKeyId":50,"baseKey":"BVxV2u5ICGLWCHTgVOIAEj8/uReYQYY6uEv6sDGRodYv","preKeyId":12166118}}},"version":"v1"}