{"_sessions":{"BfkqpUzp+Pp9WOYiD1rkS2XZsNor5SHXzN2Ryw4uSyY8":{"registrationId":1361786231,"currentRatchet":{"ephemeralKeyPair":{"pubKey":"Be4SStxgmVbe0Ujg8wjooYT6g/YXEp1GVYYH8KT1rvQ5","privKey":"uKOSuU0YXVaK+Gqp0jf8I2pMkGhdc8kxy856e5XcJ0A="},"lastRemoteEphemeralKey":"BcI8PZoAgiR68CX56j4PA9crvwfPiIy4TKZskcYruEc/","previousCounter":0,"rootKey":"3j7Hss0h589ltRlwdIDmqdtbSrt9gKnBiI5GaNFXWGg="},"indexInfo":{"baseKey":"BfkqpUzp+Pp9WOYiD1rkS2XZsNor5SHXzN2Ryw4uSyY8","baseKeyType":1,"closed":-1,"used":1722224748068,"created":1722224748068,"remoteIdentityKey":"BT7bETqPaFtPmeplOZ6TT+e7inLOA9ZTQ7NgoRYoHNAM"},"_chains":{"Be4SStxgmVbe0Ujg8wjooYT6g/YXEp1GVYYH8KT1rvQ5":{"chainKey":{"counter":6,"key":"LiWg2czMWuYG64pQikXGR97PwU6ZgMADOvweIfbkLiA="},"chainType":1,"messageKeys":{}}},"pendingPreKey":{"signedKeyId":3,"baseKey":"BfkqpUzp+Pp9WOYiD1rkS2XZsNor5SHXzN2Ryw4uSyY8"}}},"version":"v1"}