{"_sessions":{"BTe51afsioOqSmBXUBYtnXgLGOht6kVaVsehbw/97JQZ":{"registrationId":127889055,"currentRatchet":{"ephemeralKeyPair":{"pubKey":"BUlL/DOpXYIB3vrM8T4pMFXGrSan+MJELsq8MTMnIc4V","privKey":"yOA3Ck8w1R3rSLPIydCDCkxXpOtNkLmN3XKjOIarc20="},"lastRemoteEphemeralKey":"BR+/5IG4VfJHkaLewCcgrhINc2/vKSxhlfgCqr3gNJcO","previousCounter":0,"rootKey":"zveXSV+xtCHZAzyGKCpbuH9c5THyuMA8EEr9DH59PFw="},"indexInfo":{"baseKey":"BTe51afsioOqSmBXUBYtnXgLGOht6kVaVsehbw/97JQZ","baseKeyType":1,"closed":-1,"used":1722302916182,"created":1722302916182,"remoteIdentityKey":"BTeIMZnpp1LkWz/EvnvstFi/4XXWmIdLGWH1MBuYWYsg"},"_chains":{"BUlL/DOpXYIB3vrM8T4pMFXGrSan+MJELsq8MTMnIc4V":{"chainKey":{"counter":76,"key":"1JkdbRn+gVgs/uD7pFhJt47dvoKOuz3V+RSlqee7p+4="},"chainType":1,"messageKeys":{}}},"pendingPreKey":{"signedKeyId":3,"baseKey":"BTe51afsioOqSmBXUBYtnXgLGOht6kVaVsehbw/97JQZ","preKeyId":6067429}}},"version":"v1"}