{"_sessions":{"BZiOWycGBCJ63h3V+ExMGatnGD8lQjQpzTU82uBn1T0w":{"registrationId":1326783156,"currentRatchet":{"ephemeralKeyPair":{"pubKey":"BdWR9hdZLs7Ero5PEjiqpF/7Mn4vB6qk+uFaOFykHDo6","privKey":"AKwAlthG7V+Fu6jGHau9fVbwrVr3xwIqjYJDp3N0DkQ="},"lastRemoteEphemeralKey":"BbrXMIWwfqTN8ynLhhpMaHNdSmnJ/A8LDeVQm4btC1J9","previousCounter":0,"rootKey":"jvW8tuXEEo2ZpqGwKwbMARgBLlk7hZjvLXHOWDuR6Ec="},"indexInfo":{"baseKey":"BZiOWycGBCJ63h3V+ExMGatnGD8lQjQpzTU82uBn1T0w","baseKeyType":1,"closed":-1,"used":1722302915377,"created":1722302915377,"remoteIdentityKey":"BX+ofmAZF2pBssCcGkfOXMjIlWRS1a8/SgzQwVJrvYd5"},"_chains":{"BdWR9hdZLs7Ero5PEjiqpF/7Mn4vB6qk+uFaOFykHDo6":{"chainKey":{"counter":76,"key":"Z9+pn4Puowl+iJwKQARg8HGO2ry9qlXavxZVzLulUK8="},"chainType":1,"messageKeys":{}}},"pendingPreKey":{"signedKeyId":6,"baseKey":"BZiOWycGBCJ63h3V+ExMGatnGD8lQjQpzTU82uBn1T0w","preKeyId":13017375}}},"version":"v1"}