{"_sessions":{"BdKvGbRQj6bRriNV9Z6Ucp/kmR57YFpPCV2U7I+CYTUP":{"registrationId":418583400,"currentRatchet":{"ephemeralKeyPair":{"pubKey":"BfZrtlddf7iC2Q9+YWXO795PtB0o47sYIFL064lzp+h8","privKey":"YCHgyH4mBHPCflxvvpr7djYe8usaOHzWx34JdMtxM14="},"lastRemoteEphemeralKey":"Beu6x325Z/rYdokzUpFQMhCZ/Mhf15XtvtydAr66mpM+","previousCounter":0,"rootKey":"Ik4AVT9YqyKiEoF2ZyCOLlsp3ZrAo7wY991HKeQZYiM="},"indexInfo":{"baseKey":"BdKvGbRQj6bRriNV9Z6Ucp/kmR57YFpPCV2U7I+CYTUP","baseKeyType":1,"closed":-1,"used":1722302916204,"created":1722302916204,"remoteIdentityKey":"BZsgjlLOeT569x0TRvOV2BIXzJe+wcNhrneV6mqeMdxS"},"_chains":{"BfZrtlddf7iC2Q9+YWXO795PtB0o47sYIFL064lzp+h8":{"chainKey":{"counter":76,"key":"Rdckwc428izSp+pxdPaJ7ic9taLuMW3IjvAAij1G7Sg="},"chainType":1,"messageKeys":{}}},"pendingPreKey":{"signedKeyId":19,"baseKey":"BdKvGbRQj6bRriNV9Z6Ucp/kmR57YFpPCV2U7I+CYTUP","preKeyId":14765403}}},"version":"v1"}