{"_sessions":{"BSrXS4T1B8fr4V8VCPwQSRc5bcxPDY3I1F+7xSyrPwtx":{"registrationId":251,"currentRatchet":{"ephemeralKeyPair":{"pubKey":"BURkIqGylAChUDlgD+e4QbUL8Oe7Yi17t4qLwP5BRbEq","privKey":"uCKU0uIdd/KcbJvBISPC+KYezG/fsptimGitdcylaGw="},"lastRemoteEphemeralKey":"BVTPqXGGyZxDAQeQszN5VPbnEwARV4AhjpZg+SUFzSJg","previousCounter":0,"rootKey":"3IuE/p2IeJnGN+7bwlA8F9Wzu1eUoMxxdexeUHJ0pow="},"indexInfo":{"baseKey":"BSrXS4T1B8fr4V8VCPwQSRc5bcxPDY3I1F+7xSyrPwtx","baseKeyType":1,"closed":-1,"used":1722454511354,"created":1722454511354,"remoteIdentityKey":"BSdHnwpcDIlY4X9gXVfsNYZMMuplUpBFoLEs3boInzsC"},"_chains":{"BURkIqGylAChUDlgD+e4QbUL8Oe7Yi17t4qLwP5BRbEq":{"chainKey":{"counter":0,"key":"2jcqFo8csqsByDtLotJYebcTU/++A541qYCg2c7N4AY="},"chainType":1,"messageKeys":{}}},"pendingPreKey":{"signedKeyId":1,"baseKey":"BSrXS4T1B8fr4V8VCPwQSRc5bcxPDY3I1F+7xSyrPwtx","preKeyId":34}}},"version":"v1"}