{"_sessions":{"BTpRMEFu0C73y0spkq/8kLk3vtu7aEBVgHkgKXQSDqY9":{"registrationId":106420362,"currentRatchet":{"ephemeralKeyPair":{"pubKey":"BRc/5glVEgiz2Yu/ENE0LnyGgeNPEzJ2W3EoXkTNgyVB","privKey":"YPdK+m6tghV5+EtviX1fnP2MtzFLg825C8lK6+eTOVk="},"lastRemoteEphemeralKey":"BbCAuUupkcCwUszMcHNDwvdOSBfwQscL/m4EeXiOgONc","previousCounter":0,"rootKey":"WMj3+6Lr25+uSHEJbUJLAQCLsziogfhHp3smv5blbBc="},"indexInfo":{"baseKey":"BTpRMEFu0C73y0spkq/8kLk3vtu7aEBVgHkgKXQSDqY9","baseKeyType":1,"closed":-1,"used":1722454511769,"created":1722454511769,"remoteIdentityKey":"BctwLHjImBxjKU1p9dPwnD9cf446PiGp6LoVsgx3WSE7"},"_chains":{"BRc/5glVEgiz2Yu/ENE0LnyGgeNPEzJ2W3EoXkTNgyVB":{"chainKey":{"counter":7,"key":"9MgKcZTprlX8//6AljyFJXcQ1STOH8Sz1xYaHzTK8TA="},"chainType":1,"messageKeys":{}}},"pendingPreKey":{"signedKeyId":3,"baseKey":"BTpRMEFu0C73y0spkq/8kLk3vtu7aEBVgHkgKXQSDqY9","preKeyId":8232237}}},"version":"v1"}