{"_sessions":{"BasNDhuj6ReoZc7tQ/mYvxIbauobEt6XVMEdpx8gezol":{"registrationId":1866318003,"currentRatchet":{"ephemeralKeyPair":{"pubKey":"BSiNm9RJwGVXHmYqqfbUHm3rw84jJMpIz52hdzZ7/Sc5","privKey":"UIXzmLjvKXs1Fi9OmN32YmBTjcB+QNzh0ZAEUpSUxE4="},"lastRemoteEphemeralKey":"BT+Gv0Fi8qYcjiLCVaOQlwubCVTIJxQD+OfYXp9UbApt","previousCounter":0,"rootKey":"mvSolPWVNf9Mf8jB6o01MyqOU5rGZKZKw3aX8/42mO8="},"indexInfo":{"baseKey":"BasNDhuj6ReoZc7tQ/mYvxIbauobEt6XVMEdpx8gezol","baseKeyType":1,"closed":-1,"used":1722224747872,"created":1722224747872,"remoteIdentityKey":"BR0QYlHEYoeY++NsawZI3ciA4o20wina3jYs5bCUSRJn"},"_chains":{"BSiNm9RJwGVXHmYqqfbUHm3rw84jJMpIz52hdzZ7/Sc5":{"chainKey":{"counter":6,"key":"dWnHCZXN4jKq03QlcQjdh8PeUgavz6YYxA71wiaBhQw="},"chainType":1,"messageKeys":{}}},"pendingPreKey":{"signedKeyId":1,"baseKey":"BasNDhuj6ReoZc7tQ/mYvxIbauobEt6XVMEdpx8gezol"}}},"version":"v1"}