{"_sessions":{"BdDM64Bl2M6h2gT55EjL9yAKUv1pxISSvZ+Z6XgMSr1p":{"registrationId":31,"currentRatchet":{"ephemeralKeyPair":{"pubKey":"BR0BgZCEZ9dYSgkZ84/ItKo9C4GXuiyI6r3f0pi9SfRE","privKey":"SB3nhw1swvQMvtblMNONgYZa4Vj7E3+z1AgWiZMCdFI="},"lastRemoteEphemeralKey":"BTmEj8BwNNMqEqElNs3vEIcqQjc6/njTFSWOdMcu40sk","previousCounter":0,"rootKey":"VgOTTTALozyP2nVad+p7Nz9l5BKIs4zhZf8pm7uJFKg="},"indexInfo":{"baseKey":"BdDM64Bl2M6h2gT55EjL9yAKUv1pxISSvZ+Z6XgMSr1p","baseKeyType":1,"closed":1722349526977,"used":1722348078765,"created":1722344064774,"remoteIdentityKey":"BY3mXLkaKozMYvcjS4MjFKgXeQX5QQz3A+B+6npB96BF"},"_chains":{"BTmEj8BwNNMqEqElNs3vEIcqQjc6/njTFSWOdMcu40sk":{"chainKey":{"counter":0,"key":"q9t4PVMuglLHF756TqpDjg1dKX6x4KVCq0L+G3kv51s="},"chainType":2,"messageKeys":{}},"BR0BgZCEZ9dYSgkZ84/ItKo9C4GXuiyI6r3f0pi9SfRE":{"chainKey":{"counter":-1,"key":"u7WaYTHtIIe1cSqDBp6HuJjOI94QogzTY7nMKDrtKLk="},"chainType":1,"messageKeys":{}}}},"BXNKVlTgZTe6PApz5VASewlmsCvJms7jKWcbC2Q1A0w4":{"registrationId":31,"currentRatchet":{"ephemeralKeyPair":{"pubKey":"BXy74XYMihNo4Vr+ZDiYLHrF5LNvc7oWQvUjQ5UkE74A","privKey":"6KQ9mxWbd7hP0MtZ6vPLqgBjpIuy7FMIH3ysU23AvFM="},"lastRemoteEphemeralKey":"BS4Nk0PEj8jgo6m+n0XDIjlYFbGEOQps016nyupqnRAq","previousCounter":6,"rootKey":"0dUxGhqIxbIkLlOkMlF/d3cPFzSfaSaMbvjl76HtUmo="},"indexInfo":{"baseKey":"BXNKVlTgZTe6PApz5VASewlmsCvJms7jKWcbC2Q1A0w4","baseKeyType":1,"closed":1722389990980,"used":1722385992196,"created":1722349526971,"remoteIdentityKey":"BY3mXLkaKozMYvcjS4MjFKgXeQX5QQz3A+B+6npB96BF"},"_chains":{"BS4Nk0PEj8jgo6m+n0XDIjlYFbGEOQps016nyupqnRAq":{"chainKey":{"counter":1,"key":"881lS2fspVgeN46y/xd4c1lJ9aH7UHofgDmuI3Nqf/Y="},"chainType":2,"messageKeys":{}},"BXy74XYMihNo4Vr+ZDiYLHrF5LNvc7oWQvUjQ5UkE74A":{"chainKey":{"counter":-1,"key":"EVrh+rYeiIBJiHaPrX9c9VjE1KfM/7u2k3LLKAFWLzA="},"chainType":1,"messageKeys":{}}}},"BVUkF/7OYuxoum9VTDkQUWyJHaqZ6gmIAg+eFASMYm1+":{"registrationId":31,"currentRatchet":{"ephemeralKeyPair":{"pubKey":"BZPhY//xOPCbEH18p5/vCa8YDRQzmTPW6i1LP1J557de","privKey":"aHH2lwebQR1mltPvIdvNL/Zygn70Euk9prGg/EGsI0I="},"lastRemoteEphemeralKey":"Baq6OiY+ifOoFCtgB4M0pO7/jv7rOwaSfw11824q3xhk","previousCounter":22,"rootKey":"/GoxUu5+eS5GaeACAPof/4GKGHR2XwMDqfLXfbWLLLg="},"indexInfo":{"baseKey":"BVUkF/7OYuxoum9VTDkQUWyJHaqZ6gmIAg+eFASMYm1+","baseKeyType":1,"closed":-1,"used":1722413400168,"created":1722389990964,"remoteIdentityKey":"BY3mXLkaKozMYvcjS4MjFKgXeQX5QQz3A+B+6npB96BF"},"_chains":{"Baq6OiY+ifOoFCtgB4M0pO7/jv7rOwaSfw11824q3xhk":{"chainKey":{"counter":1,"key":"5fiOq3F2kqSElGazH+DVen+kW2aDvPzoSaEMnXZ0NGA="},"chainType":2,"messageKeys":{}},"BZPhY//xOPCbEH18p5/vCa8YDRQzmTPW6i1LP1J557de":{"chainKey":{"counter":9,"key":"Kg75QwlsPhxVJuYboUyndYzucDDOrvgu3rz+IhKeevo="},"chainType":1,"messageKeys":{}}}}},"version":"v1"}