{"_sessions":{"BWNHj2jG+LTxPjBxL6sLfVdPegZYeVEKa+st4sj0kekj":{"registrationId":1538921911,"currentRatchet":{"ephemeralKeyPair":{"pubKey":"BfjE26yrjMGBAfXhYi52Or89d//udsUi59l5wG5FTGBz","privKey":"QFR1hagugPDvUrpRVsvEw/xU3QtdS7hzaxnJO1j9mFc="},"lastRemoteEphemeralKey":"Bd7iof4DidzHC61hMtkYSyaAqubSpH4hsYaNUrJD10AJ","previousCounter":0,"rootKey":"WfxfMxsk/gRe+epLkOcownIP0sB2RQzR1AzWtb/2BVE="},"indexInfo":{"baseKey":"BWNHj2jG+LTxPjBxL6sLfVdPegZYeVEKa+st4sj0kekj","baseKeyType":1,"closed":-1,"used":1722224746898,"created":1722224746898,"remoteIdentityKey":"BRT20jM/AS55gYwKsiD8STCZ40ESxDAwQFq/8r2qUkpO"},"_chains":{"BfjE26yrjMGBAfXhYi52Or89d//udsUi59l5wG5FTGBz":{"chainKey":{"counter":6,"key":"dlxuBHhn/FmcSmiQxazjojegcVWYxsDy8JiL1z8sCVA="},"chainType":1,"messageKeys":{}}},"pendingPreKey":{"signedKeyId":3,"baseKey":"BWNHj2jG+LTxPjBxL6sLfVdPegZYeVEKa+st4sj0kekj","preKeyId":13238591}}},"version":"v1"}