{"_sessions":{"BUbiKDyDjF77lU18k2IortMggbRG62DSk/uTGMbG7Nl1":{"registrationId":679962940,"currentRatchet":{"ephemeralKeyPair":{"pubKey":"BbfoKriambrt9y9LpdqsA0P2Z3hSzxEaCUDG8x0TIzMU","privKey":"8JNpcHARJsnGM6boxauzyqHqJE7wmh2VVugYzbxXZFg="},"lastRemoteEphemeralKey":"BdYOilLFVWlaWbnQTKkoxbaPiz8h5leX6hztiNlOU6cy","previousCounter":0,"rootKey":"k5vrgU/RprqcOCPxF2pRVPOvyJYnIL4XUAyq2gH+8S4="},"indexInfo":{"baseKey":"BUbiKDyDjF77lU18k2IortMggbRG62DSk/uTGMbG7Nl1","baseKeyType":1,"closed":-1,"used":1722454512266,"created":1722454512266,"remoteIdentityKey":"Bdo6snY4LUgsTwKIUg+4AS9H4vdiBah42tGNmr7GBpxZ"},"_chains":{"BbfoKriambrt9y9LpdqsA0P2Z3hSzxEaCUDG8x0TIzMU":{"chainKey":{"counter":7,"key":"EupdXP58jEhV2F0mnRKrmHYUFAqEpU2EudxVAzwmwNg="},"chainType":1,"messageKeys":{}}},"pendingPreKey":{"signedKeyId":0,"baseKey":"BUbiKDyDjF77lU18k2IortMggbRG62DSk/uTGMbG7Nl1","preKeyId":7697745}}},"version":"v1"}