{"_sessions":{"BTBccrU6zBk/zwQncmlPZHpjMgx1sEyZyYHKomafiqZZ":{"registrationId":8806,"currentRatchet":{"ephemeralKeyPair":{"pubKey":"BX2CITkNC01wmzFH7QHiTtGYwWcNPkxPHPnSBmexXc4p","privKey":"0NQvlvy4xC1NmXS+5MyhaTn95018lSEq6tQS3lUUeEo="},"lastRemoteEphemeralKey":"BWJZwVdwXPTV2o8yfUTvFmZQgh79tMCZhc6NN5zMPd8n","previousCounter":0,"rootKey":"+vp+tijtknukFPOBSsAV0ngGy4Dq4E/X/q/MS6cKyGg="},"indexInfo":{"baseKey":"BTBccrU6zBk/zwQncmlPZHpjMgx1sEyZyYHKomafiqZZ","baseKeyType":1,"closed":-1,"used":1722224745564,"created":1722224745564,"remoteIdentityKey":"BQbj/qrzm6fABFyHPr7VmBx0Z0NCqdLF8Sk7XaJC5y0t"},"_chains":{"BX2CITkNC01wmzFH7QHiTtGYwWcNPkxPHPnSBmexXc4p":{"chainKey":{"counter":6,"key":"RnsePPYN2DHr0NDw/VLovrtmzh6XT8DQaQwAqYXCQ0o="},"chainType":1,"messageKeys":{}}},"pendingPreKey":{"signedKeyId":1,"baseKey":"BTBccrU6zBk/zwQncmlPZHpjMgx1sEyZyYHKomafiqZZ"}}},"version":"v1"}