{"_sessions":{"BXRrPAFQdlSTrIEK/Hw3zW2lW5eLlW59jOVnWpHyoMs2":{"registrationId":784524739,"currentRatchet":{"ephemeralKeyPair":{"pubKey":"BU9RmlBzciv1KYke9PmoAwuwMwiQCyUNEI4ZktSQqY9I","privKey":"yMFiTKbN2kr7YeP9MDGFvAaJ4oY1BVpB4V80om4I5FU="},"lastRemoteEphemeralKey":"BVTfU+zRNYmUTC7JKe3dsQoyW53VngQfRfaMAJa7dnw8","previousCounter":0,"rootKey":"TVY4alZpwBf662QRhrzuimkgitQN/oNrvd9WwokkkfA="},"indexInfo":{"baseKey":"BXRrPAFQdlSTrIEK/Hw3zW2lW5eLlW59jOVnWpHyoMs2","baseKeyType":1,"closed":-1,"used":1722454511391,"created":1722454511391,"remoteIdentityKey":"BQJlsYfcZd78etGSxvBUWhAIdjXwZcteCxoOqKjqDgME"},"_chains":{"BU9RmlBzciv1KYke9PmoAwuwMwiQCyUNEI4ZktSQqY9I":{"chainKey":{"counter":7,"key":"XDFvGdzXjS2BJ/Q0cCn9saUsiz/X+fDC9tfJ9zYGpjQ="},"chainType":1,"messageKeys":{}}},"pendingPreKey":{"signedKeyId":0,"baseKey":"BXRrPAFQdlSTrIEK/Hw3zW2lW5eLlW59jOVnWpHyoMs2","preKeyId":4960007}}},"version":"v1"}