{"_sessions":{"BRJoEDM3FcZu0rPkOVhVpMP/JErwWDc+dN9UHeKTJGIY":{"registrationId":1275608838,"currentRatchet":{"ephemeralKeyPair":{"pubKey":"BfIacNMRdO7uDt54kA6MOndw4AJ1ZklkK+ng6r3QIHNS","privKey":"uFEa87kNoXiLlGr8rYi0F7TE82C4fiT1EyHJK7RWtHY="},"lastRemoteEphemeralKey":"BU/Pa9qysKcOtteyA4tflypuvnkrq1kLEXYzbbDswUkV","previousCounter":0,"rootKey":"LOVVrOtJIk+sfFWYAVEHY6KcD9rWBM5vjD1/E2jv1kk="},"indexInfo":{"baseKey":"BRJoEDM3FcZu0rPkOVhVpMP/JErwWDc+dN9UHeKTJGIY","baseKeyType":1,"closed":-1,"used":1722302915864,"created":1722302915864,"remoteIdentityKey":"BeI9mLSpvmR6tml8YyYpOfhNlM9aKOdhznAaMDuwsv5P"},"_chains":{"BfIacNMRdO7uDt54kA6MOndw4AJ1ZklkK+ng6r3QIHNS":{"chainKey":{"counter":76,"key":"FJ1zVH5M7ECYhYzy4wU8SKmuksewz2JMoTeNJzFXOPc="},"chainType":1,"messageKeys":{}}},"pendingPreKey":{"signedKeyId":1,"baseKey":"BRJoEDM3FcZu0rPkOVhVpMP/JErwWDc+dN9UHeKTJGIY","preKeyId":7730728}}},"version":"v1"}