{"_sessions":{"BXFRHrH5/8hpjGMJJEnJtph4XtddzdhGjEZ/DCUdAd55":{"registrationId":1204752114,"currentRatchet":{"ephemeralKeyPair":{"pubKey":"BR2kbHvsmeZxWKGwWkNgddJapoVu3snIGkYUyWg89oAU","privKey":"mOOXuC/r8CBLRvFlOswEY8MPka/DgEm72NxD9EKtUm8="},"lastRemoteEphemeralKey":"BTEYR2hTwUXMYy0k+0ExJfwuuY1HSAwUogXBOKJhFdtw","previousCounter":0,"rootKey":"FW8xp9F+bRbQM7TJTZpITHxFLnrUnUOCff7Hbosrh4I="},"indexInfo":{"baseKey":"BXFRHrH5/8hpjGMJJEnJtph4XtddzdhGjEZ/DCUdAd55","baseKeyType":1,"closed":-1,"used":1722454511606,"created":1722454511606,"remoteIdentityKey":"BXZsw4RVOstiyU3W2Idc6+EXiVAB9qfT3TNAxuaisOIz"},"_chains":{"BR2kbHvsmeZxWKGwWkNgddJapoVu3snIGkYUyWg89oAU":{"chainKey":{"counter":7,"key":"oRnQhZi929Sy8UBJ35GG1KBpRrLw6lABplSXXgUn1hY="},"chainType":1,"messageKeys":{}}},"pendingPreKey":{"signedKeyId":1,"baseKey":"BXFRHrH5/8hpjGMJJEnJtph4XtddzdhGjEZ/DCUdAd55","preKeyId":16596972}}},"version":"v1"}