{"_sessions":{"BVlrSwVwpIORZpeRkYGU7H0hYbT78XyrQudYFFwVi7dq":{"registrationId":1752949639,"currentRatchet":{"ephemeralKeyPair":{"pubKey":"BbnMRWW+JEWh0nd0ptJ4IUu5yzqILCh1+678mfblN7cN","privKey":"+FHhV3y+uVfngK2jqV0d0A8wwcNgiUJ7PBvxEWb02HE="},"lastRemoteEphemeralKey":"BQfaSrPcIJgx14ngUO8x2iY1+0BiYujWo1Mu9NM5o/5y","previousCounter":0,"rootKey":"FM8oVrYE4+Dlp+TQOhrXHSdzsDF7nZZcwi74Yh1QP8Q="},"indexInfo":{"baseKey":"BVlrSwVwpIORZpeRkYGU7H0hYbT78XyrQudYFFwVi7dq","baseKeyType":1,"closed":-1,"used":1722454512498,"created":1722454512498,"remoteIdentityKey":"BQgzrGtKzdqFJqBf/0n9m1IhXULeYP2WbhoeWfyPwiEL"},"_chains":{"BbnMRWW+JEWh0nd0ptJ4IUu5yzqILCh1+678mfblN7cN":{"chainKey":{"counter":7,"key":"CHyUTg1CwS/Tzb8H7R70V4h8FHpKLi3F+Ywkf6I2lXE="},"chainType":1,"messageKeys":{}}},"pendingPreKey":{"signedKeyId":1,"baseKey":"BVlrSwVwpIORZpeRkYGU7H0hYbT78XyrQudYFFwVi7dq","preKeyId":6203311}}},"version":"v1"}