{"_sessions":{"BXMuQXrJ6OCF5HK5HzMu8lFvUzuO7WuL5jbS0caUGS46":{"registrationId":977174568,"currentRatchet":{"ephemeralKeyPair":{"pubKey":"BSpRjubPdfKSMIS8WsiIc3NUwLaicUUab6jbRzv7wCMh","privKey":"qMoVl9rMj/V3ecAiyWyYbO3uYYvMeOfM4fvZ85LODHM="},"lastRemoteEphemeralKey":"BXWmjQyUiBbJwxQLssdERF2bd5v+bEbfMsulJQCoPREw","previousCounter":0,"rootKey":"i2aDAxXDIxZJazoxWHZ+NiVsAJ86RqIsYF2iRS8r/zk="},"indexInfo":{"baseKey":"BXMuQXrJ6OCF5HK5HzMu8lFvUzuO7WuL5jbS0caUGS46","baseKeyType":1,"closed":-1,"used":1722224746802,"created":1722224746802,"remoteIdentityKey":"Beoae92S8cV/fcfM2KYrGLig51cQ2GAYCWcQ/B9q1P0U"},"_chains":{"BSpRjubPdfKSMIS8WsiIc3NUwLaicUUab6jbRzv7wCMh":{"chainKey":{"counter":6,"key":"PdqoHt5LiVMKIKx1f+/qHD5fZqOBVPee9ltdqdif1og="},"chainType":1,"messageKeys":{}}},"pendingPreKey":{"signedKeyId":6,"baseKey":"BXMuQXrJ6OCF5HK5HzMu8lFvUzuO7WuL5jbS0caUGS46","preKeyId":4496705}}},"version":"v1"}