{"_sessions":{"BTxWVhZ6RNeftWUGAbTKHdCHwcEaYFzq+jI/8Y5OB7Et":{"registrationId":11467,"currentRatchet":{"ephemeralKeyPair":{"pubKey":"Ba4ptnklGUkx9JAnQMfUr6xghG98AYPKcL7kXGBIZith","privKey":"AGrWN9fDhZvW9l87GSKcySAfiFqfGrM8UI/XoVS+31A="},"lastRemoteEphemeralKey":"BaRJGCK0S+IHs1Nw6fNnh/lqfctPU30KwhC46U6MrrdU","previousCounter":0,"rootKey":"iO3jGQ+YanAoI2iNJm5ulke198lFKYgPr7v+7yUA75Q="},"indexInfo":{"baseKey":"BTxWVhZ6RNeftWUGAbTKHdCHwcEaYFzq+jI/8Y5OB7Et","baseKeyType":1,"closed":-1,"used":1722313962317,"created":1722313962317,"remoteIdentityKey":"BYWb/WByeiCjWNGO3gX9kTgoJ1rHA3/u2654AtJ3xvQy"},"_chains":{"Ba4ptnklGUkx9JAnQMfUr6xghG98AYPKcL7kXGBIZith":{"chainKey":{"counter":61,"key":"jxNsA4moskEgb6H9a/xANntcY2jcTG/See/uCuxZ8rY="},"chainType":1,"messageKeys":{}}},"pendingPreKey":{"signedKeyId":1,"baseKey":"BTxWVhZ6RNeftWUGAbTKHdCHwcEaYFzq+jI/8Y5OB7Et","preKeyId":128}}},"version":"v1"}