{"_sessions":{"BUR2qh3+1e+p/dHhFoqOPPEMIYmTFBY30/dLJqDAMt0+":{"registrationId":1674765101,"currentRatchet":{"ephemeralKeyPair":{"pubKey":"BQSD1Y+pgH9cDhb578JNCSyVhuSTbqwwx3DhIIbFSIoO","privKey":"mKTQXWo/wlIpLHl4p4pmOIo7AOKrdUclCcz6u14FBVE="},"lastRemoteEphemeralKey":"BRSmXFLlB0CQdztkyeISc6QaB14ReSKr3yxDL2iirLtp","previousCounter":0,"rootKey":"U/6dp2NZGGy7Sc67L6aPYeV4S4F+ZqQ4HrLMih0mBxU="},"indexInfo":{"baseKey":"BUR2qh3+1e+p/dHhFoqOPPEMIYmTFBY30/dLJqDAMt0+","baseKeyType":1,"closed":-1,"used":1722224747383,"created":1722224747383,"remoteIdentityKey":"BTolYxhGCmZH2/KwO/niptj8cwWT7JP0O+BKGgyrmLZi"},"_chains":{"BQSD1Y+pgH9cDhb578JNCSyVhuSTbqwwx3DhIIbFSIoO":{"chainKey":{"counter":6,"key":"mEFSz1BiW9gLi0mYT59A72OmVlKCWGKrpMS0B8bx0kg="},"chainType":1,"messageKeys":{}}},"pendingPreKey":{"signedKeyId":1,"baseKey":"BUR2qh3+1e+p/dHhFoqOPPEMIYmTFBY30/dLJqDAMt0+","preKeyId":7898223}}},"version":"v1"}