{"_sessions":{"BTey+s0JHfxgpzmdnKhTgSi+9sYP/hw7zcxXvCsyOC4o":{"registrationId":740806546,"currentRatchet":{"ephemeralKeyPair":{"pubKey":"BVv3adDQ2DMxcUyGfJh03DtMV7Lk0LFx/eOXKuvLqQ0x","privKey":"sASqyceJbyNm+Wm82o2OZOskXxujPVQ+7t6VvoQpF2g="},"lastRemoteEphemeralKey":"BbaWz6pwsNikQ0mdEc6+Hej3a4PKaBJSKAOtvZ41vYYe","previousCounter":0,"rootKey":"gad9E80XRvvpyXw+04DBa8+H+mwMkalT0Q8c6n1cKQY="},"indexInfo":{"baseKey":"BTey+s0JHfxgpzmdnKhTgSi+9sYP/hw7zcxXvCsyOC4o","baseKeyType":1,"closed":-1,"used":1722454512198,"created":1722454512198,"remoteIdentityKey":"BXkFOszP56GDEwN3ndqCHM6UrR1t09RDJ8gogc5Da4w4"},"_chains":{"BVv3adDQ2DMxcUyGfJh03DtMV7Lk0LFx/eOXKuvLqQ0x":{"chainKey":{"counter":7,"key":"WXtfiIF6xnQJva1gV6YxRCWOUdO7vyETcOvGQ0BtLnM="},"chainType":1,"messageKeys":{}}},"pendingPreKey":{"signedKeyId":7,"baseKey":"BTey+s0JHfxgpzmdnKhTgSi+9sYP/hw7zcxXvCsyOC4o","preKeyId":3917535}}},"version":"v1"}