{"_sessions":{"BTcFVFk9nzezK8pTx1EDXR6ueezCvJ7no+Y6eRhB1mUM":{"registrationId":1544558527,"currentRatchet":{"ephemeralKeyPair":{"pubKey":"BYxBLa6OE+OnfpcIPVKS3fmXfhh0DZ0gkrxhLQT8hEk5","privKey":"aMGn5sugDBJLvIOVczpaadIxcoX/KEPciKSYysq1oEY="},"lastRemoteEphemeralKey":"Bbo/Nd0gL4No/v7ZGaPYe9GdTVBl7PJhWnZ3Xp3nvqFg","previousCounter":0,"rootKey":"bH+J6p3WENynJXqdyzV4YfT7BQX6f23TfH5wq8JJ/iM="},"indexInfo":{"baseKey":"BTcFVFk9nzezK8pTx1EDXR6ueezCvJ7no+Y6eRhB1mUM","baseKeyType":1,"closed":-1,"used":1722224748670,"created":1722224748670,"remoteIdentityKey":"Ba7McT4PO+3H+IhjrwYWEIQlN4F2XwqMHiEbhNh/ntoF"},"_chains":{"BYxBLa6OE+OnfpcIPVKS3fmXfhh0DZ0gkrxhLQT8hEk5":{"chainKey":{"counter":6,"key":"Nxfr1IA1RB7v2uEvFjW0pJYP4L8LdXgnrD/vTfGcPco="},"chainType":1,"messageKeys":{}}},"pendingPreKey":{"signedKeyId":2,"baseKey":"BTcFVFk9nzezK8pTx1EDXR6ueezCvJ7no+Y6eRhB1mUM","preKeyId":16762786}}},"version":"v1"}