{"_sessions":{"BUxbuObx3k7hlTcYSETVvSRoFmVtwQdrskvcFUf+CHd5":{"registrationId":15853,"currentRatchet":{"ephemeralKeyPair":{"pubKey":"BQ+2SqWzmfVhEn7X42OwfKNY2tIgldGHT2E2mIdhKIp4","privKey":"8Erlc3hIQEpZHEIS615b3EZcxHE5RRXUIxhsPhEVNmg="},"lastRemoteEphemeralKey":"BRhctzixzwtfyiLLuQ/eaLN4pDPDDvBYYL4eeoosanJa","previousCounter":0,"rootKey":"ne3fpaLykYEtRIb10+Lm0Iu6eZnKa0zlbaC+COkWz1Q="},"indexInfo":{"baseKey":"BUxbuObx3k7hlTcYSETVvSRoFmVtwQdrskvcFUf+CHd5","baseKeyType":1,"closed":-1,"used":1722454511359,"created":1722454511359,"remoteIdentityKey":"BUTdKKjBxoqHkmR8fMq7iCcvlPh6dX/FwrZTKym9uGwC"},"_chains":{"BQ+2SqWzmfVhEn7X42OwfKNY2tIgldGHT2E2mIdhKIp4":{"chainKey":{"counter":7,"key":"zDwZj8vLWXAjKo6ilqmcaaA0pF3aNSNfquo2D7udrTk="},"chainType":1,"messageKeys":{}}},"pendingPreKey":{"signedKeyId":2,"baseKey":"BUxbuObx3k7hlTcYSETVvSRoFmVtwQdrskvcFUf+CHd5"}}},"version":"v1"}