{"_sessions":{"BULCdr77AKisrEEDi2C0XqIcV5/LX+VOSpcGKWqmGV1z":{"registrationId":2064596309,"currentRatchet":{"ephemeralKeyPair":{"pubKey":"BcvCgWGxSTWhBs/XjfgCG5QWZP7JkusZ8aH5H76JbE40","privKey":"AIPOZDvZvO/+OHFzOpBvtAGsKPvax0p+Ffdk27ZYkFM="},"lastRemoteEphemeralKey":"BTQdleRH4E5RZpBzd2qql5W/G6AzIiLPBd0ESm59UJZH","previousCounter":0,"rootKey":"zh8cYoc8xJZRYno2IxFvwO/yYiEcpj8C0MEj8vPTMrM="},"indexInfo":{"baseKey":"BULCdr77AKisrEEDi2C0XqIcV5/LX+VOSpcGKWqmGV1z","baseKeyType":1,"closed":-1,"used":1722224747884,"created":1722224747884,"remoteIdentityKey":"BR1kpEZM5fd2m9sdKrHDIzmBpw8tONUNedkw0nDBJ3xB"},"_chains":{"BcvCgWGxSTWhBs/XjfgCG5QWZP7JkusZ8aH5H76JbE40":{"chainKey":{"counter":6,"key":"q1FexzixCIPK9grZqD5Xb5+0fkeFHlIm2TMCVY9BBr0="},"chainType":1,"messageKeys":{}}},"pendingPreKey":{"signedKeyId":1,"baseKey":"BULCdr77AKisrEEDi2C0XqIcV5/LX+VOSpcGKWqmGV1z","preKeyId":14358126}}},"version":"v1"}