{"_sessions":{"BaaRdlsr/CUOFKAHXiLLYsh+BkJ7uCISuv7BvhMc/fx4":{"registrationId":1152,"currentRatchet":{"ephemeralKeyPair":{"pubKey":"BRGjDOTmd7H6+PkwQrQpqyAR4/fpD/fH/FwpWHoBx6U9","privKey":"oBG0hw2aRmOVvNCvI4+GIihf8Q8p1BpuDDGE6SsuHGg="},"lastRemoteEphemeralKey":"BdllUtr5/NXff5740CtdSHf0EaR3Qm7oeQ0h0Otq7FQO","previousCounter":0,"rootKey":"K6aDT84b9JoiJH3Lz6ZU5+utHx74zU/YOv9asF0Zeuo="},"indexInfo":{"baseKey":"BaaRdlsr/CUOFKAHXiLLYsh+BkJ7uCISuv7BvhMc/fx4","baseKeyType":1,"closed":-1,"used":1722224745985,"created":1722224745985,"remoteIdentityKey":"BXOywp49Yt3eAQZOoXzVaCazwauNgAAjN2kqT0gC37IO"},"_chains":{"BRGjDOTmd7H6+PkwQrQpqyAR4/fpD/fH/FwpWHoBx6U9":{"chainKey":{"counter":6,"key":"5aT3yVmcqek5glaA9dJ3oM7/N3VUFrHxUms71L60yU8="},"chainType":1,"messageKeys":{}}},"pendingPreKey":{"signedKeyId":1,"baseKey":"BaaRdlsr/CUOFKAHXiLLYsh+BkJ7uCISuv7BvhMc/fx4"}}},"version":"v1"}