{"_sessions":{"BWn5OLqPh4seR6BszPRw6fUy5QYqhLaMm0geQWEgciQv":{"registrationId":231,"currentRatchet":{"ephemeralKeyPair":{"pubKey":"BeavvEv2maDbENEuLgnsvdb7vpPQAiIF7xFazfqUJrB/","privKey":"6HqK3O4A5jhZ1lxbIEh3Q6Vu97eb0XRHY6rz4okdSFA="},"lastRemoteEphemeralKey":"BdGf+0nWvk7CU78KO+KAj8+j7a7M5S+qY7bMzpjMuqtQ","previousCounter":0,"rootKey":"yhxmDX9Wi/dEnNBybGcdg8Z+g0+lV9cBqX5FTVDBPcI="},"indexInfo":{"baseKey":"BWn5OLqPh4seR6BszPRw6fUy5QYqhLaMm0geQWEgciQv","baseKeyType":1,"closed":-1,"used":1722454510784,"created":1722454510784,"remoteIdentityKey":"BZaXAF3UpRvQAsfwFxz7rIQ6EPUrKMS+TycDjtQ/RrQK"},"_chains":{"BeavvEv2maDbENEuLgnsvdb7vpPQAiIF7xFazfqUJrB/":{"chainKey":{"counter":7,"key":"liePimnNnB4meamMnfzBNKgmOrK2E6yJ4kFxwVvFPFk="},"chainType":1,"messageKeys":{}}},"pendingPreKey":{"signedKeyId":1,"baseKey":"BWn5OLqPh4seR6BszPRw6fUy5QYqhLaMm0geQWEgciQv"}}},"version":"v1"}