{"_sessions":{"BbDMRBYbu6tp6zOmajQ+mvwBeJmw2QZu6/63w9xkyT8V":{"registrationId":758462505,"currentRatchet":{"ephemeralKeyPair":{"pubKey":"BTzg2AS++Ph0XWJjBmsxmbAkFkRsDdLGb4zCSNg9V/sg","privKey":"OG1OYeohfB2h+I94fABYVhhJMCfQErPhuVPa+iiXZU4="},"lastRemoteEphemeralKey":"BZdHv6vo+nyUitQ6dvHDzm3hToYebFgIwxLtAvc6N2gA","previousCounter":0,"rootKey":"O7vWFWfii17hi8P+qi0UJjK9RtnhHAYU0VpQH5tuuu8="},"indexInfo":{"baseKey":"BbDMRBYbu6tp6zOmajQ+mvwBeJmw2QZu6/63w9xkyT8V","baseKeyType":1,"closed":-1,"used":1722454511893,"created":1722454511893,"remoteIdentityKey":"BeB2gt6cof/R75pvIleS5KwZ8M+sXA9/HlCOrozUFNlF"},"_chains":{"BTzg2AS++Ph0XWJjBmsxmbAkFkRsDdLGb4zCSNg9V/sg":{"chainKey":{"counter":7,"key":"+bPIKiWAqBv9XXBRb8gdESCLk30n1rHqpakdkqSW2uw="},"chainType":1,"messageKeys":{}}},"pendingPreKey":{"signedKeyId":14,"baseKey":"BbDMRBYbu6tp6zOmajQ+mvwBeJmw2QZu6/63w9xkyT8V","preKeyId":1519605}}},"version":"v1"}