{"_sessions":{"BTbfyq7YMlTWwNn7XZInzOZ0ffAiAC5UFhXQOvjetrFU":{"registrationId":772254823,"currentRatchet":{"ephemeralKeyPair":{"pubKey":"BRu7Rs10oE64DfJwF6eSDx2KaQnm7CRCmxB0Zv67uXEj","privKey":"gC16BfMOOm6DDxHtjuo90O43DliaameUiq3ny+PSmWE="},"lastRemoteEphemeralKey":"BfNwMf1lVRvLjoEeP8kXnpLnI6zCHQJq0PkqyzeJEqs3","previousCounter":0,"rootKey":"JdWgH6DblufXtZ5eRQOHrg+PB8vC74hzih+ZpkXNPsc="},"indexInfo":{"baseKey":"BTbfyq7YMlTWwNn7XZInzOZ0ffAiAC5UFhXQOvjetrFU","baseKeyType":1,"closed":-1,"used":1722302914702,"created":1722302914702,"remoteIdentityKey":"BQDlPWiYz4PbEZmJqxofCS8UHxVXZn4leIHwwKVHNOh4"},"_chains":{"BRu7Rs10oE64DfJwF6eSDx2KaQnm7CRCmxB0Zv67uXEj":{"chainKey":{"counter":76,"key":"4gFaRXImZZvXnxoJibu/VhABzgFL9fMG1J8eTu3nUpc="},"chainType":1,"messageKeys":{}}},"pendingPreKey":{"signedKeyId":0,"baseKey":"BTbfyq7YMlTWwNn7XZInzOZ0ffAiAC5UFhXQOvjetrFU","preKeyId":6417799}}},"version":"v1"}