{"_sessions":{"Bf5Cw8/mzOfQ4XHjsRf6ABZQb/MJhLmXisVO6bWGj9Ir":{"registrationId":736563142,"currentRatchet":{"ephemeralKeyPair":{"pubKey":"BffcTeJcL2z4uYCDWNpchUDq4mF/Y+TOrMnxlQSPbakQ","privKey":"EG1VfVPdl8P631D9igdYKlQKcuMQIhghXpXhQYyuB3s="},"lastRemoteEphemeralKey":"BbP0xpA8cJnDCyExB9OVmN6vZsMCmJ8Us/bOuyf6a181","previousCounter":0,"rootKey":"RLnvTZU08YVL2h+uqBLsE8jy+AzwgAccRx68Zjvo6I8="},"indexInfo":{"baseKey":"Bf5Cw8/mzOfQ4XHjsRf6ABZQb/MJhLmXisVO6bWGj9Ir","baseKeyType":1,"closed":-1,"used":1722454512493,"created":1722454512493,"remoteIdentityKey":"BY8JJnCOw3C21JNtgpRaGxKK9TM1TEjklHqdqLiTi8cE"},"_chains":{"BffcTeJcL2z4uYCDWNpchUDq4mF/Y+TOrMnxlQSPbakQ":{"chainKey":{"counter":7,"key":"H692TxC+dKBtRRNzVp1YTPn1g8779amANkvC4sGMe6c="},"chainType":1,"messageKeys":{}}},"pendingPreKey":{"signedKeyId":0,"baseKey":"Bf5Cw8/mzOfQ4XHjsRf6ABZQb/MJhLmXisVO6bWGj9Ir","preKeyId":10594846}}},"version":"v1"}