{"_sessions":{"BYw5N+XycwEqs15nCNIe176ud0h6eN1ZVaEduHp7bBxW":{"registrationId":2425,"currentRatchet":{"ephemeralKeyPair":{"pubKey":"BXs9S0s9djP+0g4gxzwJYidNXGfKkl/jC4601TT9TQI1","privKey":"aOCJXblF84Vkbbgh/n4l0Z08/h61niE6tnddC32xJ14="},"lastRemoteEphemeralKey":"BbS9Gq+DeQxUVOwYNypTQUcoL6lcI7oY/Sh6PImQfsFw","previousCounter":0,"rootKey":"pwk2XKcFms72VLG6+ici4wYpTUDlaT9Z0Os45EMQuL8="},"indexInfo":{"baseKey":"BYw5N+XycwEqs15nCNIe176ud0h6eN1ZVaEduHp7bBxW","baseKeyType":1,"closed":-1,"used":1722224746404,"created":1722224746404,"remoteIdentityKey":"BSGtFVh9/moYUgB3NS6V3TmUQE6BHVWbwqfdwseR294N"},"_chains":{"BXs9S0s9djP+0g4gxzwJYidNXGfKkl/jC4601TT9TQI1":{"chainKey":{"counter":6,"key":"tWH620UCUqoEg8zEygw6dMxp8MvI4VGMezy7h5HM6dw="},"chainType":1,"messageKeys":{}}},"pendingPreKey":{"signedKeyId":1,"baseKey":"BYw5N+XycwEqs15nCNIe176ud0h6eN1ZVaEduHp7bBxW"}}},"version":"v1"}