{"_sessions":{"Bb2kGYFBpwowuc4xqDM1TQb3ryhDMa7eq68AfHRNd2p2":{"registrationId":1708,"currentRatchet":{"ephemeralKeyPair":{"pubKey":"BVl1sdv407VR3QxAchFhkXqRcMuUO9/f73a6SFxCowkd","privKey":"2Jh+Ir8zbDJvhnYSBFoAXdnc9Efcb01/+godZGc5OH0="},"lastRemoteEphemeralKey":"Bf8oFwjAMl0CxMZvkdha6TSpLZhjnCO339vDRPPZmlFo","previousCounter":0,"rootKey":"7mPuaDgQTXKBJ3ftSiJ25AM7o5EdWVyrfIOSYHBt3wY="},"indexInfo":{"baseKey":"Bb2kGYFBpwowuc4xqDM1TQb3ryhDMa7eq68AfHRNd2p2","baseKeyType":1,"closed":-1,"used":1722224745660,"created":1722224745660,"remoteIdentityKey":"BSFR0N/FFxyvjMUOO+iY3FyfZ68svykFCmZnHPhzxb0W"},"_chains":{"BVl1sdv407VR3QxAchFhkXqRcMuUO9/f73a6SFxCowkd":{"chainKey":{"counter":6,"key":"a8ufdLsfLZ768Tj4/pyH7PqyDCdI1sNDRiPx9p9ASBI="},"chainType":1,"messageKeys":{}}},"pendingPreKey":{"signedKeyId":1,"baseKey":"Bb2kGYFBpwowuc4xqDM1TQb3ryhDMa7eq68AfHRNd2p2"}}},"version":"v1"}