{"_sessions":{"BdJHRdsUF16I2NTwHr0+g0zCR7JnI8GEVKEELe97D6MB":{"registrationId":200453357,"currentRatchet":{"ephemeralKeyPair":{"pubKey":"BU1vgJEUD8NC7II0rf03P2Ro4T9gCB3HspDve9OM5Ds4","privKey":"oNUZo/yJ8gpv2Zq2bdz0Y82FRD7Kt1IXGCFCvzTvdUA="},"lastRemoteEphemeralKey":"BYrDwmHs12D1PY2Q8W6DJM9G7nJwfH6LvaeK4ONE6Zs+","previousCounter":0,"rootKey":"CySlQYxYo1W/v81vXpKzYne4dTJMv52DpSeskmX11r0="},"indexInfo":{"baseKey":"BdJHRdsUF16I2NTwHr0+g0zCR7JnI8GEVKEELe97D6MB","baseKeyType":1,"closed":-1,"used":1722224748482,"created":1722224748482,"remoteIdentityKey":"Bd2IN2kafMuIlvbmEHY3laiZkBzwm5bFi2zpmq0haHYr"},"_chains":{"BU1vgJEUD8NC7II0rf03P2Ro4T9gCB3HspDve9OM5Ds4":{"chainKey":{"counter":6,"key":"KS2FGRYVGlSCJFM38rxdQ2t7aqU0D79w36VBfJyb1sM="},"chainType":1,"messageKeys":{}}},"pendingPreKey":{"signedKeyId":1,"baseKey":"BdJHRdsUF16I2NTwHr0+g0zCR7JnI8GEVKEELe97D6MB","preKeyId":10521847}}},"version":"v1"}