{"_sessions":{"Bcptop8XiXT/T/F1k3488NYRbXRyWImV4+6ogkwfslIX":{"registrationId":16045,"currentRatchet":{"ephemeralKeyPair":{"pubKey":"BZ4M2tBHKZnrI97YC5VZ8twwKczVf+ay2HW+9fWDiTo4","privKey":"0HDNwnACgyGc6Eiigi4n1FZ5puZxFxQ8NGeMOSMdj1g="},"lastRemoteEphemeralKey":"BdsksS2/v8W6SRGQpH2+M/UThdYObGWasg+6+Cc+0t46","previousCounter":0,"rootKey":"JRfbMtupY2eHjwF6jxlxe6OKhjbFhc16pLmdyv9xOVw="},"indexInfo":{"baseKey":"Bcptop8XiXT/T/F1k3488NYRbXRyWImV4+6ogkwfslIX","baseKeyType":1,"closed":-1,"used":1722224746387,"created":1722224746387,"remoteIdentityKey":"BdDVViz4//251c+fblawdXunTkCWvtyCMZjY7eLPATFq"},"_chains":{"BZ4M2tBHKZnrI97YC5VZ8twwKczVf+ay2HW+9fWDiTo4":{"chainKey":{"counter":6,"key":"6MUyEOXC4B5r4Fi4hk60rX4zH2E2qTbZBvCa5bJLdjw="},"chainType":1,"messageKeys":{}}},"pendingPreKey":{"signedKeyId":1,"baseKey":"Bcptop8XiXT/T/F1k3488NYRbXRyWImV4+6ogkwfslIX","preKeyId":560}}},"version":"v1"}