{"_sessions":{"BYK+KZMktR3LtyTBZ87OVOA3nEOMKbx6OMgE5D+g1aoI":{"registrationId":1842695778,"currentRatchet":{"ephemeralKeyPair":{"pubKey":"BcCDDx6xNwmFRSuCsFhME6DO2+2mBhtT9xlnnRnXEspg","privKey":"WBqs0YHRQKQii/cZaOwBO06VhRORkyH142GdHGh/bEc="},"lastRemoteEphemeralKey":"BSUme5+dO32SDkt6MxTpT4q5iB3k0EIYgyWo0GQNSDUQ","previousCounter":0,"rootKey":"eIXrW3AJCRD850y/63P6FCu4VjdEDNUP0gDS6uH0C3U="},"indexInfo":{"baseKey":"BYK+KZMktR3LtyTBZ87OVOA3nEOMKbx6OMgE5D+g1aoI","baseKeyType":1,"closed":-1,"used":1722224746962,"created":1722224746962,"remoteIdentityKey":"BX4ir9IQFsEDhtwTC0O8Ru+QGJ9vNCOLtZbEDD7qMBtP"},"_chains":{"BcCDDx6xNwmFRSuCsFhME6DO2+2mBhtT9xlnnRnXEspg":{"chainKey":{"counter":6,"key":"s9EiECOc8IBOdYUGlhM0CY10NxSCaU6ITObJdf+Tmec="},"chainType":1,"messageKeys":{}}},"pendingPreKey":{"signedKeyId":6,"baseKey":"BYK+KZMktR3LtyTBZ87OVOA3nEOMKbx6OMgE5D+g1aoI","preKeyId":6796265}}},"version":"v1"}