{"_sessions":{"BY0kZl1KLYdcfCjk0z7+ml2813HuObX+jAqA37qwZs8O":{"registrationId":753565153,"currentRatchet":{"ephemeralKeyPair":{"pubKey":"BTj3WRZjx6SOP2aDFNvC9HyI4HDi3FoF9eZoJFeNDI9M","privKey":"IE+j0XiE7vvMJwWFf8h4E4ohCV71c2T/YZ/CmyvUflQ="},"lastRemoteEphemeralKey":"BVWDVluMup925GVYyplS58rrs0YrAXV4uVXeJs42Z7YM","previousCounter":0,"rootKey":"63VOU08/Z1NcoGbvntUYb8f61qWDFao2oI8l+uTNe+Q="},"indexInfo":{"baseKey":"BY0kZl1KLYdcfCjk0z7+ml2813HuObX+jAqA37qwZs8O","baseKeyType":1,"closed":-1,"used":1722224747066,"created":1722224747066,"remoteIdentityKey":"BaBTe7/naGoDoLymzgQAlytyrA/ecuie4ePNLj0czhpJ"},"_chains":{"BTj3WRZjx6SOP2aDFNvC9HyI4HDi3FoF9eZoJFeNDI9M":{"chainKey":{"counter":6,"key":"eNZXD/YOclvEU/XhYzJFyPJ2mC2MxBpDbFqKI1lTXSU="},"chainType":1,"messageKeys":{}}},"pendingPreKey":{"signedKeyId":0,"baseKey":"BY0kZl1KLYdcfCjk0z7+ml2813HuObX+jAqA37qwZs8O","preKeyId":5434190}}},"version":"v1"}