{"_sessions":{"BZXotlhTAxyg/1E/TuXbd6/iJdTAumnrZ6sOkzKlNANR":{"registrationId":1164737543,"currentRatchet":{"ephemeralKeyPair":{"pubKey":"BSXAOuniXzv7LbhYoyo/Zqgq8YQdSTbaZ2/pZ2r9VVQn","privKey":"UONC7GsqAQg+f3bWaunGVWO11r+wJy5CrZmtGenByU4="},"lastRemoteEphemeralKey":"BfrFSHz4gUrT8JC00im7MOxhmR9KzosUDTStW6F2ScFU","previousCounter":0,"rootKey":"Nd2VtPUi0190q4QeJEUIg8oTvDd5n5BoJRVnp2TswKI="},"indexInfo":{"baseKey":"BZXotlhTAxyg/1E/TuXbd6/iJdTAumnrZ6sOkzKlNANR","baseKeyType":1,"closed":-1,"used":1722224746910,"created":1722224746910,"remoteIdentityKey":"BXa5kFFuNupJh7YNgrG40qMyfD4GenevwGv8ZvQFVbNg"},"_chains":{"BSXAOuniXzv7LbhYoyo/Zqgq8YQdSTbaZ2/pZ2r9VVQn":{"chainKey":{"counter":6,"key":"8UcmNSt+nBphN8p0Ov44S0efWMdj8DrSiROaFZDpXGk="},"chainType":1,"messageKeys":{}}},"pendingPreKey":{"signedKeyId":4,"baseKey":"BZXotlhTAxyg/1E/TuXbd6/iJdTAumnrZ6sOkzKlNANR","preKeyId":9934210}}},"version":"v1"}