{"_sessions":{"BaWsZM/yTMJpClMDDvgC2UIUh0uJca+sfZO2dqYwTm9G":{"registrationId":1942212438,"currentRatchet":{"ephemeralKeyPair":{"pubKey":"BQgtAEe0bXuW3FCcwQ2wV+J7l0r6/hr5pxyC8o5llSBL","privKey":"eCS0973uQdYF2yHItAomR8yvPLX3PLxPBKLKq1+6iFc="},"lastRemoteEphemeralKey":"BeeudYQWkWjXQ863ZgDlPCqHIr+fRKBKU3YJTXMEeYJZ","previousCounter":0,"rootKey":"Lz3GKZDt/EMYNPlaLsBZxVvMh9W+ChPcmO43OCzd9Hw="},"indexInfo":{"baseKey":"BaWsZM/yTMJpClMDDvgC2UIUh0uJca+sfZO2dqYwTm9G","baseKeyType":1,"closed":-1,"used":1722224748178,"created":1722224748178,"remoteIdentityKey":"BTz/U6C8lKZxYzoxtDo1m1/CH0mVGfXU6Y/iAg0+YH89"},"_chains":{"BQgtAEe0bXuW3FCcwQ2wV+J7l0r6/hr5pxyC8o5llSBL":{"chainKey":{"counter":6,"key":"DnrdblZI6wcZk1c7ej6k87bUzaMEbyLMLX2+ERD/FJ4="},"chainType":1,"messageKeys":{}}},"pendingPreKey":{"signedKeyId":0,"baseKey":"BaWsZM/yTMJpClMDDvgC2UIUh0uJca+sfZO2dqYwTm9G"}}},"version":"v1"}