{"_sessions":{"Be1oSxQv4hsQeK1r7Ukmdfk9zY6Gmjgk7YrP5fSGq2to":{"registrationId":16,"currentRatchet":{"ephemeralKeyPair":{"pubKey":"BQXAqbvv0PhBiMC4ZOMUcPFfLNklN5YU95NKcwrgdKxc","privKey":"QGwkPb9skah7sCZHb/WBjfV3flZ7/6z1IxmGSiCKP0U="},"lastRemoteEphemeralKey":"BZF4YOwZiUhlfw/YhQ2YPfItVUmfzy8cQM/UeQLeXWo8","previousCounter":0,"rootKey":"+T3X3RHbn8FocRh8yIYp3FIxRsQQdl8ah2mF9WMlk+Y="},"indexInfo":{"baseKey":"Be1oSxQv4hsQeK1r7Ukmdfk9zY6Gmjgk7YrP5fSGq2to","baseKeyType":1,"closed":-1,"used":1722450555884,"created":1722450555884,"remoteIdentityKey":"BRxczksIHcwWX7tHx5n6H73Jje5bzeXQWDUINbK1YElK"},"_chains":{"BQXAqbvv0PhBiMC4ZOMUcPFfLNklN5YU95NKcwrgdKxc":{"chainKey":{"counter":21,"key":"ENVOm+G+Ldg2XgGrMK9qWck/icVUke/H1sTOk7tAXT8="},"chainType":1,"messageKeys":{}}},"pendingPreKey":{"signedKeyId":1,"baseKey":"Be1oSxQv4hsQeK1r7Ukmdfk9zY6Gmjgk7YrP5fSGq2to"}}},"version":"v1"}