{"_sessions":{"BZvTi74PdhW5dgP/gc1nhtHGJ0CXEnCbITAlbmSz81IX":{"registrationId":141,"currentRatchet":{"ephemeralKeyPair":{"pubKey":"BZaWcmyH6jcCkhWeRh0HxnscO1TGRHKVKZsj8NecIMtR","privKey":"oKsL1u8jbJmgDWnjZV9f5gvmmt08krEH1hkT8dfeRkw="},"lastRemoteEphemeralKey":"Bbz/9qI2MVQXb+/8gWCOrYd2nIRMRnR45DlUa8lC/j5Z","previousCounter":0,"rootKey":"mVekR7My3FstLZcJ9vTpYxuewGcxcYX35bW3bvwT4PY="},"indexInfo":{"baseKey":"BZvTi74PdhW5dgP/gc1nhtHGJ0CXEnCbITAlbmSz81IX","baseKeyType":1,"closed":1722454607362,"used":1722454511367,"created":1722454511367,"remoteIdentityKey":"BctLRXkjwDrCPoqH3j+YXUT3TCtaiW3ITMYDhnLhrF9p"},"_chains":{"BZaWcmyH6jcCkhWeRh0HxnscO1TGRHKVKZsj8NecIMtR":{"chainKey":{"counter":0,"key":"i8bFd64rUf1UUPytA15pEABA8sCHwhrX7ShX5z9q1c4="},"chainType":1,"messageKeys":{}}},"pendingPreKey":{"signedKeyId":1,"baseKey":"BZvTi74PdhW5dgP/gc1nhtHGJ0CXEnCbITAlbmSz81IX","preKeyId":105}},"BWbqc+63MlXDK0hSXOHMtGvAsXYg7ZRtNjCfOUa0/e9V":{"registrationId":141,"currentRatchet":{"ephemeralKeyPair":{"pubKey":"BXxcRNT6C0vM/+o0auMo2nu8X7NmaSDTCIYdZk25zIwU","privKey":"oJpFYoQdmWPzp9x6F8h4J1YM5V1fIXFVfhmRx3Ptm2Q="},"lastRemoteEphemeralKey":"BWuf+hyeSI09yKcejBmsYW9Sg6LXADzgbLJ4BLrVZ1JQ","previousCounter":0,"rootKey":"bkV+LBfrWN7XydOCMEkkLRlmjhP9sV504X3J5+aPRZg="},"indexInfo":{"baseKey":"BWbqc+63MlXDK0hSXOHMtGvAsXYg7ZRtNjCfOUa0/e9V","baseKeyType":2,"closed":-1,"used":1722454607370,"created":1722454607370,"remoteIdentityKey":"BctLRXkjwDrCPoqH3j+YXUT3TCtaiW3ITMYDhnLhrF9p"},"_chains":{"BWuf+hyeSI09yKcejBmsYW9Sg6LXADzgbLJ4BLrVZ1JQ":{"chainKey":{"counter":1,"key":"MJ+2oGFKJl2Z/SKtYX3OTDRvgCxfqV0F3wsqWB6gH2o="},"chainType":2,"messageKeys":{}},"BXxcRNT6C0vM/+o0auMo2nu8X7NmaSDTCIYdZk25zIwU":{"chainKey":{"counter":0,"key":"65o2CWr8CjsQzpAnuaWcbVobf2T6Nf3PqvOxR1XWpJc="},"chainType":1,"messageKeys":{}}}}},"version":"v1"}