{"_sessions":{"BQ76mWN6VayzV2Qjf+/JocEHqqdztoUxGFdgohq4LwBv":{"registrationId":1156841215,"currentRatchet":{"ephemeralKeyPair":{"pubKey":"Bb/Am1aEFGvrRzq7/AWTlTc5cZiRgoYo09Pi20enjNRC","privKey":"oDm/2Ya0ED8HVpVfj27tH7Rf1/1Ce+XmrVc4BuimxXI="},"lastRemoteEphemeralKey":"BVHJSR8FMHbKo4vSbH7n5MeGeM3exs39rS3mpeYJjeFQ","previousCounter":0,"rootKey":"p13Pg89vB2uSNquuYwVPrSPU4+ZNE8f2kDLjuokp6Lc="},"indexInfo":{"baseKey":"BQ76mWN6VayzV2Qjf+/JocEHqqdztoUxGFdgohq4LwBv","baseKeyType":1,"closed":-1,"used":1722454513071,"created":1722454513071,"remoteIdentityKey":"BZzb01OxHCtZrE7KantA3YG9JdZ9JcHIy462hrQdLWBK"},"_chains":{"Bb/Am1aEFGvrRzq7/AWTlTc5cZiRgoYo09Pi20enjNRC":{"chainKey":{"counter":7,"key":"Hlzp6HUk1MCdFBi40E5SI9YboThi6CYnQIV18Zo1KC8="},"chainType":1,"messageKeys":{}}},"pendingPreKey":{"signedKeyId":0,"baseKey":"BQ76mWN6VayzV2Qjf+/JocEHqqdztoUxGFdgohq4LwBv","preKeyId":3389867}}},"version":"v1"}