{"_sessions":{"BR/m8zVG3MRHmw0rtBjyqH1UDYjyBvYMsDtql6FDlr0p":{"registrationId":1918037261,"currentRatchet":{"ephemeralKeyPair":{"pubKey":"BS71Mv1RhVtOtDedNOQSgJwBjoaqmv3Qfmx3L4+NGfwn","privKey":"oHkUx46Mi0dzlZ/kakl89PbTsj8TdT/uZz5go7y1fW4="},"lastRemoteEphemeralKey":"BXbSlvloo6ur9eZJSsdZQrMnX9gDsKGsW6axxuNBRAhZ","previousCounter":0,"rootKey":"zeZc+i5kAwZm9TkDBaFcSzrcb6V8sfhzfELjmBNJPO0="},"indexInfo":{"baseKey":"BR/m8zVG3MRHmw0rtBjyqH1UDYjyBvYMsDtql6FDlr0p","baseKeyType":1,"closed":-1,"used":1722224747702,"created":1722224747702,"remoteIdentityKey":"BQ3O5QeuZxW418P3I/eowHchZXqmiA21iZhnJQ4QrpFS"},"_chains":{"BS71Mv1RhVtOtDedNOQSgJwBjoaqmv3Qfmx3L4+NGfwn":{"chainKey":{"counter":6,"key":"+FzazerVOPtHkvK7xkOp2RRdkCzInKh33vHQaaaZPLg="},"chainType":1,"messageKeys":{}}},"pendingPreKey":{"signedKeyId":0,"baseKey":"BR/m8zVG3MRHmw0rtBjyqH1UDYjyBvYMsDtql6FDlr0p","preKeyId":5691884}}},"version":"v1"}