{"_sessions":{"BeWcv+tmrxOT49TIscV9eeObWNmFXUQeftqdX9n382kq":{"registrationId":1736889558,"currentRatchet":{"ephemeralKeyPair":{"pubKey":"BTAre35H/zI7adfR6Fh66vO0KV2nxCtbRDT95eN782MO","privKey":"sNfPZ0BQAfasHcEIacxhgo31luk7yvP3YJNe0CFY+WU="},"lastRemoteEphemeralKey":"BScyiweDTcGolKZqVjZuLblPTjKUIwMiZJlXBxqZFgQ6","previousCounter":0,"rootKey":"vcW4+xr91QJ29e/8lruue/RGiLEj2CV2VcS5wqp/rHw="},"indexInfo":{"baseKey":"BeWcv+tmrxOT49TIscV9eeObWNmFXUQeftqdX9n382kq","baseKeyType":1,"closed":-1,"used":1722302915596,"created":1722302915596,"remoteIdentityKey":"BceU6vfSzaB6bhuBUpyGbIqS6R2vqFgN3tyZT5r+1/QV"},"_chains":{"BTAre35H/zI7adfR6Fh66vO0KV2nxCtbRDT95eN782MO":{"chainKey":{"counter":76,"key":"X3hCtT0wRFGl6h1Xwm2EzpA6b8KH4uEN5ixvL6i9EaA="},"chainType":1,"messageKeys":{}}},"pendingPreKey":{"signedKeyId":1,"baseKey":"BeWcv+tmrxOT49TIscV9eeObWNmFXUQeftqdX9n382kq","preKeyId":13333959}}},"version":"v1"}