{"_sessions":{"BTn49J6TbOsiSTF3lQE27PT6KU9fftkdE840vdebBeYC":{"registrationId":527694095,"currentRatchet":{"ephemeralKeyPair":{"pubKey":"Bfj0gSwaEf4/XkcB+yx8GWY64v/kbtUAtqr/RXybUGNG","privKey":"+PNyBChIakJDjbeUeIfzbI4rdeojVVt0FAw3YqDZLkc="},"lastRemoteEphemeralKey":"BVK9i9LmQrXamHVsf8Bic0Xp2Iu/mhp3DjAEmHqGfoIY","previousCounter":0,"rootKey":"RqJHZL7o0X4cm4ARjxyRE7cf1JpQ9vs4RQ9HsAKUXk0="},"indexInfo":{"baseKey":"BTn49J6TbOsiSTF3lQE27PT6KU9fftkdE840vdebBeYC","baseKeyType":1,"closed":-1,"used":1722224748197,"created":1722224748197,"remoteIdentityKey":"BWgecaTM07ECwbJjHZ4/zHlYxHxr0ZYqVQQdp6LpkOtb"},"_chains":{"Bfj0gSwaEf4/XkcB+yx8GWY64v/kbtUAtqr/RXybUGNG":{"chainKey":{"counter":6,"key":"LfQwjJAV9TE7WAi51xRZ7aWAHHQHQKnsQmKriRrBDGs="},"chainType":1,"messageKeys":{}}},"pendingPreKey":{"signedKeyId":4,"baseKey":"BTn49J6TbOsiSTF3lQE27PT6KU9fftkdE840vdebBeYC","preKeyId":1529393}}},"version":"v1"}