{"_sessions":{"BUX0F6tBAsJibUc1navI3xTrXWkAnICtLREm82AN/IJP":{"registrationId":1630616975,"currentRatchet":{"ephemeralKeyPair":{"pubKey":"BfQ4ESCRQgsKuSbqg96K1cyOXtdUdocLTPxL0VNqsJAS","privKey":"OOk6L4qDsCGx1G9FW+cWQAti66tHG0fAb1aFtuNfnU8="},"lastRemoteEphemeralKey":"BZb/1HZA5PmnI+yHSpBRvfpv3M3iSWwmJJFxfCb3WyRu","previousCounter":0,"rootKey":"Y7fGie44wDrU0/qZg2mabCxVXxzY3JpRw7yGfDUu3N8="},"indexInfo":{"baseKey":"BUX0F6tBAsJibUc1navI3xTrXWkAnICtLREm82AN/IJP","baseKeyType":1,"closed":1722378394863,"used":1722302915366,"created":1722302915366,"remoteIdentityKey":"BeM3uttfgYaWfM1e3q1AMsQ07/s6wnpwf+VbLZ4got93"},"_chains":{"BfQ4ESCRQgsKuSbqg96K1cyOXtdUdocLTPxL0VNqsJAS":{"chainKey":{"counter":43,"key":"rF2yf9zT58GK+gPyWl6tBeU1yH/CgLSEW0ZoqEvhVYE="},"chainType":1,"messageKeys":{}}},"pendingPreKey":{"signedKeyId":4,"baseKey":"BUX0F6tBAsJibUc1navI3xTrXWkAnICtLREm82AN/IJP","preKeyId":6326783}},"BSvcirJsAEUCwp74lzdGKV6dVW8hfiQHy3Z9obfnBJV4":{"registrationId":1630616975,"currentRatchet":{"ephemeralKeyPair":{"pubKey":"BR/K32woR2WkUEXxmFkSm+WfMTgl9HuvQdy77lv4/3x3","privKey":"eDqW/1/zpFJPW8WnYIuqhQG+KviQ3MwGWX9IW1ol3XU="},"lastRemoteEphemeralKey":"BZb/1HZA5PmnI+yHSpBRvfpv3M3iSWwmJJFxfCb3WyRu","previousCounter":0,"rootKey":"dyeuM8uD8fMazaK/G2Gag0C/cCuXEQk9XwTJanLjg8A="},"indexInfo":{"baseKey":"BSvcirJsAEUCwp74lzdGKV6dVW8hfiQHy3Z9obfnBJV4","baseKeyType":1,"closed":-1,"used":1722378394860,"created":1722378394860,"remoteIdentityKey":"BeM3uttfgYaWfM1e3q1AMsQ07/s6wnpwf+VbLZ4got93"},"_chains":{"BR/K32woR2WkUEXxmFkSm+WfMTgl9HuvQdy77lv4/3x3":{"chainKey":{"counter":32,"key":"ZyQSgEdkFayJxydkeHqPnetB7HFsyCa3Ncf73mZMjwg="},"chainType":1,"messageKeys":{}}},"pendingPreKey":{"signedKeyId":4,"baseKey":"BSvcirJsAEUCwp74lzdGKV6dVW8hfiQHy3Z9obfnBJV4","preKeyId":6327631}}},"version":"v1"}