{"_sessions":{"Ba2oerDTNY0vK6ZyFDOi+7IvfNIleJdI9zHWh6tdu8Bk":{"registrationId":723880998,"currentRatchet":{"ephemeralKeyPair":{"pubKey":"BUaTCO2FYeGqvcmpBEuj+fo/wbLeJk6ieQMg82jm6flZ","privKey":"sMmEYKhKU1oBwhv6Dk3X0oAQ11khIMUC5idtY96UEl0="},"lastRemoteEphemeralKey":"BXNQjOsiA2hB/erQlkWKt+An2iHaEiMJ8HOPifllRb5G","previousCounter":0,"rootKey":"fVftZciTEKludcCa1kO+ckrVnpfcZYV6jTrPxzAXzxQ="},"indexInfo":{"baseKey":"Ba2oerDTNY0vK6ZyFDOi+7IvfNIleJdI9zHWh6tdu8Bk","baseKeyType":1,"closed":-1,"used":1722224747298,"created":1722224747298,"remoteIdentityKey":"BY5onJylY6OyVb7qOh8BYFnBFvc7G3tHtBr1K/3rDIQ1"},"_chains":{"BUaTCO2FYeGqvcmpBEuj+fo/wbLeJk6ieQMg82jm6flZ":{"chainKey":{"counter":6,"key":"G5Na7uvKkIYnx65GtssSXUQ5hzjDnpZwn4s3Nf2q2Gg="},"chainType":1,"messageKeys":{}}},"pendingPreKey":{"signedKeyId":0,"baseKey":"Ba2oerDTNY0vK6ZyFDOi+7IvfNIleJdI9zHWh6tdu8Bk","preKeyId":13033278}}},"version":"v1"}