{"_sessions":{"BergfxOvF31e051xeRprVqgvos1AXKCvKUmcF4GC0WFg":{"registrationId":12512,"currentRatchet":{"ephemeralKeyPair":{"pubKey":"BaFG9fLnSqOm3htqwTbZeYcGvxcmAYEBdY4j9BOKbdtt","privKey":"SGI41O+JDTNNwzteG9NWFtvvhSUd9PSkGQWoIDVJQFE="},"lastRemoteEphemeralKey":"BX3RF56qUZYLoxUDr6IQ8JhAmaJGALOmWobdHwTGb5gb","previousCounter":0,"rootKey":"A0Q4OEIA04pOybKeyAPumMcbXPAcoauEmADaYyDOGf8="},"indexInfo":{"baseKey":"BergfxOvF31e051xeRprVqgvos1AXKCvKUmcF4GC0WFg","baseKeyType":1,"closed":-1,"used":1722224745380,"created":1722224745380,"remoteIdentityKey":"BY5Nn/p35aZLgioVOn2DFgJr/bbgKa8J/w2qY9KlOypY"},"_chains":{"BaFG9fLnSqOm3htqwTbZeYcGvxcmAYEBdY4j9BOKbdtt":{"chainKey":{"counter":6,"key":"IMqGyWW3pwaUxCtGIK/HDRYcBOCv1kVl+x2URzJkE9g="},"chainType":1,"messageKeys":{}}},"pendingPreKey":{"signedKeyId":1,"baseKey":"BergfxOvF31e051xeRprVqgvos1AXKCvKUmcF4GC0WFg"}}},"version":"v1"}