{"_sessions":{"Bat6BRZgXqFBFfmEKayhtWjsEwp3iAliUc+BjMPLdBEM":{"registrationId":6024,"currentRatchet":{"ephemeralKeyPair":{"pubKey":"BYdBIQmQHLwTZQSS5OAFkpAXh3UYJkGUBlYHQDCI1TNF","privKey":"UEwlaf/iTDuDZNoCkjWpjKJiwXD3DHOSo1mpjc3ZUlk="},"lastRemoteEphemeralKey":"BfMXVU8xq1yIYyxbxwHCQ6zlSZ2xXfB96di34FJxDPZP","previousCounter":0,"rootKey":"374aJnxsMm1+gS19kBZzvrimZ2RSl8EwpPy5BDfkY0I="},"indexInfo":{"baseKey":"Bat6BRZgXqFBFfmEKayhtWjsEwp3iAliUc+BjMPLdBEM","baseKeyType":1,"closed":-1,"used":1722224745795,"created":1722224745795,"remoteIdentityKey":"BbcBtS6b+1TishsdTFzXLLnNNxJr5ZcwnmFAdiosb+VU"},"_chains":{"BYdBIQmQHLwTZQSS5OAFkpAXh3UYJkGUBlYHQDCI1TNF":{"chainKey":{"counter":6,"key":"a7FEmDdXvJmyCcn4F+ijdBgV4xVDYMOCIs4dw4xFNLs="},"chainType":1,"messageKeys":{}}},"pendingPreKey":{"signedKeyId":1,"baseKey":"Bat6BRZgXqFBFfmEKayhtWjsEwp3iAliUc+BjMPLdBEM","preKeyId":4005}}},"version":"v1"}