{"_sessions":{"BbfygfOXkSJMIksEHyOlBBTmaL3XExBqBWCQRADubqR/":{"registrationId":13079,"currentRatchet":{"ephemeralKeyPair":{"pubKey":"BfXg/0UwjYPIPYFJ9z+dRIkk7ZmyQXo7B7hNXyrQdQBH","privKey":"eEzd2sRdvKW4W1ZNUcDityF2gLZxf9Ih9qqNNtqI5GM="},"lastRemoteEphemeralKey":"BWIwXCrA0pqlx8mMlvrPSJ5hptV5JBGu3jPjZG1H4ONP","previousCounter":0,"rootKey":"Qj7RBTYc4QdmjDEvlwzeRspA6ghrjXwuMtx4SpP6JQw="},"indexInfo":{"baseKey":"BbfygfOXkSJMIksEHyOlBBTmaL3XExBqBWCQRADubqR/","baseKeyType":1,"closed":-1,"used":1722224746270,"created":1722224746270,"remoteIdentityKey":"BcoakMYGomgYicZf3rCRt0ajBQZgip/16W/4NGMULvwr"},"_chains":{"BfXg/0UwjYPIPYFJ9z+dRIkk7ZmyQXo7B7hNXyrQdQBH":{"chainKey":{"counter":6,"key":"9WSBbgzhONTPSOi81kFA8xMAnp59jxkmz7s+XZI7AjQ="},"chainType":1,"messageKeys":{}}},"pendingPreKey":{"signedKeyId":1,"baseKey":"BbfygfOXkSJMIksEHyOlBBTmaL3XExBqBWCQRADubqR/","preKeyId":4102}}},"version":"v1"}