{"_sessions":{"BeHV1oehR9zL/WgQu7vwTG7FKX9YovoTm1LbQq+tc0pn":{"registrationId":13669,"currentRatchet":{"ephemeralKeyPair":{"pubKey":"BTgaoVieO896KLAHKv+B5JC6LDr+fCh5wq5wQGhbLWZA","privKey":"MK+I8eF95zBUCIxInpswOfxt5SVbpF27lVBAxNuernc="},"lastRemoteEphemeralKey":"BYpKOnrTyOPVCJn/uvAnGU6RM/6D7lYhJYtIBXDQEBBb","previousCounter":0,"rootKey":"behdElLhN3MbMUJJm8Z2VGhfhDRncdH6wKZGrKXQMXo="},"indexInfo":{"baseKey":"BeHV1oehR9zL/WgQu7vwTG7FKX9YovoTm1LbQq+tc0pn","baseKeyType":1,"closed":-1,"used":1722224745403,"created":1722224745403,"remoteIdentityKey":"BZapwLeZKmkvX7WnlD/OrzoK8eDKDqJUD4u/pn/cr0YM"},"_chains":{"BTgaoVieO896KLAHKv+B5JC6LDr+fCh5wq5wQGhbLWZA":{"chainKey":{"counter":6,"key":"N6/Zfa3bzgTthgcFnD0H9Xwp0Qc2xG/n0cu7zfJOGNI="},"chainType":1,"messageKeys":{}}},"pendingPreKey":{"signedKeyId":1,"baseKey":"BeHV1oehR9zL/WgQu7vwTG7FKX9YovoTm1LbQq+tc0pn"}}},"version":"v1"}