{"_sessions":{"BfYGwSlf2MJnXQMraQ6EPgqbhLH6MJvsgSjycx7TH2IA":{"registrationId":554601519,"currentRatchet":{"ephemeralKeyPair":{"pubKey":"BRmseMsCW2iJFq7LbHTdh445x61sEtvsiBP5fVKzDCUg","privKey":"gOQXQqm4V48TXfx0QNkTV8dptWBNepZXJAJG/j1WoEQ="},"lastRemoteEphemeralKey":"BV/oXpdKcz81oN56nLtiWUgF5ex85PHVp6TGJ7MLcTA/","previousCounter":0,"rootKey":"9RnJ5eN014HqJxYHhMc6GCutOPjsuWOpUWm4IOFipUw="},"indexInfo":{"baseKey":"BfYGwSlf2MJnXQMraQ6EPgqbhLH6MJvsgSjycx7TH2IA","baseKeyType":1,"closed":-1,"used":1722224747660,"created":1722224747660,"remoteIdentityKey":"BQSJ1wiGfIufV+X4fu1M0DmiP0fLUpoakhSEa2n7w016"},"_chains":{"BRmseMsCW2iJFq7LbHTdh445x61sEtvsiBP5fVKzDCUg":{"chainKey":{"counter":6,"key":"K8uiuLJBfpWnPSVf1SpzIEyxeDiKhGxyw+QGFF9cUe0="},"chainType":1,"messageKeys":{}}},"pendingPreKey":{"signedKeyId":5922314,"baseKey":"BfYGwSlf2MJnXQMraQ6EPgqbhLH6MJvsgSjycx7TH2IA","preKeyId":4080}}},"version":"v1"}