{"_sessions":{"BQUKNaY8R387sDgBtyo3TkpKIoSDDQnYzyWFRA3lCDlF":{"registrationId":973990779,"currentRatchet":{"ephemeralKeyPair":{"pubKey":"BRlbnOEYDH8WA2TAWD5LVv3vE5VAkT2cvTiFFsgSNzd2","privKey":"gAXa08VU3DyX8d6pAtAXTlAjlxxNRGV8qzLEOzO16mI="},"lastRemoteEphemeralKey":"BRT1w6xGgI2/nnqUXzvCaZEf2BDQz/jUpqBeeFr32ypC","previousCounter":0,"rootKey":"+qX1S4T8kFpuxXr9PHUrtjGqJOi/71pYDCpq+BaeBVo="},"indexInfo":{"baseKey":"BQUKNaY8R387sDgBtyo3TkpKIoSDDQnYzyWFRA3lCDlF","baseKeyType":1,"closed":-1,"used":1722224746972,"created":1722224746972,"remoteIdentityKey":"BYBXjidmqdRWrdBUXrJTMQQGqUZdWw78EjY8rc/2DjlV"},"_chains":{"BRlbnOEYDH8WA2TAWD5LVv3vE5VAkT2cvTiFFsgSNzd2":{"chainKey":{"counter":6,"key":"A9Ahen/upA4X6OeWBlz33+9+Q+33LDY6Fjaozuvxw+Y="},"chainType":1,"messageKeys":{}}},"pendingPreKey":{"signedKeyId":0,"baseKey":"BQUKNaY8R387sDgBtyo3TkpKIoSDDQnYzyWFRA3lCDlF"}}},"version":"v1"}