{"_sessions":{"BR0NQtIKgrtPTa770KrkjPbmVo26JfSU+0r0hhL5BBss":{"registrationId":399439988,"currentRatchet":{"ephemeralKeyPair":{"pubKey":"Ba/3mcXmfnq5uUE4VFcNui/txtonPtQF6kA1kV4W3BVh","privKey":"kFtfufw84oA3Lut9XsioiIfPj966PiR8HXJ6oEk9Vnc="},"lastRemoteEphemeralKey":"BSCHvf/ffZoH5v/7SXyOslURJCFbL46fBQIHQmOtaW5k","previousCounter":0,"rootKey":"AhATSwcdSj4MW1Y6yhhr9ryvKKGLO8UZ7cZG3XkQ0ok="},"indexInfo":{"baseKey":"BR0NQtIKgrtPTa770KrkjPbmVo26JfSU+0r0hhL5BBss","baseKeyType":1,"closed":-1,"used":1722302915884,"created":1722302915884,"remoteIdentityKey":"BQpdtJeVAp9nEfubZWUkEj7XPKT4JriGnNn1TFg+SMcO"},"_chains":{"Ba/3mcXmfnq5uUE4VFcNui/txtonPtQF6kA1kV4W3BVh":{"chainKey":{"counter":76,"key":"+i1BuXMWY4wGY0P5E5ZOran5hFMbmfKyyRPn83vW6OM="},"chainType":1,"messageKeys":{}}},"pendingPreKey":{"signedKeyId":11,"baseKey":"BR0NQtIKgrtPTa770KrkjPbmVo26JfSU+0r0hhL5BBss","preKeyId":4431259}}},"version":"v1"}