{"_sessions":{"BT1F8wqz/87hE7LIgzZMmrZWU4AWTacsLb6t76ZC8N0d":{"registrationId":2279,"currentRatchet":{"ephemeralKeyPair":{"pubKey":"BTBTYzmzZ8Ziq6gNWTuAXtVkEhTzanimDtA3lEicveE2","privKey":"+Hk1CW3eIaZ/58A0hoRa4ulxGE6RJuKM2nKA+yYCoGw="},"lastRemoteEphemeralKey":"BVwKl7IZVyUg2Qkboh4UV9cWcxtOucCuKBTKM5xiT+56","previousCounter":0,"rootKey":"I2L19h1BLAsEMKNSf/pBksxnduKOfqzZOfFicY9tRhc="},"indexInfo":{"baseKey":"BT1F8wqz/87hE7LIgzZMmrZWU4AWTacsLb6t76ZC8N0d","baseKeyType":1,"closed":-1,"used":1722224745956,"created":1722224745956,"remoteIdentityKey":"BavhnAwGonzK7Ci/QGIVwdy4j4jjmUFGdpykKdfj58Vi"},"_chains":{"BTBTYzmzZ8Ziq6gNWTuAXtVkEhTzanimDtA3lEicveE2":{"chainKey":{"counter":6,"key":"UUn3BmIVguwWg/MdF5oujh8MsRbWfFf96eLtULZRAwk="},"chainType":1,"messageKeys":{}}},"pendingPreKey":{"signedKeyId":1,"baseKey":"BT1F8wqz/87hE7LIgzZMmrZWU4AWTacsLb6t76ZC8N0d"}}},"version":"v1"}