{"_sessions":{"BcxRUG39/ZVSEw2sB36jUzhpd5nWz1e4ogeS8gCyR7sq":{"registrationId":542090548,"currentRatchet":{"ephemeralKeyPair":{"pubKey":"Baq1HNzTBEboYfkw+8/f3k00xpJAfTKC4GTuVv5eyjNe","privKey":"sOG82IOm1NtoH4kIkj6wN5Nc1JDusJ5gspHQ2Ns0fls="},"lastRemoteEphemeralKey":"BWSq7jMcmJsako6zG+oVQkOrv/aM/8pm1j27zGh4b0Jx","previousCounter":0,"rootKey":"fg4UAGsYAW87IARP8I3n7UzwiPa8pqqlm5I/v6YQPz8="},"indexInfo":{"baseKey":"BcxRUG39/ZVSEw2sB36jUzhpd5nWz1e4ogeS8gCyR7sq","baseKeyType":1,"closed":-1,"used":1722302916357,"created":1722302916357,"remoteIdentityKey":"BcngIRcQJzFasnycWbIlUXu19um5BL5Pp58AMJqqS/Mc"},"_chains":{"Baq1HNzTBEboYfkw+8/f3k00xpJAfTKC4GTuVv5eyjNe":{"chainKey":{"counter":76,"key":"YrbLCgGComg+vGWT8VDBKO/C+tDttsmm7LXwIvBijQ0="},"chainType":1,"messageKeys":{}}},"pendingPreKey":{"signedKeyId":0,"baseKey":"BcxRUG39/ZVSEw2sB36jUzhpd5nWz1e4ogeS8gCyR7sq"}}},"version":"v1"}