{"_sessions":{"BbLyfUPXekDRlM8EMrZPTJ5/RrWQ6R+Zf1lMwv75JHA0":{"registrationId":12920,"currentRatchet":{"ephemeralKeyPair":{"pubKey":"BWrc/A0HiwgctRY7U40Kd8+Ez39QM6b0MPKVe7B3+LRg","privKey":"qP/jnd2EhQq21UplvXZvzqVfIRbvk9CwC25sn6X/Z1Y="},"lastRemoteEphemeralKey":"BbaDSBuhgLH15e4f1F8FTRmkf7U8WuBW6YqpvJS7angX","previousCounter":0,"rootKey":"nLwhgPwcnOtcED31mKijBB+uRUJojtktWPOy9K039WY="},"indexInfo":{"baseKey":"BbLyfUPXekDRlM8EMrZPTJ5/RrWQ6R+Zf1lMwv75JHA0","baseKeyType":1,"closed":-1,"used":1722224745687,"created":1722224745687,"remoteIdentityKey":"BWo1W9LRl+EkivFcsEi+px7XJKFhTefttYk+fjHRqBMy"},"_chains":{"BWrc/A0HiwgctRY7U40Kd8+Ez39QM6b0MPKVe7B3+LRg":{"chainKey":{"counter":6,"key":"ptPn/d9Z/mppUet25gp9TAQFpIGwW1rgGYeQCrrR7Pc="},"chainType":1,"messageKeys":{}}},"pendingPreKey":{"signedKeyId":1,"baseKey":"BbLyfUPXekDRlM8EMrZPTJ5/RrWQ6R+Zf1lMwv75JHA0"}}},"version":"v1"}