{"_sessions":{"BT92AtSIxc1QZcGN+KglsrrMmJz12SqPAhQDwER82oUF":{"registrationId":1386731013,"currentRatchet":{"ephemeralKeyPair":{"pubKey":"BXocq3gsbaIgCelvMl33oZjzk2q0gzoB722mBbw7Ufkt","privKey":"0IkQFIFneJWnTD/DQBauuorw9TkC+SJifnkItgscsHc="},"lastRemoteEphemeralKey":"BRf4e5P8GYkhSPE8/DbgCf+/4EWBGDjQvk+wYG7GyNkZ","previousCounter":0,"rootKey":"aGFxUk4CvbwgTSKkGh2kQnqvmLS9sp6lpnOJcsgyNyM="},"indexInfo":{"baseKey":"BT92AtSIxc1QZcGN+KglsrrMmJz12SqPAhQDwER82oUF","baseKeyType":1,"closed":-1,"used":1722224747460,"created":1722224747460,"remoteIdentityKey":"BT1hkJi7Uy1fdEOWYa+XgvUxsQBIxHVTkEP0DO+J0Ro/"},"_chains":{"BXocq3gsbaIgCelvMl33oZjzk2q0gzoB722mBbw7Ufkt":{"chainKey":{"counter":6,"key":"bIx79w9rCdyOfJz9DSKnbQPBNZuEQmHou+zdK9kiv2g="},"chainType":1,"messageKeys":{}}},"pendingPreKey":{"signedKeyId":1,"baseKey":"BT92AtSIxc1QZcGN+KglsrrMmJz12SqPAhQDwER82oUF","preKeyId":9866525}}},"version":"v1"}