{"_sessions":{"Bczu6pvviNZ1k6g0RJS098m8U1OxrTPbLIBXp1VX51g1":{"registrationId":605205718,"currentRatchet":{"ephemeralKeyPair":{"pubKey":"BbdL+uGSkGcRzoe3X0hTcXBM46VLiEWrbdL4udpFct9L","privKey":"aFb6pgmLPO7ZGE0joXpB0F9Zfnivfa2oeETm/YP9mHw="},"lastRemoteEphemeralKey":"BV460MIakBC8+GenjNLvN0CHtQpeR58W6z2c1ZBgzO8C","previousCounter":0,"rootKey":"rSyk6As3kBjSow2RDGBPx6PRZjpF9oudThDWBgkVJIw="},"indexInfo":{"baseKey":"Bczu6pvviNZ1k6g0RJS098m8U1OxrTPbLIBXp1VX51g1","baseKeyType":1,"closed":-1,"used":1722224749062,"created":1722224749062,"remoteIdentityKey":"BXWpL1IGR90h1EGjD5GpolU6hldAr8+dPET0EVGzLwgD"},"_chains":{"BbdL+uGSkGcRzoe3X0hTcXBM46VLiEWrbdL4udpFct9L":{"chainKey":{"counter":6,"key":"mgymE3H+wVnRJoj0ks0YucsC5muKclQPY8zlQ2bz75A="},"chainType":1,"messageKeys":{}}},"pendingPreKey":{"signedKeyId":0,"baseKey":"Bczu6pvviNZ1k6g0RJS098m8U1OxrTPbLIBXp1VX51g1","preKeyId":16190428}}},"version":"v1"}