{"_sessions":{"BTv7ZaqSykoLzszazjk0pWpjhEhdlSvI3M1fXFTnmuUZ":{"registrationId":1229788063,"currentRatchet":{"ephemeralKeyPair":{"pubKey":"BbmmaBDj7WhbxHRF/JOfgCYRIY9DaqbXzkt6b1VAiRpA","privKey":"mK+yhk8KH047s4FhnociSt8E7PQHxw6xp/z/zSMqM1Q="},"lastRemoteEphemeralKey":"BfVjWnpdgGZUl2HKumknr0Bk34ADcqiKXmxwH/XO7N4a","previousCounter":0,"rootKey":"t2O2c0Z8ULiX0A5jP+CWGPs4Sxw2Snp20gE0HBz+3Wg="},"indexInfo":{"baseKey":"BTv7ZaqSykoLzszazjk0pWpjhEhdlSvI3M1fXFTnmuUZ","baseKeyType":1,"closed":-1,"used":1722302915601,"created":1722302915601,"remoteIdentityKey":"Baft4S81llPQnUnLidrw7xgOIzq5lMnuy3kyN78J88tT"},"_chains":{"BbmmaBDj7WhbxHRF/JOfgCYRIY9DaqbXzkt6b1VAiRpA":{"chainKey":{"counter":76,"key":"s/QtNUvimviY23fn6gnvYuUCcaqVkNy765LDnRQ7zGg="},"chainType":1,"messageKeys":{}}},"pendingPreKey":{"signedKeyId":3,"baseKey":"BTv7ZaqSykoLzszazjk0pWpjhEhdlSvI3M1fXFTnmuUZ","preKeyId":8629106}}},"version":"v1"}