{"_sessions":{"BVHOHzdqkSgujWh8d3MDJr9nqg5f8EU0Uq/ON9nrsU5O":{"registrationId":964644312,"currentRatchet":{"ephemeralKeyPair":{"pubKey":"BUEXXeFbEU/3CMGn8b8FavMBbcDhZ54S67+5Qal7xshM","privKey":"QIzwRnlET/lPcx+YVQFQmMS2iITJf47S25LZx2KZ90U="},"lastRemoteEphemeralKey":"BTStVh6LmA0IjG+swrdjtJEqYH4BbFkcmfayRhahmkwj","previousCounter":0,"rootKey":"oV9An99+lqklC8KjZuf9cyJinxAVtXiErYi2V6BzlGU="},"indexInfo":{"baseKey":"BVHOHzdqkSgujWh8d3MDJr9nqg5f8EU0Uq/ON9nrsU5O","baseKeyType":1,"closed":-1,"used":1722454513299,"created":1722454513299,"remoteIdentityKey":"Bds3VEZQRzrW5Zaup8x3zKbJkJ1jEvsshttWFXsr3vJT"},"_chains":{"BUEXXeFbEU/3CMGn8b8FavMBbcDhZ54S67+5Qal7xshM":{"chainKey":{"counter":7,"key":"B739rBPHSrc7YvOZV6PnWUyKnk9L+WIT0hdIBAaAFU8="},"chainType":1,"messageKeys":{}}},"pendingPreKey":{"signedKeyId":0,"baseKey":"BVHOHzdqkSgujWh8d3MDJr9nqg5f8EU0Uq/ON9nrsU5O","preKeyId":3730123}}},"version":"v1"}