{"_sessions":{"BXAKDrd04+5hjYyly2qrCCynNtI68x+I3lIL3ElnArNH":{"registrationId":798348039,"currentRatchet":{"ephemeralKeyPair":{"pubKey":"BcUtj3Rq5Rx9V2yyZQbhAhRuAn103lKbo9Ah30iN08k7","privKey":"+Dx5vAcTEWVdvNeTcVy4ScTwAtf6kMKQEL4Uz5RnwWU="},"lastRemoteEphemeralKey":"BRk0H+EXjNmN3TYxq7X+yuN7VEBKX03YBV9xHhkEpldC","previousCounter":0,"rootKey":"phOSWehIWXn0qkcFFb0QaJETvRmopWH76U9xNAK826I="},"indexInfo":{"baseKey":"BXAKDrd04+5hjYyly2qrCCynNtI68x+I3lIL3ElnArNH","baseKeyType":1,"closed":-1,"used":1722302915178,"created":1722302915178,"remoteIdentityKey":"BWcsbSN1wG9Wh7Z67IxCCLQSOgzMQzztL1/+iEuQo+tR"},"_chains":{"BcUtj3Rq5Rx9V2yyZQbhAhRuAn103lKbo9Ah30iN08k7":{"chainKey":{"counter":76,"key":"whURffrc8HqSTofAVAG8QIbYOoEZyQ97xqrx6AimPYo="},"chainType":1,"messageKeys":{}}},"pendingPreKey":{"signedKeyId":14,"baseKey":"BXAKDrd04+5hjYyly2qrCCynNtI68x+I3lIL3ElnArNH","preKeyId":6127683}}},"version":"v1"}