{"_sessions":{"BeUOK+SVHdU+P92wiW62AVB5QPw2OKwT8NI1zp4zE/wM":{"registrationId":1074796466,"currentRatchet":{"ephemeralKeyPair":{"pubKey":"BQ+Fkc59vBcb0kyHv16caAf81s3lWTjAX4HkvMWk2fYQ","privKey":"MBD8qoTkY8qGhbs7hTdlPp3PpBBc82euoKLunYThnHU="},"lastRemoteEphemeralKey":"BfnP+/3xCndutlkYnSFpcHCAXqZZ9Celp2x2POPQi/Y6","previousCounter":0,"rootKey":"HcEv/TxvZVtxp/ZO0WYVnIpLex/vU9gPgH828LpwzKQ="},"indexInfo":{"baseKey":"BeUOK+SVHdU+P92wiW62AVB5QPw2OKwT8NI1zp4zE/wM","baseKeyType":1,"closed":-1,"used":1722302915586,"created":1722302915586,"remoteIdentityKey":"BRDMsv9zgdL+wM2s9jW9HnNonyOTkYPiiHJw76UOgcFQ"},"_chains":{"BQ+Fkc59vBcb0kyHv16caAf81s3lWTjAX4HkvMWk2fYQ":{"chainKey":{"counter":76,"key":"Dtv+61BUmVSeQkhcDYlN0X6C7Rz4Pf+gkJCpV1WtqFE="},"chainType":1,"messageKeys":{}}},"pendingPreKey":{"signedKeyId":2,"baseKey":"BeUOK+SVHdU+P92wiW62AVB5QPw2OKwT8NI1zp4zE/wM","preKeyId":4803623}}},"version":"v1"}