{"_sessions":{"BZWgfFhY8G+1n9OSZ6SidIy5HyedRXfvgyWdVXzKm/NO":{"registrationId":1724465248,"currentRatchet":{"ephemeralKeyPair":{"pubKey":"Bd0L1PmRT2Nj4cgeNCHkz1s+KcOUr3/B2kfm04ynMh9M","privKey":"CKv33rQHeeN5u85zzzsOwUnZ3IMTjCOVTduTwcYvbVY="},"lastRemoteEphemeralKey":"BdRiKbba0dd8iF0jdySAf4QY2jHve9b+TaiKZR+0BMQ1","previousCounter":0,"rootKey":"d8Q5iRXKmItBDQfvMLGQvXeHf9TUkOVTO7cLtE5zlso="},"indexInfo":{"baseKey":"BZWgfFhY8G+1n9OSZ6SidIy5HyedRXfvgyWdVXzKm/NO","baseKeyType":1,"closed":-1,"used":1722302915757,"created":1722302915757,"remoteIdentityKey":"BQkMSUHE2Bqunato4Hh0qH6HwuMsPMQszURKJLBob7AN"},"_chains":{"Bd0L1PmRT2Nj4cgeNCHkz1s+KcOUr3/B2kfm04ynMh9M":{"chainKey":{"counter":76,"key":"ACrNsAIvuOKjQtMHEwcEozmst66gQA4OSFFOmcVVVF8="},"chainType":1,"messageKeys":{}}},"pendingPreKey":{"signedKeyId":5,"baseKey":"BZWgfFhY8G+1n9OSZ6SidIy5HyedRXfvgyWdVXzKm/NO","preKeyId":5912727}}},"version":"v1"}