{"_sessions":{"BVXkLLVtPFzdApoMsyt5z6im/8oByBSYMtjCUQhx8K4N":{"registrationId":5643,"currentRatchet":{"ephemeralKeyPair":{"pubKey":"BVcytB24QIorEb+BM9/KvlF4obJ5coXYZxoCeZAb8644","privKey":"GHC0yZB6ZYBeC88se+fSd5ntwE7aEuHKiz60aIxN3nk="},"lastRemoteEphemeralKey":"Ba2s0hVXSKLtvVt53VZZQDXKnfLzyAAq1J5GdoZuX0Ms","previousCounter":0,"rootKey":"XycRyCsII22KaAZ2ydGW9aV4ewg53xepU2SFCoIXoKg="},"indexInfo":{"baseKey":"BVXkLLVtPFzdApoMsyt5z6im/8oByBSYMtjCUQhx8K4N","baseKeyType":1,"closed":-1,"used":1722224746059,"created":1722224746059,"remoteIdentityKey":"BZjrnbqiXgw3+oXzP48yq+pNnz3LHRYGqBJQNR8Uq4VR"},"_chains":{"BVcytB24QIorEb+BM9/KvlF4obJ5coXYZxoCeZAb8644":{"chainKey":{"counter":6,"key":"OksYAfgsIK/8ecoqhw34tthQmbEr4i86FIra2csDdQI="},"chainType":1,"messageKeys":{}}},"pendingPreKey":{"signedKeyId":1,"baseKey":"BVXkLLVtPFzdApoMsyt5z6im/8oByBSYMtjCUQhx8K4N"}}},"version":"v1"}