{"_sessions":{"BWgLIITwHar4mcaX1u4CMJCeyvb6YRWVdfOOm7/PtF0J":{"registrationId":507,"currentRatchet":{"ephemeralKeyPair":{"pubKey":"BYlw+4aoTu5b0tZC9g7/aOWRExS2UW509pv32eXWJL47","privKey":"YG6gwvTs9sJg6mcGiNtsJ7hrh0F/4nXLXDb8gKRNekc="},"lastRemoteEphemeralKey":"Bahg2J1GYaV7db4hQJ0c/uOVUh2/d71HG1WqaNwUte5g","previousCounter":0,"rootKey":"myES0RxmABt1tka/3kuS0YTesc+Jv9baZqbnKmThWRs="},"indexInfo":{"baseKey":"BWgLIITwHar4mcaX1u4CMJCeyvb6YRWVdfOOm7/PtF0J","baseKeyType":1,"closed":-1,"used":1722224744977,"created":1722224744977,"remoteIdentityKey":"BUwr4mzjlPtxAYiwJs2PngFCdnDN/zc01RQchbcUsvEx"},"_chains":{"BYlw+4aoTu5b0tZC9g7/aOWRExS2UW509pv32eXWJL47":{"chainKey":{"counter":6,"key":"YYRjFzOSOCdP700qDRFNQl43A5DuPA8D+2XnikGCM+o="},"chainType":1,"messageKeys":{}}},"pendingPreKey":{"signedKeyId":1,"baseKey":"BWgLIITwHar4mcaX1u4CMJCeyvb6YRWVdfOOm7/PtF0J","preKeyId":2039}}},"version":"v1"}