{"_sessions":{"BcK0V1mGVX0R049ZzdQ9kwIZpskTCIJxY2m8rDEAutES":{"registrationId":1648619563,"currentRatchet":{"ephemeralKeyPair":{"pubKey":"BfZtvd6XXEgQWUawBNcwpZW7rHh/Lb8Az4aG0PoLqq1j","privKey":"oNSIesL7DpdOVoqW5yN0HM/6FFdiMiyvSFwLHn4112I="},"lastRemoteEphemeralKey":"BfeJyhlQzq2us1TSbuMP+kSPeBUJq2l0TZO/qTY6LrF9","previousCounter":0,"rootKey":"0schAurtZSxSlgudxw/3QOMFkpF6aGAS9Xe4Zs5ALPA="},"indexInfo":{"baseKey":"BcK0V1mGVX0R049ZzdQ9kwIZpskTCIJxY2m8rDEAutES","baseKeyType":1,"closed":-1,"used":1722224749573,"created":1722224749573,"remoteIdentityKey":"BUL6MPWicba5Pn77qCXm7f9tpd7TqKbB2AAa0p9hzNhT"},"_chains":{"BfZtvd6XXEgQWUawBNcwpZW7rHh/Lb8Az4aG0PoLqq1j":{"chainKey":{"counter":6,"key":"g2FeEo/5wKKUfFzf5O3LEKO6FYoIWCXQTZ0mQlPKj2U="},"chainType":1,"messageKeys":{}}},"pendingPreKey":{"signedKeyId":1,"baseKey":"BcK0V1mGVX0R049ZzdQ9kwIZpskTCIJxY2m8rDEAutES"}}},"version":"v1"}