{"_sessions":{"BaEZZNM0ttmYHI1zOF9KP/ReXoOGm4Jf7DwfrP+gii9U":{"registrationId":733283164,"currentRatchet":{"ephemeralKeyPair":{"pubKey":"BXp5z37XSTC/Kd/8KoYTA9ROh2W5UYER+Q8f8Zo/7nht","privKey":"gFnvLFYy0cnqdBpFVoLTLmz/hrWa9kvLEIGxiZpz7UA="},"lastRemoteEphemeralKey":"BXITxZGOOX9Ht83kkG/qA58R1IW4PKeoIJ9Y4vlLA6tM","previousCounter":0,"rootKey":"1H7QOiEA0sDjMRn7A6ZKY6YMQufWTWQFfbYd4mXzTbw="},"indexInfo":{"baseKey":"BaEZZNM0ttmYHI1zOF9KP/ReXoOGm4Jf7DwfrP+gii9U","baseKeyType":1,"closed":-1,"used":1722224749365,"created":1722224749365,"remoteIdentityKey":"Bcn8GJzrpPKd7MCTyRjSZPZCPSYaTx0+8ijiU7bJ+IkI"},"_chains":{"BXp5z37XSTC/Kd/8KoYTA9ROh2W5UYER+Q8f8Zo/7nht":{"chainKey":{"counter":6,"key":"HtHmNAiHyihB/LWHLWTlrBw7mCdfokqj8N22fSx+ZJM="},"chainType":1,"messageKeys":{}}},"pendingPreKey":{"signedKeyId":7,"baseKey":"BaEZZNM0ttmYHI1zOF9KP/ReXoOGm4Jf7DwfrP+gii9U","preKeyId":15914253}}},"version":"v1"}