{"_sessions":{"BajtxVAYmI59G5WtmM8enCw6BRCeIIDURsipM69ioqQE":{"registrationId":1622627935,"currentRatchet":{"ephemeralKeyPair":{"pubKey":"Bf7gqFZ6Bqq76mR3mg1yIKY3V/r3HFo6iWnecE+ARsUF","privKey":"CEqhuGMeCwfgzwnv+3Fip0rjjDukCSPo6xyHiVowEnI="},"lastRemoteEphemeralKey":"BWjUh8l8FPKHGGTFO6/B9c3xJIs/YuP5EYsXH7hM7KUJ","previousCounter":0,"rootKey":"zRv0qBizlp34VLwt2sYwhY2KMsKkvDnDSQQne5Ds63w="},"indexInfo":{"baseKey":"BajtxVAYmI59G5WtmM8enCw6BRCeIIDURsipM69ioqQE","baseKeyType":1,"closed":-1,"used":1722454512577,"created":1722454512577,"remoteIdentityKey":"BYQIfFd3kgipeTombYUa/gJ/MRiWjYGHxMPYCgt/+HUu"},"_chains":{"Bf7gqFZ6Bqq76mR3mg1yIKY3V/r3HFo6iWnecE+ARsUF":{"chainKey":{"counter":7,"key":"Jd10ayc/ptZamDMj2LRBTvP4/0Wvpxw9UCFZ8znrix4="},"chainType":1,"messageKeys":{}}},"pendingPreKey":{"signedKeyId":0,"baseKey":"BajtxVAYmI59G5WtmM8enCw6BRCeIIDURsipM69ioqQE","preKeyId":1199609}}},"version":"v1"}