{"_sessions":{"BbNjlVQKkrRl49P4h9dPchHLT8tNWVCzpWRZLhTRVPNW":{"registrationId":869802461,"currentRatchet":{"ephemeralKeyPair":{"pubKey":"BV7Ok1DK/PMcYLVV86VSsJT1FXEcpphKjX7FiuwSk6ln","privKey":"cJFSsQifzyj1XF5vDlbb8w+K6/QEUYiPVkuW3EgelWw="},"lastRemoteEphemeralKey":"BdqdaTrBDX5uWrVM8fyF44gKK9evdYVddmITPX9AXGhT","previousCounter":1,"rootKey":"vJw3LiYhrR6q/a38TScgJm9Co4D0HZUCYrl0GeJJduw="},"indexInfo":{"baseKey":"BbNjlVQKkrRl49P4h9dPchHLT8tNWVCzpWRZLhTRVPNW","baseKeyType":1,"closed":-1,"used":1722418486759,"created":1722302916166,"remoteIdentityKey":"BeQ7YoeWDQUV0DBRFYafPGGQdcknHBTcF8aa9CGALshP"},"_chains":{"BQokBva2DAK1TuZB/FT/gXiyDnjH1n7wjT6+ZWj6T4EG":{"chainKey":{"counter":0},"chainType":2,"messageKeys":{}},"BXYBh4S7Alba4fRcjop6QG8i2o29hf198dTEblc4V0Bm":{"chainKey":{"counter":0},"chainType":2,"messageKeys":{}},"BdqdaTrBDX5uWrVM8fyF44gKK9evdYVddmITPX9AXGhT":{"chainKey":{"counter":0,"key":"pOGvB+OJWqSQ4IHnrfblftr4fpeY5mLk0EdXezq2PZ4="},"chainType":2,"messageKeys":{}},"BV7Ok1DK/PMcYLVV86VSsJT1FXEcpphKjX7FiuwSk6ln":{"chainKey":{"counter":-1,"key":"OUa1g0gtrGma91V8NbvXlQPu+0bZL9Fm3J3pYgXyRP8="},"chainType":1,"messageKeys":{}}}}},"version":"v1"}