{"_sessions":{"BTEURpwnhH4huQTJbv93vmbL1rd1lNrB+fvLCqxn0B4T":{"registrationId":1315739518,"currentRatchet":{"ephemeralKeyPair":{"pubKey":"BULqs1wUBJQFbR3rOX20wMyjbRyyHW6WhSpLbxIhU6NE","privKey":"UHStf2jMCg5M5j4A4p36QfX/Li4xD6le/n6eG34Pe3E="},"lastRemoteEphemeralKey":"Bf/1w0Q38/+W8flTdQzmFc6IbmI0bdzjNMrXv5O91cVX","previousCounter":0,"rootKey":"n4lR9uxoEQP23R9by9asuHigDinah82yNhIl/i1UVAo="},"indexInfo":{"baseKey":"BTEURpwnhH4huQTJbv93vmbL1rd1lNrB+fvLCqxn0B4T","baseKeyType":1,"closed":-1,"used":1722454513174,"created":1722454513174,"remoteIdentityKey":"BQ8wMbj/6IDj3jMh17no+WI8NJabnCcJMULpmGkX748w"},"_chains":{"BULqs1wUBJQFbR3rOX20wMyjbRyyHW6WhSpLbxIhU6NE":{"chainKey":{"counter":7,"key":"b7gcCqekekvx37KaVv6VA/NsQS894Y4jBUIjB9A+v8E="},"chainType":1,"messageKeys":{}}},"pendingPreKey":{"signedKeyId":0,"baseKey":"BTEURpwnhH4huQTJbv93vmbL1rd1lNrB+fvLCqxn0B4T","preKeyId":6738365}}},"version":"v1"}