{"_sessions":{"BRKpMuYhV5Mpdsv+myvc+6qVbfRcRxWodNgaDXJX3KBs":{"registrationId":2008294810,"currentRatchet":{"ephemeralKeyPair":{"pubKey":"BZhRNdxmD//4pYjmdkCPt4FKmHuDKEWkczP+M/8pPHZw","privKey":"yIGm89HCqaCZW8v84N5LuYLH/ktg5tjZqgyh5qDSGkU="},"lastRemoteEphemeralKey":"BYOhq55d/jnnT+6q3wyui/uBCzJZvQ7xAQjLlOsnD5p1","previousCounter":0,"rootKey":"cBGLgoglnIHEYdeIq7k5ZGTpsN5kBDTrLnklJsFHX6Q="},"indexInfo":{"baseKey":"BRKpMuYhV5Mpdsv+myvc+6qVbfRcRxWodNgaDXJX3KBs","baseKeyType":1,"closed":-1,"used":1722224748491,"created":1722224748491,"remoteIdentityKey":"BVTAbLUDvIYPQrfsPGU38RHSIgOcRm+e79nVfjeWUfYs"},"_chains":{"BZhRNdxmD//4pYjmdkCPt4FKmHuDKEWkczP+M/8pPHZw":{"chainKey":{"counter":6,"key":"FEu2zOTJBV78d2gMO/cLRx28OUFDRl6viJeuoOi65X8="},"chainType":1,"messageKeys":{}}},"pendingPreKey":{"signedKeyId":0,"baseKey":"BRKpMuYhV5Mpdsv+myvc+6qVbfRcRxWodNgaDXJX3KBs"}}},"version":"v1"}