{"_sessions":{"BUuJ6AkIg7vgh68k62rhkTdY765TKX66uJ10ignzrrY2":{"registrationId":94,"currentRatchet":{"ephemeralKeyPair":{"pubKey":"Be6PRZC3EELOPIXQ20fubjMelKLNL6bEP6XdNYwzWvpe","privKey":"iMEK0IqhsGmvVE+qLXofcTWONcZ6hHqOTxHplLU3o1Q="},"lastRemoteEphemeralKey":"BdTcvU4BjQI92E1Sgy6i/ndY5dtaSUXdDViamn0qP8IZ","previousCounter":0,"rootKey":"ObnXwtZhXgu5/HoaghE3DKqEJdLXV1bE6deXbrerA9w="},"indexInfo":{"baseKey":"BUuJ6AkIg7vgh68k62rhkTdY765TKX66uJ10ignzrrY2","baseKeyType":1,"closed":-1,"used":1722454510865,"created":1722454510865,"remoteIdentityKey":"BftAjUy3Iut9i9t4QoDxL++jbpmlqKZNqiu9pyFaqqRl"},"_chains":{"Be6PRZC3EELOPIXQ20fubjMelKLNL6bEP6XdNYwzWvpe":{"chainKey":{"counter":7,"key":"3GDBbqbAAd+wlmdvKoOkUr7cnBtOSNpvwZ78y3GSk+A="},"chainType":1,"messageKeys":{}}},"pendingPreKey":{"signedKeyId":1,"baseKey":"BUuJ6AkIg7vgh68k62rhkTdY765TKX66uJ10ignzrrY2"}}},"version":"v1"}