{"_sessions":{"BfjhIz7QfHUIp64VcteL4LVJx/S5GTSSUS7DyX5B8moI":{"registrationId":1587169747,"currentRatchet":{"ephemeralKeyPair":{"pubKey":"BbJFoBUn1QREazXwh97r8v4BYpZHUC4sVvdjRVzqbtpZ","privKey":"ADGyJ7ID/WVfWAP4IVebXqVoqPgkmy9c8xf/OG5demk="},"lastRemoteEphemeralKey":"BQdO7qNxk/m+SMjGVHS8kd0nZE55ifAj13Z76ku0BfMw","previousCounter":0,"rootKey":"ckbwJhjre/D+Lbq/7kQWfo3ywddaDZ5JR+3uv6CelCw="},"indexInfo":{"baseKey":"BfjhIz7QfHUIp64VcteL4LVJx/S5GTSSUS7DyX5B8moI","baseKeyType":1,"closed":-1,"used":1722224748099,"created":1722224748099,"remoteIdentityKey":"BZNcl4ShzZWsEXwPyICQRytze3Ko1hTNh5UsU7PoJB4O"},"_chains":{"BbJFoBUn1QREazXwh97r8v4BYpZHUC4sVvdjRVzqbtpZ":{"chainKey":{"counter":6,"key":"wp7HOARVMYyaumzrz4PFwQxxy/7adlACQ84K1HtlkDc="},"chainType":1,"messageKeys":{}}},"pendingPreKey":{"signedKeyId":4,"baseKey":"BfjhIz7QfHUIp64VcteL4LVJx/S5GTSSUS7DyX5B8moI","preKeyId":7284249}}},"version":"v1"}