{"_sessions":{"BeU6Dc5wB8+Zc7Y3BdUdw+/RLq+U+Da2eWXlfifdzARM":{"registrationId":281495850,"currentRatchet":{"ephemeralKeyPair":{"pubKey":"BTWHDMcH8MtXK4VWnimPvvQVmJfDqBeyMWbB3rf3m1Il","privKey":"yHBYvonT6KOmPUIzprSQGsaBGDb1bSz2UVcEXrkkTlw="},"lastRemoteEphemeralKey":"BcjKPlpTw4d9wWZrdnDJK/hzucVsjIgfrdtsDo7Vfb8q","previousCounter":0,"rootKey":"Edq/nSEQPjS1nQ1Pmb8FbaLNgGSwAmXUnPKDbDS/tfA="},"indexInfo":{"baseKey":"BeU6Dc5wB8+Zc7Y3BdUdw+/RLq+U+Da2eWXlfifdzARM","baseKeyType":1,"closed":-1,"used":1722454512678,"created":1722454512678,"remoteIdentityKey":"BXts7KCAkulA2bubX1vfWKVnAM2A4x55qeXkz5IjowZs"},"_chains":{"BTWHDMcH8MtXK4VWnimPvvQVmJfDqBeyMWbB3rf3m1Il":{"chainKey":{"counter":7,"key":"KdQUzc/glOrKjehkVuBrlgzKKRK3dlRnWmVbxuh8zPo="},"chainType":1,"messageKeys":{}}},"pendingPreKey":{"signedKeyId":0,"baseKey":"BeU6Dc5wB8+Zc7Y3BdUdw+/RLq+U+Da2eWXlfifdzARM","preKeyId":5954275}}},"version":"v1"}