{"_sessions":{"BZBLsAkhiTHH/KT/FJgsQDoiKOJWGYoQxQTJUsLQnahl":{"registrationId":1401532491,"currentRatchet":{"ephemeralKeyPair":{"pubKey":"BShVHvO/7IzxJGydpEXfLp21tUcnNPjwfsvZ+SHrSlVk","privKey":"EFlOd9A9cauwTyqOi1WsSs9t6DnCzR+FpQM92kizDEU="},"lastRemoteEphemeralKey":"BSvUdApRTzD/SYgMuHTcpEZ59ZQHJYAHFsB5rq2QHL1z","previousCounter":0,"rootKey":"3Zv1HaipdOcyik6Fo0r/O8FYMEp1hbr0cV5Gw7xG/80="},"indexInfo":{"baseKey":"BZBLsAkhiTHH/KT/FJgsQDoiKOJWGYoQxQTJUsLQnahl","baseKeyType":1,"closed":-1,"used":1722224748073,"created":1722224748073,"remoteIdentityKey":"BaAfL0bLBcj8kOywszJUeeY5VozBSYezYubal0QXFi9P"},"_chains":{"BShVHvO/7IzxJGydpEXfLp21tUcnNPjwfsvZ+SHrSlVk":{"chainKey":{"counter":6,"key":"QEhrGjSfoRNNZtO+qr7eBN79vjiOmlyen27yzoiItHw="},"chainType":1,"messageKeys":{}}},"pendingPreKey":{"signedKeyId":21,"baseKey":"BZBLsAkhiTHH/KT/FJgsQDoiKOJWGYoQxQTJUsLQnahl","preKeyId":5508230}}},"version":"v1"}