{"_sessions":{"BQGLRalRLJWfEAH6HZnfPMIJxndSyVEdVx/lYkku31kS":{"registrationId":1763,"currentRatchet":{"ephemeralKeyPair":{"pubKey":"Bf3PxMoVuKhHjBGNsdTzzx96XdA/O8axvLRJt/52wJMl","privKey":"iLQipzyZGD1mRp0CUZHYpat9Dr9a3FX/XtVQUnAfy0A="},"lastRemoteEphemeralKey":"BX+sRnIN+FkrJ0lmdwqRwx3xDP/S6o5w+pB46o++vbBw","previousCounter":0,"rootKey":"SchIRBmz6bHEzs1sLxSg79YJCND/ZRM5qM2TJUZWYSU="},"indexInfo":{"baseKey":"BQGLRalRLJWfEAH6HZnfPMIJxndSyVEdVx/lYkku31kS","baseKeyType":1,"closed":1722418060602,"used":1722418041293,"created":1722418041293,"remoteIdentityKey":"BW9MNRBvwQ0WshPHJks6/ZAx14Zrh67CW/nwsM5zoShh"},"_chains":{"Bf3PxMoVuKhHjBGNsdTzzx96XdA/O8axvLRJt/52wJMl":{"chainKey":{"counter":0,"key":"5uksXlrTsuvW+k0WHceuTtFScZm7TRwHi2Fu3ldS0us="},"chainType":1,"messageKeys":{}}},"pendingPreKey":{"signedKeyId":1,"baseKey":"BQGLRalRLJWfEAH6HZnfPMIJxndSyVEdVx/lYkku31kS","preKeyId":2}},"BaGPjtc50hmTCY9ZG+JGMnUGwHoZ5nrqL/TMaChUcdgb":{"registrationId":1763,"currentRatchet":{"ephemeralKeyPair":{"pubKey":"BePziwFXEpZ3Hfnt8NrW+IHFrlrFRt+Djvx9n6wora0R","privKey":"QPC3Vb0+jJbf3xoOEIAnT3T55x3TutHLZZ7lraXSlHw="},"lastRemoteEphemeralKey":"BX+sRnIN+FkrJ0lmdwqRwx3xDP/S6o5w+pB46o++vbBw","previousCounter":0,"rootKey":"ADyrNyqtE7yIxN4OIqElA0hLHfDqU88kTwFQeH6EIZ0="},"indexInfo":{"baseKey":"BaGPjtc50hmTCY9ZG+JGMnUGwHoZ5nrqL/TMaChUcdgb","baseKeyType":1,"closed":1722418081069,"used":1722418060600,"created":1722418060600,"remoteIdentityKey":"BW9MNRBvwQ0WshPHJks6/ZAx14Zrh67CW/nwsM5zoShh"},"_chains":{"BePziwFXEpZ3Hfnt8NrW+IHFrlrFRt+Djvx9n6wora0R":{"chainKey":{"counter":1,"key":"QIna6BWH6ngD1N4jX0x/KxRLo9fcCdeGD0SIW2tYuQQ="},"chainType":1,"messageKeys":{}}},"pendingPreKey":{"signedKeyId":1,"baseKey":"BaGPjtc50hmTCY9ZG+JGMnUGwHoZ5nrqL/TMaChUcdgb","preKeyId":57}},"BRlvDVBrCDNjemKCb7rBUNMYOahlNFHTO0u7/6YdozMh":{"registrationId":1763,"currentRatchet":{"ephemeralKeyPair":{"pubKey":"BS7URYlmEdAlvGF8MXvGqzZ7p/kVWUEJ1emdumfBl8Y/","privKey":"4LpGg+JeiCvyAANfdI4DeWD/NnpfvnxK/NRuGJ5VaFw="},"lastRemoteEphemeralKey":"BX+sRnIN+FkrJ0lmdwqRwx3xDP/S6o5w+pB46o++vbBw","previousCounter":0,"rootKey":"wygyOVJaLvbMPEYtEt3ZZ6ldDG3kEqQTOFvah9tyUfM="},"indexInfo":{"baseKey":"BRlvDVBrCDNjemKCb7rBUNMYOahlNFHTO0u7/6YdozMh","baseKeyType":1,"closed":-1,"used":1722418081063,"created":1722418081063,"remoteIdentityKey":"BW9MNRBvwQ0WshPHJks6/ZAx14Zrh67CW/nwsM5zoShh"},"_chains":{"BS7URYlmEdAlvGF8MXvGqzZ7p/kVWUEJ1emdumfBl8Y/":{"chainKey":{"counter":7,"key":"Kd9wsq4pKSLsFxwN8LfOvPKDFhG1Tr2we+ET4E9TWmM="},"chainType":1,"messageKeys":{}}},"pendingPreKey":{"signedKeyId":1,"baseKey":"BRlvDVBrCDNjemKCb7rBUNMYOahlNFHTO0u7/6YdozMh","preKeyId":7}}},"version":"v1"}