{"_sessions":{"BZWK7i9pBgetRfqjjZx/ZCKQUDLUeOxVqfHK3DhZlTEF":{"registrationId":888753073,"currentRatchet":{"ephemeralKeyPair":{"pubKey":"BWraGYczwnByOrWFXmhKNIkWSD9sNyZy4mcg1BbtWhQQ","privKey":"4NHCMvv52xJ3Sv9Q24DUcy95LECmc4DkOoLacXE/4ls="},"lastRemoteEphemeralKey":"BaB0SlLOpSHqrgvqYAYfLsgYmahQ4Vi7MYdV3D5BN08r","previousCounter":0,"rootKey":"N7LsWqnI981uPfkWS1QX8oMkcdSyVkDoPBYAapRtuHA="},"indexInfo":{"baseKey":"BZWK7i9pBgetRfqjjZx/ZCKQUDLUeOxVqfHK3DhZlTEF","baseKeyType":1,"closed":-1,"used":1722302914694,"created":1722302914694,"remoteIdentityKey":"BVzWHTqrHIuIxKXRgVTaDw7syq6gvmpsgorTH9Fs4A4J"},"_chains":{"BWraGYczwnByOrWFXmhKNIkWSD9sNyZy4mcg1BbtWhQQ":{"chainKey":{"counter":76,"key":"KYn1/lRtaCkNKo/q54EfPc3dbxnlGLUNLmuZ3D+i/hY="},"chainType":1,"messageKeys":{}}},"pendingPreKey":{"signedKeyId":4,"baseKey":"BZWK7i9pBgetRfqjjZx/ZCKQUDLUeOxVqfHK3DhZlTEF","preKeyId":8922859}}},"version":"v1"}