{"_sessions":{"Bdn2nMDNis12niPsof3JADH2jTUyfAqx3nLHq3/gXyo6":{"registrationId":1542877650,"currentRatchet":{"ephemeralKeyPair":{"pubKey":"BZZk3wBkQ3/MOGArm2581s/V8PRoMBnj5pLpFFh+EWoU","privKey":"MKEoPZfts4SBB3YC61VU4yivub7GPfZBj/PXSQ9v7lc="},"lastRemoteEphemeralKey":"BZM5eCVh+kHxeqa/ay1JgsbNJ4uiLx68SnLYazsNCQlT","previousCounter":0,"rootKey":"b3i8HAc3fMzBmvR4R7r0zi5jrKinmufYuWwPk78tl1k="},"indexInfo":{"baseKey":"Bdn2nMDNis12niPsof3JADH2jTUyfAqx3nLHq3/gXyo6","baseKeyType":1,"closed":-1,"used":1722224749272,"created":1722224749272,"remoteIdentityKey":"BTE5tZGD5uNWOx6KbAQ5FCykrgwcPAyCCZRxnDI3FlAi"},"_chains":{"BZZk3wBkQ3/MOGArm2581s/V8PRoMBnj5pLpFFh+EWoU":{"chainKey":{"counter":6,"key":"FWw2QenCOkm8sucTg3xhZsdvB/neykKOddtwopdw+eQ="},"chainType":1,"messageKeys":{}}},"pendingPreKey":{"signedKeyId":12,"baseKey":"Bdn2nMDNis12niPsof3JADH2jTUyfAqx3nLHq3/gXyo6","preKeyId":418771}}},"version":"v1"}