{"_sessions":{"BYUqh/KvTzgdkuK+m8o2N+fHHm9t5+LQhd+Z0Wfo1+EC":{"registrationId":61,"currentRatchet":{"ephemeralKeyPair":{"pubKey":"BU4Hg6G1so0qmrqNVnroi0ijTIOEU2ZalNBwp1vJ38Eb","privKey":"GHhLmuEL5L96w40kli4FHimhBXvpaiun6BS4w9qQVFs="},"lastRemoteEphemeralKey":"BRMcEbyxagm47PhM0dYmgetMyI7IfE7uHE2YigWNck9h","previousCounter":0,"rootKey":"hDX5CJ20zeqXb0lKVtnKAA55nUaHLG8lZKm7+ke6YIg="},"indexInfo":{"baseKey":"BYUqh/KvTzgdkuK+m8o2N+fHHm9t5+LQhd+Z0Wfo1+EC","baseKeyType":2,"closed":-1,"used":1722491322991,"created":1722491322991,"remoteIdentityKey":"BT3/Hi8SExFOL8eTW+KedHYWCbAyTLNRcc6B5058Rqd4"},"_chains":{"BRMcEbyxagm47PhM0dYmgetMyI7IfE7uHE2YigWNck9h":{"chainKey":{"counter":0,"key":"qBdpAs0jBrv5aDIvKAe6WE88Um1cahchatBmbrHYq+I="},"chainType":2,"messageKeys":{}},"BU4Hg6G1so0qmrqNVnroi0ijTIOEU2ZalNBwp1vJ38Eb":{"chainKey":{"counter":-1,"key":"1/Sdhj9UrXRGcsXyMQFv3aFJIHO42wmg7s8EHr7QP8U="},"chainType":1,"messageKeys":{}}}}},"version":"v1"}