{"_sessions":{"BXTQDEDuNNhhEZPjuIz+lo3XmLCY5svg9WyN/U8SzuU0":{"registrationId":15509,"currentRatchet":{"ephemeralKeyPair":{"pubKey":"BUofzu13dx36176k1crj+jbJqXVZn1wCJizp5zxJxMMD","privKey":"YCvbmtQ1smvmdsEoc7Ks7Ls/28culzODEEXDohjuiV8="},"lastRemoteEphemeralKey":"Bej+S6AI9KU6xmYzWCc2bQ5C2MYJahPBjV8BJYxTAxcO","previousCounter":0,"rootKey":"LP7Crl4bJuKrGDkt6pz7BS40HYyBrT73pfyVtffT/Ko="},"indexInfo":{"baseKey":"BXTQDEDuNNhhEZPjuIz+lo3XmLCY5svg9WyN/U8SzuU0","baseKeyType":1,"closed":-1,"used":1722378392088,"created":1722378392088,"remoteIdentityKey":"BYxHPNMvERd5Aymo9ngKqJhiAizU/4upg/ySCQlw5gNj"},"_chains":{"BUofzu13dx36176k1crj+jbJqXVZn1wCJizp5zxJxMMD":{"chainKey":{"counter":34,"key":"08JF+rqcOgyvs+aFQVVbIy0xixTtlXCsx+NxzloBiLM="},"chainType":1,"messageKeys":{}}},"pendingPreKey":{"signedKeyId":1,"baseKey":"BXTQDEDuNNhhEZPjuIz+lo3XmLCY5svg9WyN/U8SzuU0","preKeyId":169}}},"version":"v1"}