{"_sessions":{"Bct+rezbdm5C6dOuP2pkrh+0cu9Pmxq44IuTdxA5ZAtC":{"registrationId":1802700975,"currentRatchet":{"ephemeralKeyPair":{"pubKey":"BaMMOe+FjIuf6anKBaFRatb2XnNMN8+uzYSqSdmY/n8q","privKey":"cN7JgXdWTrUFSpUKfhymKmI4tTeJ6TmsRnXY7wS4EGg="},"lastRemoteEphemeralKey":"BU7UbkCEbvG0yAbrgesV3UbuAw/0kbVhEMlRwnz1iFpk","previousCounter":0,"rootKey":"T/Ea99FYvXL1i6TqTqSopZ/SySwepHZAfEO54xa0UTs="},"indexInfo":{"baseKey":"Bct+rezbdm5C6dOuP2pkrh+0cu9Pmxq44IuTdxA5ZAtC","baseKeyType":1,"closed":-1,"used":1722454511396,"created":1722454511396,"remoteIdentityKey":"BV0EkYB3IB2hJNf/m5ZZpSgtAtFPaAmeGDqwoOH7ffh4"},"_chains":{"BaMMOe+FjIuf6anKBaFRatb2XnNMN8+uzYSqSdmY/n8q":{"chainKey":{"counter":7,"key":"729+8IJUGE6flccWJo7iRC0sktR3ZNYmlg9msKYLpzI="},"chainType":1,"messageKeys":{}}},"pendingPreKey":{"signedKeyId":8,"baseKey":"Bct+rezbdm5C6dOuP2pkrh+0cu9Pmxq44IuTdxA5ZAtC","preKeyId":5499828}}},"version":"v1"}