{"_sessions":{"BVpcOdRhkknHEHhFIM6tfhz+iU9SLlunhg++4kRsYhcz":{"registrationId":69,"currentRatchet":{"ephemeralKeyPair":{"pubKey":"BX8FsTfpKG03WQ9r2PoJsr/h61gJSAJRaiIr/skUaR0f","privKey":"wJ/2MD1xr7PMOvaexx0eHqTv0ycIVUfGTuLlM0ewFnk="},"lastRemoteEphemeralKey":"BRvKBC4WUchodXbuMvOOPCH3Uw1NX/Or548A6fN5+hJE","previousCounter":0,"rootKey":"5aCganBIlM2L153N+/sT4bGgBLCKYE6Nt+twaDDE+og="},"indexInfo":{"baseKey":"BVpcOdRhkknHEHhFIM6tfhz+iU9SLlunhg++4kRsYhcz","baseKeyType":1,"closed":-1,"used":1722454510775,"created":1722454510775,"remoteIdentityKey":"BeLveS9SEzREdwHmOVJw1pe9ea2oFfaGnWeP1D2oBUNw"},"_chains":{"BX8FsTfpKG03WQ9r2PoJsr/h61gJSAJRaiIr/skUaR0f":{"chainKey":{"counter":7,"key":"PED9VUx/jbWzbajWYs4CHUBmg21dQX6LuJTORY6gG/s="},"chainType":1,"messageKeys":{}}},"pendingPreKey":{"signedKeyId":1,"baseKey":"BVpcOdRhkknHEHhFIM6tfhz+iU9SLlunhg++4kRsYhcz"}}},"version":"v1"}