{"_sessions":{"BdOBAF7svu//a8P6AWIfmILCxbsHNK8gUclvZcYrzMNQ":{"registrationId":175,"currentRatchet":{"ephemeralKeyPair":{"pubKey":"BQ7qqWNouc9sUkGZ8JhWv60TcoD1y9xSaVJEa3n4PbhJ","privKey":"+Csl0/bX+qk8fX34WcmsSeTBRA4yYUUsX1tV0SOdo2A="},"lastRemoteEphemeralKey":"BbhxRLi3fZNTIhbdNdFT4MhKU7Few/Boeu+XOZY26iEa","previousCounter":0,"rootKey":"rCRmel7EqpG9Ctq9cHxF3QT6L+3OiWPBssnLmwnrAho="},"indexInfo":{"baseKey":"BdOBAF7svu//a8P6AWIfmILCxbsHNK8gUclvZcYrzMNQ","baseKeyType":1,"closed":-1,"used":1722454511001,"created":1722454511001,"remoteIdentityKey":"BZ7WyZuSXNbQqmL8gXg+lCYuauZy+TdhwOYptpn/taBz"},"_chains":{"BQ7qqWNouc9sUkGZ8JhWv60TcoD1y9xSaVJEa3n4PbhJ":{"chainKey":{"counter":7,"key":"ek1PIsmCDhc7DJXmzhrR1DOBxIAPJh/GnNQL8arW5EI="},"chainType":1,"messageKeys":{}}},"pendingPreKey":{"signedKeyId":1,"baseKey":"BdOBAF7svu//a8P6AWIfmILCxbsHNK8gUclvZcYrzMNQ"}}},"version":"v1"}