{"_sessions":{"BWmFfbB+G41prrXbAaNuRs7GC1g/BgtsfmLgGewhtwcC":{"registrationId":1798962255,"currentRatchet":{"ephemeralKeyPair":{"pubKey":"BVLvClvQRIcyz0fjU6CtTofISkYYD09K0rHPZ1royAIC","privKey":"4NsP1Ox3N7W8AOdWRtwl08tGzfcRorq/yr+g5JEKyX0="},"lastRemoteEphemeralKey":"BdTrNKIg66vfuoEueWN0tI3zHoRe6qqh1YXRfKMa815f","previousCounter":0,"rootKey":"3Ff0w2e9GTtADXlZxPQc3xRLtVmskXP1vrXujYl+K4U="},"indexInfo":{"baseKey":"BWmFfbB+G41prrXbAaNuRs7GC1g/BgtsfmLgGewhtwcC","baseKeyType":1,"closed":1722391143286,"used":1722302915474,"created":1722302915474,"remoteIdentityKey":"BbzNLqO5PGW640AvSxdXRp5309VE934Sr0EieW1l9/4X"},"_chains":{"BVLvClvQRIcyz0fjU6CtTofISkYYD09K0rHPZ1royAIC":{"chainKey":{"counter":44,"key":"KIIaZfSGwWYLcTzODTvLj9e1Nifye63XTMW6t4o0C6k="},"chainType":1,"messageKeys":{}}},"pendingPreKey":{"signedKeyId":0,"baseKey":"BWmFfbB+G41prrXbAaNuRs7GC1g/BgtsfmLgGewhtwcC","preKeyId":7557916}},"BUj2R7RSyMWWFhb9/WTRttfjI6pIfVT0EH5E0FtqqgwI":{"registrationId":65855206,"currentRatchet":{"ephemeralKeyPair":{"pubKey":"BYp4mqlHnezkNfgRvzYeIRDMWbB3TWg2po9G8giKDiBY","privKey":"qMyhzTC2NaxCFA8HLOC1VTqXdPPVoLYK+c9e1OpK61k="},"lastRemoteEphemeralKey":"BTDybwLuysLEWaQV9+eEiyAYNuBQkiCTheA95+x7nmhJ","previousCounter":0,"rootKey":"I4DUScf/HVPUheYNHwCCn3zt0cR5phP48dzoRHWFmZI="},"indexInfo":{"baseKey":"BUj2R7RSyMWWFhb9/WTRttfjI6pIfVT0EH5E0FtqqgwI","baseKeyType":1,"closed":1722391154676,"used":1722391143281,"created":1722391143281,"remoteIdentityKey":"BWIPxsZeff6pu4lmUK5KKv3VX3reW9RflFJxthV3Twca"},"_chains":{"BYp4mqlHnezkNfgRvzYeIRDMWbB3TWg2po9G8giKDiBY":{"chainKey":{"counter":0,"key":"S6dP3Zxe5nwe1xW6Gfmnwua9jDkW+WEvQTzUDV58Jes="},"chainType":1,"messageKeys":{}}},"pendingPreKey":{"signedKeyId":0,"baseKey":"BUj2R7RSyMWWFhb9/WTRttfjI6pIfVT0EH5E0FtqqgwI"}},"BTh8AwhzcBDd/iGiF7qWkdtr/7hIpQyXRS50/D5uXi5j":{"registrationId":65855206,"currentRatchet":{"ephemeralKeyPair":{"pubKey":"BQdkHp76jqon6z9+CCju/ZjUSdUhKjm+66sMm1+MfKwI","privKey":"AKchpH0rfMyek7HldnW0ezCZKeNfO1v7dVkVd8I1ZGg="},"lastRemoteEphemeralKey":"BTDybwLuysLEWaQV9+eEiyAYNuBQkiCTheA95+x7nmhJ","previousCounter":0,"rootKey":"F0p0vNDlVIfyI3NLm8iwPMZKEpoor0m8+bDgbRcJoHc="},"indexInfo":{"baseKey":"BTh8AwhzcBDd/iGiF7qWkdtr/7hIpQyXRS50/D5uXi5j","baseKeyType":1,"closed":1722391270266,"used":1722391154667,"created":1722391154667,"remoteIdentityKey":"BWIPxsZeff6pu4lmUK5KKv3VX3reW9RflFJxthV3Twca"},"_chains":{"BQdkHp76jqon6z9+CCju/ZjUSdUhKjm+66sMm1+MfKwI":{"chainKey":{"counter":0,"key":"Uqte3DyoeLzL0d6gywPM21OmqRsK7ofzXInUiU/4ebY="},"chainType":1,"messageKeys":{}}},"pendingPreKey":{"signedKeyId":0,"baseKey":"BTh8AwhzcBDd/iGiF7qWkdtr/7hIpQyXRS50/D5uXi5j"}},"BQevPMoEQZEkIigdkvJAu9oy07fIq4EPB26O8oVVhoZO":{"registrationId":65855206,"currentRatchet":{"ephemeralKeyPair":{"pubKey":"BV1trEAgo1JV3+TgCsm23ZabwK+zU7CZCNJmPb84x7hT","privKey":"2AVsbaJwZEU7K2Tqma7/rVQ3adtVOdS3yCz11kNPTkE="},"lastRemoteEphemeralKey":"BTDybwLuysLEWaQV9+eEiyAYNuBQkiCTheA95+x7nmhJ","previousCounter":0,"rootKey":"dvtJ5pQwk08oSZwpQr4jYRgYP4BV8PGnZrRqTsetIfk="},"indexInfo":{"baseKey":"BQevPMoEQZEkIigdkvJAu9oy07fIq4EPB26O8oVVhoZO","baseKeyType":1,"closed":1722391273598,"used":1722391270259,"created":1722391270259,"remoteIdentityKey":"BWIPxsZeff6pu4lmUK5KKv3VX3reW9RflFJxthV3Twca"},"_chains":{"BV1trEAgo1JV3+TgCsm23ZabwK+zU7CZCNJmPb84x7hT":{"chainKey":{"counter":0,"key":"0mePbkbk4PhdCMCME2E2m0w15Nk6Lj2aeKQPNmuLf+4="},"chainType":1,"messageKeys":{}}},"pendingPreKey":{"signedKeyId":0,"baseKey":"BQevPMoEQZEkIigdkvJAu9oy07fIq4EPB26O8oVVhoZO"}},"BeMR0nGTKUAPZcRTRjXaW5ur25twPX+DTgPspKo+imEs":{"registrationId":65855206,"currentRatchet":{"ephemeralKeyPair":{"pubKey":"Ba4hN3ojM2z1UoShbqXrlATXjx8hcjEN9YXlIHxJhaM2","privKey":"wEm7tI96QXcfHfVIaUolsqiGhPLoJKSkw6bj8LnjZ1I="},"lastRemoteEphemeralKey":"BTDybwLuysLEWaQV9+eEiyAYNuBQkiCTheA95+x7nmhJ","previousCounter":0,"rootKey":"SB3iO66jeSINiWK7XUHkzgaQXMmLfmY3ayPqnH3qLsU="},"indexInfo":{"baseKey":"BeMR0nGTKUAPZcRTRjXaW5ur25twPX+DTgPspKo+imEs","baseKeyType":1,"closed":-1,"used":1722391273596,"created":1722391273596,"remoteIdentityKey":"BWIPxsZeff6pu4lmUK5KKv3VX3reW9RflFJxthV3Twca"},"_chains":{"Ba4hN3ojM2z1UoShbqXrlATXjx8hcjEN9YXlIHxJhaM2":{"chainKey":{"counter":28,"key":"47szZqp9wnH7J90EjbusI28cAnAoAzI5CAuH93j7Cvo="},"chainType":1,"messageKeys":{}}},"pendingPreKey":{"signedKeyId":0,"baseKey":"BeMR0nGTKUAPZcRTRjXaW5ur25twPX+DTgPspKo+imEs"}}},"version":"v1"}