{"_sessions":{"Bd03TcczAOk2HRp54ushX5ZtMK99ljrYdXUKgpwHFeBH":{"registrationId":784524739,"currentRatchet":{"ephemeralKeyPair":{"pubKey":"BTjAIDCg9zwOsRjsGYug463wQZKXlIb8hvmmqfYNOAEu","privKey":"KJmLif5bW9mhwzZR3gUrC5G1cHXIlbmdYxA+oAN7mX8="},"lastRemoteEphemeralKey":"BVTfU+zRNYmUTC7JKe3dsQoyW53VngQfRfaMAJa7dnw8","previousCounter":0,"rootKey":"qUMS2AR7yJPTnyP2rCZqc9cEODjXBfWrYr5fi/qHHhU="},"indexInfo":{"baseKey":"Bd03TcczAOk2HRp54ushX5ZtMK99ljrYdXUKgpwHFeBH","baseKeyType":1,"closed":-1,"used":1722306348880,"created":1722306348880,"remoteIdentityKey":"BQJlsYfcZd78etGSxvBUWhAIdjXwZcteCxoOqKjqDgME"},"_chains":{"BTjAIDCg9zwOsRjsGYug463wQZKXlIb8hvmmqfYNOAEu":{"chainKey":{"counter":63,"key":"9N1GJ1Ddtkt0fO+HKxAnKGvu/+uMTHylmMvDpl84fpM="},"chainType":1,"messageKeys":{}}},"pendingPreKey":{"signedKeyId":0,"baseKey":"Bd03TcczAOk2HRp54ushX5ZtMK99ljrYdXUKgpwHFeBH","preKeyId":4959877}}},"version":"v1"}