{"_sessions":{"BW8orrws/IfgezoYyAgyQ2uuNxVJ40ywQpuDzJqvQPgb":{"registrationId":49,"currentRatchet":{"ephemeralKeyPair":{"pubKey":"BTT1qK987IpBWWrOaQc31Xx2BY6Zcdm4kvQXOjVb/vsu","privKey":"+Aa5Dw02tC6t/LeMWs/B+GZpCNT0HmLKYaSnrO2STmk="},"lastRemoteEphemeralKey":"BWH/B9jzNe/bmtUdcCFQ77VLG6jZg3Ru3gBMRbEXufUK","previousCounter":0,"rootKey":"+k30MAxrNL3H2a3PzGypI57hLm3RPjT2M41Xf2tQo2A="},"indexInfo":{"baseKey":"BW8orrws/IfgezoYyAgyQ2uuNxVJ40ywQpuDzJqvQPgb","baseKeyType":1,"closed":-1,"used":1722302914453,"created":1722302914453,"remoteIdentityKey":"BYjVTyViJhieNMH2n6Ujo+UN0/AbAp4zfC4U7K9PoRkZ"},"_chains":{"BTT1qK987IpBWWrOaQc31Xx2BY6Zcdm4kvQXOjVb/vsu":{"chainKey":{"counter":76,"key":"ljB5atczbqYNNKLvvz46ECnncuMoGRMf2ObeFEDigqo="},"chainType":1,"messageKeys":{}}},"pendingPreKey":{"signedKeyId":1,"baseKey":"BW8orrws/IfgezoYyAgyQ2uuNxVJ40ywQpuDzJqvQPgb"}}},"version":"v1"}