{"_sessions":{"BTNP923AJOKDqwlAqvmVa7lmKQEKjjyDDY64bfL9teQQ":{"registrationId":318058478,"currentRatchet":{"ephemeralKeyPair":{"pubKey":"BchhdIYQQfJvZQ+aVgJGADcGJo447FMQLucsPrNRMj0M","privKey":"OGp3nYxaBR+gaDVGLoZPrPSSc1A96EpYfyaJB8nLTno="},"lastRemoteEphemeralKey":"BTTTRcLXnbj6gcx8jrdfJOsaJIW7ZQBE0btJ318PKR9v","previousCounter":0,"rootKey":"XEZMFpw7W/tHEaiRshl5+JAsepGWzUt028hI9OtzGLA="},"indexInfo":{"baseKey":"BTNP923AJOKDqwlAqvmVa7lmKQEKjjyDDY64bfL9teQQ","baseKeyType":1,"closed":-1,"used":1722224749078,"created":1722224749078,"remoteIdentityKey":"BdLQHNXxH8UWacKRJhqhMOz6lS7wqLgxpCWY7YX+EhtE"},"_chains":{"BchhdIYQQfJvZQ+aVgJGADcGJo447FMQLucsPrNRMj0M":{"chainKey":{"counter":6,"key":"vQTHJFfOvRgjAdmXVQLr4PZZGKY2dfgSGvElomUXjaA="},"chainType":1,"messageKeys":{}}},"pendingPreKey":{"signedKeyId":0,"baseKey":"BTNP923AJOKDqwlAqvmVa7lmKQEKjjyDDY64bfL9teQQ"}}},"version":"v1"}