{"_sessions":{"BSgHtiw1z/nt7WQQ9JdPct/z8D0xgkUg5lnTH0/BsF0G":{"registrationId":2017820977,"currentRatchet":{"ephemeralKeyPair":{"pubKey":"BX7Qz46ycEThfKTtYC+ftyoP+AHm49roSj2R8EcOOYR6","privKey":"kDPkkjgUw+PFpgcH+DHjtWaM3ketaytW3Yjuv999OVg="},"lastRemoteEphemeralKey":"BXCB+7hbwiJvUg3izLN0sNPSuWAfEW6AfTnQ9tLpN5RV","previousCounter":0,"rootKey":"d7zib7FW9UT3jVrI+sPSrbhyYSnJc0umkCw5KA9WECs="},"indexInfo":{"baseKey":"BSgHtiw1z/nt7WQQ9JdPct/z8D0xgkUg5lnTH0/BsF0G","baseKeyType":1,"closed":-1,"used":1722224746499,"created":1722224746499,"remoteIdentityKey":"BYw/6zLTtDKye4/kN/Y/8zfk8Y+mvxQN/zxtXG/ZjicI"},"_chains":{"BX7Qz46ycEThfKTtYC+ftyoP+AHm49roSj2R8EcOOYR6":{"chainKey":{"counter":6,"key":"KnXMStWcqDNS7BOu9YzMros3xuftbgpbR95z2uKETic="},"chainType":1,"messageKeys":{}}},"pendingPreKey":{"signedKeyId":1,"baseKey":"BSgHtiw1z/nt7WQQ9JdPct/z8D0xgkUg5lnTH0/BsF0G","preKeyId":438192}}},"version":"v1"}