{"_sessions":{"BURyY2Y4cTENKqCQkBLVRw3h8GmKS3Zb2U1fnR6sfUFG":{"registrationId":2026364228,"currentRatchet":{"ephemeralKeyPair":{"pubKey":"BSlEa7Awjr2HLpRvG5usKd5+taA5K6TJFL/23hra9jAo","privKey":"8HW1/fyOXosogd/TLBuVdauNV6nHBUqAZqu7E3rBOlU="},"lastRemoteEphemeralKey":"BQnj4ycTNxMo45sBgYVJjWdYBacqlglXlMXSsAgtTCUP","previousCounter":0,"rootKey":"NRbBuLg31kZjwOR8BmKH1lt7X/CiiIZ9YiYAWQqjybM="},"indexInfo":{"baseKey":"BURyY2Y4cTENKqCQkBLVRw3h8GmKS3Zb2U1fnR6sfUFG","baseKeyType":1,"closed":1722313964130,"used":1722302915687,"created":1722302915687,"remoteIdentityKey":"Bfc0f9cWonL9wUPuNZWbZn1SzGPmQGjsqnHTDlqA/gcZ"},"_chains":{"BSlEa7Awjr2HLpRvG5usKd5+taA5K6TJFL/23hra9jAo":{"chainKey":{"counter":15,"key":"NBRq7Tkb4j2jG3h7IaqKJBHNnRRFk7gcAM0ohm07de8="},"chainType":1,"messageKeys":{}}},"pendingPreKey":{"signedKeyId":0,"baseKey":"BURyY2Y4cTENKqCQkBLVRw3h8GmKS3Zb2U1fnR6sfUFG","preKeyId":3490562}},"BXsQuUD5FuT+FXJcJeYttqlyZXu7QyYV/Ll3YkN46uBo":{"registrationId":589646749,"currentRatchet":{"ephemeralKeyPair":{"pubKey":"BQ0oXTvTlMGhYqPAJ6FfKqcpo6+pZsafCnrJX2jaDABc","privKey":"MGtkDt2EfazDjAAeWkgPAxGhwLMYj2gy/LfLQtzSMnc="},"lastRemoteEphemeralKey":"BfKhmtXnGqUYk12hH4LXsQ46HrL5BuzkhOnJkQ4vzBlJ","previousCounter":0,"rootKey":"Q5bsHhhdLgPeg4HiCRT92+9ym5zi9ddBhD/hIMnUBik="},"indexInfo":{"baseKey":"BXsQuUD5FuT+FXJcJeYttqlyZXu7QyYV/Ll3YkN46uBo","baseKeyType":1,"closed":1722313966174,"used":1722313964127,"created":1722313964127,"remoteIdentityKey":"BdG/fX8WSyRrW8XhuObWwsgNN5y+f36WYosAKv9arOw7"},"_chains":{"BQ0oXTvTlMGhYqPAJ6FfKqcpo6+pZsafCnrJX2jaDABc":{"chainKey":{"counter":0,"key":"FpNW/Vh6xMfOHaOg+oetDlUeKWVkeISAd18PwZVRyI8="},"chainType":1,"messageKeys":{}}},"pendingPreKey":{"signedKeyId":0,"baseKey":"BXsQuUD5FuT+FXJcJeYttqlyZXu7QyYV/Ll3YkN46uBo","preKeyId":7025165}},"BUKLlvDtFuPpNT4G8tPpx0n5a2jFl10MA87NEfjn9iF4":{"registrationId":589646749,"currentRatchet":{"ephemeralKeyPair":{"pubKey":"BTkU+UgKolT2WbT4piMwct8cGpnUnpW5kPeWUvN6/v5+","privKey":"CLVG4I1Emgo3w8pzufZfVOklHV5f247IB22aV4D+7Xc="},"lastRemoteEphemeralKey":"BfKhmtXnGqUYk12hH4LXsQ46HrL5BuzkhOnJkQ4vzBlJ","previousCounter":0,"rootKey":"UfWFpoIB2VQ7EVaVHEBOmb9zXnMeb/ylmraG4PTsG2U="},"indexInfo":{"baseKey":"BUKLlvDtFuPpNT4G8tPpx0n5a2jFl10MA87NEfjn9iF4","baseKeyType":1,"closed":1722313986182,"used":1722313966172,"created":1722313966172,"remoteIdentityKey":"BdG/fX8WSyRrW8XhuObWwsgNN5y+f36WYosAKv9arOw7"},"_chains":{"BTkU+UgKolT2WbT4piMwct8cGpnUnpW5kPeWUvN6/v5+":{"chainKey":{"counter":1,"key":"NyVfs+3q0XJlhW/Tf6GSAV2429kkP5ak490vblwPDxU="},"chainType":1,"messageKeys":{}}},"pendingPreKey":{"signedKeyId":0,"baseKey":"BUKLlvDtFuPpNT4G8tPpx0n5a2jFl10MA87NEfjn9iF4","preKeyId":7025185}},"BeDdyGtKqRkBdX0ae59v/TL3OSc73AiKp+VGHYPNEH5x":{"registrationId":589646749,"currentRatchet":{"ephemeralKeyPair":{"pubKey":"BVR2i57OMV6HCi/CkjNWKV3Wv5nfvqxnYi0XcHZxmr9M","privKey":"uOXVd7RrDT3u3PK+VEmZ9IoqL0RBhBM5nsCwvUspKEQ="},"lastRemoteEphemeralKey":"BfKhmtXnGqUYk12hH4LXsQ46HrL5BuzkhOnJkQ4vzBlJ","previousCounter":0,"rootKey":"6giLbbxQx7+J5udiMTYQcbDy1xLUmzilyi6xuf08d4I="},"indexInfo":{"baseKey":"BeDdyGtKqRkBdX0ae59v/TL3OSc73AiKp+VGHYPNEH5x","baseKeyType":1,"closed":1722313987870,"used":1722313986180,"created":1722313986180,"remoteIdentityKey":"BdG/fX8WSyRrW8XhuObWwsgNN5y+f36WYosAKv9arOw7"},"_chains":{"BVR2i57OMV6HCi/CkjNWKV3Wv5nfvqxnYi0XcHZxmr9M":{"chainKey":{"counter":0,"key":"xDi4sqieFhBUHbqNfeOSguMJ/W/sNqGXYOKyfWkZix8="},"chainType":1,"messageKeys":{}}},"pendingPreKey":{"signedKeyId":0,"baseKey":"BeDdyGtKqRkBdX0ae59v/TL3OSc73AiKp+VGHYPNEH5x","preKeyId":7025181}},"BWf3Ig4ujA6NvKJbAUD+vT05eOevAhdtP5xnnR40Bzpt":{"registrationId":589646749,"currentRatchet":{"ephemeralKeyPair":{"pubKey":"BZo8dvLk2sTdrjfq13meGR53+6C3fm8WSA9EIH5THnMO","privKey":"4HPg1oECbXKGjotW3PQwmV8uBJL1I/YvOfQID5JbqkM="},"lastRemoteEphemeralKey":"BfKhmtXnGqUYk12hH4LXsQ46HrL5BuzkhOnJkQ4vzBlJ","previousCounter":0,"rootKey":"lDHVe8vQxA/PXaB0/TwVcauRtwEIMlU3GGV+rn12mLk="},"indexInfo":{"baseKey":"BWf3Ig4ujA6NvKJbAUD+vT05eOevAhdtP5xnnR40Bzpt","baseKeyType":1,"closed":-1,"used":1722313987868,"created":1722313987868,"remoteIdentityKey":"BdG/fX8WSyRrW8XhuObWwsgNN5y+f36WYosAKv9arOw7"},"_chains":{"BZo8dvLk2sTdrjfq13meGR53+6C3fm8WSA9EIH5THnMO":{"chainKey":{"counter":56,"key":"YSWq+6RlVgDPBWH/p6zPngwm8wDVD6AcNuH2iZWtXtc="},"chainType":1,"messageKeys":{}}},"pendingPreKey":{"signedKeyId":0,"baseKey":"BWf3Ig4ujA6NvKJbAUD+vT05eOevAhdtP5xnnR40Bzpt","preKeyId":7025170}}},"version":"v1"}