{"_sessions":{"Bct9VIqns5NJZka744bodbGIYH7fpv2ZjATHMC2OrFRK":{"registrationId":968486793,"currentRatchet":{"ephemeralKeyPair":{"pubKey":"BQBGK1M3qLcCORfRTWUVDZ7A0jpaNMqXqz5PrXxOQSQR","privKey":"GNbvEiJIsyWWr8xtJPgMgS3Lcggelq32FTMaHuy9v20="},"lastRemoteEphemeralKey":"BSLMiy9S1kHx3l3rIOYpewc206Qo1DLkqcNQFOOoVSoJ","previousCounter":0,"rootKey":"w4IEGutfVej1HdVeVMnGnsX/EGYpsIbtfzmLjQB5yV0="},"indexInfo":{"baseKey":"Bct9VIqns5NJZka744bodbGIYH7fpv2ZjATHMC2OrFRK","baseKeyType":1,"closed":-1,"used":1722224746582,"created":1722224746582,"remoteIdentityKey":"Bc1TiP9DTzLQ+lze5BKs+WlCOvqEI7uu+aEuJN0kFmFV"},"_chains":{"BQBGK1M3qLcCORfRTWUVDZ7A0jpaNMqXqz5PrXxOQSQR":{"chainKey":{"counter":6,"key":"7qr9nrWfXVat3vveqzhbRN+R4nibZBn/miYYumVLWiI="},"chainType":1,"messageKeys":{}}},"pendingPreKey":{"signedKeyId":26,"baseKey":"Bct9VIqns5NJZka744bodbGIYH7fpv2ZjATHMC2OrFRK","preKeyId":3179890}}},"version":"v1"}