{"_sessions":{"BduQh91EdSx7XxSp+cuYwHheoV3cxeO/eGiaAYd1RqZE":{"registrationId":1722914808,"currentRatchet":{"ephemeralKeyPair":{"pubKey":"BcOlZyiO+7RLaG3lFinO2d0pbGBcWEe658mDOrs1TeRr","privKey":"uNu5ic4GQAwfSXopoYTZTBnWBvx66PTUIoAnCgN4t2w="},"lastRemoteEphemeralKey":"Bemz29nsTp++g8K8MwNZEFUdTJnDCdhhCWEFnJK1Z1Vm","previousCounter":0,"rootKey":"G5wCG1t+LjXU9HO8v0hMTnwv9pgTwGPCeNPzx1w5bLs="},"indexInfo":{"baseKey":"BduQh91EdSx7XxSp+cuYwHheoV3cxeO/eGiaAYd1RqZE","baseKeyType":1,"closed":-1,"used":1722450919269,"created":1722450556157,"remoteIdentityKey":"BSZc+rikaM8nlcTpHS1web6xaRtSDXgZPwBQpY/yU+dN"},"_chains":{"Bemz29nsTp++g8K8MwNZEFUdTJnDCdhhCWEFnJK1Z1Vm":{"chainKey":{"counter":0,"key":"zFH1cEt6n0Z3t4PzxvdTWgf5cK59Pn4SnoNeQj7iCEY="},"chainType":2,"messageKeys":{}},"BcOlZyiO+7RLaG3lFinO2d0pbGBcWEe658mDOrs1TeRr":{"chainKey":{"counter":7,"key":"h/cyuUlg1GG6ZStgIXC1L5lVGgK25csBhuDLI0uq2O0="},"chainType":1,"messageKeys":{}}}}},"version":"v1"}