{"_sessions":{"Bf5D+xOTfaq/hsedXcmmzq5tUgsDdnKMrPLeB52Ieyt8":{"registrationId":1632964058,"currentRatchet":{"ephemeralKeyPair":{"pubKey":"BVuXFS3x4EaGJYaefNaflbsrXdxL/e+yiRCHceumaVls","privKey":"gMSi11p9Lga8OVbz0WuYObYYI8esdmpCHvmpWwhulUs="},"lastRemoteEphemeralKey":"BVBwy3eaisfbz8Sqeyhcfj7HpE3jvIXfMA5bKNR1UnAQ","previousCounter":0,"rootKey":"+1OGRlTuvhRsALMyusBxbsgWKFhsDnoO2fSC2gmHImE="},"indexInfo":{"baseKey":"Bf5D+xOTfaq/hsedXcmmzq5tUgsDdnKMrPLeB52Ieyt8","baseKeyType":1,"closed":-1,"used":1722224749179,"created":1722224749179,"remoteIdentityKey":"Bda3WccaAnIMHm+1pUWY+BYuyzZbQXjZCTTjF5/OobtU"},"_chains":{"BVuXFS3x4EaGJYaefNaflbsrXdxL/e+yiRCHceumaVls":{"chainKey":{"counter":6,"key":"eVOdMOtWtzg+WLjGheQmbQQqnWUckUvKljvMNK6ddXk="},"chainType":1,"messageKeys":{}}},"pendingPreKey":{"signedKeyId":17,"baseKey":"Bf5D+xOTfaq/hsedXcmmzq5tUgsDdnKMrPLeB52Ieyt8","preKeyId":5476263}}},"version":"v1"}