{"_sessions":{"BQNzvCjP987PtTTVWlSoGFzuB0mXJAEf7Jjxi8ak87Ic":{"registrationId":44,"currentRatchet":{"ephemeralKeyPair":{"pubKey":"Bf1B+v4Mi3wtC9KyfWWyLMAYaCnxAJ66IDTjjVh3o3sx","privKey":"8D/zXrBJXngogfSKyqBWZ7CubAk/ng+Wpd7hv6HYvHQ="},"lastRemoteEphemeralKey":"BQsyu0be46oA5QxaH7j7rSz4DlNne/m5LPm/hWnAjGtZ","previousCounter":0,"rootKey":"OqrLYmZmVelMi8dC2vymfRFLm9a+AfUKGx94brDJ7qQ="},"indexInfo":{"baseKey":"BQNzvCjP987PtTTVWlSoGFzuB0mXJAEf7Jjxi8ak87Ic","baseKeyType":1,"closed":-1,"used":1722454510599,"created":1722454510599,"remoteIdentityKey":"BYrvUdqX97xqTFnVvvAIO9PJ6TONdAi5HS0eWYligEV8"},"_chains":{"Bf1B+v4Mi3wtC9KyfWWyLMAYaCnxAJ66IDTjjVh3o3sx":{"chainKey":{"counter":7,"key":"XVeyKTWwHjCzpGhD5cbtBug2IygZ9lx6ieUlZhG+2HA="},"chainType":1,"messageKeys":{}}},"pendingPreKey":{"signedKeyId":1,"baseKey":"BQNzvCjP987PtTTVWlSoGFzuB0mXJAEf7Jjxi8ak87Ic"}}},"version":"v1"}