{"_sessions":{"BfW3BOb5VtqAhvK+tt0GKow4/hG68oTY7D8VmYv+MwIi":{"registrationId":1127545588,"currentRatchet":{"ephemeralKeyPair":{"pubKey":"BXlDQa1NtqtOwyh9WXn2ZEPmLtoudO6yPMWVrmrFrL56","privKey":"uGKF4DRrIC7q+3ifQ/CtFkD/lcZn4MVr72pBwjaDW1E="},"lastRemoteEphemeralKey":"BTOYcyYhPvTvyPW/XAcHfy8O07ZHA96f8Z9JARjp1G9r","previousCounter":0,"rootKey":"kx5pEBUiH7Cz163XUD49QzZo48X2kxZz8DMfLhlEwKY="},"indexInfo":{"baseKey":"BfW3BOb5VtqAhvK+tt0GKow4/hG68oTY7D8VmYv+MwIi","baseKeyType":1,"closed":-1,"used":1722454511499,"created":1722454511499,"remoteIdentityKey":"BYvWd3PoRCVdJyENf8Wz+akjJKWJOCsw7uOT5TP9ld0d"},"_chains":{"BXlDQa1NtqtOwyh9WXn2ZEPmLtoudO6yPMWVrmrFrL56":{"chainKey":{"counter":7,"key":"JbOwZn4mgDhtJupbeENKUJzFIHKZs+37dwaFX5cV6rs="},"chainType":1,"messageKeys":{}}},"pendingPreKey":{"signedKeyId":1,"baseKey":"BfW3BOb5VtqAhvK+tt0GKow4/hG68oTY7D8VmYv+MwIi"}}},"version":"v1"}