{"_sessions":{"BVx7PFKle2sn11MHBkVxdv9ncZfIx+OaF6XnuKfXeqQx":{"registrationId":460819046,"currentRatchet":{"ephemeralKeyPair":{"pubKey":"BW0t6bCJ3YF6wvodc6YkzfNG2R3Zq17nsZghENS2T0po","privKey":"MPXAxyLL6gly7ukcMx1v+7r0t36JJkyUFs5bEwCXNUk="},"lastRemoteEphemeralKey":"BTIo+aXZfe+XfvtRVDrVA8Ia9Qd4SsJ17M59qXZb7uU0","previousCounter":0,"rootKey":"onBgBDEKDYshXJ9NoK7wokvrlz/M/xJmCobnu/q2drU="},"indexInfo":{"baseKey":"BVx7PFKle2sn11MHBkVxdv9ncZfIx+OaF6XnuKfXeqQx","baseKeyType":1,"closed":-1,"used":1722224747495,"created":1722224747495,"remoteIdentityKey":"Bc68olH7ywFjKYAoGuyeB9GFbgisDKftgUU2iUX4b/J2"},"_chains":{"BW0t6bCJ3YF6wvodc6YkzfNG2R3Zq17nsZghENS2T0po":{"chainKey":{"counter":6,"key":"DPehe9HYianXnxEmdvYXjfT9SrGcWHQXPc6z7gW22Xw="},"chainType":1,"messageKeys":{}}},"pendingPreKey":{"signedKeyId":11,"baseKey":"BVx7PFKle2sn11MHBkVxdv9ncZfIx+OaF6XnuKfXeqQx","preKeyId":10586363}}},"version":"v1"}