{"_sessions":{"BX2xKNEzwBZhL/w0OrX85WG04H/LJAVuQtAqTrNMgJIK":{"registrationId":578013651,"currentRatchet":{"ephemeralKeyPair":{"pubKey":"BT4YZspTrdDjjxt+8fTlHcthzrMSK1bbqFz9U69jpGFI","privKey":"wCXYNx88LHstd8Nw/2cC+FIWjFhhjcgu2Txh9iHrfUM="},"lastRemoteEphemeralKey":"BYuZdQ5US34/scTpDWGXnmh3esf2/PqB0Fgy4VAPDx5l","previousCounter":0,"rootKey":"HgiCRueSeqLQ+xwtzy52tfZQEXpgxHzr0nqfRugP8IU="},"indexInfo":{"baseKey":"BX2xKNEzwBZhL/w0OrX85WG04H/LJAVuQtAqTrNMgJIK","baseKeyType":1,"closed":-1,"used":1722224747197,"created":1722224747197,"remoteIdentityKey":"Be4KRgRcepHlWq5J1MJJAWkENox66FcPUg+A6dx4dsI3"},"_chains":{"BT4YZspTrdDjjxt+8fTlHcthzrMSK1bbqFz9U69jpGFI":{"chainKey":{"counter":6,"key":"MA5YEkvCp4acNS/aVmjbFSX87tMcdOXCE4Bpvu+uAwY="},"chainType":1,"messageKeys":{}}},"pendingPreKey":{"signedKeyId":3,"baseKey":"BX2xKNEzwBZhL/w0OrX85WG04H/LJAVuQtAqTrNMgJIK","preKeyId":16097730}}},"version":"v1"}