{"_sessions":{"BSI5YfpxOUHP72rHvE3TtSGclhhshTjGSADfXfVKcZEE":{"registrationId":1004697699,"currentRatchet":{"ephemeralKeyPair":{"pubKey":"BbYJLnTxu88jwo8J1nV95I3MgDdcJttKDWIY8NHWWH8f","privKey":"uMoXMe35360V9Bg+0jTnomBM5mPL/QEWDSikDhqBGXk="},"lastRemoteEphemeralKey":"BdnTR462msiogNrVohr6ynSLWVfdue6E2lvkvEOK21MN","previousCounter":0,"rootKey":"F3siJpl08FTUGecAtVafaiY4TAu/1mu4Mr+uXgrITuY="},"indexInfo":{"baseKey":"BSI5YfpxOUHP72rHvE3TtSGclhhshTjGSADfXfVKcZEE","baseKeyType":1,"closed":-1,"used":1722302914790,"created":1722302914790,"remoteIdentityKey":"BUBzvq1y5hvk9sZfwkgN3G7L1OrJNq+a1OQY22LX7IoB"},"_chains":{"BbYJLnTxu88jwo8J1nV95I3MgDdcJttKDWIY8NHWWH8f":{"chainKey":{"counter":76,"key":"jJRDYvZYftSSFbPxIyT9fjxBoCROGgckOwGoVlDFO0Y="},"chainType":1,"messageKeys":{}}},"pendingPreKey":{"signedKeyId":5,"baseKey":"BSI5YfpxOUHP72rHvE3TtSGclhhshTjGSADfXfVKcZEE","preKeyId":11288050}}},"version":"v1"}