{"_sessions":{"BRP+cqD7MB1tZSngeNXyhuzJX/uVhWfZSbSwnPGAF1FL":{"registrationId":729262609,"currentRatchet":{"ephemeralKeyPair":{"pubKey":"BYEFxrYzlfrxNGIMgnPJ6/NxZAzdA5uYp/Ny889NKwdW","privKey":"IBiFNVXCUgKPRqpBDsIVVxLFNk7LYK/YJNpyJsBRdVc="},"lastRemoteEphemeralKey":"BaDDM4Hm6uUeQ1W01O358hj0/J7Yq4OYUmVsQn1mpvQW","previousCounter":0,"rootKey":"QrB5gjpXigSGA7RJC+ilSBOAfCpKlH+pLtpV6Noe4J4="},"indexInfo":{"baseKey":"BRP+cqD7MB1tZSngeNXyhuzJX/uVhWfZSbSwnPGAF1FL","baseKeyType":1,"closed":-1,"used":1722454513460,"created":1722454513460,"remoteIdentityKey":"Be/9uMpuPtwY6LlyEi2DqIBPdTSfWLBdGBt8LGlA0swg"},"_chains":{"BYEFxrYzlfrxNGIMgnPJ6/NxZAzdA5uYp/Ny889NKwdW":{"chainKey":{"counter":7,"key":"OKCo3D/g4chpmE0mLoPhPlHxdsex5Da03cauytohPvs="},"chainType":1,"messageKeys":{}}},"pendingPreKey":{"signedKeyId":6,"baseKey":"BRP+cqD7MB1tZSngeNXyhuzJX/uVhWfZSbSwnPGAF1FL","preKeyId":7049144}}},"version":"v1"}