{"_sessions":{"BauM7MLpioJH1OqBlfy0JN7O2cLBAD0R3q/+n68a1mII":{"registrationId":564365730,"currentRatchet":{"ephemeralKeyPair":{"pubKey":"BbMeRBt5OSKjlUJl8/eJd09SCJcCWnMyLvC3PUXbTOoy","privKey":"WEua3iC9DZqBckfmifL53wK4I4wv7iU9Wf7WBfIzXkk="},"lastRemoteEphemeralKey":"BWaJ8emWv34mcqzmPwONa7/hjn6PLzX2vHsXBliyHwc7","previousCounter":0,"rootKey":"oGmW2D01aRGcLjbB3q2pyA3mit+Eylncz+0UGGzDits="},"indexInfo":{"baseKey":"BauM7MLpioJH1OqBlfy0JN7O2cLBAD0R3q/+n68a1mII","baseKeyType":1,"closed":-1,"used":1722302915965,"created":1722302915965,"remoteIdentityKey":"BVk7SZHrF6srr6EMUKZ7Ql+I2bgUejeTttm1Pmw88IlI"},"_chains":{"BbMeRBt5OSKjlUJl8/eJd09SCJcCWnMyLvC3PUXbTOoy":{"chainKey":{"counter":76,"key":"sVe2O8hYdzYuWxrY60CczJ8eGibMZETSkAdsrqHtc/4="},"chainType":1,"messageKeys":{}}},"pendingPreKey":{"signedKeyId":4,"baseKey":"BauM7MLpioJH1OqBlfy0JN7O2cLBAD0R3q/+n68a1mII","preKeyId":15567294}}},"version":"v1"}