{"_sessions":{"BTHLlwHhAbFCdIHOvXIuI2qg8OlgfFv4UqAwaM9o0Y4G":{"registrationId":2048680675,"currentRatchet":{"ephemeralKeyPair":{"pubKey":"BQJY9KOOIFmMhumCASUzOM3gRHEWoaAGlmOVRDql2WN9","privKey":"cFM5ylJt9Du6F/gUVKSK4iw/TCozfQcxXP8pVpwh334="},"lastRemoteEphemeralKey":"BXsCV2XoDlynYAfoRlzJ+8CUVxPIOZb4CHW7YECK43lg","previousCounter":0,"rootKey":"WTs0uYP5RdFFsmCVKHRA31axWK86Gep4i0m4XyfhRxo="},"indexInfo":{"baseKey":"BTHLlwHhAbFCdIHOvXIuI2qg8OlgfFv4UqAwaM9o0Y4G","baseKeyType":1,"closed":-1,"used":1722454512979,"created":1722454512979,"remoteIdentityKey":"BTJmPh1DgeCnCUjCHnx5MAOYsnAZHdMsO7vL3kMMEq9n"},"_chains":{"BQJY9KOOIFmMhumCASUzOM3gRHEWoaAGlmOVRDql2WN9":{"chainKey":{"counter":7,"key":"of1eTyZYtVf/L8JNQYBaLWhnzov7yM0v7xswsgQFtjg="},"chainType":1,"messageKeys":{}}},"pendingPreKey":{"signedKeyId":5,"baseKey":"BTHLlwHhAbFCdIHOvXIuI2qg8OlgfFv4UqAwaM9o0Y4G"}}},"version":"v1"}