{"_sessions":{"BeHdoYEs7KI47CyNC40CKyzPAbNXUKd5hP5Tk2QHqf9m":{"registrationId":724216382,"currentRatchet":{"ephemeralKeyPair":{"pubKey":"BSHwfcTowvblIJ80/BreHjtlpSbF9d5Ky7RzFjVwENk2","privKey":"eK7Zrg0kcSZAiAsJjCD2MB2iEvQgiBdOnuLjU1ipZnw="},"lastRemoteEphemeralKey":"BfArbmR5HKrBDrCshk4FlqPa3DQ15sYq3gJJbLsmfgZ7","previousCounter":0,"rootKey":"+AiZ2yiEGMcSb1PT+GGeyE3eIkWBvNK6ISk6ooK+Z6k="},"indexInfo":{"baseKey":"BeHdoYEs7KI47CyNC40CKyzPAbNXUKd5hP5Tk2QHqf9m","baseKeyType":1,"closed":-1,"used":1722302915159,"created":1722302915159,"remoteIdentityKey":"BbgAlRq7qFCgUkTkh20mNjzA6ga9y/rZd2nReWYoqgck"},"_chains":{"BSHwfcTowvblIJ80/BreHjtlpSbF9d5Ky7RzFjVwENk2":{"chainKey":{"counter":76,"key":"yMqc+iKvzDsp/XLEuxMPf4OxalPDZQGuUODl0h8eC00="},"chainType":1,"messageKeys":{}}},"pendingPreKey":{"signedKeyId":2,"baseKey":"BeHdoYEs7KI47CyNC40CKyzPAbNXUKd5hP5Tk2QHqf9m"}}},"version":"v1"}