{"_sessions":{"BY7JAz811fII7uoudwOpqE8cJpzAvprGPMAlG7m2yMpb":{"registrationId":26,"currentRatchet":{"ephemeralKeyPair":{"pubKey":"BZmJ+C8sboOLfUJZmWkDUgV0IWnqr97iAc9ZbXtKl6Al","privKey":"iB5shWBkbo3hpk255Tmd+2hLfXj0ff0dQr69fR+YqHY="},"lastRemoteEphemeralKey":"BSaiKdLym8yclR8eT4nC1AIicA1/1ofQ8k1dT7GUmfxm","previousCounter":0,"rootKey":"FJVAhE6mYjIildJy8TCW49XbkgO1ZuBq/p1b4Pe4yA4="},"indexInfo":{"baseKey":"BY7JAz811fII7uoudwOpqE8cJpzAvprGPMAlG7m2yMpb","baseKeyType":1,"closed":1722493318964,"used":1722454510884,"created":1722454510884,"remoteIdentityKey":"BS/Gwjb24j0YDHGxE/OcEG81kY4rMkeSa1BVv23wIE9a"},"_chains":{"BZmJ+C8sboOLfUJZmWkDUgV0IWnqr97iAc9ZbXtKl6Al":{"chainKey":{"counter":7,"key":"BTgtiMbJ9DQo8HMplbplOvDI/SMwDT3wyZHh4GtT8aA="},"chainType":1,"messageKeys":{}}},"pendingPreKey":{"signedKeyId":1,"baseKey":"BY7JAz811fII7uoudwOpqE8cJpzAvprGPMAlG7m2yMpb"}},"BejregxwVjZK9UsTCAPjFma/1juUhq63a+tw62po67Zq":{"registrationId":26,"currentRatchet":{"ephemeralKeyPair":{"pubKey":"BZznqg8iBrHuLuXpPaZt2dY/VKMHvkkoFmsvYyMgQjp2","privKey":"+DdAFIE2SqfNj1cOFNq4YPIQZkPZYhQFkI4Kwe41ml0="},"lastRemoteEphemeralKey":"BcrFcKjhBWJP3BbVMJkbEzusLmuKiUZUS/d6FAzwjZ4D","previousCounter":0,"rootKey":"t2ZLp6vwLNG2N9kfRnQDjQrjrEoQvZFicJVovmFvgno="},"indexInfo":{"baseKey":"BejregxwVjZK9UsTCAPjFma/1juUhq63a+tw62po67Zq","baseKeyType":2,"closed":-1,"used":1722493318981,"created":1722493318981,"remoteIdentityKey":"BS/Gwjb24j0YDHGxE/OcEG81kY4rMkeSa1BVv23wIE9a"},"_chains":{"BcrFcKjhBWJP3BbVMJkbEzusLmuKiUZUS/d6FAzwjZ4D":{"chainKey":{"counter":2,"key":"4wi1POvYWpTF+YEozJcMwjVGVutS0//pQwPgYzt342E="},"chainType":2,"messageKeys":{}},"BZznqg8iBrHuLuXpPaZt2dY/VKMHvkkoFmsvYyMgQjp2":{"chainKey":{"counter":-1,"key":"mgYmyz6p5nOY4tsYaqHwoyNdXBS5qz/fJ+vpIGqOcPU="},"chainType":1,"messageKeys":{}}}}},"version":"v1"}