{"_sessions":{"BR4AWiJYKXRS5RWoeCvr1Ea3aCJOTUsN8pjLbuW6o81Y":{"registrationId":1957060487,"currentRatchet":{"ephemeralKeyPair":{"pubKey":"BcrCAmOGp2tpPW+fRYRBImtVug9RSmc4o4C2IKX7ncEp","privKey":"4OHxqeDaD3eb/lUH5kOGs2OrzFQtTzOXTi1uiBtj+18="},"lastRemoteEphemeralKey":"BfpRYxWFH6C2sbrs+nNRJ16pydyryiWkvVp00klzQaof","previousCounter":0,"rootKey":"6blAJXzJ4QpC0/IPO0Jw4U4YQWzQiDI6HLCrum27PEc="},"indexInfo":{"baseKey":"BR4AWiJYKXRS5RWoeCvr1Ea3aCJOTUsN8pjLbuW6o81Y","baseKeyType":1,"closed":-1,"used":1722224749382,"created":1722224749382,"remoteIdentityKey":"BeRejTTz7BpiwTVFsYUtrvN4ki+kgJFG7iC4v7o++l15"},"_chains":{"BcrCAmOGp2tpPW+fRYRBImtVug9RSmc4o4C2IKX7ncEp":{"chainKey":{"counter":6,"key":"t3CEF7nX70NOJ8un0ZOifnSsL03jOoyqb8zLHguRvW4="},"chainType":1,"messageKeys":{}}},"pendingPreKey":{"signedKeyId":1,"baseKey":"BR4AWiJYKXRS5RWoeCvr1Ea3aCJOTUsN8pjLbuW6o81Y","preKeyId":10751083}}},"version":"v1"}