{"_sessions":{"BX7BgLY5pPS+AAKBqU54fjUMzeiqx2xxJ9EOWKGJo1N3":{"registrationId":32,"currentRatchet":{"ephemeralKeyPair":{"pubKey":"BY3PqdAGNR/tEDKtkVWZUr88MDhgr5ig6SjvPoE2ZLFa","privKey":"ALKrSqHgHt9hDj/OA8roWmU7lBCwazg07vxuwcH/u1Y="},"lastRemoteEphemeralKey":"BVtVligTYB/Mk0sIGVfDO2nVoHH+hKWEF/01TIsFfFM1","previousCounter":1,"rootKey":"hSBAHwnBe9qexFlDc+pdQ1gKLvOHLrAftoCQAW0gna4="},"indexInfo":{"baseKey":"BX7BgLY5pPS+AAKBqU54fjUMzeiqx2xxJ9EOWKGJo1N3","baseKeyType":1,"closed":-1,"used":1722310795317,"created":1722307985378,"remoteIdentityKey":"BZzNWrs56o/3yzPnm8AhNHS/A/CysGou5nG8S/CoqnxY"},"_chains":{"BVtVligTYB/Mk0sIGVfDO2nVoHH+hKWEF/01TIsFfFM1":{"chainKey":{"counter":0,"key":"A9W2OwQ2iPO9i0vFTwjTssUqOUSc5nW0R+OYElf3skE="},"chainType":2,"messageKeys":{}},"BY3PqdAGNR/tEDKtkVWZUr88MDhgr5ig6SjvPoE2ZLFa":{"chainKey":{"counter":61,"key":"nTZ8wFmZLZZnmulld+WLZEf58mv/n3Ooi3jvqQfX3mc="},"chainType":1,"messageKeys":{}}}}},"version":"v1"}