{"_sessions":{"BShK5CD5acdqqkVbZ/x4KOYev/H73DC8oKPRPR1oYtMQ":{"registrationId":1948648030,"currentRatchet":{"ephemeralKeyPair":{"pubKey":"BfjkNLRKK0YqCtwmR9zk8SvRcLZuZ8RbhOO41/9H7jcV","privKey":"MABJ7lTOSWkamI81Uj2Da7SXrslEztwGLGPZDJvbe0w="},"lastRemoteEphemeralKey":"BWYFuQYN9kiFyx8vaUvkmj/Dmd6y410SVS+tRLyyWVtl","previousCounter":0,"rootKey":"/178kZ1IxpwtsCYJH4oXImZZ7eLNRPnepuhA/worWYc="},"indexInfo":{"baseKey":"BShK5CD5acdqqkVbZ/x4KOYev/H73DC8oKPRPR1oYtMQ","baseKeyType":1,"closed":-1,"used":1722224747984,"created":1722224747984,"remoteIdentityKey":"BTM66HaSW1JiJC4UzNAcOdB6nl8XSyMBFggok1FPK1MI"},"_chains":{"BfjkNLRKK0YqCtwmR9zk8SvRcLZuZ8RbhOO41/9H7jcV":{"chainKey":{"counter":6,"key":"I6sYN+skAeHJqkkpJSrksIwfi2XuR8SNIQWipvuj93Y="},"chainType":1,"messageKeys":{}}},"pendingPreKey":{"signedKeyId":1,"baseKey":"BShK5CD5acdqqkVbZ/x4KOYev/H73DC8oKPRPR1oYtMQ"}}},"version":"v1"}