{"_sessions":{"BUEm+ppfTYrnoM017K2+LQLdFy6oyk7poA3vb+axO4VY":{"registrationId":188,"currentRatchet":{"ephemeralKeyPair":{"pubKey":"BSt1TRfQ3f/1fPn5LPmUyRRf4z0jt+Gh2wJxbAAH20db","privKey":"KPXaWVHiD6TidaoqGbsS3pWTyhcyGrnxl65EthXOQV4="},"lastRemoteEphemeralKey":"Bcj94JFSVV7+NdJ4XKFcsgLdSMtGz0p6AfknYY2ZsPNJ","previousCounter":0,"rootKey":"MohejD9t2oHcTbsTFK7b9kS9oeVbL51yBpTTZwZSdYM="},"indexInfo":{"baseKey":"BUEm+ppfTYrnoM017K2+LQLdFy6oyk7poA3vb+axO4VY","baseKeyType":1,"closed":-1,"used":1722302914370,"created":1722302914370,"remoteIdentityKey":"BQHgwA+KViBPiFYYYC95oySjlINUy7YgXOTWsLUKtgZA"},"_chains":{"BSt1TRfQ3f/1fPn5LPmUyRRf4z0jt+Gh2wJxbAAH20db":{"chainKey":{"counter":76,"key":"ED+x5RLzoY/5JnjNC2m3Vt3Jlji9nH4gAZNcW3NIzAs="},"chainType":1,"messageKeys":{}}},"pendingPreKey":{"signedKeyId":1,"baseKey":"BUEm+ppfTYrnoM017K2+LQLdFy6oyk7poA3vb+axO4VY"}}},"version":"v1"}