{"_sessions":{"BQQZ82dkuMYLiU49kRxAD+5OhdONL1TOWWHSjwduCsRZ":{"registrationId":399439988,"currentRatchet":{"ephemeralKeyPair":{"pubKey":"BQ+sif2Kiq7bXk00B5mWMxkktZEOQp0ZwLLv0YKUUvJP","privKey":"YKTg7b9an/yPP64ncgfmB2/zs+vaM5KP2bZQU5Wy6V0="},"lastRemoteEphemeralKey":"BSCHvf/ffZoH5v/7SXyOslURJCFbL46fBQIHQmOtaW5k","previousCounter":0,"rootKey":"xeutzpAuAK+FobJUe8+JiMoDGNrrPNLeSa4R93c3LgQ="},"indexInfo":{"baseKey":"BQQZ82dkuMYLiU49kRxAD+5OhdONL1TOWWHSjwduCsRZ","baseKeyType":1,"closed":-1,"used":1722454512768,"created":1722454512768,"remoteIdentityKey":"BQpdtJeVAp9nEfubZWUkEj7XPKT4JriGnNn1TFg+SMcO"},"_chains":{"BQ+sif2Kiq7bXk00B5mWMxkktZEOQp0ZwLLv0YKUUvJP":{"chainKey":{"counter":7,"key":"85ObV4dZiGoIZVR9ztJiBNW+5M3xIhVWgVFbYmo2Z5Y="},"chainType":1,"messageKeys":{}}},"pendingPreKey":{"signedKeyId":11,"baseKey":"BQQZ82dkuMYLiU49kRxAD+5OhdONL1TOWWHSjwduCsRZ","preKeyId":4431384}}},"version":"v1"}