{"_sessions":{"BZlzU9pZhagH7l5ztL/CC1s+M6gJhEiSTkZKf2eJ5pdw":{"registrationId":1892547099,"currentRatchet":{"ephemeralKeyPair":{"pubKey":"BU78ZXOjMFqZaPXk21qs417zqyai0lBvHYjEV7zDbMcP","privKey":"MBRYsPmTE6stk7u2C2A1MciTvoKA8mKYm3N0mI71dWM="},"lastRemoteEphemeralKey":"BVnQXDke8RmxYp49/i7pq3Tk3r7Z3qStTtuD6Ak0TKRG","previousCounter":0,"rootKey":"AXaXOM+dBnU6KA1d2sJeJTQKsjBcdpjsTqy+IhwTmCA="},"indexInfo":{"baseKey":"BZlzU9pZhagH7l5ztL/CC1s+M6gJhEiSTkZKf2eJ5pdw","baseKeyType":1,"closed":-1,"used":1722302915154,"created":1722302915154,"remoteIdentityKey":"BUW4bis3P+aJBh3aJliVOulzBS+YQPLpaYfCY4iu/UJH"},"_chains":{"BU78ZXOjMFqZaPXk21qs417zqyai0lBvHYjEV7zDbMcP":{"chainKey":{"counter":76,"key":"+6+FGhAsrchbKxe/Ojkm2sNUKMYSwXa8R8KBhvfrMEo="},"chainType":1,"messageKeys":{}}},"pendingPreKey":{"signedKeyId":2,"baseKey":"BZlzU9pZhagH7l5ztL/CC1s+M6gJhEiSTkZKf2eJ5pdw","preKeyId":9935965}}},"version":"v1"}