{"_sessions":{"BWmpoq9DjkeEv1Ba7eiSxR5LNGA+KrXx6efWiIN3MCIc":{"registrationId":1748392801,"currentRatchet":{"ephemeralKeyPair":{"pubKey":"BRuL//M9dHTtP9syjDqeD3KEDWvV1Yfcw4FpNFKkAoJv","privKey":"GE8AkOhL5VeUYko8bZc05M5yA2BSryrt0h2zMBc7W1s="},"lastRemoteEphemeralKey":"BeCHGMO1xTa7nr2PWxfTyJy8+j6LwwKMXQ0v2zaDp2Yx","previousCounter":0,"rootKey":"C/gCgtrsj9Pak8U53wzIeqpHGL5Y3TGCo+8zfhFLwZg="},"indexInfo":{"baseKey":"BWmpoq9DjkeEv1Ba7eiSxR5LNGA+KrXx6efWiIN3MCIc","baseKeyType":1,"closed":-1,"used":1722454512276,"created":1722454512276,"remoteIdentityKey":"BfSQvKjZSsqWLZcOmNtYKbjUShl5RcgSI07ujFZvgvgy"},"_chains":{"BRuL//M9dHTtP9syjDqeD3KEDWvV1Yfcw4FpNFKkAoJv":{"chainKey":{"counter":7,"key":"EEcGAVH+OH4qkaiG+FXiJ3Pr5BQtIQ9hrR+swiGuLfU="},"chainType":1,"messageKeys":{}}},"pendingPreKey":{"signedKeyId":8,"baseKey":"BWmpoq9DjkeEv1Ba7eiSxR5LNGA+KrXx6efWiIN3MCIc","preKeyId":3940203}}},"version":"v1"}