{"_sessions":{"BXZaEKwOXLVtQWigjrVnhn6cb10Ts6xxF2r0NL5FHoRI":{"registrationId":107618026,"currentRatchet":{"ephemeralKeyPair":{"pubKey":"BUAvXhidrQqrbvUbX4+AS0sGB2Zr8r4FnX4V09oPu3w8","privKey":"IORekXsb1y9c7SkJFPLPsZplj2juUR2mpltO8VeWTGg="},"lastRemoteEphemeralKey":"BZQnn9Ng1KDNWeRe+gs24HQ6dQEC3haiiS8mVKuefQw+","previousCounter":0,"rootKey":"PunIs3Llna7+FRoq5lfZ2dDaRZddTL6RWhkBR1JhpSQ="},"indexInfo":{"baseKey":"BXZaEKwOXLVtQWigjrVnhn6cb10Ts6xxF2r0NL5FHoRI","baseKeyType":1,"closed":-1,"used":1722302916157,"created":1722302916157,"remoteIdentityKey":"BUTNoFROsHN2EyqMi3Pc/M6ieEwrRptdOBZioAlf6BUD"},"_chains":{"BUAvXhidrQqrbvUbX4+AS0sGB2Zr8r4FnX4V09oPu3w8":{"chainKey":{"counter":76,"key":"XBm5GNdA9rERZeDFSsbZtI28sgW0bpvPQceTbqvUQL4="},"chainType":1,"messageKeys":{}}},"pendingPreKey":{"signedKeyId":1,"baseKey":"BXZaEKwOXLVtQWigjrVnhn6cb10Ts6xxF2r0NL5FHoRI","preKeyId":12835585}}},"version":"v1"}