{"_sessions":{"BUY1hF3kRo7lfIBsffcbeoby9bJubyS9d4L8V7Z4dBYQ":{"registrationId":367588672,"currentRatchet":{"ephemeralKeyPair":{"pubKey":"BXxGGGrpOSfKKV3tC62Bs/krFuKst/DxjQ7dlRC8xIss","privKey":"WNkMNy49XKAL4PSdWgXuMh3WjX53ie06pPAQIGZXiWE="},"lastRemoteEphemeralKey":"BSnOrRzHtPMNTuPRobnq/XVMJSL2vXgCWnuU0CoZnftq","previousCounter":0,"rootKey":"/3mTrbKnvMYT4A3QxvYcqUxuKUziYW4Lz2+cSWjCkak="},"indexInfo":{"baseKey":"BUY1hF3kRo7lfIBsffcbeoby9bJubyS9d4L8V7Z4dBYQ","baseKeyType":1,"closed":-1,"used":1722224749268,"created":1722224749268,"remoteIdentityKey":"BVwPmv0fsb7/gvCscVHXaiiV9HQTtlAMylWPvLUIN+EU"},"_chains":{"BXxGGGrpOSfKKV3tC62Bs/krFuKst/DxjQ7dlRC8xIss":{"chainKey":{"counter":6,"key":"4sW9hZb6zKzNYMKS077zcVDhyhpxDDvTYP4OD9eSORQ="},"chainType":1,"messageKeys":{}}},"pendingPreKey":{"signedKeyId":4,"baseKey":"BUY1hF3kRo7lfIBsffcbeoby9bJubyS9d4L8V7Z4dBYQ"}}},"version":"v1"}