{"_sessions":{"Bc7hjkV7vPcISd4LA86jca9NYMUw90S8iYCeW+ONLcEr":{"registrationId":351953627,"currentRatchet":{"ephemeralKeyPair":{"pubKey":"BTl9zt9oUUbDPF3SG2m3qfVkXM3pRhrInbPyChhztE8s","privKey":"eND12Yt+q836VHknbJkkhrPQ29OKtvUvqH7TQ99arVY="},"lastRemoteEphemeralKey":"BcHd0BZpzmip39vpBLLEhk77CLLKxb/SLIznyI3FpA5u","previousCounter":0,"rootKey":"xjIFR6in5fWUAj1Lk5S+6y55CW0XikU9T7ivg+rLECU="},"indexInfo":{"baseKey":"Bc7hjkV7vPcISd4LA86jca9NYMUw90S8iYCeW+ONLcEr","baseKeyType":1,"closed":-1,"used":1722454511494,"created":1722454511494,"remoteIdentityKey":"BfsstnjQdFY59JFw/jRe+8VFROTa9GjAcqoDRauPgWon"},"_chains":{"BTl9zt9oUUbDPF3SG2m3qfVkXM3pRhrInbPyChhztE8s":{"chainKey":{"counter":7,"key":"VR60Li79ctApImlnLQ0Exz3Ub3v0DZBnC0BuIGcMZSw="},"chainType":1,"messageKeys":{}}},"pendingPreKey":{"signedKeyId":0,"baseKey":"Bc7hjkV7vPcISd4LA86jca9NYMUw90S8iYCeW+ONLcEr","preKeyId":10717542}}},"version":"v1"}