{"_sessions":{"BVatA90yzJ8axNCKNhMjokNSUlqAUGM/wgNfw066KH9Q":{"registrationId":1864617536,"currentRatchet":{"ephemeralKeyPair":{"pubKey":"BZ5UWj2owauRLypwm1gZkj2+HPPWzLZhaq+XrDufRkMk","privKey":"oE4ftZoSioznsiCcw33QYgIP8BB3pYFNoHfGEt1Wanc="},"lastRemoteEphemeralKey":"BVV9aDMjF77Qn+PUsnBRV2hf7QoD8RwAW6DBI1kUQacA","previousCounter":0,"rootKey":"7KzdIFKRlKygE9nz6tlIYnLeXOvt058dcWJNTk9C3T0="},"indexInfo":{"baseKey":"BVatA90yzJ8axNCKNhMjokNSUlqAUGM/wgNfw066KH9Q","baseKeyType":1,"closed":-1,"used":1722224747387,"created":1722224747387,"remoteIdentityKey":"BaOBXl2TuVUV/qjnnNylHiXYpyUSPL6cy+K+Uum/glFh"},"_chains":{"BZ5UWj2owauRLypwm1gZkj2+HPPWzLZhaq+XrDufRkMk":{"chainKey":{"counter":6,"key":"iFYR/mLgZTDc2sjYR9gXv/QpunxijqXt07t+ikdHBiY="},"chainType":1,"messageKeys":{}}},"pendingPreKey":{"signedKeyId":1,"baseKey":"BVatA90yzJ8axNCKNhMjokNSUlqAUGM/wgNfw066KH9Q","preKeyId":6108050}}},"version":"v1"}