{"_sessions":{"BUSTfdFB7sDmlkpLolETZV1hheyVMAKwIISYth84OQp4":{"registrationId":48,"currentRatchet":{"ephemeralKeyPair":{"pubKey":"Ba8frMtaM5VFJP57qVD2k/5fZ/dfEtf8e0TqdYR5tZBR","privKey":"UGLn9Moi6VOC9a6qukOTG7GqKPm8qsRCGHfXXJ7LjWs="},"lastRemoteEphemeralKey":"BSkNbAAhRhUuEVeSmpqMmqYU+N0d93kB14XkeodOaU5E","previousCounter":0,"rootKey":"EV99UZHnCRGDBJ2KIDsr85KIF1vda+b/W0yuhQenvco="},"indexInfo":{"baseKey":"BUSTfdFB7sDmlkpLolETZV1hheyVMAKwIISYth84OQp4","baseKeyType":1,"closed":-1,"used":1722339604303,"created":1722339604303,"remoteIdentityKey":"BTtchHJoBnduppf9IrH355uHDDGot1rt0S1Po9HqzQRq"},"_chains":{"Ba8frMtaM5VFJP57qVD2k/5fZ/dfEtf8e0TqdYR5tZBR":{"chainKey":{"counter":46,"key":"TvwGePPXtrmSNg8lfUVnEwJ8gWE/R0c+sPhKP8eriNA="},"chainType":1,"messageKeys":{}}},"pendingPreKey":{"signedKeyId":1,"baseKey":"BUSTfdFB7sDmlkpLolETZV1hheyVMAKwIISYth84OQp4","preKeyId":26}}},"version":"v1"}