{"_sessions":{"BWVouU7CDUoqYib2Y6GNYX1Kqt9XTXBoDSAcc7ZoMAEt":{"registrationId":496526632,"currentRatchet":{"ephemeralKeyPair":{"pubKey":"BY71WJ2mkwpm/Elz4JwL91wlbSeJciR3cP+4cVQn2ZU9","privKey":"EGWPl6aHxGaGBHTbEsTlwvRwvnQawlgNXHyp+V45gFQ="},"lastRemoteEphemeralKey":"BTpelemJInfp++r7LH88C6YyJCchhkLOFwgo5wX5l/xv","previousCounter":0,"rootKey":"ytN1j1rGfMmgih13knCEFFV5Ecned/MMaBpHZtPiVB4="},"indexInfo":{"baseKey":"BWVouU7CDUoqYib2Y6GNYX1Kqt9XTXBoDSAcc7ZoMAEt","baseKeyType":1,"closed":-1,"used":1722302916162,"created":1722302916162,"remoteIdentityKey":"BbPWsSxVJdcXEhK9aYxDo3uaDikrBuJhjXBPm5Ru5yRq"},"_chains":{"BY71WJ2mkwpm/Elz4JwL91wlbSeJciR3cP+4cVQn2ZU9":{"chainKey":{"counter":76,"key":"gUiNiXUlVaawl7+Zs1fAEygEQ8+TQkJwu+I9Uh5gvRI="},"chainType":1,"messageKeys":{}}},"pendingPreKey":{"signedKeyId":0,"baseKey":"BWVouU7CDUoqYib2Y6GNYX1Kqt9XTXBoDSAcc7ZoMAEt","preKeyId":14718605}}},"version":"v1"}