{"_sessions":{"BSgXSkKSs27nAEFmuG2lliq4YBgGnOcF1Ur1RGryujAJ":{"registrationId":492044554,"currentRatchet":{"ephemeralKeyPair":{"pubKey":"BTreS6+w7IuipZjYbYuxDorskzsfLVOik/fDV7dWBTMC","privKey":"gN0OM/+dlliibJWBmQfff/2cxZU0Mm7G4caD5QN19Gg="},"lastRemoteEphemeralKey":"BY3Jj1M7+LLNjYkUF7NL/JjOt05y/+ArZILkqsfLasN2","previousCounter":0,"rootKey":"yjqBJKG2TlfnPWtEyrKm/pDjNPy46r0SDROWUdqsSJo="},"indexInfo":{"baseKey":"BSgXSkKSs27nAEFmuG2lliq4YBgGnOcF1Ur1RGryujAJ","baseKeyType":1,"closed":-1,"used":1722454512489,"created":1722454512489,"remoteIdentityKey":"Bbbvz5AA0LtIMr+liMfi5hPQwufXxbmFbp0yIRc2yCcC"},"_chains":{"BTreS6+w7IuipZjYbYuxDorskzsfLVOik/fDV7dWBTMC":{"chainKey":{"counter":7,"key":"dm+3CQIsoFCz5IZu+MiN/ZFmV+oso4K4pQTE80nrlQM="},"chainType":1,"messageKeys":{}}},"pendingPreKey":{"signedKeyId":1,"baseKey":"BSgXSkKSs27nAEFmuG2lliq4YBgGnOcF1Ur1RGryujAJ","preKeyId":14322830}}},"version":"v1"}