{"_sessions":{"BdbVAwlbpeNpmBJgMB5onvak1ZbjK0szWF6ooVW17uVy":{"registrationId":1541588640,"currentRatchet":{"ephemeralKeyPair":{"pubKey":"BeMrKJfAYk55BDTH486al7K+Ge2AWrhVqp2b/+o6nhMV","privKey":"kLbo3xe2RWXRvBamFn5QQ1Z+mxaz1oppmhiX8P3dLmM="},"lastRemoteEphemeralKey":"BbcJZqH9EADrWQN4+bwmTLsNY9X6fSzzcc/nQNmj1rBy","previousCounter":0,"rootKey":"OM61BhxS/VmFE/3ZaNX0LoI0nuC89bF/N8y3doLmNIk="},"indexInfo":{"baseKey":"BdbVAwlbpeNpmBJgMB5onvak1ZbjK0szWF6ooVW17uVy","baseKeyType":1,"closed":-1,"used":1722302915979,"created":1722302915979,"remoteIdentityKey":"Bedbbh38e8RAD98tak9hlx4W19OBpXLWCaA/nFa3jnUY"},"_chains":{"BeMrKJfAYk55BDTH486al7K+Ge2AWrhVqp2b/+o6nhMV":{"chainKey":{"counter":76,"key":"P7CQKr8ER+QB4l150CeGa6caafQ9jC/P39S5hcC1fdc="},"chainType":1,"messageKeys":{}}},"pendingPreKey":{"signedKeyId":1,"baseKey":"BdbVAwlbpeNpmBJgMB5onvak1ZbjK0szWF6ooVW17uVy","preKeyId":16680445}}},"version":"v1"}