{"_sessions":{"BZYjDdvAtWi4pHwJrl/Xk/la0CVYz3I7ZPPoIQtqP0JN":{"registrationId":2061919623,"currentRatchet":{"ephemeralKeyPair":{"pubKey":"BY+xHsafQkEAABgSeOkjrh7TLF6FvEFsQDjLnfTbSIh3","privKey":"WO/KlPBN2jaBstteIyEsytdIm32grdMG1ENyxBYG2Ww="},"lastRemoteEphemeralKey":"Bah7HLhaPZFzdJQvRZx44ydlJi5oSZx1v4xu8tKq2Z9x","previousCounter":0,"rootKey":"Mwktf8evfYn2vr1qoA+eMddQlSoHrrswDRWU+F96cLc="},"indexInfo":{"baseKey":"BZYjDdvAtWi4pHwJrl/Xk/la0CVYz3I7ZPPoIQtqP0JN","baseKeyType":1,"closed":-1,"used":1722224746609,"created":1722224746609,"remoteIdentityKey":"BYq/kXC43ZrNTAMzcZW92NoqY2/WMDZoq6Km3J7VEEgo"},"_chains":{"BY+xHsafQkEAABgSeOkjrh7TLF6FvEFsQDjLnfTbSIh3":{"chainKey":{"counter":6,"key":"A++lq9UT0HMGGNfk7G+E5ZD/y0/D9DZdgiLwjxNyYYE="},"chainType":1,"messageKeys":{}}},"pendingPreKey":{"signedKeyId":2,"baseKey":"BZYjDdvAtWi4pHwJrl/Xk/la0CVYz3I7ZPPoIQtqP0JN","preKeyId":11318370}}},"version":"v1"}