{"_sessions":{"BXETYcPqWgifH2Yz4SkLh++i0NDVVDtm/ymEmMhSJQQp":{"registrationId":384196296,"currentRatchet":{"ephemeralKeyPair":{"pubKey":"Bev1fTtO+VpeLD0+WPgTKaQY08RnjCI5N4aXJiYEOCNe","privKey":"qKMr1pq1Y8gdKPNilSdyrIRbxAbo9eY9uAmXGn5T03s="},"lastRemoteEphemeralKey":"BZwo8Y1hFAG/MD+Msg4cwONf4mK4ShFtxGbnVEdYg/xx","previousCounter":0,"rootKey":"/kuC5Jz/Hq8/f9X0U+hC2GXjkSmEzRzNlqFp9wwFkus="},"indexInfo":{"baseKey":"BXETYcPqWgifH2Yz4SkLh++i0NDVVDtm/ymEmMhSJQQp","baseKeyType":1,"closed":-1,"used":1722224746680,"created":1722224746680,"remoteIdentityKey":"BafR32SUgUauigNCqA3FlJksPRgKyg4iInoalt82/INM"},"_chains":{"Bev1fTtO+VpeLD0+WPgTKaQY08RnjCI5N4aXJiYEOCNe":{"chainKey":{"counter":6,"key":"Segrlhs85XboeARgowkdtdZ6aQd+jdEBPqZAw8EiBbQ="},"chainType":1,"messageKeys":{}}},"pendingPreKey":{"signedKeyId":1,"baseKey":"BXETYcPqWgifH2Yz4SkLh++i0NDVVDtm/ymEmMhSJQQp"}}},"version":"v1"}