{"_sessions":{"BXGkKg9YbbJTTk/6d9EeZB5gp46wZXor8kh+JT+K+44a":{"registrationId":1719908670,"currentRatchet":{"ephemeralKeyPair":{"pubKey":"BSKHiMYdfAz0qGvmr0XJGY7QdS6/GO7dDP9lepZ8WNhK","privKey":"UE/j1I5cW69gQj+Q9N88i6Ww7BIKPxCf8OKfePVSjUg="},"lastRemoteEphemeralKey":"Bf4YiulVj89uitTaMPpGhzf8lT+9uR/EED6DdqjSnLNQ","previousCounter":0,"rootKey":"N1d57zxNCc5qCUg1KjRnqsEBV4GSIDNjyDDz7aFp9rs="},"indexInfo":{"baseKey":"BXGkKg9YbbJTTk/6d9EeZB5gp46wZXor8kh+JT+K+44a","baseKeyType":1,"closed":-1,"used":1722302915067,"created":1722302915067,"remoteIdentityKey":"BUazCp4jmwUDYWBPVSxKZPkAXBprcpb/Z+kgqmbw2q4n"},"_chains":{"BSKHiMYdfAz0qGvmr0XJGY7QdS6/GO7dDP9lepZ8WNhK":{"chainKey":{"counter":76,"key":"nin6UjCoCM5Qf7gXJvtUY0b1y0XaDK86n5KUJx3hugQ="},"chainType":1,"messageKeys":{}}},"pendingPreKey":{"signedKeyId":2,"baseKey":"BXGkKg9YbbJTTk/6d9EeZB5gp46wZXor8kh+JT+K+44a","preKeyId":6222807}}},"version":"v1"}