{"_sessions":{"BXFKk3ShbEmm20eMvvPnS4SKB97caLph8LUBm/7gX0IH":{"registrationId":1604,"currentRatchet":{"ephemeralKeyPair":{"pubKey":"BR+KLDyGfys5+W5NFMmyAus++vF+tuliG9PW2C4YFlNI","privKey":"oF8VdmRU9gnv8JiM2+AAY0bx45m+g6vU2TnteNdyuWU="},"lastRemoteEphemeralKey":"BZPOllgmLtNduVON6BTTXWCppS3URu2aVmTiF3aJFYEm","previousCounter":0,"rootKey":"UQs4/iRnRKUUvKtTpRzWj3LYoNoroY0Rp1f+kWecg28="},"indexInfo":{"baseKey":"BXFKk3ShbEmm20eMvvPnS4SKB97caLph8LUBm/7gX0IH","baseKeyType":1,"closed":-1,"used":1722224745481,"created":1722224745481,"remoteIdentityKey":"Be5AAINK3mNL8MbiW8ZJuCJ/s/sVvYxnWFTRt/XIFqIA"},"_chains":{"BR+KLDyGfys5+W5NFMmyAus++vF+tuliG9PW2C4YFlNI":{"chainKey":{"counter":6,"key":"vMZPLelLSM8CelLjanqh6ebdh84405do8uhWZlu7KQw="},"chainType":1,"messageKeys":{}}},"pendingPreKey":{"signedKeyId":1,"baseKey":"BXFKk3ShbEmm20eMvvPnS4SKB97caLph8LUBm/7gX0IH"}}},"version":"v1"}