{"_sessions":{"BTBU4ldg0AkSkrP9NoLaRIUasJ3/C91y+uOnEwiOPC0w":{"registrationId":1646371454,"currentRatchet":{"ephemeralKeyPair":{"pubKey":"BZ+RBsIUznFs4hwBgOFovpQKfqQxJ32KpcWpN+knm28z","privKey":"0DvARqVTaScTLWNQgXbu3EMKA3MvF6PqtH9gfboOlHw="},"lastRemoteEphemeralKey":"Be69odu2Bsq/SYNrhhZ1/LX1/ScSWjeQ5C6aou3lEdMg","previousCounter":0,"rootKey":"YSLuAGbdZiVbGt20OvcyMmo4l1tIwKGx0foCb+CWtUk="},"indexInfo":{"baseKey":"BTBU4ldg0AkSkrP9NoLaRIUasJ3/C91y+uOnEwiOPC0w","baseKeyType":1,"closed":-1,"used":1722302916378,"created":1722302916378,"remoteIdentityKey":"Bf3sNJvdJ7rsGXsQHVoS/AfjJgGoY/7y2P16Fhop64Qs"},"_chains":{"BZ+RBsIUznFs4hwBgOFovpQKfqQxJ32KpcWpN+knm28z":{"chainKey":{"counter":76,"key":"URzno01ggfHFg4pRYIWRJFK2J+y+BoCUFW3+JDPy/cw="},"chainType":1,"messageKeys":{}}},"pendingPreKey":{"signedKeyId":0,"baseKey":"BTBU4ldg0AkSkrP9NoLaRIUasJ3/C91y+uOnEwiOPC0w"}}},"version":"v1"}