{"_sessions":{"BeIfdsrSSQMdt01rGNZnGJYZY2h6chQRtTb6b3FdklMR":{"registrationId":572222516,"currentRatchet":{"ephemeralKeyPair":{"pubKey":"Ba6nqmx4DfB9JGG+9esB/dsxhRk4BeJOdh6b4F+gSYhj","privKey":"AH9uSCZvpbyHQQorngdazDMPgptOGyMQwW4HkCE5a14="},"lastRemoteEphemeralKey":"BVThUv53yu96VNWaGuVuNsJtf3u7L5rJ1jqO8UfyopMF","previousCounter":0,"rootKey":"c65zjv2b4WasPj8QwkS3DlYsPL613ztxtTO0g4k1Gfk="},"indexInfo":{"baseKey":"BeIfdsrSSQMdt01rGNZnGJYZY2h6chQRtTb6b3FdklMR","baseKeyType":1,"closed":-1,"used":1722454512194,"created":1722454512194,"remoteIdentityKey":"BeHBdqo5znd7wtCUKMr0TgRXaMToHNg0zyD79zcldfgz"},"_chains":{"Ba6nqmx4DfB9JGG+9esB/dsxhRk4BeJOdh6b4F+gSYhj":{"chainKey":{"counter":7,"key":"h8GZ751f3aUxSvk212YTL3q+Lxx9LWge80/vN9qEQ1U="},"chainType":1,"messageKeys":{}}},"pendingPreKey":{"signedKeyId":6,"baseKey":"BeIfdsrSSQMdt01rGNZnGJYZY2h6chQRtTb6b3FdklMR","preKeyId":15208223}}},"version":"v1"}