{"_sessions":{"BR04E/sTKJq6juAeMKTqOcasLXudnJnDhu526/YZe5Bx":{"registrationId":11779,"currentRatchet":{"ephemeralKeyPair":{"pubKey":"BXtrpgH2kTgjrvyHA3zDj939A5mDaHX1fYxEXb7astcH","privKey":"GDNDQp6alplMg4mkdh9Fau2xqCzIfR1so0RC5dQqAU0="},"lastRemoteEphemeralKey":"BVMSOMU1aDlyPTDPpfxAMJ470BKAj/qNJDGqdDtDFiZ+","previousCounter":0,"rootKey":"3d2zo+zaV5krRmgWc4n6YYr8cF+uPR79XBMzmHVe8/8="},"indexInfo":{"baseKey":"BR04E/sTKJq6juAeMKTqOcasLXudnJnDhu526/YZe5Bx","baseKeyType":1,"closed":-1,"used":1722224745977,"created":1722224745977,"remoteIdentityKey":"Bcd18UcH4k69NuzGuW+2y7QldCYekdhHqMVihKAiavFw"},"_chains":{"BXtrpgH2kTgjrvyHA3zDj939A5mDaHX1fYxEXb7astcH":{"chainKey":{"counter":6,"key":"wctNx0uEWgyqkSD5zxyRTf0BoBE9wyxYNkVHVsEYz30="},"chainType":1,"messageKeys":{}}},"pendingPreKey":{"signedKeyId":1,"baseKey":"BR04E/sTKJq6juAeMKTqOcasLXudnJnDhu526/YZe5Bx"}}},"version":"v1"}