{"_sessions":{"BUMS0vDBuJcc88Cj2RvKmZgLNK6zutZx9YmF7eAOE/9v":{"registrationId":1819861526,"currentRatchet":{"ephemeralKeyPair":{"pubKey":"Bc70oeuTjMFdB8n0ONJIf420Mv+snKrAAYRjuSDXKxYR","privKey":"IBp3m55wdzbf2qMN2cFxVLPko7KKKfnKB5I49Kv5uHw="},"lastRemoteEphemeralKey":"BcGmuAwVUoqqs+k59Jma6agsHJj/5zksyOlAgvXfYx0v","previousCounter":0,"rootKey":"ZYkYfwIYa+b65bkcNmmCYU45a0Xbl5gsCFQbtCWUd5Y="},"indexInfo":{"baseKey":"BUMS0vDBuJcc88Cj2RvKmZgLNK6zutZx9YmF7eAOE/9v","baseKeyType":1,"closed":-1,"used":1722224748399,"created":1722224748399,"remoteIdentityKey":"BdYHU3KtqXRgzdEv0HzYbyh0+VKhwovtG0lRwKv50r9v"},"_chains":{"Bc70oeuTjMFdB8n0ONJIf420Mv+snKrAAYRjuSDXKxYR":{"chainKey":{"counter":6,"key":"ldHAojrYK1tE5679zo/r7GSR11qPUgTLJSNlU3a+Ni8="},"chainType":1,"messageKeys":{}}},"pendingPreKey":{"signedKeyId":1,"baseKey":"BUMS0vDBuJcc88Cj2RvKmZgLNK6zutZx9YmF7eAOE/9v","preKeyId":2010218}}},"version":"v1"}