{"_sessions":{"BZIOh1r1HI7DkGH/jRJJNOr6ZnpnaHGcOUPBDqHeTEYP":{"registrationId":48,"currentRatchet":{"ephemeralKeyPair":{"pubKey":"BckFia0qkA4tyARX1zNj+R8430aXNmfgJ7VdII0demME","privKey":"ECQA/dpNoF7YX02F4Lm1lrNSAj5DRJM1mpElFUbye2g="},"lastRemoteEphemeralKey":"BSkNbAAhRhUuEVeSmpqMmqYU+N0d93kB14XkeodOaU5E","previousCounter":0,"rootKey":"ij9OP+yf2AXyKlLGwKQNxYYW/BkP9OpBRZnM2zFCWF8="},"indexInfo":{"baseKey":"BZIOh1r1HI7DkGH/jRJJNOr6ZnpnaHGcOUPBDqHeTEYP","baseKeyType":1,"closed":-1,"used":1722454511090,"created":1722454511090,"remoteIdentityKey":"BTtchHJoBnduppf9IrH355uHDDGot1rt0S1Po9HqzQRq"},"_chains":{"BckFia0qkA4tyARX1zNj+R8430aXNmfgJ7VdII0demME":{"chainKey":{"counter":7,"key":"xgoU6FPgFYQvlFvCxZitz7UXhXAe5kC7HpRxiIL4BZQ="},"chainType":1,"messageKeys":{}}},"pendingPreKey":{"signedKeyId":1,"baseKey":"BZIOh1r1HI7DkGH/jRJJNOr6ZnpnaHGcOUPBDqHeTEYP"}}},"version":"v1"}