{"_sessions":{"BcqSBfRoluKxmH7TMIdBJywH86gmEqRF9XsNE2sHQVlP":{"registrationId":869802461,"currentRatchet":{"ephemeralKeyPair":{"pubKey":"BTRa+s+LGVbLgQe/dHaGg600zp8nfCqXJriq9TUYsp1D","privKey":"eAKKC2TpKDDKmtYcdbxEOogd58WM8K0XB5q2w1DCDFM="},"lastRemoteEphemeralKey":"BetfK6SPN3VivyHaM2taKRGzlZkfy33rhVjecCJVE1xe","previousCounter":0,"rootKey":"8gcqQbCC8riqaLNsIa6Po0HR0ehVDtILouTUayPfKvM="},"indexInfo":{"baseKey":"BcqSBfRoluKxmH7TMIdBJywH86gmEqRF9XsNE2sHQVlP","baseKeyType":1,"closed":-1,"used":1722454839376,"created":1722454513202,"remoteIdentityKey":"BeQ7YoeWDQUV0DBRFYafPGGQdcknHBTcF8aa9CGALshP"},"_chains":{"BetfK6SPN3VivyHaM2taKRGzlZkfy33rhVjecCJVE1xe":{"chainKey":{"counter":0,"key":"AvLOT5CRg2/ZoFcB2vy8QM5T/0Yolu83nNx2oyJB80A="},"chainType":2,"messageKeys":{}},"BTRa+s+LGVbLgQe/dHaGg600zp8nfCqXJriq9TUYsp1D":{"chainKey":{"counter":6,"key":"5NbV3zwqCFbvrxdJLKDAD39Rh/IVfRjyhHVrXird/H8="},"chainType":1,"messageKeys":{}}}}},"version":"v1"}