{"_sessions":{"BeFF3Mh07HFo7iwU46NnarUtrL6uaQMArS/1o0vBbiIy":{"registrationId":660476467,"currentRatchet":{"ephemeralKeyPair":{"pubKey":"BQMWRXz4EnjUfEvP8AmRDurRcOI6bvttATLNpuC019AE","privKey":"cHVfBApILv2w6JcRliU9Ez2xOZ09kNLapeIHYRbWB3M="},"lastRemoteEphemeralKey":"BbNAIyR2ggeURyqWqyqR8X+EQy3wyaabDNp6sP9Wyr4X","previousCounter":0,"rootKey":"CH8Coxyze2EbXW4Mofmp7hO1ESFZRy90aJCinE999F8="},"indexInfo":{"baseKey":"BeFF3Mh07HFo7iwU46NnarUtrL6uaQMArS/1o0vBbiIy","baseKeyType":1,"closed":-1,"used":1722224748866,"created":1722224748866,"remoteIdentityKey":"BV4CXkdj5hRRvMQ9hEyg8pi5mbAyMYHas2wFBatK/TYV"},"_chains":{"BQMWRXz4EnjUfEvP8AmRDurRcOI6bvttATLNpuC019AE":{"chainKey":{"counter":6,"key":"dAMV3yUw8e4PsaWZm0ZcatrQND9N8C0Hgf10PPOK7Xc="},"chainType":1,"messageKeys":{}}},"pendingPreKey":{"signedKeyId":0,"baseKey":"BeFF3Mh07HFo7iwU46NnarUtrL6uaQMArS/1o0vBbiIy","preKeyId":12862377}}},"version":"v1"}