{"_sessions":{"BTF6fVlSnGWC7XsH7XPczp1QaGWFJ5XNMSJQM8WKPLo1":{"registrationId":1979651682,"currentRatchet":{"ephemeralKeyPair":{"pubKey":"BUtrf7R7+3hJGLL51FBzYsD9aEfHyxS0F3WW9IJbcaoX","privKey":"iIM0m+PNU5Ak71rOSid97sZ6qrtuo6DayAyT725lSV4="},"lastRemoteEphemeralKey":"BTsZePsT1k41BWuGnKOkFobRj0IzjTBGvQUletGsvclO","previousCounter":0,"rootKey":"jz9mItPGgTnTn8kl8f9186vHJOwnNUEBDG5oG7uYo90="},"indexInfo":{"baseKey":"BTF6fVlSnGWC7XsH7XPczp1QaGWFJ5XNMSJQM8WKPLo1","baseKeyType":1,"closed":-1,"used":1722224749504,"created":1722224749504,"remoteIdentityKey":"BSlqc6NosHz0RobDNBHYkZAvB0OyaRDDxbJowfNxAlVS"},"_chains":{"BUtrf7R7+3hJGLL51FBzYsD9aEfHyxS0F3WW9IJbcaoX":{"chainKey":{"counter":6,"key":"jSXL5Zl5gGVC2nwAtuRGUZb++GJkpIEkyrsH/+CvY0o="},"chainType":1,"messageKeys":{}}},"pendingPreKey":{"signedKeyId":1,"baseKey":"BTF6fVlSnGWC7XsH7XPczp1QaGWFJ5XNMSJQM8WKPLo1"}}},"version":"v1"}