{"_sessions":{"BXbHxnlaJAtxecFmxgnX3BsLFd/rtuSjzVeWYzcjkT5/":{"registrationId":1653830630,"currentRatchet":{"ephemeralKeyPair":{"pubKey":"BabaQR3KNhkG003jKwwZ9Dk89HRieH7TV+w9SPor5u5D","privKey":"CKZPPRcaiKF6lYTLcjTRIyBvv+xThW5du8MbYk1OKE8="},"lastRemoteEphemeralKey":"Ba2cSZql1IMhZ8MAuSV1No+19Ssu+4k75soayfgzvvIg","previousCounter":0,"rootKey":"s3vMNLA2DFantG1yyYNS5R1ddmCI090qpUVy2+sXpAI="},"indexInfo":{"baseKey":"BXbHxnlaJAtxecFmxgnX3BsLFd/rtuSjzVeWYzcjkT5/","baseKeyType":1,"closed":-1,"used":1722454511965,"created":1722454511965,"remoteIdentityKey":"BQsHvqLVErfQMK1z6PMUlYhlPHMIy2rvqaYQnwOzcPB9"},"_chains":{"BabaQR3KNhkG003jKwwZ9Dk89HRieH7TV+w9SPor5u5D":{"chainKey":{"counter":7,"key":"yC3zZnqGHy2wNlggqspx6/BXUXqKD3HA8dyH/TJMR7Y="},"chainType":1,"messageKeys":{}}},"pendingPreKey":{"signedKeyId":7,"baseKey":"BXbHxnlaJAtxecFmxgnX3BsLFd/rtuSjzVeWYzcjkT5/","preKeyId":5595411}}},"version":"v1"}