{"_sessions":{"BS3t6LtaC89mDlgzWhYrllk4EuQbNNCxDde57jpc5fk3":{"registrationId":496526632,"currentRatchet":{"ephemeralKeyPair":{"pubKey":"BZdK96eBkQurUe/PPDg4ZZH56qkBLymw1oINpxKk2pVj","privKey":"sFZwh0rXNoANEm+4gXBV0oQ3P1QA82VaFIMQgGlBI3M="},"lastRemoteEphemeralKey":"BTpelemJInfp++r7LH88C6YyJCchhkLOFwgo5wX5l/xv","previousCounter":0,"rootKey":"pQMzmDGL2Y97lzs8ItV28JgrX7An1Y93TAIZ5SW41bQ="},"indexInfo":{"baseKey":"BS3t6LtaC89mDlgzWhYrllk4EuQbNNCxDde57jpc5fk3","baseKeyType":1,"closed":-1,"used":1722454513198,"created":1722454513198,"remoteIdentityKey":"BbPWsSxVJdcXEhK9aYxDo3uaDikrBuJhjXBPm5Ru5yRq"},"_chains":{"BZdK96eBkQurUe/PPDg4ZZH56qkBLymw1oINpxKk2pVj":{"chainKey":{"counter":7,"key":"2izOtqlu8qIAo9VPxYRoz5uZq71du5X+IPdhxu7UYmY="},"chainType":1,"messageKeys":{}}},"pendingPreKey":{"signedKeyId":0,"baseKey":"BS3t6LtaC89mDlgzWhYrllk4EuQbNNCxDde57jpc5fk3","preKeyId":14718679}}},"version":"v1"}