{"_sessions":{"BW9/bIdo0eyv6McdUcO8S7PHmx1IPjqfH3aUdfk5jrtb":{"registrationId":7,"currentRatchet":{"ephemeralKeyPair":{"pubKey":"BfYQaYY+DWwVdXkyuQXa/byIZz3/jklT5fzYrfH1rlxd","privKey":"+MvI76TdYXyNZ2wBKaXrdzzvcPUbyxgNSLPzqUEaEW8="},"lastRemoteEphemeralKey":"BaLtriVOA5yegPsus0xP+kFbObI0wkraJNdD8jd+1k1+","previousCounter":8,"rootKey":"ydNVUZy4KkP8QHZoiZ22Cuk72UwxVP+QMiBNIgOhF44="},"indexInfo":{"baseKey":"BW9/bIdo0eyv6McdUcO8S7PHmx1IPjqfH3aUdfk5jrtb","baseKeyType":1,"closed":-1,"used":1722342990258,"created":1722341931825,"remoteIdentityKey":"BYOtvGKvS1Jt4/+JvRR4+NrSv3LxVBtPGvrc3tPdMCwK"},"_chains":{"BaLtriVOA5yegPsus0xP+kFbObI0wkraJNdD8jd+1k1+":{"chainKey":{"counter":0,"key":"TIZdAPtTXrBVRYJxLwnyqazAEIYtCAC2EES1aXRmFbE="},"chainType":2,"messageKeys":{}},"BfYQaYY+DWwVdXkyuQXa/byIZz3/jklT5fzYrfH1rlxd":{"chainKey":{"counter":37,"key":"hBtfr9fXr5VANtM0CtuzK0HacA/Dt8mK8tRppKjZ1Qo="},"chainType":1,"messageKeys":{}}}}},"version":"v1"}