{"_sessions":{"BZiGJTLS2B/A+SUZenQek+A3d5xRI61L9fUQG093OX08":{"registrationId":1655198927,"currentRatchet":{"ephemeralKeyPair":{"pubKey":"Beun2cnIeBL7vkJwx4qRGRXjmRbmblMcjcr6ywQYNRUR","privKey":"yNRL+x1tcNvB9U4kaRMa3r6wIrqtWdOf0DYdk1ZwbXE="},"lastRemoteEphemeralKey":"BcPUFxREpF2mnzQso/sBYAU1emv9+uloEUk4y6k0g3kw","previousCounter":0,"rootKey":"H2UTmOtEJVnu7MAOWLsF4S0Jfw90kUCAyK9iS12AKbo="},"indexInfo":{"baseKey":"BZiGJTLS2B/A+SUZenQek+A3d5xRI61L9fUQG093OX08","baseKeyType":1,"closed":-1,"used":1722224747993,"created":1722224747993,"remoteIdentityKey":"BcFun6wqshCnopyxxmqIfb6JiXghheDMc8i3ovbn2wE+"},"_chains":{"Beun2cnIeBL7vkJwx4qRGRXjmRbmblMcjcr6ywQYNRUR":{"chainKey":{"counter":6,"key":"ff3uQLSzM/HLpyqcXt0j6WgS++oXOvnRAFvsX1ZAQMk="},"chainType":1,"messageKeys":{}}},"pendingPreKey":{"signedKeyId":0,"baseKey":"BZiGJTLS2B/A+SUZenQek+A3d5xRI61L9fUQG093OX08"}}},"version":"v1"}