{"_sessions":{"Bcyi2s0eucroAKwKKQvPpR5rwjrlt3yyl8QhjDL6XT84":{"registrationId":1175464090,"currentRatchet":{"ephemeralKeyPair":{"pubKey":"BblcRiG6iDMzx+GpNQdr3z29MtN2h7iOTebPF27C7MUe","privKey":"gLNzZmPI4HTSmwB+ZiaU2SEuGLIPklIV/+4kC1suzno="},"lastRemoteEphemeralKey":"BU7ZSo0lbGOU7iVj+/BsO7xdvxxTCxXx4HmsblCFAllz","previousCounter":0,"rootKey":"9Od5SGlWIx4AOlZsLpVni5U6gne4jNbvlUs+8EWrwMQ="},"indexInfo":{"baseKey":"Bcyi2s0eucroAKwKKQvPpR5rwjrlt3yyl8QhjDL6XT84","baseKeyType":1,"closed":-1,"used":1722224747566,"created":1722224747566,"remoteIdentityKey":"Bb0kCgeJVz1MNoZp17e1u2ingf4KU8Ww/67wcqmWlO5U"},"_chains":{"BblcRiG6iDMzx+GpNQdr3z29MtN2h7iOTebPF27C7MUe":{"chainKey":{"counter":6,"key":"lYcLx47qS2XaH2LAfvaW+vVLOMUP3Hw51irsSPyXXUI="},"chainType":1,"messageKeys":{}}},"pendingPreKey":{"signedKeyId":0,"baseKey":"Bcyi2s0eucroAKwKKQvPpR5rwjrlt3yyl8QhjDL6XT84","preKeyId":13869841}}},"version":"v1"}