{"_sessions":{"BULOVBxytvJo6UZEzpErd3j+N12PexcJCwESFqL3z+54":{"registrationId":1145569513,"currentRatchet":{"ephemeralKeyPair":{"pubKey":"BcI3GgLcw7FP291/hLvNbeME5WLbONW1p44y35o8gHQp","privKey":"8Jsh8ZUdxjg/39SLUrhtMDO0/D7ZyQBLFFrZ0hKQ7Ek="},"lastRemoteEphemeralKey":"BROSAmeBAF/Ntphmn77D0SpcmHkxT6LRF0mO/1W7lygH","previousCounter":0,"rootKey":"AYB/KnBGkE49n4BG5yX+2PLfzVQzPCZCTzLA5iKQWug="},"indexInfo":{"baseKey":"BULOVBxytvJo6UZEzpErd3j+N12PexcJCwESFqL3z+54","baseKeyType":1,"closed":-1,"used":1722224746658,"created":1722224746658,"remoteIdentityKey":"BbjCeI723cwK1HrYdUV9c/1900iVpOrSYp0p5n+zGP4y"},"_chains":{"BcI3GgLcw7FP291/hLvNbeME5WLbONW1p44y35o8gHQp":{"chainKey":{"counter":6,"key":"Ic5k3XISVEP96FEUr1yZjJhKs3UALSkwBPx60bzildg="},"chainType":1,"messageKeys":{}}},"pendingPreKey":{"signedKeyId":1,"baseKey":"BULOVBxytvJo6UZEzpErd3j+N12PexcJCwESFqL3z+54"}}},"version":"v1"}