{"_sessions":{"BXCu9i0HTYEmb7oMLS6BlHwuhzRy4D+KvJPjpUFNpkRv":{"registrationId":2086666834,"currentRatchet":{"ephemeralKeyPair":{"pubKey":"BRbYlNVvejXyE7AllOz5sEUAC9kfp0aLnfzJpq9N1PUy","privKey":"6PDbGhzdOGNcQv4+ZI6XyqhZ2RqiGrgLBWqdGMiwf0o="},"lastRemoteEphemeralKey":"Be3i4bCLywcboZd5oKKri1toiPfk3EDApEO17qtgFcRy","previousCounter":0,"rootKey":"Qsg/V5eATFl0BPYBBAEVx9daxFqcFkODtqYr3VbnAtg="},"indexInfo":{"baseKey":"BXCu9i0HTYEmb7oMLS6BlHwuhzRy4D+KvJPjpUFNpkRv","baseKeyType":1,"closed":-1,"used":1722302915697,"created":1722302915697,"remoteIdentityKey":"BQbuc8MXLejN/1AQArlxEQvCcy1VYE7+bs+1pg8t6fhu"},"_chains":{"BRbYlNVvejXyE7AllOz5sEUAC9kfp0aLnfzJpq9N1PUy":{"chainKey":{"counter":76,"key":"pAYetOU/xH+66KCwngwb4MEbKr2Spv9b0pP3k9Nbnx4="},"chainType":1,"messageKeys":{}}},"pendingPreKey":{"signedKeyId":3,"baseKey":"BXCu9i0HTYEmb7oMLS6BlHwuhzRy4D+KvJPjpUFNpkRv","preKeyId":12871191}}},"version":"v1"}