{"_sessions":{"BfgCgvG4gWCdv6wIksifc8QmaWc7r9+b6FpgjzmEPPkv":{"registrationId":101781403,"currentRatchet":{"ephemeralKeyPair":{"pubKey":"BWKKpb1NcyLjoc7bMFWNlsX57qZkXAx3sI7+6L9Fmn0A","privKey":"6LISnd8SNrGalCvQtIZfFU6EsQyNZB6SIMxYE8SR0Hw="},"lastRemoteEphemeralKey":"BWjgJyNZpWuSbwT5aRALgChhNqaSXRshURKeycSkl6JH","previousCounter":0,"rootKey":"ivUxzVu1k54zOso9UeNFZhkstmAXk4fn9aVUEYLVSlQ="},"indexInfo":{"baseKey":"BfgCgvG4gWCdv6wIksifc8QmaWc7r9+b6FpgjzmEPPkv","baseKeyType":1,"closed":-1,"used":1722224745694,"created":1722224745694,"remoteIdentityKey":"BQi94OQG1tk2ToM1b1oZHVlm+jADrPFCZTTOuOyPzLt7"},"_chains":{"BWKKpb1NcyLjoc7bMFWNlsX57qZkXAx3sI7+6L9Fmn0A":{"chainKey":{"counter":6,"key":"GO8TVhGplz3lZIa7SGMYIgDSzNKLkvStl1usxL94T6I="},"chainType":1,"messageKeys":{}}},"pendingPreKey":{"signedKeyId":3,"baseKey":"BfgCgvG4gWCdv6wIksifc8QmaWc7r9+b6FpgjzmEPPkv","preKeyId":8106}}},"version":"v1"}