{"_sessions":{"Ba0txp5P12DPDBTjbSlHGLMgRZmaAVFylCN2CptsmQY1":{"registrationId":1610078265,"currentRatchet":{"ephemeralKeyPair":{"pubKey":"Be3UFwB8xi214E/HMyg22cNhGV3xjJaIgl3x2vMdQqkR","privKey":"SNiNV+CghziXciR8J/YfT/sTv3WkGBQu/4mF8vicEVI="},"lastRemoteEphemeralKey":"BRjfVhIEMQYkYyxTHsO5bWQ4Ohcu1TTDWMS18FxLLP8i","previousCounter":0,"rootKey":"swemYSaGrCJiSgLiBx+1s+9NkdhQaLLEDOWWLK9400U="},"indexInfo":{"baseKey":"Ba0txp5P12DPDBTjbSlHGLMgRZmaAVFylCN2CptsmQY1","baseKeyType":1,"closed":-1,"used":1722224749066,"created":1722224749066,"remoteIdentityKey":"Bf4M6NdOocdb4ypYIat/3hqU8RTO3Mz2TV8zQTzGa9IY"},"_chains":{"Be3UFwB8xi214E/HMyg22cNhGV3xjJaIgl3x2vMdQqkR":{"chainKey":{"counter":6,"key":"szO/FE0ATskYkN6wFEYJ5zoDLesUzuaLE+eaFjYBzzM="},"chainType":1,"messageKeys":{}}},"pendingPreKey":{"signedKeyId":0,"baseKey":"Ba0txp5P12DPDBTjbSlHGLMgRZmaAVFylCN2CptsmQY1"}}},"version":"v1"}