{"_sessions":{"BfZE8kn4tbC7Jzy4JIRV4NwzRBLfYYxL2CywKYgGtGUB":{"registrationId":351953627,"currentRatchet":{"ephemeralKeyPair":{"pubKey":"BX6ODdCm7AcsbRl7QtviV68S82SpH4ITVqn3xOz0Jgxa","privKey":"8BS2KBAGNj9hX0YpeTHvvXmb4gGwollCqMQtckXFJUc="},"lastRemoteEphemeralKey":"BUUZqG8Qbav0F638ZaN2X57jx9DI/Bm5yT5PZlUaGtgJ","previousCounter":20,"rootKey":"Hewx6TrlOZJapA6JPZeJ3CW8H+I+bm+7X3WKI9pS8kg="},"indexInfo":{"baseKey":"BfZE8kn4tbC7Jzy4JIRV4NwzRBLfYYxL2CywKYgGtGUB","baseKeyType":1,"closed":-1,"used":1722314946662,"created":1722302914777,"remoteIdentityKey":"BfsstnjQdFY59JFw/jRe+8VFROTa9GjAcqoDRauPgWon"},"_chains":{"BUUZqG8Qbav0F638ZaN2X57jx9DI/Bm5yT5PZlUaGtgJ":{"chainKey":{"counter":0,"key":"unF2kyzuw6M4HJZEtjJyRHYwxgnXdhgEXSBoRB48QXw="},"chainType":2,"messageKeys":{}},"BX6ODdCm7AcsbRl7QtviV68S82SpH4ITVqn3xOz0Jgxa":{"chainKey":{"counter":55,"key":"CnXRop6FjzwzlI+IzAAqBe6azz6+rLWLPw/kb7KE1zA="},"chainType":1,"messageKeys":{}}}}},"version":"v1"}