{"_sessions":{"Bd49ZcRQyKU934yBfKhvST951lItWpPVUtFcPs4gm9hf":{"registrationId":1930465963,"currentRatchet":{"ephemeralKeyPair":{"pubKey":"BdutefbRzMRzcsOFT34XStGjNlxRPxAO5dIbvN+ClHlH","privKey":"cBQex2Nlpke0qrJ/plhvZhUKIjPKtnpkltBSWvPhLkQ="},"lastRemoteEphemeralKey":"BVsWA//2MdgpdcU3eAxbQx56+KpiaUxQdzIT+7V6gWkQ","previousCounter":7,"rootKey":"o5RbdhMjwuv6ZG85vw9U6zZ64tKooLygW+N6dhAw14k="},"indexInfo":{"baseKey":"Bd49ZcRQyKU934yBfKhvST951lItWpPVUtFcPs4gm9hf","baseKeyType":1,"closed":-1,"used":1722493312365,"created":1722454511803,"remoteIdentityKey":"BasGPe2ucDXPMOUarvGc2BCzHCIyGK8t/lE/UCjk3lRt"},"_chains":{"BVsWA//2MdgpdcU3eAxbQx56+KpiaUxQdzIT+7V6gWkQ":{"chainKey":{"counter":0,"key":"ySss6f0LnrMA5QgkOeQCl9E6S8bBnkmAiZe8+4AQguA="},"chainType":2,"messageKeys":{}},"BdutefbRzMRzcsOFT34XStGjNlxRPxAO5dIbvN+ClHlH":{"chainKey":{"counter":-1,"key":"zZGKst7MDoh4zCja67S+uqTSQR7lQ10EhccovqyVbkI="},"chainType":1,"messageKeys":{}}}}},"version":"v1"}