{"_sessions":{"BexXZQRarwP/CWg7MW12oOUYh0w/OEXBSbCJ+febE49f":{"registrationId":283130972,"currentRatchet":{"ephemeralKeyPair":{"pubKey":"BTqzRf1auZ/Ps41B5l8mogrf29l+806ODGuVF8L57dJ0","privKey":"mKCGvFXx8KGtiMluNaZSXjDSy3Vq7CVcnqZZ11skQHE="},"lastRemoteEphemeralKey":"Bc1+ykqSl43w+ZroENnhXWg3zEbGSHVP41P1B4JCrmtS","previousCounter":0,"rootKey":"ePHMRJPjzNH/UPZTtvJPv7Yqj575+vKRs59wwkoPVqg="},"indexInfo":{"baseKey":"BexXZQRarwP/CWg7MW12oOUYh0w/OEXBSbCJ+febE49f","baseKeyType":1,"closed":-1,"used":1722224748703,"created":1722224748703,"remoteIdentityKey":"BZIinkAI6asUd3KY0evqsuDSg53Ka9Ma2TvOjXgTjAU0"},"_chains":{"BTqzRf1auZ/Ps41B5l8mogrf29l+806ODGuVF8L57dJ0":{"chainKey":{"counter":6,"key":"vFOQpdPzj7KHXsf3PwRvYp9qBfUzlyGJgXQr+KcVnLg="},"chainType":1,"messageKeys":{}}},"pendingPreKey":{"signedKeyId":1,"baseKey":"BexXZQRarwP/CWg7MW12oOUYh0w/OEXBSbCJ+febE49f","preKeyId":2446301}}},"version":"v1"}