{"_sessions":{"BTb+5kbilFKz0QmGfa8qfblyhEy3vcfqcIMGWGdtlIMR":{"registrationId":44,"currentRatchet":{"ephemeralKeyPair":{"pubKey":"BYJ3FlseWx7dTpD0HVud6KzzByyMsivhb/8+NSFTAP88","privKey":"0FNzV7ObKDZiQSvx1vmOsNjulVK0y9wPxPEhsQrjgFk="},"lastRemoteEphemeralKey":"BQsyu0be46oA5QxaH7j7rSz4DlNne/m5LPm/hWnAjGtZ","previousCounter":0,"rootKey":"OjsZzzmNadD298lYC9WHJKNYq7NbFH4VuPWzSBVJhzA="},"indexInfo":{"baseKey":"BTb+5kbilFKz0QmGfa8qfblyhEy3vcfqcIMGWGdtlIMR","baseKeyType":1,"closed":-1,"used":1722302914297,"created":1722302914297,"remoteIdentityKey":"BYrvUdqX97xqTFnVvvAIO9PJ6TONdAi5HS0eWYligEV8"},"_chains":{"BYJ3FlseWx7dTpD0HVud6KzzByyMsivhb/8+NSFTAP88":{"chainKey":{"counter":76,"key":"iTDl1iSNNsfvazAkNsIDpmES8OHENqLRC85ydVacBNQ="},"chainType":1,"messageKeys":{}}},"pendingPreKey":{"signedKeyId":1,"baseKey":"BTb+5kbilFKz0QmGfa8qfblyhEy3vcfqcIMGWGdtlIMR"}}},"version":"v1"}