{"_sessions":{"BYzVJt2n6bv2bojVcPxg9FgwR2dbNsmENNXJ71SHafda":{"registrationId":712807009,"currentRatchet":{"ephemeralKeyPair":{"pubKey":"BcYrAKcaT/x0sG9xQQ9XlChdJHzkFEpxO+XYrrrL3c5e","privKey":"WEm94r6ep6/uVTaj7L/OBf3qVoJhEVjiQCMn9tNM6lg="},"lastRemoteEphemeralKey":"BX5YcV2EsBiJdrGWOefT7NnuWqJpo8YItoQ03hMHH7g3","previousCounter":0,"rootKey":"1aNHwITWFyMdbwfuzE22mIa+OwpDcqajRPg4yluxBek="},"indexInfo":{"baseKey":"BYzVJt2n6bv2bojVcPxg9FgwR2dbNsmENNXJ71SHafda","baseKeyType":1,"closed":-1,"used":1722302916270,"created":1722302916270,"remoteIdentityKey":"BQ/RGZ/kNuBmjuvnmiwWxlxK+NC9r9hVyCa8FrTRHg4l"},"_chains":{"BcYrAKcaT/x0sG9xQQ9XlChdJHzkFEpxO+XYrrrL3c5e":{"chainKey":{"counter":76,"key":"ZrL1HAqcFh+69DMJ29nuX5dQlASPPONvaRH2hmVhJ4E="},"chainType":1,"messageKeys":{}}},"pendingPreKey":{"signedKeyId":6,"baseKey":"BYzVJt2n6bv2bojVcPxg9FgwR2dbNsmENNXJ71SHafda","preKeyId":11738663}}},"version":"v1"}