{"_sessions":{"BRdUYIo/mjJcMxnYx4gfHi+MGK0tE+JIA088nadzNqZH":{"registrationId":8,"currentRatchet":{"ephemeralKeyPair":{"pubKey":"BRt1RdVEiRFZXPFB0gk9xrykLwAn6U1hFerTXXkCQuRU","privKey":"2EeA4xOfcnz1nEV1D/uP7Ve09e965nrNVQbTxux2YWU="},"lastRemoteEphemeralKey":"BcmBRU0n+xB+TkjFmyFYETctB3dRO8lieUIhKwrAi6lA","previousCounter":0,"rootKey":"80CHeMHoAcMKsb6M1QglUuc1BPJy8+S1o485dIahWY4="},"indexInfo":{"baseKey":"BRdUYIo/mjJcMxnYx4gfHi+MGK0tE+JIA088nadzNqZH","baseKeyType":1,"closed":-1,"used":1722413192607,"created":1722413192607,"remoteIdentityKey":"BZ77chB4ySAjUlHIIeBZNGfk1JwuQF0cF6jUbkmAWj8F"},"_chains":{"BRt1RdVEiRFZXPFB0gk9xrykLwAn6U1hFerTXXkCQuRU":{"chainKey":{"counter":10,"key":"+eG/yDYPSpeRXAEfnq+3Mffj1B20rXTKpHAWYCdMtG8="},"chainType":1,"messageKeys":{}}},"pendingPreKey":{"signedKeyId":1,"baseKey":"BRdUYIo/mjJcMxnYx4gfHi+MGK0tE+JIA088nadzNqZH","preKeyId":20}}},"version":"v1"}