{"_sessions":{"BUWAYOm1RtzAoYVLuaCRN6WYh3XZegFeh3PdQzqFGaBc":{"registrationId":2049669326,"currentRatchet":{"ephemeralKeyPair":{"pubKey":"BZoAd/Ze57e+YYVG3E+vc8iNrelkrldG/DcylOssZtdV","privKey":"0EcCa9z/T4gLTe8NMNrikJur7cFuBp1Z7FVhGcIlGEE="},"lastRemoteEphemeralKey":"BSB73CCoQcoWdJoGZPqRHsjMiI/Xw6FYWMRjQ4EgHskJ","previousCounter":0,"rootKey":"lK2zRV3N6asn4ymrM3/7alv1HJZGI/IiME94j1llDcg="},"indexInfo":{"baseKey":"BUWAYOm1RtzAoYVLuaCRN6WYh3XZegFeh3PdQzqFGaBc","baseKeyType":1,"closed":1722476412271,"used":1722450556001,"created":1722450556001,"remoteIdentityKey":"BbPF2NqEVsvjkbe0G8/h4NS5XGlzdJtTmV5uQfWVhhsn"},"_chains":{"BZoAd/Ze57e+YYVG3E+vc8iNrelkrldG/DcylOssZtdV":{"chainKey":{"counter":6,"key":"CE/H1D/XGH3DK46chwQoHM8C5v0Av4Pm7bvK86KERIU="},"chainType":1,"messageKeys":{}}},"pendingPreKey":{"signedKeyId":0,"baseKey":"BUWAYOm1RtzAoYVLuaCRN6WYh3XZegFeh3PdQzqFGaBc"}},"BYLHb/U/Fj/IevUeHRaezUNBdANHpa8SZSGYzW4y1IBP":{"registrationId":2035136812,"currentRatchet":{"ephemeralKeyPair":{"pubKey":"BRc8A9jSsWsy8lrnfH+ny1iVW85oOfILpohPvvQsfjIM","privKey":"GO6802pq/7E8VaNK44y+qQN3WQkf/BWPBA9zHakWp34="},"lastRemoteEphemeralKey":"BeOFTgZC3ODg6oWHhkXNHuMvxYsxqc0DNnRODwTE4BUF","previousCounter":0,"rootKey":"ghWrT+YGkE9ldiS58VI9OfllvUWH+IH4DvX3MlMdtDc="},"indexInfo":{"baseKey":"BYLHb/U/Fj/IevUeHRaezUNBdANHpa8SZSGYzW4y1IBP","baseKeyType":1,"closed":1722476413597,"used":1722476412260,"created":1722476412260,"remoteIdentityKey":"BZvUCKtgnYxXpfClsXgtc+hd5FUedRgfWOFYN951XHEc"},"_chains":{"BRc8A9jSsWsy8lrnfH+ny1iVW85oOfILpohPvvQsfjIM":{"chainKey":{"counter":0,"key":"SF0zatxVJgWU5FUzFSpmVvAwBkcREakh4nUQ90KP90Y="},"chainType":1,"messageKeys":{}}},"pendingPreKey":{"signedKeyId":0,"baseKey":"BYLHb/U/Fj/IevUeHRaezUNBdANHpa8SZSGYzW4y1IBP","preKeyId":10141833}},"BYJt3ImxtImU0K6mQ1ugoiha5c8A3j8RIGwRi5TvEspF":{"registrationId":2035136812,"currentRatchet":{"ephemeralKeyPair":{"pubKey":"BdfHm5RRxEqOVdnOcuLvi2HA/QlYf7RzjIcF4akm2xc7","privKey":"2CV9jkJddo9FjHiXN/FHpXaJbLfZoHDAI4jK24xEVX0="},"lastRemoteEphemeralKey":"BeOFTgZC3ODg6oWHhkXNHuMvxYsxqc0DNnRODwTE4BUF","previousCounter":0,"rootKey":"9ueNFMonlGRtr7HLkFDbv5anMZpN0Rgw7b3bFbGEe1k="},"indexInfo":{"baseKey":"BYJt3ImxtImU0K6mQ1ugoiha5c8A3j8RIGwRi5TvEspF","baseKeyType":1,"closed":-1,"used":1722476413587,"created":1722476413587,"remoteIdentityKey":"BZvUCKtgnYxXpfClsXgtc+hd5FUedRgfWOFYN951XHEc"},"_chains":{"BdfHm5RRxEqOVdnOcuLvi2HA/QlYf7RzjIcF4akm2xc7":{"chainKey":{"counter":0,"key":"9kJuEi8infaoO0+4LXYTZKpz9VXRbCVcNwjQeVGF63k="},"chainType":1,"messageKeys":{}}},"pendingPreKey":{"signedKeyId":0,"baseKey":"BYJt3ImxtImU0K6mQ1ugoiha5c8A3j8RIGwRi5TvEspF","preKeyId":10142306}}},"version":"v1"}