{"_sessions":{"BSa6sQQP9yi8DF0UljwcW8wDezuICB+rco9Qlxz99mpd":{"registrationId":1914601424,"currentRatchet":{"ephemeralKeyPair":{"pubKey":"Bbk0hRpUNhOyiuWdsVJcDZjeRkBWky/SLT73s84N1J0S","privKey":"mLnb0cjfznaq600rIANZVyBQsFqTPE45LEfIk16lpHQ="},"lastRemoteEphemeralKey":"BTynr8zuowjeuq4UDGoFgud/V4qLniUcYPFaDEO4dX1/","previousCounter":0,"rootKey":"gT3ncDYL4ugvDmMv+1Gwy+ejwSuuCddq7WfuRprNfjk="},"indexInfo":{"baseKey":"BSa6sQQP9yi8DF0UljwcW8wDezuICB+rco9Qlxz99mpd","baseKeyType":1,"closed":-1,"used":1722224746571,"created":1722224746571,"remoteIdentityKey":"BZEZw1EiiwY6voQFDMtKy+BYRtV04CKo8AqFy3XKD2MT"},"_chains":{"Bbk0hRpUNhOyiuWdsVJcDZjeRkBWky/SLT73s84N1J0S":{"chainKey":{"counter":6,"key":"lIAKeHIPMlJ6pVN10b1R7QORNmLF7yo+EaUjlvei4G4="},"chainType":1,"messageKeys":{}}},"pendingPreKey":{"signedKeyId":0,"baseKey":"BSa6sQQP9yi8DF0UljwcW8wDezuICB+rco9Qlxz99mpd"}}},"version":"v1"}