{"_sessions":{"BfXbcyDX4yxxWHL8SwyyZ5jpaRhBVRZ8N9jb+VIEyI5i":{"registrationId":15307,"currentRatchet":{"ephemeralKeyPair":{"pubKey":"BQiUIq4kwPbQfHf6UL0mncO7cwvS8XNr6HpbVqZS7WcG","privKey":"ADnJ1cyVxhsgvdiF1OLGzxw7SD/La3tmHxZr8tlxIGg="},"lastRemoteEphemeralKey":"BamKWsYAdZA92wbDBQGZHdGt5h/feit8qAvYSTtTtet0","previousCounter":0,"rootKey":"rL+MnxiNS7+KPud2B/ey/UlBfTniQ58wPRDLncyXJHU="},"indexInfo":{"baseKey":"BfXbcyDX4yxxWHL8SwyyZ5jpaRhBVRZ8N9jb+VIEyI5i","baseKeyType":1,"closed":-1,"used":1722224745898,"created":1722224745898,"remoteIdentityKey":"BdmW4MDvIAjubSmU50oGvgFAzQNUo5i9GAABeM5QbIxK"},"_chains":{"BQiUIq4kwPbQfHf6UL0mncO7cwvS8XNr6HpbVqZS7WcG":{"chainKey":{"counter":6,"key":"zCLUSGwPZRZsOSJCZ73T4jWI4JJ6KWXTlu84RnMiCKk="},"chainType":1,"messageKeys":{}}},"pendingPreKey":{"signedKeyId":1,"baseKey":"BfXbcyDX4yxxWHL8SwyyZ5jpaRhBVRZ8N9jb+VIEyI5i"}}},"version":"v1"}