{"_sessions":{"BWeBU6NEL2XHbbqkeAsxioC9hKb3jfFKwE5rekhiE1E+":{"registrationId":956880427,"currentRatchet":{"ephemeralKeyPair":{"pubKey":"BZJm5sTZY8aIa4XfO7Rxsz1Vdwp39Ru9JX3GOI0YM4gF","privKey":"SOl3KjzqZliqtLdRKAQp9j+fHz7t32kWvig9q0q+dl0="},"lastRemoteEphemeralKey":"BWS2rWwiq0SuCy7QDzUuzFhycCJXliEqFqExARUefoQM","previousCounter":0,"rootKey":"ra/QUYJoUG+v/+YFYSy4j0aLDPoGynTjO6N0KBpJtn4="},"indexInfo":{"baseKey":"BWeBU6NEL2XHbbqkeAsxioC9hKb3jfFKwE5rekhiE1E+","baseKeyType":1,"closed":-1,"used":1722302914863,"created":1722302914863,"remoteIdentityKey":"BaRgvTztf8a2eE9dL65etFY1Jmi3MZAvLDJRd/5flGlI"},"_chains":{"BZJm5sTZY8aIa4XfO7Rxsz1Vdwp39Ru9JX3GOI0YM4gF":{"chainKey":{"counter":76,"key":"o2EGF7tkLQ0qOHu36x+VeHkxtm1UN5IfKXEsIBL3jrs="},"chainType":1,"messageKeys":{}}},"pendingPreKey":{"signedKeyId":1,"baseKey":"BWeBU6NEL2XHbbqkeAsxioC9hKb3jfFKwE5rekhiE1E+","preKeyId":6859263}}},"version":"v1"}