{"_sessions":{"BY62222UEBQM2etiIv/CtBSjX6JYnrRzNoTNGn+NYCw5":{"registrationId":6404,"currentRatchet":{"ephemeralKeyPair":{"pubKey":"BaknqriQ7cw3X5azfHBwS9DHe39u45qf9NntPqPUIO1D","privKey":"4Ll47FGQ7oeAwxGDd1ySTjnCx1C4NsHQbn4WIxISr0w="},"lastRemoteEphemeralKey":"BVpdmOaNeOeBkxemaF8xG+yfya9Y8bhmFYuuhPp1K6xI","previousCounter":0,"rootKey":"GNCm4O2DRWcOzbtzKIrVPtJ5aO1UPJKBO0pv1pSqWoE="},"indexInfo":{"baseKey":"BY62222UEBQM2etiIv/CtBSjX6JYnrRzNoTNGn+NYCw5","baseKeyType":1,"closed":-1,"used":1722465956273,"created":1722465956273,"remoteIdentityKey":"BU5Ot8byFvXSdhk39fHX8ufr+AtJ8z9tHbQh/Om0O+sM"},"_chains":{"BaknqriQ7cw3X5azfHBwS9DHe39u45qf9NntPqPUIO1D":{"chainKey":{"counter":7,"key":"771SodGZJWvVXwJJOE4xCs4BtfAFJQA2H2rdfz1eFqU="},"chainType":1,"messageKeys":{}}},"pendingPreKey":{"signedKeyId":1,"baseKey":"BY62222UEBQM2etiIv/CtBSjX6JYnrRzNoTNGn+NYCw5"}}},"version":"v1"}