{"_sessions":{"BT8YE0pa7mUtKOQNqExvJUmZXOqfw2x9qH+D48f9qb4P":{"registrationId":219,"currentRatchet":{"ephemeralKeyPair":{"pubKey":"BfImw9mmzXzT2TKvMX0DFW3NdU/8Uk3eBYcUZWDAZGYu","privKey":"OMnFmr4ieuBDrwvi41bFgFAAiBBBUHp2WVlinbN6R1Q="},"lastRemoteEphemeralKey":"BfxF50BjDxKbiX6fXgxA61MRrJtdLhhSPv3Q54LhmRIB","previousCounter":0,"rootKey":"IlL3YHA6XN7NxxugBF9Hk5GEwbpM/0svLUO4Fs0l1YU="},"indexInfo":{"baseKey":"BT8YE0pa7mUtKOQNqExvJUmZXOqfw2x9qH+D48f9qb4P","baseKeyType":1,"closed":-1,"used":1722454670065,"created":1722454510893,"remoteIdentityKey":"BacrzPPHBAQuybRtkOVhrPPPUiWzrR4ICZhYkLYa7HJV"},"_chains":{"BfxF50BjDxKbiX6fXgxA61MRrJtdLhhSPv3Q54LhmRIB":{"chainKey":{"counter":15,"key":"mX4FD7Feqnh6Bjt8DiP3yCuhthPAE+jkrEABp0Z9iiY="},"chainType":2,"messageKeys":{"0":"TYoSkqdqNZHl+YKpdUsa240qiYW4sUHQI3jlWMyVGPA=","1":"jHh4ej35FtfaQlo/QlP9oD8tJu67pKFjJe6JJGTBuEw=","2":"vnsO+DuhxZFe50sR+Q47G9x4/mHJZ6YHz0foODzx2vY=","3":"UBN31A1oRn54NTRdMybqHUAWCOI1RQUEIKo1Q+cqzME=","4":"EfGiASyUl7fKCI86CLHjWDuYCK+LZ3PwU4b/EbsOl88=","5":"a59fezcM9M8SzOquuQdTfrPJnx3raWqUAldMlwtgrY4=","6":"dmriCLPIy/6VxeStxeHZftuSWNtZ+RzywgIcylgAdsE=","7":"b0YmxK5Z3BSWny8abRYTWUEHV1smpIx/yMSuyJ5xg9Q=","8":"ERRy6inrAb0/dcu6OYosLJy1TnJPxD1LAHPOPyMGb0A=","9":"Ep9Tg7QNIeLrKBcbbhm0bjNhgvLQp2cAUCRPA1Fp4co=","10":"K/Lks6SJh0kKgtGUp+UlI7oFBRKkkbXT1yYQ9a+ieAE=","11":"7vQ6fwbIMIQi3AkANjEHS2i+5m2LU69lZWP3MiqG3rA=","12":"yT1jlgiQ6zgwReU9PcqcUq56rgOqG3Afs3Qa9xM+BcU="}},"BfImw9mmzXzT2TKvMX0DFW3NdU/8Uk3eBYcUZWDAZGYu":{"chainKey":{"counter":6,"key":"yIO7AeG5PjgWmYD9qQ+8ZViQbdx83g+vegkLUL3Xg+A="},"chainType":1,"messageKeys":{}}}}},"version":"v1"}