{"_sessions":{"BV08pR7/IxyPnRDVI0+9vbsBNnqumwajyCJbWhCIVFZO":{"registrationId":9440,"currentRatchet":{"ephemeralKeyPair":{"pubKey":"BaMrmjm8cyJdV8oUzAQddGu6ZX3YX7CzD6M1WHhpAX14","privKey":"UDiXz6AmgZAFgUFkWhGiH7iiOpND8BK9kJFGv0dGdWQ="},"lastRemoteEphemeralKey":"BRIhN8QPKxLLaOgx2NJ1iHrz+eTyy7ydiXjQknyxV+8+","previousCounter":0,"rootKey":"shyual2Mwo8KvaKTqdjsurMyek4ZVSW2ljf9SfWLyZo="},"indexInfo":{"baseKey":"BV08pR7/IxyPnRDVI0+9vbsBNnqumwajyCJbWhCIVFZO","baseKeyType":1,"closed":-1,"used":1722224745964,"created":1722224745964,"remoteIdentityKey":"BceI36awdjkWsT++TeZxjoTWjzCJ8F80tZJMSP5FhkNY"},"_chains":{"BaMrmjm8cyJdV8oUzAQddGu6ZX3YX7CzD6M1WHhpAX14":{"chainKey":{"counter":6,"key":"0CnGVXqiReddXnyYaWYUtNFWxQ5HzSnj41DvmmJYP8A="},"chainType":1,"messageKeys":{}}},"pendingPreKey":{"signedKeyId":1,"baseKey":"BV08pR7/IxyPnRDVI0+9vbsBNnqumwajyCJbWhCIVFZO"}}},"version":"v1"}