{"_sessions":{"BWzXq/TZt5vhxYLVDqYyRI6q+SWWZz/cHjYlc4FJ9aom":{"registrationId":2119889265,"currentRatchet":{"ephemeralKeyPair":{"pubKey":"BTRYiu67mFuHc3HpXA4ydqCJ91Ex2/QiVyWqD2ymkGNL","privKey":"6I98btghML4F0aiPf4jh/tCMm5H4MgQvjOu7hjbfKVY="},"lastRemoteEphemeralKey":"BfQv0PrYeDWwUFnUNvhgzgOLAF6a7PKuc4yzshgLyqRW","previousCounter":0,"rootKey":"UN49wpeSU0BGmnIeoU4R4tf/fo2L+ZsKsG6gN4rEOIQ="},"indexInfo":{"baseKey":"BWzXq/TZt5vhxYLVDqYyRI6q+SWWZz/cHjYlc4FJ9aom","baseKeyType":1,"closed":-1,"used":1722454513189,"created":1722454513189,"remoteIdentityKey":"BXIiLEmNHcVIlCvAMmHMZPEbhvcblplZF/IWGOUYLchF"},"_chains":{"BTRYiu67mFuHc3HpXA4ydqCJ91Ex2/QiVyWqD2ymkGNL":{"chainKey":{"counter":7,"key":"cnZn3iBlLQs0+5hsN0EqesdbHpGYrZUWJmVel2jKYSA="},"chainType":1,"messageKeys":{}}},"pendingPreKey":{"signedKeyId":3,"baseKey":"BWzXq/TZt5vhxYLVDqYyRI6q+SWWZz/cHjYlc4FJ9aom","preKeyId":9549671}}},"version":"v1"}