{"_sessions":{"BQ4M+xuX224M6zaCJPOG8fCd8kt8TiwMEbFHRzuEaplI":{"registrationId":1935656437,"currentRatchet":{"ephemeralKeyPair":{"pubKey":"Bfi1k6Yde9UgP8AymfDZgfJiUBWK3nK9+I8xUbmRvlw/","privKey":"iJehN41I8MiKZM7kzRVEzkIzLPC8Rz1aflciBGBxlEY="},"lastRemoteEphemeralKey":"BaMRNkrLFNQ9UW9CYUNMCtFWImBgEqpzljUPNRpNO08V","previousCounter":0,"rootKey":"o8zL0gTdiMFI51uxQBj/TNvfQSQuUut1DqhNtTO3Rsw="},"indexInfo":{"baseKey":"BQ4M+xuX224M6zaCJPOG8fCd8kt8TiwMEbFHRzuEaplI","baseKeyType":1,"closed":-1,"used":1722224748259,"created":1722224748259,"remoteIdentityKey":"BWOILycCoy1I5fSsPsrva8EF+amW5nNcTWRr988SRZh0"},"_chains":{"Bfi1k6Yde9UgP8AymfDZgfJiUBWK3nK9+I8xUbmRvlw/":{"chainKey":{"counter":6,"key":"RYlAXt/f/m4o9To9Sij2RSs0F6DEZKfUjHDUpC2xstE="},"chainType":1,"messageKeys":{}}},"pendingPreKey":{"signedKeyId":0,"baseKey":"BQ4M+xuX224M6zaCJPOG8fCd8kt8TiwMEbFHRzuEaplI"}}},"version":"v1"}