{"_sessions":{"BTUIqfXhOje6kKIwRVO3raokXm7sfQQ26L9Jzb9BDpJ+":{"registrationId":22,"currentRatchet":{"ephemeralKeyPair":{"pubKey":"BYLGbdX0YaLt0sniGuEJxDby/rWdXm92ayx3+t8BEDkD","privKey":"MLui036uwV4FrsicMlSlDD6M5mVX9UqVBzAWNR6bBUQ="},"lastRemoteEphemeralKey":"BUNm8LmEa+n6EnuYNZzcgsb+tR5vJTYwGXCn4KwWv9Zo","previousCounter":0,"rootKey":"Z/hlWNJgsXhWfNr/arIillAoP+YHcmpsJlpNZBZxLLU="},"indexInfo":{"baseKey":"BTUIqfXhOje6kKIwRVO3raokXm7sfQQ26L9Jzb9BDpJ+","baseKeyType":1,"closed":-1,"used":1722454511285,"created":1722454511285,"remoteIdentityKey":"Bdh3RTH4FBL2c4zMlBFSAzlkiFxhV+xPsk3NbSPVlvUN"},"_chains":{"BYLGbdX0YaLt0sniGuEJxDby/rWdXm92ayx3+t8BEDkD":{"chainKey":{"counter":7,"key":"XytWb91AI37hAEMdGmMgxzCPCgFDntf2B5XtUQffol0="},"chainType":1,"messageKeys":{}}},"pendingPreKey":{"signedKeyId":1,"baseKey":"BTUIqfXhOje6kKIwRVO3raokXm7sfQQ26L9Jzb9BDpJ+"}}},"version":"v1"}