{"_sessions":{"Be5EyLbYr38/jy5kqpT5oriiIBTsD1Pgvi3Wn1lqKp1z":{"registrationId":1687022082,"currentRatchet":{"ephemeralKeyPair":{"pubKey":"BYFjuB6m4NniadrvyzC9toU4m/wnDtjK8nRQSHiANbwe","privKey":"mLuk/8HpOajRjtmLWmv3jauEcK7P3r1TU4BzThUZOHE="},"lastRemoteEphemeralKey":"BROlTZxWuKDU22dxBbpEqmdO5UL8unTPA/WRleTkGPQD","previousCounter":0,"rootKey":"oVImqZmgvbjSpsGXVDlX1n+aFdSyo3Die4gwDyqWJCM="},"indexInfo":{"baseKey":"Be5EyLbYr38/jy5kqpT5oriiIBTsD1Pgvi3Wn1lqKp1z","baseKeyType":1,"closed":-1,"used":1722302915786,"created":1722302915786,"remoteIdentityKey":"BUAkUg7hyU37VW3bfEzbjEf/hvfptZ8dJq+Qz/SAO189"},"_chains":{"BYFjuB6m4NniadrvyzC9toU4m/wnDtjK8nRQSHiANbwe":{"chainKey":{"counter":76,"key":"09/JpnRJtH8j6+F7LY+oSSZYy/JmK+XRXoOleSi6zc4="},"chainType":1,"messageKeys":{}}},"pendingPreKey":{"signedKeyId":0,"baseKey":"Be5EyLbYr38/jy5kqpT5oriiIBTsD1Pgvi3Wn1lqKp1z","preKeyId":11564814}}},"version":"v1"}