{"_sessions":{"BcM7LL5PrglOVTgk3yhx3R0p4oL04vpWM2WQ3ocHijou":{"registrationId":2140278412,"currentRatchet":{"ephemeralKeyPair":{"pubKey":"Be874D8L+uVq+Z4105JouBfekYLCUv2qig5D44MbMH4b","privKey":"CB6uysRDQF9Nx/mD8uuZ9v7LCk5siiqzIHNLkwxAmls="},"lastRemoteEphemeralKey":"BZdgCkQFKMFebGqtiZPIq3gsWaP7EEmK0oeAFd3TII8N","previousCounter":0,"rootKey":"+VpwNFR7/5LRwcwYBB04zoyKcFtm+LPXdzAd2hBFFdw="},"indexInfo":{"baseKey":"BcM7LL5PrglOVTgk3yhx3R0p4oL04vpWM2WQ3ocHijou","baseKeyType":1,"closed":-1,"used":1722224747097,"created":1722224747097,"remoteIdentityKey":"BSf7fiHCtbALQk7Tot94Cu6cwDK4sxF4f3ieZ+IIyWtI"},"_chains":{"Be874D8L+uVq+Z4105JouBfekYLCUv2qig5D44MbMH4b":{"chainKey":{"counter":6,"key":"C4YtvTOa3JqysaQZ0AtdsgCkXnYrNgcJc5cr+IYDhvs="},"chainType":1,"messageKeys":{}}},"pendingPreKey":{"signedKeyId":4,"baseKey":"BcM7LL5PrglOVTgk3yhx3R0p4oL04vpWM2WQ3ocHijou"}}},"version":"v1"}