{"_sessions":{"BZsjrgNxmRdZTL2wXyMjySbw2Lp0wSHhwcgCK/gV2Ukb":{"registrationId":632238956,"currentRatchet":{"ephemeralKeyPair":{"pubKey":"BfOoOuoFrdl9i5V40U5Uo/bMDW/lM0sx01SVSoSd4hEs","privKey":"GBwpcUFbnZunEDFnSBeAUGgCHtFVNjUhe5HWyTAqT2k="},"lastRemoteEphemeralKey":"BTMFF3GL2NySeyxaXgbtSe8rfLx3EMo1tcrcpFXrsHcg","previousCounter":0,"rootKey":"mGRoz55x5IiYu7IsdlT25u4KF1rE2BOs7acTH6x8JGI="},"indexInfo":{"baseKey":"BZsjrgNxmRdZTL2wXyMjySbw2Lp0wSHhwcgCK/gV2Ukb","baseKeyType":1,"closed":-1,"used":1722302915260,"created":1722302915260,"remoteIdentityKey":"Bet9bVL4N2tBOGLholx1ePjNsUPEnSVukflzeHrhmYR8"},"_chains":{"BfOoOuoFrdl9i5V40U5Uo/bMDW/lM0sx01SVSoSd4hEs":{"chainKey":{"counter":76,"key":"MmO1VZ9n5v2sf5ctu4kZj4DETYYMNcBlct+GAp6Mxz8="},"chainType":1,"messageKeys":{}}},"pendingPreKey":{"signedKeyId":0,"baseKey":"BZsjrgNxmRdZTL2wXyMjySbw2Lp0wSHhwcgCK/gV2Ukb"}}},"version":"v1"}