{"_sessions":{"BV3e/367lV2cIQOhza4CrXAyWqZ8YJCiE4Yvw0McmvA4":{"registrationId":1231086492,"currentRatchet":{"ephemeralKeyPair":{"pubKey":"BRzEsyN5AYjPCuhy0rnpr2JvnyotFWnm/bguY/fH9MJJ","privKey":"eEn8A4nJMV18d9FlgNT4OR1OHW/4zueFpgSsO162IUY="},"lastRemoteEphemeralKey":"BZYi6k8ETYE9p4I+12YNNfb77i+MBgU4dmFBJl8dNNgI","previousCounter":0,"rootKey":"dk5WSOV7ir97KEQ+k7reLkPfEZjlP1AxYHrYoRrf+J0="},"indexInfo":{"baseKey":"BV3e/367lV2cIQOhza4CrXAyWqZ8YJCiE4Yvw0McmvA4","baseKeyType":1,"closed":-1,"used":1722454513378,"created":1722454513378,"remoteIdentityKey":"BaMXYldoKiLjVAJZ6Q/HuJAWaxZ1YVCH08kfvS/HGNQU"},"_chains":{"BRzEsyN5AYjPCuhy0rnpr2JvnyotFWnm/bguY/fH9MJJ":{"chainKey":{"counter":7,"key":"yTVIdsewVur15ezhrx1nEi4aX9lO0PlwLa1d/+1YbtI="},"chainType":1,"messageKeys":{}}},"pendingPreKey":{"signedKeyId":1,"baseKey":"BV3e/367lV2cIQOhza4CrXAyWqZ8YJCiE4Yvw0McmvA4","preKeyId":12235185}}},"version":"v1"}