{"_sessions":{"BUgouFwgSN8MJqHuMlKVeJKdWueJknoSm/q7/85oEihv":{"registrationId":1799843267,"currentRatchet":{"ephemeralKeyPair":{"pubKey":"BVt3JZm6So1XxEWsTgqtkbpCRar4NgLtQRHQ6D0q9/gK","privKey":"QEwXByc20H67M3g6ZtyvkmzLlv1tLcD3UTxAUXQKQ1c="},"lastRemoteEphemeralKey":"BRWhFCuY0dt2iIDpJjyjXpoIGXoa9vUfil9dU+oE/4l2","previousCounter":0,"rootKey":"WFBWH5tNOZkEJSRyaGGBXqznrPogEe7evLHgp1GIRKs="},"indexInfo":{"baseKey":"BUgouFwgSN8MJqHuMlKVeJKdWueJknoSm/q7/85oEihv","baseKeyType":1,"closed":-1,"used":1722224747858,"created":1722224747858,"remoteIdentityKey":"BfhHITkzO6Va/5DDMCjyw4xHi5/TgSaPXBVQqhbFv4lo"},"_chains":{"BVt3JZm6So1XxEWsTgqtkbpCRar4NgLtQRHQ6D0q9/gK":{"chainKey":{"counter":6,"key":"+9+auoZynsEI+p3FN8cCGrhcDhOsWIxMsMvWw9Yn4b8="},"chainType":1,"messageKeys":{}}},"pendingPreKey":{"signedKeyId":1,"baseKey":"BUgouFwgSN8MJqHuMlKVeJKdWueJknoSm/q7/85oEihv"}}},"version":"v1"}