{"_sessions":{"BWm+G/oAUU7Yk6Q+mYhuLUMZPv3HoK3w2BkTyiEiZkkL":{"registrationId":1404,"currentRatchet":{"ephemeralKeyPair":{"pubKey":"Bcgy/3NvNvpiZkNVGXtKiHZ4pPXDoRLjH3Eaz1pd6a5h","privKey":"sJb5mxM5O++JIRS3Wy+SHpTOGGMhqKyOmEaiXyk+uE4="},"lastRemoteEphemeralKey":"BTWrgJvyjjWptTfsMc/c9C4/tq+eTSY8E/WVCN1kS0Nc","previousCounter":0,"rootKey":"Igp3L0T0qgHF0cfTR54lUFLhGXjJTd1p0cg5nSuAPoQ="},"indexInfo":{"baseKey":"BWm+G/oAUU7Yk6Q+mYhuLUMZPv3HoK3w2BkTyiEiZkkL","baseKeyType":1,"closed":-1,"used":1722224745782,"created":1722224745782,"remoteIdentityKey":"BTKZIW8Lj0i8Zzz3WBJ6rBdHC+9r+5kyRrBxV1w7RTR4"},"_chains":{"Bcgy/3NvNvpiZkNVGXtKiHZ4pPXDoRLjH3Eaz1pd6a5h":{"chainKey":{"counter":6,"key":"JMqSkxPUeegbZbHkHQi36Jcvxf/WeTLgvxKwEWp9cyI="},"chainType":1,"messageKeys":{}}},"pendingPreKey":{"signedKeyId":1,"baseKey":"BWm+G/oAUU7Yk6Q+mYhuLUMZPv3HoK3w2BkTyiEiZkkL","preKeyId":1471}}},"version":"v1"}