{"_sessions":{"BbdAWt0neNfojFx7NpJJb4G0HlMpgKE6utTY9C1hlLYD":{"registrationId":582104790,"currentRatchet":{"ephemeralKeyPair":{"pubKey":"BVfh1Jp8QVl8jf+igkUqpG51BG1GY/2P1tp7FKg/JUta","privKey":"+PPgcsqac7cFVzyeBwO4iyDMLvkT+9+/telbqnbsLlw="},"lastRemoteEphemeralKey":"BYmAvcA/Q7Mqx5gXoOL7tcKas6QmXM2S6r/WA6fX2/oT","previousCounter":0,"rootKey":"l20Ykwj21+Od3Gqo8GjQ4RZPBcQ8ydekqHHViyzjmHA="},"indexInfo":{"baseKey":"BbdAWt0neNfojFx7NpJJb4G0HlMpgKE6utTY9C1hlLYD","baseKeyType":1,"closed":-1,"used":1722224746781,"created":1722224746781,"remoteIdentityKey":"BZFQXIf0KYScnkruCSGoIjkWeiywDlraNz2GADaoZHZt"},"_chains":{"BVfh1Jp8QVl8jf+igkUqpG51BG1GY/2P1tp7FKg/JUta":{"chainKey":{"counter":6,"key":"fhayLcYFUsPg8NmRxnWR+WF4h8xgPRfkCuqI9wEGgqA="},"chainType":1,"messageKeys":{}}},"pendingPreKey":{"signedKeyId":0,"baseKey":"BbdAWt0neNfojFx7NpJJb4G0HlMpgKE6utTY9C1hlLYD"}}},"version":"v1"}