{"_sessions":{"BRfJfB0LTFRblKJgOEMM3jLqr7QmY4xGlwsZYc4GHypT":{"registrationId":69302448,"currentRatchet":{"ephemeralKeyPair":{"pubKey":"BZ/vUXcm+xrhx9nOWxYtOZcNSNEV1RyIh0aNiKiPb+Bk","privKey":"QEUhbeS4vXaNscdzLp23PKfo28YsyxFIIzsO8tlNClo="},"lastRemoteEphemeralKey":"BW2uPFD5Qa5xqGpXdgAEI8G+LQnSakIvN1jY5to/3sUt","previousCounter":7,"rootKey":"IxAOfNxD3bkyxqwRSmd7/CJXW9NKIeODgdWMBipnC0Q="},"indexInfo":{"baseKey":"BRfJfB0LTFRblKJgOEMM3jLqr7QmY4xGlwsZYc4GHypT","baseKeyType":1,"closed":-1,"used":1722491304978,"created":1722454511579,"remoteIdentityKey":"BfJOEIspVJ90z7XacKE7SICZvfMSYKSzdqrYquzObmgd"},"_chains":{"BW2uPFD5Qa5xqGpXdgAEI8G+LQnSakIvN1jY5to/3sUt":{"chainKey":{"counter":0,"key":"oslcliDJcIAPJWlVeq31Cr71c5QCoQk14QQ2NIOPK+k="},"chainType":2,"messageKeys":{}},"BZ/vUXcm+xrhx9nOWxYtOZcNSNEV1RyIh0aNiKiPb+Bk":{"chainKey":{"counter":-1,"key":"dGUeivRmbWh+3L7UA/vi6QkLliFaOGRWBQe60T2Wyxw="},"chainType":1,"messageKeys":{}}}}},"version":"v1"}