{"_sessions":{"BZ/t6FMnxLHCgsHdTfNFx+OnQVgqrXAPY2itH0QcPZQT":{"registrationId":1815405344,"currentRatchet":{"ephemeralKeyPair":{"pubKey":"BZ/5tbE1wRubNxhlZ4yKRcZLriimV+kbXi4Ha332JPNS","privKey":"SIVh53054E08DOVFgljVbgDNSYeOmUdenOh1ye+wElM="},"lastRemoteEphemeralKey":"BVHVj5jMwLNbu5y5demyaFrAV2rdhiIVZMxPW8UPfT8U","previousCounter":0,"rootKey":"J6Ru+SXfQf7rQkuPpV5yVYJGCwBsG352+qsCZuoycmA="},"indexInfo":{"baseKey":"BZ/t6FMnxLHCgsHdTfNFx+OnQVgqrXAPY2itH0QcPZQT","baseKeyType":1,"closed":-1,"used":1722224747077,"created":1722224747077,"remoteIdentityKey":"BZMRsxq9/RjXEjgbvbhSgEQGHkEyMKnvHEIg1AhlRUNK"},"_chains":{"BZ/5tbE1wRubNxhlZ4yKRcZLriimV+kbXi4Ha332JPNS":{"chainKey":{"counter":6,"key":"8dt0Q5f/fXaBOjxFPknFqAO0Y3+54QJK8y50iCtnPyA="},"chainType":1,"messageKeys":{}}},"pendingPreKey":{"signedKeyId":0,"baseKey":"BZ/t6FMnxLHCgsHdTfNFx+OnQVgqrXAPY2itH0QcPZQT"}}},"version":"v1"}