{"_sessions":{"BRaeMLm4zOt1DpMXLHqrFiDpRdTuZmXF6538cY9RBoEy":{"registrationId":30392408,"currentRatchet":{"ephemeralKeyPair":{"pubKey":"BYtzW7iUjt/IvV22/zSr1iqV5+4huiTc8El/PK98XfZB","privKey":"YAUadsnnx0Uy4hkiGhOcOA5pUH628EF+pGm8KIHH8Uo="},"lastRemoteEphemeralKey":"BZ8lYP33CGyHlVzUkRJQnJ9Gd/2RzB9y/VPFpd5mRCFF","previousCounter":0,"rootKey":"fvfZyeLgxqIm0o9GxHnbkbxfxqg6co4B0EPk4sfYyTc="},"indexInfo":{"baseKey":"BRaeMLm4zOt1DpMXLHqrFiDpRdTuZmXF6538cY9RBoEy","baseKeyType":1,"closed":-1,"used":1722454513057,"created":1722454513057,"remoteIdentityKey":"BbgzUUbXmHm4Oy7oJzlVKHPxt54wJiqeBMnTHu9jLjgW"},"_chains":{"BYtzW7iUjt/IvV22/zSr1iqV5+4huiTc8El/PK98XfZB":{"chainKey":{"counter":7,"key":"4+bonvX/QjtCqbhB9AIm8IoJRC0om40E519aZMmtkK0="},"chainType":1,"messageKeys":{}}},"pendingPreKey":{"signedKeyId":5,"baseKey":"BRaeMLm4zOt1DpMXLHqrFiDpRdTuZmXF6538cY9RBoEy","preKeyId":11076207}}},"version":"v1"}