{"_sessions":{"BZpC0pOu11KO+/KSRn/LXKC+q5MpxHL3TwTI9RE3ylhx":{"registrationId":67,"currentRatchet":{"ephemeralKeyPair":{"pubKey":"BYsNoFlpjwtK69sllUo0Yv7HQJbk0b8cUrCXhJY3poMt","privKey":"GMBWS2BD4kknl1U4VlIiRAZ6IaYAs70f8mh9SQwga1k="},"lastRemoteEphemeralKey":"BbeEthz4+16SqYKlPOKHAbBRID4cTAVIj4f2gseeZg8G","previousCounter":0,"rootKey":"ZqQLv6eWMkXcMkCtS9ou6sm3zNaSsC0/jtXfVGCgvj8="},"indexInfo":{"baseKey":"BZpC0pOu11KO+/KSRn/LXKC+q5MpxHL3TwTI9RE3ylhx","baseKeyType":1,"closed":1722454514614,"used":1722454510994,"created":1722454510994,"remoteIdentityKey":"Be1rVMzdZrG7pG8ZsptnhHZ5ZkCH+zqHbZ22Uf89aJRI"},"_chains":{"BYsNoFlpjwtK69sllUo0Yv7HQJbk0b8cUrCXhJY3poMt":{"chainKey":{"counter":0,"key":"+LOA3Oxleja6QRpgskhe4QyswmNzzEDBuH5OlYmLFk0="},"chainType":1,"messageKeys":{}}},"pendingPreKey":{"signedKeyId":1,"baseKey":"BZpC0pOu11KO+/KSRn/LXKC+q5MpxHL3TwTI9RE3ylhx","preKeyId":317}},"BRCKUhI57KbOLfUsFowXH9OzHhOpPHqY/rDTCNt0z20E":{"registrationId":67,"currentRatchet":{"ephemeralKeyPair":{"pubKey":"BULfH4boI+FBFqYiQ7Qpaann3Ita7LTnY5wUuROzu/tq","privKey":"iCz/lgryB8pqPQ4Pps99hYr6ATo6g/WZtPNjnld5c0M="},"lastRemoteEphemeralKey":"BQmqw4tVXCVqBDAJxgvVvDSHnXIdov+EH2ooe4fwCu9o","previousCounter":0,"rootKey":"LjLU4eFjXOIsYxQUSRW1HiFGTHJgHvOtAe5fAGihno0="},"indexInfo":{"baseKey":"BRCKUhI57KbOLfUsFowXH9OzHhOpPHqY/rDTCNt0z20E","baseKeyType":2,"closed":1722480756980,"used":1722454514656,"created":1722454514656,"remoteIdentityKey":"Be1rVMzdZrG7pG8ZsptnhHZ5ZkCH+zqHbZ22Uf89aJRI"},"_chains":{"BQmqw4tVXCVqBDAJxgvVvDSHnXIdov+EH2ooe4fwCu9o":{"chainKey":{"counter":0,"key":"2lQtXk4KaVI+14dVl3DGhtmv+2AxaXQcsGH9nD33dEg="},"chainType":2,"messageKeys":{}},"BULfH4boI+FBFqYiQ7Qpaann3Ita7LTnY5wUuROzu/tq":{"chainKey":{"counter":3,"key":"xxpfHztbMd/v6632JVqx9GAK0EhYK2GjUn2qzeVOFPw="},"chainType":1,"messageKeys":{}}}},"BXzfAeh0ZGLonae1whi03KT5flUYNgHS6IfWiBQmna1S":{"registrationId":67,"currentRatchet":{"ephemeralKeyPair":{"pubKey":"BcvekOSf4IdQPlRcRtd7sbD563Elye8YP+XscL3GpKtr","privKey":"MPVreETJmFJXkEkX6F+puB6B12HloHVXYyKQZUWtJ1s="},"lastRemoteEphemeralKey":"Bcz1LO8YipJaQwoCvzOljSPoqX89cKUL7WGbPwH+57Rw","previousCounter":0,"rootKey":"XmLPk0wU4RINQPTADnzaBfH609fSRy5L495iA/q8W5U="},"indexInfo":{"baseKey":"BXzfAeh0ZGLonae1whi03KT5flUYNgHS6IfWiBQmna1S","baseKeyType":2,"closed":-1,"used":1722480756998,"created":1722480756998,"remoteIdentityKey":"Be1rVMzdZrG7pG8ZsptnhHZ5ZkCH+zqHbZ22Uf89aJRI"},"_chains":{"Bcz1LO8YipJaQwoCvzOljSPoqX89cKUL7WGbPwH+57Rw":{"chainKey":{"counter":0,"key":"EsxOrxqhl9aRYLUUf/+e6lieCfpDnzUN1YueTiVF9cw="},"chainType":2,"messageKeys":{}},"BcvekOSf4IdQPlRcRtd7sbD563Elye8YP+XscL3GpKtr":{"chainKey":{"counter":2,"key":"vHzH7wm8Orv9eo+c1exovWBnfGD5Z3sUX13FHXjZTgU="},"chainType":1,"messageKeys":{}}}}},"version":"v1"}