{"_sessions":{"BU1w8qL4vXbWhziF6F4/1M2BCtImGPZE1OVtvRr9loE6":{"registrationId":6889,"currentRatchet":{"ephemeralKeyPair":{"pubKey":"BRLoLXv5X3mrAIGktI8M6nlZ1GKmTq4JwboDDpUjpORB","privKey":"yPsr0bygCYRe5hQnICdAOdtdD7s0bbjyInHGfIZLGHM="},"lastRemoteEphemeralKey":"BeIDMc+42bXF1mcRvPbEH+D8p7a+F6cvQUj6cBZdTvEj","previousCounter":0,"rootKey":"4TWUlqhoB6aq3NGglFjS4iCO+2YyKt2RQJ1URqIBkQg="},"indexInfo":{"baseKey":"BU1w8qL4vXbWhziF6F4/1M2BCtImGPZE1OVtvRr9loE6","baseKeyType":1,"closed":-1,"used":1722224746370,"created":1722224746370,"remoteIdentityKey":"Bd+v7knK/DCyLwOF+xz06LVeY10hRLpEs22/JvFe64hb"},"_chains":{"BRLoLXv5X3mrAIGktI8M6nlZ1GKmTq4JwboDDpUjpORB":{"chainKey":{"counter":6,"key":"R5K67KsLm1+rofNuflhrPpN4K/w2ZtRgBRGBMsYUTVg="},"chainType":1,"messageKeys":{}}},"pendingPreKey":{"signedKeyId":1,"baseKey":"BU1w8qL4vXbWhziF6F4/1M2BCtImGPZE1OVtvRr9loE6","preKeyId":17}}},"version":"v1"}