{"_sessions":{"BdEsQXq4e/2gwh+z4SgOvAKqEkwo5wZP+v3THoU30KBR":{"registrationId":384617401,"currentRatchet":{"ephemeralKeyPair":{"pubKey":"Bcj7eeFPiiQVoBXd3QBqUaWOUJed5LuVoBhC+s61HtlF","privKey":"CAO8Ge5WHtxnDfKMa/rHebGMedDqSR/rYw0jAiodZm0="},"lastRemoteEphemeralKey":"BU4tWsAyO1h7gSS3CTOXgzV8thft+GD+Y+NPExhSuZ84","previousCounter":0,"rootKey":"rkFryUV61WRCdaFxYlRuKaCpf8ZQ2ECfBNM9Aps5VrU="},"indexInfo":{"baseKey":"BdEsQXq4e/2gwh+z4SgOvAKqEkwo5wZP+v3THoU30KBR","baseKeyType":1,"closed":-1,"used":1722454513180,"created":1722454513180,"remoteIdentityKey":"BQ7Ectae6o9KMCiz6H5ZKHWP8WyzKMvPFQkd8CL0F8Z7"},"_chains":{"Bcj7eeFPiiQVoBXd3QBqUaWOUJed5LuVoBhC+s61HtlF":{"chainKey":{"counter":7,"key":"iSHkBXUp1deJhwSAtAG2yHGut+P0cIAmD1NnTLLlHgw="},"chainType":1,"messageKeys":{}}},"pendingPreKey":{"signedKeyId":0,"baseKey":"BdEsQXq4e/2gwh+z4SgOvAKqEkwo5wZP+v3THoU30KBR","preKeyId":6369941}}},"version":"v1"}