{"_sessions":{"BSKu9yTHT6BNf0zIHubatW3Gu3eV2vIFakHU3N0at4tm":{"registrationId":16325,"currentRatchet":{"ephemeralKeyPair":{"pubKey":"BcniauBxqpTK+Z29Va+wzvui3U6cN3E0yhAS4rQQQWkF","privKey":"ULjsUPDthf9qZ+ir05SmM/wzhAuvMBxfsO4OIsWVcHU="},"lastRemoteEphemeralKey":"BSdL9pJQrEIH3MvBsTFI/syslv4WkBYUmO7e8LDI7K4+","previousCounter":0,"rootKey":"EzAUr7F6SpKPWRedEj0ZKAiLRfFYgklGwllT5r/OUQw="},"indexInfo":{"baseKey":"BSKu9yTHT6BNf0zIHubatW3Gu3eV2vIFakHU3N0at4tm","baseKeyType":1,"closed":-1,"used":1722224745490,"created":1722224745490,"remoteIdentityKey":"BbVh0Sg2CNDdhjj7NNIYrY55Mu6WV+ROXBQxNxX3/lx0"},"_chains":{"BcniauBxqpTK+Z29Va+wzvui3U6cN3E0yhAS4rQQQWkF":{"chainKey":{"counter":6,"key":"gSJE+fj8UdyW+BMEPbf5G11QN33DcTLE68cQnoxCF0o="},"chainType":1,"messageKeys":{}}},"pendingPreKey":{"signedKeyId":1,"baseKey":"BSKu9yTHT6BNf0zIHubatW3Gu3eV2vIFakHU3N0at4tm","preKeyId":61}}},"version":"v1"}