{"_sessions":{"BStpSLfEdfI/rU9qbWaPZVykLj6HwjSOw7kJw4iyPMAO":{"registrationId":194,"currentRatchet":{"ephemeralKeyPair":{"pubKey":"BZ8gcMSRCaVuZh+MkUvylDtagU0swjEE9mAagp+DDnAR","privKey":"CPO4Hre7gArpvalia++l2819ytuYOPEx3VLKAG2+S0k="},"lastRemoteEphemeralKey":"BaXWRT98HfWUsVkLvusbozGxeqBozMl6qwbyccZ6IYMB","previousCounter":0,"rootKey":"HFe4qQQeLYv/S4/yXQ4kYFyXsYBrCxaf4Mp55vyMsw0="},"indexInfo":{"baseKey":"BStpSLfEdfI/rU9qbWaPZVykLj6HwjSOw7kJw4iyPMAO","baseKeyType":1,"closed":-1,"used":1722454511270,"created":1722454511270,"remoteIdentityKey":"BfnMzOWp6TArc064Fw89OGeHSSUvSq+BxpMZLZVVW5o4"},"_chains":{"BZ8gcMSRCaVuZh+MkUvylDtagU0swjEE9mAagp+DDnAR":{"chainKey":{"counter":7,"key":"yqM1mD7plPSE5hOplSmVizSioGEXAFfw9dIzDx4V9GQ="},"chainType":1,"messageKeys":{}}},"pendingPreKey":{"signedKeyId":1,"baseKey":"BStpSLfEdfI/rU9qbWaPZVykLj6HwjSOw7kJw4iyPMAO"}}},"version":"v1"}