{"_sessions":{"Bal43QaxzJee1pPBb0yMQbhjYCWlhC7dLGW4PLKicVk+":{"registrationId":1746231100,"currentRatchet":{"ephemeralKeyPair":{"pubKey":"BcCxCVcYp6wXTI3wryPFC8vyH8iEwIv1wZwW0njt2zZx","privKey":"ePZFfDO021cpfQp2jUzQBNPDY4VrI5DAjc5Z82BeB3w="},"lastRemoteEphemeralKey":"BdYZk4dQ1vpRy0t7FGeIq4iFASu1TOYaKWEnmDPTgq93","previousCounter":0,"rootKey":"2JxUdZT3P6PMZrqXyzuxuLdxgphXViMNpivl1fvRgzk="},"indexInfo":{"baseKey":"Bal43QaxzJee1pPBb0yMQbhjYCWlhC7dLGW4PLKicVk+","baseKeyType":1,"closed":-1,"used":1722454511682,"created":1722454511682,"remoteIdentityKey":"BcRsqaYiyfZ29tGHDAeGhss2DtQLY6CRU5nZfafWTXQf"},"_chains":{"BcCxCVcYp6wXTI3wryPFC8vyH8iEwIv1wZwW0njt2zZx":{"chainKey":{"counter":7,"key":"1NqRAQl/Tk4Dcp46kjL97fIbe9pNQbO3+HfRmchvqwo="},"chainType":1,"messageKeys":{}}},"pendingPreKey":{"signedKeyId":1,"baseKey":"Bal43QaxzJee1pPBb0yMQbhjYCWlhC7dLGW4PLKicVk+","preKeyId":7178580}}},"version":"v1"}