{"_sessions":{"BVW3bbN2ayCl9drM7JL9pMqKLRnoWhNaCxr1vplH9JFs":{"registrationId":1922662567,"currentRatchet":{"ephemeralKeyPair":{"pubKey":"BSJNu+cg2NXUYuDEOgORDianN/qsni+Pvce2CBT8Vgol","privKey":"uGMvILU+ZW7IL3qGaqrhI7Phy3+hyxFz8mXhTltwRVI="},"lastRemoteEphemeralKey":"BZusky18DmULL1oEK7KL9VVo+7JCmNzUVzKVJFxGp+o2","previousCounter":1,"rootKey":"5BfeTRfcXV6D+3rSKThxZrM+eHRvBhb3kEfHwq3Cfsk="},"indexInfo":{"baseKey":"BVW3bbN2ayCl9drM7JL9pMqKLRnoWhNaCxr1vplH9JFs","baseKeyType":1,"closed":-1,"used":1722325633770,"created":1722302915553,"remoteIdentityKey":"BcPU8/jApRxhtUIzwVk3d/HTPLdqOmAi+Jn1Vl0yScQD"},"_chains":{"BYAFZ7ymqGn89C+aaTsZmad9eMeHoI3H+Z5f3YAxr/oW":{"chainKey":{"counter":0},"chainType":2,"messageKeys":{}},"BSO2xD0k7kYSI8pfMUZ5nnLLPby/Eh2Z8Rdthnznco4x":{"chainKey":{"counter":0},"chainType":2,"messageKeys":{}},"BZusky18DmULL1oEK7KL9VVo+7JCmNzUVzKVJFxGp+o2":{"chainKey":{"counter":1,"key":"HuS6VW6ZhND4kuNxsXiQBHbGKs8q8S3ir+y8nQ+8BDE="},"chainType":2,"messageKeys":{"0":"g0zlTUA/KBWssBzZsUhd9GkhGfDLPPlI9Hc2iiJjZtU="}},"BSJNu+cg2NXUYuDEOgORDianN/qsni+Pvce2CBT8Vgol":{"chainKey":{"counter":45,"key":"6d9eNomtF13G8F+rVaw4CPzSPABz29tZ8u+gF13NF0A="},"chainType":1,"messageKeys":{}}}}},"version":"v1"}