{"_sessions":{"BVZL4nIKGvhFqYXUxoRjbl8LJx+uDaErZlbSCE26AvMb":{"registrationId":185,"currentRatchet":{"ephemeralKeyPair":{"pubKey":"BWQ4DAZ42R5A2dA2GqtV2bM8fYD6rDCayZ76UouUCe0x","privKey":"MOM2G8vwemyoFXVqYRYevjFVeVkJK+eUzH8QqF3xRkE="},"lastRemoteEphemeralKey":"BUwzp6B1eXR5C2UWsOt/X7Ei502QnV9ZEpCljXa00WV/","previousCounter":0,"rootKey":"x3keY+934zP/lqDDUDJGiRdEkhL1ZzDnwTCYYhTx1Bk="},"indexInfo":{"baseKey":"BVZL4nIKGvhFqYXUxoRjbl8LJx+uDaErZlbSCE26AvMb","baseKeyType":1,"closed":-1,"used":1722344064766,"created":1722344064766,"remoteIdentityKey":"BcPKkRHLzYzdQrVIp/ZJeSGA3cKjiJrahep7icB/1WIU"},"_chains":{"BWQ4DAZ42R5A2dA2GqtV2bM8fYD6rDCayZ76UouUCe0x":{"chainKey":{"counter":38,"key":"TnThlboqFruDK58tEp/zeJu/lfTAMx1zLIdjT2EHje8="},"chainType":1,"messageKeys":{}}},"pendingPreKey":{"signedKeyId":1,"baseKey":"BVZL4nIKGvhFqYXUxoRjbl8LJx+uDaErZlbSCE26AvMb"}}},"version":"v1"}