{"_sessions":{"BUSiDAhtQqvEPjwRNQd1Nqkin3As8YgmvtXNXI4cmDJm":{"registrationId":482545783,"currentRatchet":{"ephemeralKeyPair":{"pubKey":"BVuXOPfhJZddh60THy8xibbLEtzhNPYZypdwMe8VEgVh","privKey":"GMVWuxwBaBfgcxTvesTj7lgZ0lEFnlUcdqcJTcV/d3g="},"lastRemoteEphemeralKey":"BXiD/o7mMdpSffCkQE6hM51HBiOYpNE8gvUHwUptx0N1","previousCounter":0,"rootKey":"qGcM5c9Noo/7Xq1rSJ1ZYycpW4z6A5l8JZliZUBZR1Y="},"indexInfo":{"baseKey":"BUSiDAhtQqvEPjwRNQd1Nqkin3As8YgmvtXNXI4cmDJm","baseKeyType":1,"closed":-1,"used":1722454512397,"created":1722454512397,"remoteIdentityKey":"BTnHS2RXmJS226nPf/DVQADui+8CgKpZXeL0j6j2/mxN"},"_chains":{"BVuXOPfhJZddh60THy8xibbLEtzhNPYZypdwMe8VEgVh":{"chainKey":{"counter":7,"key":"qq0SGEfM7Y0n17Qrd73aYKxz8YukM0/iwNW/Lz4Jxu4="},"chainType":1,"messageKeys":{}}},"pendingPreKey":{"signedKeyId":1,"baseKey":"BUSiDAhtQqvEPjwRNQd1Nqkin3As8YgmvtXNXI4cmDJm"}}},"version":"v1"}