{"_sessions":{"BeZ4gwSum2+l7qsSeSJaWoa5rY4lb/h1A2wdc56SwxR8":{"registrationId":162,"currentRatchet":{"ephemeralKeyPair":{"pubKey":"BVdrDRA+yA1mlm25HYKtucw7Vvllo98ArC/7DKk1uDl4","privKey":"kA8g+IfY7Np5bHcm204p88eNbH1YmeaaB9FAQ4puqU0="},"lastRemoteEphemeralKey":"BQClUP3637/lyZ+zNCiJZ/FGCfEvrqnd0d53RQ5ZPp9R","previousCounter":0,"rootKey":"aSE2btI+ANz9RKrfQw+fprN10AmVIXFu+WuBzD9/DKk="},"indexInfo":{"baseKey":"BeZ4gwSum2+l7qsSeSJaWoa5rY4lb/h1A2wdc56SwxR8","baseKeyType":1,"closed":-1,"used":1722339604356,"created":1722339604356,"remoteIdentityKey":"BTEgM1Fhwj4CvxFieNyHa2LZfqQHFg33JkJyiDVG5YRe"},"_chains":{"BVdrDRA+yA1mlm25HYKtucw7Vvllo98ArC/7DKk1uDl4":{"chainKey":{"counter":46,"key":"LLUGBXzDfgNS0XzpFnyM5p5cJpCzJBCMor2fet19A2s="},"chainType":1,"messageKeys":{}}},"pendingPreKey":{"signedKeyId":1,"baseKey":"BeZ4gwSum2+l7qsSeSJaWoa5rY4lb/h1A2wdc56SwxR8","preKeyId":71}}},"version":"v1"}