{"_sessions":{"BXjWV9+Dc/YfM6zATy79T95FK1zxw8QET1eWlaaWt1Z1":{"registrationId":1597398824,"currentRatchet":{"ephemeralKeyPair":{"pubKey":"BanG5T5TS2vPNah1qZjq+ZGZed6Mg1zgqFz+bnDCjdUq","privKey":"uJvUj8+gFwX3zXvjeATc42p7f59mjeLnRoFeRS4/kEI="},"lastRemoteEphemeralKey":"BTnRWvNrU2cVD6tDgRoe0X6ZQ3agFZfTLK/Qjbv+vTRN","previousCounter":0,"rootKey":"XyKrva+RCB5lSIrFlqsYr/wdY1fNaRIaoe6DtvPLt5Y="},"indexInfo":{"baseKey":"BXjWV9+Dc/YfM6zATy79T95FK1zxw8QET1eWlaaWt1Z1","baseKeyType":1,"closed":-1,"used":1722224748581,"created":1722224748581,"remoteIdentityKey":"BT+rxKMsc5oeO4V+w1NvdS1vG8X6/FPDzkLPKvNLtLYu"},"_chains":{"BanG5T5TS2vPNah1qZjq+ZGZed6Mg1zgqFz+bnDCjdUq":{"chainKey":{"counter":6,"key":"Z5nzsSsNy6xLQ/n5QFDWRVQrcmnSQ05ty/sHzFFGdjg="},"chainType":1,"messageKeys":{}}},"pendingPreKey":{"signedKeyId":0,"baseKey":"BXjWV9+Dc/YfM6zATy79T95FK1zxw8QET1eWlaaWt1Z1"}}},"version":"v1"}