{"_sessions":{"BXK+myKsQFlbaTp6aHWu5RZicSGAAI47IUddeYoa0ZcI":{"registrationId":1338945926,"currentRatchet":{"ephemeralKeyPair":{"pubKey":"BYnal44YPFev54zrn6J2BrvmO3oMRYM/caGuV7ezCP5c","privKey":"YH7jNPaJpf/dWpkogIVPb7dAlgxjE8fb5sjo2U7IKHA="},"lastRemoteEphemeralKey":"BcZ30BX0jmblwKNQPCK48kDX0chxtga5LlnHiLINr1dc","previousCounter":0,"rootKey":"cG91u5aFW344Ssa5BAqXi5kUeipVkQ3K/pBJ0XukiaA="},"indexInfo":{"baseKey":"BXK+myKsQFlbaTp6aHWu5RZicSGAAI47IUddeYoa0ZcI","baseKeyType":1,"closed":-1,"used":1722224748602,"created":1722224748602,"remoteIdentityKey":"BWzRPUQp5q/bDtGYSAIYAXnXJwpYXNk1aOagGv7k9vtG"},"_chains":{"BYnal44YPFev54zrn6J2BrvmO3oMRYM/caGuV7ezCP5c":{"chainKey":{"counter":6,"key":"fAEnkfjWv4WfbTcEngbIcLuXF861jJBPek0g146diQw="},"chainType":1,"messageKeys":{}}},"pendingPreKey":{"signedKeyId":0,"baseKey":"BXK+myKsQFlbaTp6aHWu5RZicSGAAI47IUddeYoa0ZcI","preKeyId":1987895}}},"version":"v1"}