{"_sessions":{"BQW7z+YPT9K8pr2zQZqUQExjZYy6vHRrnmzhBplsa+Z4":{"registrationId":4967,"currentRatchet":{"ephemeralKeyPair":{"pubKey":"BWcznVkEAqKRVfl9CSQRfeiGoa0VWOC98jsNikjcsDYI","privKey":"cPLncCQuFY53Z0l8w2ctfODkph1x8oveEtu2vQWmFF0="},"lastRemoteEphemeralKey":"BZxrU/XKimWwFbwJiJF+KecpezhtP+K+MS15ufGtXO9m","previousCounter":0,"rootKey":"sUbpSpj60kIYJ5ybMbzOx7ZgpPUw16PYyH4ATvyVEeE="},"indexInfo":{"baseKey":"BQW7z+YPT9K8pr2zQZqUQExjZYy6vHRrnmzhBplsa+Z4","baseKeyType":1,"closed":-1,"used":1722224745390,"created":1722224745390,"remoteIdentityKey":"BSuj9sSQ89YQss6+AZA+I8ebIMSL8EKulShLZeU4T54d"},"_chains":{"BWcznVkEAqKRVfl9CSQRfeiGoa0VWOC98jsNikjcsDYI":{"chainKey":{"counter":6,"key":"YgA004SYZNnsGueem1G1JR0HwI6YgsEuB/Py3+OkG/I="},"chainType":1,"messageKeys":{}}},"pendingPreKey":{"signedKeyId":1,"baseKey":"BQW7z+YPT9K8pr2zQZqUQExjZYy6vHRrnmzhBplsa+Z4"}}},"version":"v1"}