{"_sessions":{"BVWzUmf97CqZn98XnZMd9pEp6SZsv3Id7QtSAiOwnIBS":{"registrationId":324222133,"currentRatchet":{"ephemeralKeyPair":{"pubKey":"Bancb9IXhaVAFk+ZA0u6zeQ7CoJNWxx3R0waP+Us2bkS","privKey":"iGDkaLtOFE0iBCDRWPd9qr4mIRwnlYsKkh/wEAEUsnU="},"lastRemoteEphemeralKey":"Bb9EAP2JWbbIXgP0kjT40UhBoNxDEFYqDZbUy3O3K2EW","previousCounter":0,"rootKey":"ISRcg+KrI8qIFVciAuavQhO8B4Kf0sEwRyK3UyVgNbs="},"indexInfo":{"baseKey":"BVWzUmf97CqZn98XnZMd9pEp6SZsv3Id7QtSAiOwnIBS","baseKeyType":1,"closed":-1,"used":1722224747056,"created":1722224747056,"remoteIdentityKey":"BeNBN3wHV8I5OAIjpMbzlOTOv7MUYtk79MK6TqY2JfZi"},"_chains":{"Bancb9IXhaVAFk+ZA0u6zeQ7CoJNWxx3R0waP+Us2bkS":{"chainKey":{"counter":6,"key":"hDdD5vPoiItVYpEsGDOseU22Z+A23jXk2Lq+6Nn8qLY="},"chainType":1,"messageKeys":{}}},"pendingPreKey":{"signedKeyId":0,"baseKey":"BVWzUmf97CqZn98XnZMd9pEp6SZsv3Id7QtSAiOwnIBS"}}},"version":"v1"}