{"_sessions":{"BYy9GcEtLqDEoQO2LgFmNJj15YCppfrKjqHgOuqcfSQb":{"registrationId":2054719382,"currentRatchet":{"ephemeralKeyPair":{"pubKey":"BXUllBGeO1PMrPKsqvc3Za8HavvCUaqQTJMJPaCdhe4f","privKey":"cHEWrFFrvMfJSYUr83KIkCbrah5FlEk45VWvrP6vjUI="},"lastRemoteEphemeralKey":"Ba0pRFgO+MzZfqvuXISMAGVbssxJY1jtJu2uCoafwAhk","previousCounter":0,"rootKey":"FgooPM+Go2BYvhlnuY4MRQ2lpjHghTlvDddD22khYjM="},"indexInfo":{"baseKey":"BYy9GcEtLqDEoQO2LgFmNJj15YCppfrKjqHgOuqcfSQb","baseKeyType":1,"closed":-1,"used":1722224749098,"created":1722224749098,"remoteIdentityKey":"BbX15TGCnHueKVg7GMmVPz34W+FFRDI04v9Ipb5Oa+sq"},"_chains":{"BXUllBGeO1PMrPKsqvc3Za8HavvCUaqQTJMJPaCdhe4f":{"chainKey":{"counter":6,"key":"I5WxfGRMj8pQTWG15Kso+5cnSUQdMBrbnd20/4JNs24="},"chainType":1,"messageKeys":{}}},"pendingPreKey":{"signedKeyId":2,"baseKey":"BYy9GcEtLqDEoQO2LgFmNJj15YCppfrKjqHgOuqcfSQb"}}},"version":"v1"}