{"_sessions":{"BX9iArnRBrhTn0jBntfhOTBFccZIjjEUbcnGsInLC4gW":{"registrationId":482545783,"currentRatchet":{"ephemeralKeyPair":{"pubKey":"Bbq0x5tSXkDJvSPkd/2Galv+8+tBtb+dC1ERHKLnS9Zi","privKey":"sAjgnCQkxUn7LG3qeYHkF2AiJlTRycU8lh89Xk4/OG8="},"lastRemoteEphemeralKey":"BXiD/o7mMdpSffCkQE6hM51HBiOYpNE8gvUHwUptx0N1","previousCounter":0,"rootKey":"CXEoE9rBhhX4AfO3CzrMM9150Ely4IUh7M+4fce9JMw="},"indexInfo":{"baseKey":"BX9iArnRBrhTn0jBntfhOTBFccZIjjEUbcnGsInLC4gW","baseKeyType":1,"closed":-1,"used":1722302915577,"created":1722302915577,"remoteIdentityKey":"BTnHS2RXmJS226nPf/DVQADui+8CgKpZXeL0j6j2/mxN"},"_chains":{"Bbq0x5tSXkDJvSPkd/2Galv+8+tBtb+dC1ERHKLnS9Zi":{"chainKey":{"counter":76,"key":"/te8gafH7x+yysH/0/kT8KvvS+G4/dnSnnVDCubmDu0="},"chainType":1,"messageKeys":{}}},"pendingPreKey":{"signedKeyId":1,"baseKey":"BX9iArnRBrhTn0jBntfhOTBFccZIjjEUbcnGsInLC4gW"}}},"version":"v1"}