{"_sessions":{"BXpnNEQxzjpv805+Cn08TsCttUzsSDJtca5xF85FEjwk":{"registrationId":1960072431,"currentRatchet":{"ephemeralKeyPair":{"pubKey":"BVPdddhJUL+A+HyB797XtCwoFyYOfTDgnvuENsBRhIhu","privKey":"8AaxoXuHIMN239z0yTB8ivXXTu+r8OweOsoFW1u3eGE="},"lastRemoteEphemeralKey":"BSm9/Hz5sevWVBcc8OrMAqUknxZ9Y+oTjAVCN7oDXbZP","previousCounter":0,"rootKey":"KUUnW9DaEtTruc5Y8yoL+aflYG5hRLpUMCB0JZgPNbo="},"indexInfo":{"baseKey":"BXpnNEQxzjpv805+Cn08TsCttUzsSDJtca5xF85FEjwk","baseKeyType":1,"closed":-1,"used":1722224745001,"created":1722224745001,"remoteIdentityKey":"BQqgGLaY22fjiTtAXindypTIk7OOQk/BBED3BJQJ4WtT"},"_chains":{"BVPdddhJUL+A+HyB797XtCwoFyYOfTDgnvuENsBRhIhu":{"chainKey":{"counter":6,"key":"VLOmocAedvPER9MRI1DUNDxbKPNIZFs6XeTk79xtNYU="},"chainType":1,"messageKeys":{}}},"pendingPreKey":{"signedKeyId":0,"baseKey":"BXpnNEQxzjpv805+Cn08TsCttUzsSDJtca5xF85FEjwk"}}},"version":"v1"}