{"_sessions":{"Bdma+08wPyaxi9OZ/AojGJqHdnX4MN+64XQhtgELur4F":{"registrationId":8303,"currentRatchet":{"ephemeralKeyPair":{"pubKey":"BYY5pc+VUJotwlZroM4sHUuTgvI655wngNUB2VQ6k7ER","privKey":"cEpyt0OVo1reot4kqZZfuDvXxPONudqAiiDw2BkjZ2M="},"lastRemoteEphemeralKey":"BV2M+mK0tsdjHVlQ7sBmyh1D9vx1EiZXfYFawws9fJ8w","previousCounter":0,"rootKey":"a7VfQuKvxpeByeDSF+Lxi5mhcOzjnLZU0IBcYMK3XpM="},"indexInfo":{"baseKey":"Bdma+08wPyaxi9OZ/AojGJqHdnX4MN+64XQhtgELur4F","baseKeyType":1,"closed":-1,"used":1722224745059,"created":1722224745059,"remoteIdentityKey":"BZfOTCCjDxX4f5spiwslr4b65pfXeGOyMv2baR8S04sW"},"_chains":{"BYY5pc+VUJotwlZroM4sHUuTgvI655wngNUB2VQ6k7ER":{"chainKey":{"counter":6,"key":"TwTByfzWBQJMURuAtacf0VDwS1aSr9MXGXPW9Pdy+ns="},"chainType":1,"messageKeys":{}}},"pendingPreKey":{"signedKeyId":1,"baseKey":"Bdma+08wPyaxi9OZ/AojGJqHdnX4MN+64XQhtgELur4F"}}},"version":"v1"}