{"_sessions":{"BWtVI3eeoKbRVEnRFUvAmgfxLYuKhE+U/yBs9EHJ0egz":{"registrationId":211,"currentRatchet":{"ephemeralKeyPair":{"pubKey":"BR3JdbE8ymezEFLKd/o8JF3MPlsw8jx8AaNfUlmcG+k2","privKey":"kBiR6Cjj9m28s8mBTWvYAUD5v0Hg79IgBSSbhJmcv1w="},"lastRemoteEphemeralKey":"Ba9BBtNNgaZfpgG0Us6jnK/p1sVLSMGhXLHOrJtLkGZv","previousCounter":0,"rootKey":"qq+nrO7fwy2T6OF2wSpg+7sSVV5gRELho4S2IqRjf6k="},"indexInfo":{"baseKey":"BWtVI3eeoKbRVEnRFUvAmgfxLYuKhE+U/yBs9EHJ0egz","baseKeyType":1,"closed":-1,"used":1722454510973,"created":1722454510973,"remoteIdentityKey":"BRtbae/5S+WENCmslfsfdfcToVPIijHrdkgLJNyicLY4"},"_chains":{"BR3JdbE8ymezEFLKd/o8JF3MPlsw8jx8AaNfUlmcG+k2":{"chainKey":{"counter":7,"key":"8FvzhyLVMdGLzr+Qf0TnsoHv4S4AMIeJ6lUwWpypPdc="},"chainType":1,"messageKeys":{}}},"pendingPreKey":{"signedKeyId":1,"baseKey":"BWtVI3eeoKbRVEnRFUvAmgfxLYuKhE+U/yBs9EHJ0egz"}}},"version":"v1"}