{"_sessions":{"BTSc5KpLP77lSKFD5WxcI1D0fHssxYZdX/F3Rdzs6Wcy":{"registrationId":1156841215,"currentRatchet":{"ephemeralKeyPair":{"pubKey":"Ba0q6UkFDyZbC9fRKpkAYg7xf+EtsPh2POx20/g4sVQ9","privKey":"OJXPs18v67Ca5g1QrVO4x4EIKAynL/t0XizH1oHWSkc="},"lastRemoteEphemeralKey":"BVHJSR8FMHbKo4vSbH7n5MeGeM3exs39rS3mpeYJjeFQ","previousCounter":0,"rootKey":"2vmUSFRe+uYyeaGN1Zk8b1iOqR2aZopusaWc6FNieAE="},"indexInfo":{"baseKey":"BTSc5KpLP77lSKFD5WxcI1D0fHssxYZdX/F3Rdzs6Wcy","baseKeyType":1,"closed":-1,"used":1722302915997,"created":1722302915997,"remoteIdentityKey":"BZzb01OxHCtZrE7KantA3YG9JdZ9JcHIy462hrQdLWBK"},"_chains":{"Ba0q6UkFDyZbC9fRKpkAYg7xf+EtsPh2POx20/g4sVQ9":{"chainKey":{"counter":76,"key":"O/5DdhBR/5absQglACDpT8FG84VA+RGBerebCPQUL2Y="},"chainType":1,"messageKeys":{}}},"pendingPreKey":{"signedKeyId":0,"baseKey":"BTSc5KpLP77lSKFD5WxcI1D0fHssxYZdX/F3Rdzs6Wcy","preKeyId":3389921}}},"version":"v1"}