{"_sessions":{"BfgM6wphIYf7vlkmDHFIwkNKz5uOXNBUwLqefSrf47QP":{"registrationId":169,"currentRatchet":{"ephemeralKeyPair":{"pubKey":"BZuYLohzR/sTinn9G19VXPjM8Ey0t2aPFf1a3TvhX+xJ","privKey":"0EDOMYwA/iJo8HjJxEFs8fU5v1G0AZy4nqlK/9bUNkw="},"lastRemoteEphemeralKey":"BY38Lbqzs3U7YDx8f6hoohfjrSgWv0QL6b2Gxb/pdgU2","previousCounter":0,"rootKey":"XekU7xSOHSOeP7e8yFKzKFekt6g4sY1oHNHnrLgTX4E="},"indexInfo":{"baseKey":"BfgM6wphIYf7vlkmDHFIwkNKz5uOXNBUwLqefSrf47QP","baseKeyType":1,"closed":-1,"used":1722454510789,"created":1722454510789,"remoteIdentityKey":"BbnxfDCEDGDcVnq/e2APxesOjA2ba/esiRfgfgvaG4Fj"},"_chains":{"BZuYLohzR/sTinn9G19VXPjM8Ey0t2aPFf1a3TvhX+xJ":{"chainKey":{"counter":7,"key":"BFSAb4r5beqKBeEgCWvj8dorE5KXybfFlsRVOghuNno="},"chainType":1,"messageKeys":{}}},"pendingPreKey":{"signedKeyId":1,"baseKey":"BfgM6wphIYf7vlkmDHFIwkNKz5uOXNBUwLqefSrf47QP"}}},"version":"v1"}