{"_sessions":{"BUl1NSbSUmy6BqrHwRQl8IAM5qs1sfXZ0T+OQJnKKb5o":{"registrationId":112504896,"currentRatchet":{"ephemeralKeyPair":{"pubKey":"Bf84dJaYimZNuVpnNcCzMNKgsn50CZgCKdgvKQ3Yprsg","privKey":"gEAvpMnJSOhf8GI152cwEoZ5oSo4Vq6QV4uyyJC/W3I="},"lastRemoteEphemeralKey":"BRBjOU8PLjvccXGqS+La5kMPAd2r+7MSH55GtiCfBJJ3","previousCounter":0,"rootKey":"TZ/8QVJBGMUTF9At6M5rlsFl26j9RkPL+RxXKzEIq8k="},"indexInfo":{"baseKey":"BUl1NSbSUmy6BqrHwRQl8IAM5qs1sfXZ0T+OQJnKKb5o","baseKeyType":1,"closed":-1,"used":1722224748983,"created":1722224748983,"remoteIdentityKey":"Bb7Uqtc6K7W1unu1hPFu6kQjlkAHYaT6Kf2Amc9gQ6Vu"},"_chains":{"Bf84dJaYimZNuVpnNcCzMNKgsn50CZgCKdgvKQ3Yprsg":{"chainKey":{"counter":6,"key":"FxQG2nepxTWC8oRBf1EwGlMQN1xhT8dymJNvx25X2/E="},"chainType":1,"messageKeys":{}}},"pendingPreKey":{"signedKeyId":1,"baseKey":"BUl1NSbSUmy6BqrHwRQl8IAM5qs1sfXZ0T+OQJnKKb5o","preKeyId":3364460}}},"version":"v1"}