{"_sessions":{"Bc8aA+8cJlQHqPKDYPerJUmQifW6PgrFKy+dzz6+8IF6":{"registrationId":1259044867,"currentRatchet":{"ephemeralKeyPair":{"pubKey":"BWCdRyZKP0dSQO6qwjME2FLEXmjiEcRUS6svTLORPNdn","privKey":"+LheCqdU+XEglnXLfGm9gwozPGh3igOuyaSCWo6jJVY="},"lastRemoteEphemeralKey":"Bc76Cm8sdO7MXJanrEt/moDerXPYEGkmsedGjGYK+9Nw","previousCounter":0,"rootKey":"o+00JJjMMw1etB2j1zbqJ5M1v6wWkVaG8O/h0SxCfoY="},"indexInfo":{"baseKey":"Bc8aA+8cJlQHqPKDYPerJUmQifW6PgrFKy+dzz6+8IF6","baseKeyType":1,"closed":-1,"used":1722224748382,"created":1722224748382,"remoteIdentityKey":"BTIEeu8uU49jLUmThIZm5BFFBgSxzEA3ZL55Cnh8CX8V"},"_chains":{"BWCdRyZKP0dSQO6qwjME2FLEXmjiEcRUS6svTLORPNdn":{"chainKey":{"counter":6,"key":"LFZGshyhan0dL4DyzBPQd+XE6y79V6YJyF4i7W6KAH0="},"chainType":1,"messageKeys":{}}},"pendingPreKey":{"signedKeyId":0,"baseKey":"Bc8aA+8cJlQHqPKDYPerJUmQifW6PgrFKy+dzz6+8IF6"}}},"version":"v1"}