{"_sessions":{"BT4XRGVhWaqmRmYfqjfzQvsd7kAz2E7gAogC14aGUrA1":{"registrationId":8760,"currentRatchet":{"ephemeralKeyPair":{"pubKey":"BZvn02PfA1Npr1MG4mR93I239RN0xpCfB3ucrKaR5/c2","privKey":"8GPmJEmJHr3rRWICUJCwbsoRMkVaVQVEqdgvfLXKDHk="},"lastRemoteEphemeralKey":"BbLl+bjfV3NK5a95B6CiwCbVPuelOI8vqCLaGSHu8HJV","previousCounter":0,"rootKey":"C1huHL9EcJKy1Pczz9QzD1FioRI22TmLjuQx5qyvGrI="},"indexInfo":{"baseKey":"BT4XRGVhWaqmRmYfqjfzQvsd7kAz2E7gAogC14aGUrA1","baseKeyType":1,"closed":-1,"used":1722450555899,"created":1722450555899,"remoteIdentityKey":"BZDiLjZ015MJoiGoErnHusBz6JNI3z7cWg+MQtyEyvFu"},"_chains":{"BZvn02PfA1Npr1MG4mR93I239RN0xpCfB3ucrKaR5/c2":{"chainKey":{"counter":8,"key":"jM8h0buJcUHpxf3IZ3wXTrnuRmZDlSMeI+UojgEgNMY="},"chainType":1,"messageKeys":{}}},"pendingPreKey":{"signedKeyId":1,"baseKey":"BT4XRGVhWaqmRmYfqjfzQvsd7kAz2E7gAogC14aGUrA1"}}},"version":"v1"}