{"_sessions":{"BTQ9/LIeXPe3R8YkuamYfXHgMsNeIcJSQXo8ggrTKuQZ":{"registrationId":1356298943,"currentRatchet":{"ephemeralKeyPair":{"pubKey":"BXiGpfUfCc35hTlRVHpEhwEfkPPCdqwwRKzZJu/1UHJf","privKey":"sAHCenu+fNsoudJs63Zni9yTl4LchWx5kRs/n6Cr0Go="},"lastRemoteEphemeralKey":"BXZ3cKXv68sEIYpyKdO+Kt7/tkPmmiG1oD1y2FGVHoMI","previousCounter":0,"rootKey":"22BxLpAKvERStHFoRMVTmrww716dArzms+lZzjIqu+w="},"indexInfo":{"baseKey":"BTQ9/LIeXPe3R8YkuamYfXHgMsNeIcJSQXo8ggrTKuQZ","baseKeyType":1,"closed":-1,"used":1722224746590,"created":1722224746590,"remoteIdentityKey":"BWveP2339XdQNxhwfXK++4c0nGGlcWuxe+TUsjzky3xy"},"_chains":{"BXiGpfUfCc35hTlRVHpEhwEfkPPCdqwwRKzZJu/1UHJf":{"chainKey":{"counter":6,"key":"CYn+9PzdnLlAqG5L5OOZly6qidPjydVI9esaBJ8NqrI="},"chainType":1,"messageKeys":{}}},"pendingPreKey":{"signedKeyId":10,"baseKey":"BTQ9/LIeXPe3R8YkuamYfXHgMsNeIcJSQXo8ggrTKuQZ","preKeyId":3832348}}},"version":"v1"}