{"_sessions":{"Bc1wupCGeKsIqxuIDP1a4RHRzcgcoBC+6LMqAm/2RSYy":{"registrationId":449477326,"currentRatchet":{"ephemeralKeyPair":{"pubKey":"BTgXOTvRmXOnbF5zDo//oCKqyUfIkF8pQI2LxdauFQ89","privKey":"SNc86GjJ8orxlbSEcQCsGM0P3q2fPz+DCGSKBq2QP3A="},"lastRemoteEphemeralKey":"BZphYc0HR5O5ASlPUNy2wH2xSemVWRUct850sil2L5EN","previousCounter":0,"rootKey":"MENtKNoWCCSkh4tilUJRBNfXP6ck7uhgcrlq18HgkUY="},"indexInfo":{"baseKey":"Bc1wupCGeKsIqxuIDP1a4RHRzcgcoBC+6LMqAm/2RSYy","baseKeyType":1,"closed":-1,"used":1722302915401,"created":1722302915401,"remoteIdentityKey":"BaCBoLnqbUTsGOCiMT+VVIntk/1TPnyzKK6+SkgsdfED"},"_chains":{"BTgXOTvRmXOnbF5zDo//oCKqyUfIkF8pQI2LxdauFQ89":{"chainKey":{"counter":76,"key":"VeR4VUlxcua+sxetLay+OnxUCUVq98LgnmA3f0wNQiI="},"chainType":1,"messageKeys":{}}},"pendingPreKey":{"signedKeyId":4,"baseKey":"Bc1wupCGeKsIqxuIDP1a4RHRzcgcoBC+6LMqAm/2RSYy","preKeyId":2676349}}},"version":"v1"}