{"_sessions":{"BQGY2OSVtXzUZvGdA4UtztEXJIPk0IyhlFsYlohZ0Kt5":{"registrationId":3550,"currentRatchet":{"ephemeralKeyPair":{"pubKey":"BR22C/zzkZg3/gxs/xOdBRNhOXJW7nQSIzk88uaEm4Jv","privKey":"aMQxv9X1IKFnZKZ5IvsGNF8oGgU41Tw2YV3MiVRtL0g="},"lastRemoteEphemeralKey":"BU1PjFVUtTtJfDm15G4tGXFWqP93zvvHgbGfgWoGLrkM","previousCounter":0,"rootKey":"YJk3YWLBjjle3q2XQRrIAsf39DC1qiHqdAT0MRaF+fA="},"indexInfo":{"baseKey":"BQGY2OSVtXzUZvGdA4UtztEXJIPk0IyhlFsYlohZ0Kt5","baseKeyType":1,"closed":-1,"used":1722224746192,"created":1722224746192,"remoteIdentityKey":"BWO9dLqN+5yEJ+TXb8tr5fHwqKoEn33uGpSewPy77AQG"},"_chains":{"BR22C/zzkZg3/gxs/xOdBRNhOXJW7nQSIzk88uaEm4Jv":{"chainKey":{"counter":6,"key":"urC0Isyv42Eff2zDpxpr+c0Tp4AaZGik0Qn8LLhsQfY="},"chainType":1,"messageKeys":{}}},"pendingPreKey":{"signedKeyId":1,"baseKey":"BQGY2OSVtXzUZvGdA4UtztEXJIPk0IyhlFsYlohZ0Kt5"}}},"version":"v1"}