{"_sessions":{"BbR+05qJ08p8AMRlFfbiH7pqfXXBGRFIt7lkMujmBq4O":{"registrationId":2122429628,"currentRatchet":{"ephemeralKeyPair":{"pubKey":"BdXLNrvz8togavjriyGz99kj+qhkHi97sh8iaPsccRg0","privKey":"IBQFUqv3rYk+jf/FiI9f9Rhymq6StORntWFKhi85U2Y="},"lastRemoteEphemeralKey":"Bc/29lmc8rBz7ZQuuwEYsToNHTqUWp58NqFcxB+0liRa","previousCounter":0,"rootKey":"o6PDDjZe/WMmiKkYfRb4A9DBnCdXWlM1njNMunKo2y8="},"indexInfo":{"baseKey":"BbR+05qJ08p8AMRlFfbiH7pqfXXBGRFIt7lkMujmBq4O","baseKeyType":1,"closed":-1,"used":1722302915873,"created":1722302915873,"remoteIdentityKey":"BT+0zTiPOWB0MvvYBE/IOOMtyAJOYAErGslgUZaUcKts"},"_chains":{"BdXLNrvz8togavjriyGz99kj+qhkHi97sh8iaPsccRg0":{"chainKey":{"counter":76,"key":"NMKjfyBuqgFU+DUW4yRwF4IcE2nszLjAM3JTTNKT5Gk="},"chainType":1,"messageKeys":{}}},"pendingPreKey":{"signedKeyId":7,"baseKey":"BbR+05qJ08p8AMRlFfbiH7pqfXXBGRFIt7lkMujmBq4O","preKeyId":3917544}}},"version":"v1"}