{"_sessions":{"BQ1/kg5cYSLN69veCKJizuc4YtDIKJcnWkiojnW0s6Fi":{"registrationId":1277952186,"currentRatchet":{"ephemeralKeyPair":{"pubKey":"BchaPKtn0waW4NgaCemZi2nzIf6BAjLHap1UvcrOrLwt","privKey":"CNQRxOSATWQ3Xhmmez6Z25zxDq/Hvr48aTB0dm50CHM="},"lastRemoteEphemeralKey":"BfrVg9qKCEDfSSDN6ig6n3Lia73hbYQgtaHClopKAEF6","previousCounter":0,"rootKey":"kqxajuwoVv11HbZNUDNrSQxdFhUDDNw6qUpQiHk65co="},"indexInfo":{"baseKey":"BQ1/kg5cYSLN69veCKJizuc4YtDIKJcnWkiojnW0s6Fi","baseKeyType":1,"closed":-1,"used":1722454512091,"created":1722454512091,"remoteIdentityKey":"BYtqAwxG9J3PXvKv97628dLaBWdNLjyhPyPjYpaCmaMc"},"_chains":{"BchaPKtn0waW4NgaCemZi2nzIf6BAjLHap1UvcrOrLwt":{"chainKey":{"counter":7,"key":"38CVo0+YsLHsNJ5sKVy8rAtDIPqBysn+HdVZdhiH9N8="},"chainType":1,"messageKeys":{}}},"pendingPreKey":{"signedKeyId":4,"baseKey":"BQ1/kg5cYSLN69veCKJizuc4YtDIKJcnWkiojnW0s6Fi","preKeyId":10090719}}},"version":"v1"}