{"_sessions":{"BTP8rvHBUFVcEhaS6Y7DW1jfs5+YKLro+CxNwFDE4s9t":{"registrationId":2136623499,"currentRatchet":{"ephemeralKeyPair":{"pubKey":"BZ4T/HXzOlr5D+hgbb7b3KHebZDVYP7Yb8X3xT02Ob4F","privKey":"aGJ5CbYUmoDrZPf1Tv4E8xW4jV4CV38inge+T/SqWFo="},"lastRemoteEphemeralKey":"BTOk0c9snH11DagIcu/dhxHWqHU4BYP/JEOq9qWMTCJD","previousCounter":0,"rootKey":"qk6i7FdZL6HmkOAN2A3HhbmrNA8rOZjzCmU4UmEYBAo="},"indexInfo":{"baseKey":"BTP8rvHBUFVcEhaS6Y7DW1jfs5+YKLro+CxNwFDE4s9t","baseKeyType":1,"closed":-1,"used":1722454512668,"created":1722454512668,"remoteIdentityKey":"BcU5CH/H2ihC8RYyGKCMslLRIicinkYKoA6Xanu1g9Aj"},"_chains":{"BZ4T/HXzOlr5D+hgbb7b3KHebZDVYP7Yb8X3xT02Ob4F":{"chainKey":{"counter":7,"key":"36kAjcXG8Orx43qWE3wGg41uJVXX3hSbbCNfYW9rsn4="},"chainType":1,"messageKeys":{}}},"pendingPreKey":{"signedKeyId":4,"baseKey":"BTP8rvHBUFVcEhaS6Y7DW1jfs5+YKLro+CxNwFDE4s9t","preKeyId":11520582}}},"version":"v1"}