{"_sessions":{"Bbb2fkwDidhHPkMI572qya8bJaDGoFiBukIz1aRBMpUo":{"registrationId":771433468,"currentRatchet":{"ephemeralKeyPair":{"pubKey":"BTkiD2GfXamvm77ZEZdHr+XtCqmlBiv90/Z5XDDOwkJJ","privKey":"0JWn0VoLswsJdmI4Z+hA0DYhFFoWg4sRkfLk62zga30="},"lastRemoteEphemeralKey":"BRJsuVdTvqhqmSPhFim2R2Cvt0L2rshbDEAMWE+E4bUe","previousCounter":0,"rootKey":"NMT/XnhIcQx/W5mNuRbjRDIOQ8nEv3+NECpjU6U76pQ="},"indexInfo":{"baseKey":"Bbb2fkwDidhHPkMI572qya8bJaDGoFiBukIz1aRBMpUo","baseKeyType":1,"closed":-1,"used":1722454512359,"created":1722454512359,"remoteIdentityKey":"BfyKP75QSv45DP7yRztKKelId5ihQ6zK/RP+8pN7jzg3"},"_chains":{"BTkiD2GfXamvm77ZEZdHr+XtCqmlBiv90/Z5XDDOwkJJ":{"chainKey":{"counter":7,"key":"gTuTZxUze1nOKDqEEoRo776lc8Gc6ErPhcIj5hB6lKc="},"chainType":1,"messageKeys":{}}},"pendingPreKey":{"signedKeyId":1,"baseKey":"Bbb2fkwDidhHPkMI572qya8bJaDGoFiBukIz1aRBMpUo","preKeyId":5138079}}},"version":"v1"}