{"_sessions":{"BTSkd9m+NV1vmT7Dqx8lZ4wy9zKOuhZcgEM+yrkX3LQR":{"registrationId":807849883,"currentRatchet":{"ephemeralKeyPair":{"pubKey":"Bar4cD1ReEkV5xt7j8/LNCHcM2SrFn2KXYyPi+WZQxUW","privKey":"EOOxFpL/bvQNJGSowEL66vSXm9Cw8SJjmlYiVZ9+8G4="},"lastRemoteEphemeralKey":"BaaXFnRFTJdrISh7hiPfIbJiLAdJ33Z4i7t1pP4Ph+5l","previousCounter":0,"rootKey":"vW5gdOmxFzBfq8KhJ7Hkm0X0o489ynNRt3sIxsCJ/6g="},"indexInfo":{"baseKey":"BTSkd9m+NV1vmT7Dqx8lZ4wy9zKOuhZcgEM+yrkX3LQR","baseKeyType":1,"closed":-1,"used":1722302915773,"created":1722302915773,"remoteIdentityKey":"Bb+3LEo7C3dd+Q6yOEk8WMJGRj68a8B/lw23HZAtfIY6"},"_chains":{"Bar4cD1ReEkV5xt7j8/LNCHcM2SrFn2KXYyPi+WZQxUW":{"chainKey":{"counter":76,"key":"XT8tcH8F1PNHiwlJazjM54ds5UzaV6i7e5P5tkb6Jkc="},"chainType":1,"messageKeys":{}}},"pendingPreKey":{"signedKeyId":1,"baseKey":"BTSkd9m+NV1vmT7Dqx8lZ4wy9zKOuhZcgEM+yrkX3LQR","preKeyId":10688385}}},"version":"v1"}