{"_sessions":{"BYO8U3RZcH1HHvkLtqfnvN7TfNvQEe60+CADYt82cs5V":{"registrationId":1271244231,"currentRatchet":{"ephemeralKeyPair":{"pubKey":"BUWLqK+On7f3XDQ6Uze5aKNddM6z5MNjDP8Mnkj+JRdd","privKey":"yFj9Yb/i3DX+2ql+/X+PImo8BgU8Ux0jmPvHmPBRpkY="},"lastRemoteEphemeralKey":"BfscfJ9k/SacZihnHR+Rty/E6Kw9a1UfCruYlB9RUkIF","previousCounter":0,"rootKey":"+vfwCEzeDjs+TNSTrGeGvqoOUvNeJHfutM2XgR4mZ2I="},"indexInfo":{"baseKey":"BYO8U3RZcH1HHvkLtqfnvN7TfNvQEe60+CADYt82cs5V","baseKeyType":1,"closed":-1,"used":1722454511484,"created":1722454511484,"remoteIdentityKey":"BVHSbfcQ9sAWRZ4sDlUEmObBGUSBYQVw5WMt/5mdpO49"},"_chains":{"BUWLqK+On7f3XDQ6Uze5aKNddM6z5MNjDP8Mnkj+JRdd":{"chainKey":{"counter":7,"key":"MeyPgqo3ZyIYrWrw48pqnzXO1i+cCr3X6LUNFHF2aPI="},"chainType":1,"messageKeys":{}}},"pendingPreKey":{"signedKeyId":2,"baseKey":"BYO8U3RZcH1HHvkLtqfnvN7TfNvQEe60+CADYt82cs5V","preKeyId":370002}}},"version":"v1"}