{"_sessions":{"BSf3a90fRFMth8wDvruBC+UBnXwR399QHFIlvZLhQKN0":{"registrationId":290374299,"currentRatchet":{"ephemeralKeyPair":{"pubKey":"BQkb5EafjoptjyAnY2bNMtdOI/3sAp6NbCf2QCOIeRgn","privKey":"mIu7DZvz7si9SZjxIAWg6UiLvby2NA5jMBSzKBtlwEk="},"lastRemoteEphemeralKey":"BVluC6sIyg9ceiuPGh5m2hwq8/4BCfAiMapCEIb+/K8u","previousCounter":0,"rootKey":"O+br6IH6DH7HrN9ZPmxExLpUMgbD78onHCmrpF4cBYM="},"indexInfo":{"baseKey":"BSf3a90fRFMth8wDvruBC+UBnXwR399QHFIlvZLhQKN0","baseKeyType":2,"closed":1722245411955,"used":1722244825571,"created":1722244763166,"remoteIdentityKey":"BeMqfVN6CYzBIgI3VD3ZeK43dx4rWv/14vZ/mzvVhaNK"},"_chains":{"BRDUO4yieBMbSA7ptikjRo/xR+gvY3IYpzqewrMX4PlE":{"chainKey":{"counter":6},"chainType":2,"messageKeys":{}},"BVluC6sIyg9ceiuPGh5m2hwq8/4BCfAiMapCEIb+/K8u":{"chainKey":{"counter":2,"key":"4kvH9K2aQY5yS71JzwphAb+SE5JREDGEejftaha4HGE="},"chainType":2,"messageKeys":{}},"BQkb5EafjoptjyAnY2bNMtdOI/3sAp6NbCf2QCOIeRgn":{"chainKey":{"counter":6,"key":"77UPhFGidyb9of6nyMaj/ajRmPf255EYJjam0x7Otk8="},"chainType":1,"messageKeys":{}}}},"BeBTbtXxbUCbpuM3HxXPb6ZcRtHZ3QeG/aGK532Ny5Vv":{"registrationId":290374299,"currentRatchet":{"ephemeralKeyPair":{"pubKey":"BaXOIBbAP7ZifPt9nIUvKYs/yXufyIGzNdLjvRdAap9B","privKey":"cA9VhLK9bXsQlezSBTP1KDVTo5k3BFa6Q2SGiwr5Ml0="},"lastRemoteEphemeralKey":"BZu0nksFHvdq0zv3XmEliQDcqHBaXgp5BHWnjpGFgBQd","previousCounter":0,"rootKey":"zVyjDOv1wspuZNI8KwKkpZGckvW2DzADTJXi1BfkyNo="},"indexInfo":{"baseKey":"BeBTbtXxbUCbpuM3HxXPb6ZcRtHZ3QeG/aGK532Ny5Vv","baseKeyType":2,"closed":1722302919286,"used":1722245411978,"created":1722245411978,"remoteIdentityKey":"BeMqfVN6CYzBIgI3VD3ZeK43dx4rWv/14vZ/mzvVhaNK"},"_chains":{"BZu0nksFHvdq0zv3XmEliQDcqHBaXgp5BHWnjpGFgBQd":{"chainKey":{"counter":6,"key":"Q9xtx731pZnOJqpp/YIgT2sU0RWOZI9YsJhP4LscAZ4="},"chainType":2,"messageKeys":{}},"BaXOIBbAP7ZifPt9nIUvKYs/yXufyIGzNdLjvRdAap9B":{"chainKey":{"counter":14,"key":"Em8vnSNO48nJexZ1iRM6Gl+wznYz2anqFFpldFmJVvs="},"chainType":1,"messageKeys":{}}}},"BZYJb0IvdFX53714+OrluGRqK1eC7R18qvuwn4iTLtxh":{"registrationId":290374299,"currentRatchet":{"ephemeralKeyPair":{"pubKey":"BRc+ZwIe8OMKmlHcUDzX1l6IQNc9YmczS7fvRjxFu3B4","privKey":"QO2XnX4x91JDyD0ag0nUFgV8l0tfXQjGjisdpa/LEFE="},"lastRemoteEphemeralKey":"BdaM24FZ53lk5/v9qQHtUoks1hpxc4JUQ9uXlM5wouBI","previousCounter":0,"rootKey":"859IRqy2DEAXY6Si58FnuRT3S9GZ++P8BhKhXRCX98I="},"indexInfo":{"baseKey":"BZYJb0IvdFX53714+OrluGRqK1eC7R18qvuwn4iTLtxh","baseKeyType":1,"closed":1722303078323,"used":1722302919283,"created":1722302919283,"remoteIdentityKey":"BeMqfVN6CYzBIgI3VD3ZeK43dx4rWv/14vZ/mzvVhaNK"},"_chains":{"BRc+ZwIe8OMKmlHcUDzX1l6IQNc9YmczS7fvRjxFu3B4":{"chainKey":{"counter":0,"key":"JYXbXpG26ZqH4izmz4iRv1j5m1ga4tviE8AKKnoKxB0="},"chainType":1,"messageKeys":{}}},"pendingPreKey":{"signedKeyId":0,"baseKey":"BZYJb0IvdFX53714+OrluGRqK1eC7R18qvuwn4iTLtxh","preKeyId":14387414}},"BShhkTlDYzofm2h2fpaSuSpZxfhfvkwMP0cEE+xlFhQ3":{"registrationId":290374299,"currentRatchet":{"ephemeralKeyPair":{"pubKey":"BQ/iFyfbStYr0EKfGT7Fbwzc6GeCoKc7nhIKKdwzeX1o","privKey":"aLBjVuvioN3H6VU+AHJJUxfmPjitqfKrZKXdgutqBXE="},"lastRemoteEphemeralKey":"BdaM24FZ53lk5/v9qQHtUoks1hpxc4JUQ9uXlM5wouBI","previousCounter":0,"rootKey":"T32BExZnPpo3gXm6ozIMN2gG2fUNigxCeLroDb7r/pY="},"indexInfo":{"baseKey":"BShhkTlDYzofm2h2fpaSuSpZxfhfvkwMP0cEE+xlFhQ3","baseKeyType":1,"closed":1722303430673,"used":1722303078321,"created":1722303078321,"remoteIdentityKey":"BeMqfVN6CYzBIgI3VD3ZeK43dx4rWv/14vZ/mzvVhaNK"},"_chains":{"BQ/iFyfbStYr0EKfGT7Fbwzc6GeCoKc7nhIKKdwzeX1o":{"chainKey":{"counter":15,"key":"XMC4FkuIxWYSg2Yh/G0+nd41agoY8weyM5bnv0PpZlk="},"chainType":1,"messageKeys":{}}},"pendingPreKey":{"signedKeyId":0,"baseKey":"BShhkTlDYzofm2h2fpaSuSpZxfhfvkwMP0cEE+xlFhQ3","preKeyId":14387215}},"BRGcW+Fgj6NtikSb4el4p/Nw6prF9nrxMbgIMHMv2l4D":{"registrationId":290374299,"currentRatchet":{"ephemeralKeyPair":{"pubKey":"BSGJFVGUx5nUVASlqEq2vOJvEIpEuBEocjhLkBBRHV5X","privKey":"QA1fNN2NrZWqrqP9TiZ89XRPnsidrYOQ1ojt2JroXnQ="},"lastRemoteEphemeralKey":"BdaM24FZ53lk5/v9qQHtUoks1hpxc4JUQ9uXlM5wouBI","previousCounter":0,"rootKey":"wgUklYaQTr3mveVNoNdtrSCSoKhL4HG6/T0JzLkanRU="},"indexInfo":{"baseKey":"BRGcW+Fgj6NtikSb4el4p/Nw6prF9nrxMbgIMHMv2l4D","baseKeyType":1,"closed":1722303437182,"used":1722303430668,"created":1722303430668,"remoteIdentityKey":"BeMqfVN6CYzBIgI3VD3ZeK43dx4rWv/14vZ/mzvVhaNK"},"_chains":{"BSGJFVGUx5nUVASlqEq2vOJvEIpEuBEocjhLkBBRHV5X":{"chainKey":{"counter":1,"key":"UYjtoXZwtGG7SvKEElS83An8+eaQt7c0fmdc1IwyRqQ="},"chainType":1,"messageKeys":{}}},"pendingPreKey":{"signedKeyId":0,"baseKey":"BRGcW+Fgj6NtikSb4el4p/Nw6prF9nrxMbgIMHMv2l4D","preKeyId":14387284}},"Be2ZxTEHV6X3Pdpv78X3p3bwTUcfgVn7jwSw0OgQTYZd":{"registrationId":290374299,"currentRatchet":{"ephemeralKeyPair":{"pubKey":"BYS4Fb8K6F7M864PRtdImfk7CaQTuWnnZYml/XoXx8pr","privKey":"CPBHzE+W0bUjXz7MStLqvnDI2ib8HuOQibMPjdq3tEI="},"lastRemoteEphemeralKey":"BdaM24FZ53lk5/v9qQHtUoks1hpxc4JUQ9uXlM5wouBI","previousCounter":0,"rootKey":"bZ7IsEgOcU8ytMmnor5I6rQJnPaOX+rmztqjrQC2xBk="},"indexInfo":{"baseKey":"Be2ZxTEHV6X3Pdpv78X3p3bwTUcfgVn7jwSw0OgQTYZd","baseKeyType":1,"closed":1722303441273,"used":1722303437181,"created":1722303437181,"remoteIdentityKey":"BeMqfVN6CYzBIgI3VD3ZeK43dx4rWv/14vZ/mzvVhaNK"},"_chains":{"BYS4Fb8K6F7M864PRtdImfk7CaQTuWnnZYml/XoXx8pr":{"chainKey":{"counter":1,"key":"gsKJpe/Lt5ToNm9HpSJjoarntQG44xDCx9KyUecZGBA="},"chainType":1,"messageKeys":{}}},"pendingPreKey":{"signedKeyId":0,"baseKey":"Be2ZxTEHV6X3Pdpv78X3p3bwTUcfgVn7jwSw0OgQTYZd","preKeyId":14387183}},"BSG/E7mIPRDMP/Gw5ohlw25iToxBW4EiVfoeS4suEw0Q":{"registrationId":290374299,"currentRatchet":{"ephemeralKeyPair":{"pubKey":"BQxW4EQ/n4dnSETt0jr96Ygy2dY3s4BgQdO90F1ajE5t","privKey":"0LcFpgiTYi+Zlhwes5iD3l4jEf0gMi8jKhpBX2CAhlM="},"lastRemoteEphemeralKey":"BdaM24FZ53lk5/v9qQHtUoks1hpxc4JUQ9uXlM5wouBI","previousCounter":0,"rootKey":"2M7q+UK5viDJgPNDZOGhQzWcpCH9JE+kThwL3OfSYJk="},"indexInfo":{"baseKey":"BSG/E7mIPRDMP/Gw5ohlw25iToxBW4EiVfoeS4suEw0Q","baseKeyType":1,"closed":1722303445466,"used":1722303441271,"created":1722303441271,"remoteIdentityKey":"BeMqfVN6CYzBIgI3VD3ZeK43dx4rWv/14vZ/mzvVhaNK"},"_chains":{"BQxW4EQ/n4dnSETt0jr96Ygy2dY3s4BgQdO90F1ajE5t":{"chainKey":{"counter":1,"key":"e6TVL9v0MV9nZlM6HXhPApgiwIKNNugRGRHhPnCptuU="},"chainType":1,"messageKeys":{}}},"pendingPreKey":{"signedKeyId":0,"baseKey":"BSG/E7mIPRDMP/Gw5ohlw25iToxBW4EiVfoeS4suEw0Q","preKeyId":14387181}},"BUDGGsS77OFgpSgslWtHxLNQK6Dz5iDEdBmq8KePqfAU":{"registrationId":290374299,"currentRatchet":{"ephemeralKeyPair":{"pubKey":"BdSpsQihFuJaxnABcQ9BRmnTzYMl6oMcVf3uqRB17Y1s","privKey":"cL1Dswt4LiDzOfVjLLzOxFlWyF9PPOpDtoms+4+OyU0="},"lastRemoteEphemeralKey":"BRZDpBFFT4p87JMPPQosLyHDoFphvnytYUV/f1WAHClT","previousCounter":66,"rootKey":"FJLxdlPu6cb8Eet8jykqrEAN91VidQq8MBDCv8f2rzw="},"indexInfo":{"baseKey":"BUDGGsS77OFgpSgslWtHxLNQK6Dz5iDEdBmq8KePqfAU","baseKeyType":1,"closed":1722317142130,"used":1722316864764,"created":1722303445464,"remoteIdentityKey":"BeMqfVN6CYzBIgI3VD3ZeK43dx4rWv/14vZ/mzvVhaNK"},"_chains":{"BRZDpBFFT4p87JMPPQosLyHDoFphvnytYUV/f1WAHClT":{"chainKey":{"counter":0,"key":"SBDgvwDLyLYx70qNmcqLzVmBW6gf+fzlbOvdy7VexU4="},"chainType":2,"messageKeys":{}},"BdSpsQihFuJaxnABcQ9BRmnTzYMl6oMcVf3uqRB17Y1s":{"chainKey":{"counter":2,"key":"65lwQftgN/GCDnmIF2rxPEgaidcKVAKbxQnawInQ5uw="},"chainType":1,"messageKeys":{}}}},"BWrIw4bVe35CTIXfL2eI27HXgt3mDzKKBzB71g7EZq5T":{"registrationId":290374299,"currentRatchet":{"ephemeralKeyPair":{"pubKey":"BfJAlrPsAjqDIcklMWk/azUjGLdQVoWdSvlpqdoCexAM","privKey":"ON+9ICZpXjGosUL8n9Buu4F70eIrvfh5RZ0G2OvAYHs="},"lastRemoteEphemeralKey":"BdaM24FZ53lk5/v9qQHtUoks1hpxc4JUQ9uXlM5wouBI","previousCounter":0,"rootKey":"NkJUJcs5YmFOLPCJ37Nn7pIKwSI7IFibNZ0qMC/M4RY="},"indexInfo":{"baseKey":"BWrIw4bVe35CTIXfL2eI27HXgt3mDzKKBzB71g7EZq5T","baseKeyType":1,"closed":1722317163697,"used":1722317142128,"created":1722317142128,"remoteIdentityKey":"BeMqfVN6CYzBIgI3VD3ZeK43dx4rWv/14vZ/mzvVhaNK"},"_chains":{"BfJAlrPsAjqDIcklMWk/azUjGLdQVoWdSvlpqdoCexAM":{"chainKey":{"counter":0,"key":"74ovtO8OGwvdxe+YsyGMEcPkL0u6csYOPWewZnYp9m8="},"chainType":1,"messageKeys":{}}},"pendingPreKey":{"signedKeyId":0,"baseKey":"BWrIw4bVe35CTIXfL2eI27HXgt3mDzKKBzB71g7EZq5T","preKeyId":14387248}},"BWSM3seH7Z0PsZLMIugPQ+biFuFh2+nI6BKjX6lqvT4W":{"registrationId":290374299,"currentRatchet":{"ephemeralKeyPair":{"pubKey":"Bagp+Cpsaw4xvWMsJTqJCpnN9k/UamXpyFUPw1r+y1p+","privKey":"cKgdYDfk1CJ8pGtYH1AwPArAeIdB+3DwJ10rwNI/TEQ="},"lastRemoteEphemeralKey":"BdaM24FZ53lk5/v9qQHtUoks1hpxc4JUQ9uXlM5wouBI","previousCounter":0,"rootKey":"luAuue9Dg9otw/twWlntfgdGX0FVe3K79GOLbXGVD7w="},"indexInfo":{"baseKey":"BWSM3seH7Z0PsZLMIugPQ+biFuFh2+nI6BKjX6lqvT4W","baseKeyType":1,"closed":1722317166598,"used":1722317163694,"created":1722317163694,"remoteIdentityKey":"BeMqfVN6CYzBIgI3VD3ZeK43dx4rWv/14vZ/mzvVhaNK"},"_chains":{"Bagp+Cpsaw4xvWMsJTqJCpnN9k/UamXpyFUPw1r+y1p+":{"chainKey":{"counter":0,"key":"+mvlbdNmceaibDh41/3t7RVV7EKBWOkRaCGkhdur9mc="},"chainType":1,"messageKeys":{}}},"pendingPreKey":{"signedKeyId":0,"baseKey":"BWSM3seH7Z0PsZLMIugPQ+biFuFh2+nI6BKjX6lqvT4W","preKeyId":14387164}},"BSu2qW7oJOt3LjLdZicDv8sCIpMIXJHS0o/oWZ4Uq4pV":{"registrationId":290374299,"currentRatchet":{"ephemeralKeyPair":{"pubKey":"BQrx7oTtsnLxeYjca2ukXjHovbmBfHKB6kXZcCxV9GdD","privKey":"8Hlu1roqYJE4iUd2EtIfo896Kex9qz9JEQo2ff9sa2M="},"lastRemoteEphemeralKey":"BdaM24FZ53lk5/v9qQHtUoks1hpxc4JUQ9uXlM5wouBI","previousCounter":0,"rootKey":"7Zk1FTaZPawQzOB3qZ75n2K6RW/2rO6XTT/YIPX+8L4="},"indexInfo":{"baseKey":"BSu2qW7oJOt3LjLdZicDv8sCIpMIXJHS0o/oWZ4Uq4pV","baseKeyType":1,"closed":1722317335990,"used":1722317166595,"created":1722317166595,"remoteIdentityKey":"BeMqfVN6CYzBIgI3VD3ZeK43dx4rWv/14vZ/mzvVhaNK"},"_chains":{"BQrx7oTtsnLxeYjca2ukXjHovbmBfHKB6kXZcCxV9GdD":{"chainKey":{"counter":8,"key":"srnRZ/vLlXpHQ+GyD1VneeJKKyBmiaH0UknY7y1wNm0="},"chainType":1,"messageKeys":{}}},"pendingPreKey":{"signedKeyId":0,"baseKey":"BSu2qW7oJOt3LjLdZicDv8sCIpMIXJHS0o/oWZ4Uq4pV","preKeyId":14387264}},"BZ64S8LIMpGDZml4z6HXSakbT2ioScJU12xO5MoL/eoj":{"registrationId":290374299,"currentRatchet":{"ephemeralKeyPair":{"pubKey":"BcFDeDkxobLSOmZwNMn04vr7e/LgLIoLi+z5RbcMfUAL","privKey":"+Fus7tn+mNrLd51Fkflk3Pe0eoLSLqtKm9wK2ghvPEM="},"lastRemoteEphemeralKey":"BVgvf87ESCNeJ0PJM6clJvEYj1d4g6vq9uycoXuROMdW","previousCounter":378,"rootKey":"Xj8m2oJoXcJnS1WJh0HZ6ku/hw++nw4lt09wtJcn2EI="},"indexInfo":{"baseKey":"BZ64S8LIMpGDZml4z6HXSakbT2ioScJU12xO5MoL/eoj","baseKeyType":1,"closed":1722480496657,"used":1722465443763,"created":1722317335982,"remoteIdentityKey":"BeMqfVN6CYzBIgI3VD3ZeK43dx4rWv/14vZ/mzvVhaNK"},"_chains":{"BVgvf87ESCNeJ0PJM6clJvEYj1d4g6vq9uycoXuROMdW":{"chainKey":{"counter":0,"key":"vbjViW0AUhHE5HUF7Yv8+c3N/9R6gtK1mWG7xz33sFo="},"chainType":2,"messageKeys":{}},"BcFDeDkxobLSOmZwNMn04vr7e/LgLIoLi+z5RbcMfUAL":{"chainKey":{"counter":55,"key":"CCFyE2xEgFSwQN1tt2nltJ2UbrfvWwhp6q8gYcDXyu4="},"chainType":1,"messageKeys":{}}}},"Bc5gxgwOj4a/3VszEz0GKughSUFXaH5C3BPyZlsHvgdD":{"registrationId":290374299,"currentRatchet":{"ephemeralKeyPair":{"pubKey":"BXXP7O61wapqRZ6it9sEslisMvW+qjFp92vYBSUmIKJy","privKey":"0K12/GkhCpXNbVol77T1zfd7lOFrG9bntIMucbbCRWg="},"lastRemoteEphemeralKey":"BaR0O3ryOwgh1a/DKbJQCLxXrSU44lMevGrsgADXq/Ic","previousCounter":0,"rootKey":"fGCWm18G1U7aa/32yfCL5Jse/s59jx4m7bK7XfQOWCk="},"indexInfo":{"baseKey":"Bc5gxgwOj4a/3VszEz0GKughSUFXaH5C3BPyZlsHvgdD","baseKeyType":1,"closed":-1,"used":1722480496388,"created":1722480496388,"remoteIdentityKey":"BeMqfVN6CYzBIgI3VD3ZeK43dx4rWv/14vZ/mzvVhaNK"},"_chains":{"BXXP7O61wapqRZ6it9sEslisMvW+qjFp92vYBSUmIKJy":{"chainKey":{"counter":60,"key":"Vth2P5CixWgOR+YxWsMB1c0w0sw21AqaADtl9wj897Y="},"chainType":1,"messageKeys":{}}},"pendingPreKey":{"signedKeyId":1,"baseKey":"Bc5gxgwOj4a/3VszEz0GKughSUFXaH5C3BPyZlsHvgdD","preKeyId":14387296}}},"version":"v1"}