{"_sessions":{"BQBya+S2j3owcaYkzE9lqglI7DWQha5CNK5AUS7d1lQ6":{"registrationId":1810719980,"currentRatchet":{"ephemeralKeyPair":{"pubKey":"BTDO3+5lyRWCHMvs+EbxYCvTv9pfjgIKgLg6rXt+xh1H","privKey":"4EKcsfc2IWGXKF4ggMToeiV2ZDWnzTQMxZfMVNifS2g="},"lastRemoteEphemeralKey":"BeqyTsTFhmq96ASceasCBvKpEpUYraog8TR+fHdqXZ8c","previousCounter":0,"rootKey":"RW1kvwqObqQHGrR7AQYipUM/N03CxTuo1WYqtpgLOfY="},"indexInfo":{"baseKey":"BQBya+S2j3owcaYkzE9lqglI7DWQha5CNK5AUS7d1lQ6","baseKeyType":1,"closed":-1,"used":1722224746969,"created":1722224746969,"remoteIdentityKey":"BRKDX0whUOItkM0JpafMTLFW/NyBRNJ76PT7eNNdCe0W"},"_chains":{"BTDO3+5lyRWCHMvs+EbxYCvTv9pfjgIKgLg6rXt+xh1H":{"chainKey":{"counter":6,"key":"KBAnkQm0Mk/Xwrnjn13oQEPyVN2gkPdO/qO0+y5fFPA="},"chainType":1,"messageKeys":{}}},"pendingPreKey":{"signedKeyId":2,"baseKey":"BQBya+S2j3owcaYkzE9lqglI7DWQha5CNK5AUS7d1lQ6"}}},"version":"v1"}