{"_sessions":{"BUAKuJsjCy0S5Byxvl1gTMZLt75rJHoMnNWHpea0Hj9X":{"registrationId":8,"currentRatchet":{"ephemeralKeyPair":{"pubKey":"BRoG4WDcHVgd6gaHTysvsRfFhLFiBwDZxEADrb2dBKks","privKey":"KL35bl2ifaJzcl9E6kg2oxpQeW42/pLEM1aJMmVHGHA="},"lastRemoteEphemeralKey":"Bfz2B7b/9+fDy41RXndJ3zNMTSGqbCOictKA6vgqjI5w","previousCounter":0,"rootKey":"PKOXDnPb3CPF7tTI5W2DIXnjflNW1EGr6d4jOzdoTuA="},"indexInfo":{"baseKey":"BUAKuJsjCy0S5Byxvl1gTMZLt75rJHoMnNWHpea0Hj9X","baseKeyType":1,"closed":-1,"used":1722224745702,"created":1722224745702,"remoteIdentityKey":"BTseLS+MfZglWJNlH4oxijdfmQZ+hV1cKsZ2W4L/yH5V"},"_chains":{"BRoG4WDcHVgd6gaHTysvsRfFhLFiBwDZxEADrb2dBKks":{"chainKey":{"counter":6,"key":"PHTiaOkIHiJtf+m7URjMwwWSG6pj4XgK0JurEvCwhLY="},"chainType":1,"messageKeys":{}}},"pendingPreKey":{"signedKeyId":1,"baseKey":"BUAKuJsjCy0S5Byxvl1gTMZLt75rJHoMnNWHpea0Hj9X","preKeyId":2981}}},"version":"v1"}