{"_sessions":{"BZsLvIHG92LiDdLLHTmX2oLKesNTv7vBUkHsC4eBHW5y":{"registrationId":455611668,"currentRatchet":{"ephemeralKeyPair":{"pubKey":"BW+ix2HnqIqKNu19cgSlC0JAFDfjo2kJrknSLotAaggd","privKey":"oALLxTvz0Ed4eUebwCNSJKCszloxv8cHS2DYLdNXdVQ="},"lastRemoteEphemeralKey":"BUd330aRGhq074xygbSODIJp6G4MY03SYD3wBeRFOwgB","previousCounter":0,"rootKey":"j8DH71J2itEgrLvoujwvDW26VrbHIC9vYdp5LQITCls="},"indexInfo":{"baseKey":"BZsLvIHG92LiDdLLHTmX2oLKesNTv7vBUkHsC4eBHW5y","baseKeyType":1,"closed":-1,"used":1722454511757,"created":1722454511757,"remoteIdentityKey":"BcpZyYM7tigea1NhLwavzEQNj08EykE0+Cavd3lNqIAM"},"_chains":{"BW+ix2HnqIqKNu19cgSlC0JAFDfjo2kJrknSLotAaggd":{"chainKey":{"counter":7,"key":"w7ii9G6wFn0wHCrbyykFgO6ddcQTI8R92YSqO99hqjs="},"chainType":1,"messageKeys":{}}},"pendingPreKey":{"signedKeyId":2,"baseKey":"BZsLvIHG92LiDdLLHTmX2oLKesNTv7vBUkHsC4eBHW5y"}}},"version":"v1"}