{"_sessions":{"Bd0jvGmFASlPtO+f/Dmo9QuF1r7ag5ownvh0vtNl5aNs":{"registrationId":9600,"currentRatchet":{"ephemeralKeyPair":{"pubKey":"BaGzLZZfl2Kgm8AJWVkdC3xh+S5qcnRmtWdR6MQC5jBg","privKey":"2NJ2JPuJM/LDP+IjxhZu7r4uw6aF2gZ2kKqgtGVVmlU="},"lastRemoteEphemeralKey":"BbwtPyI2RXA1Rf/jVMfSjzYgFAHtFSsM3l3uZaROe/Q7","previousCounter":0,"rootKey":"tcuQF1o/xk1nzsrlPWoPc3nIakwaz0x1NjvKPs+7vu0="},"indexInfo":{"baseKey":"Bd0jvGmFASlPtO+f/Dmo9QuF1r7ag5ownvh0vtNl5aNs","baseKeyType":1,"closed":-1,"used":1722224745084,"created":1722224745084,"remoteIdentityKey":"BcngJJQlPX/SSZDJmRKzCvhvQ5lZFn1nihEJMwiHLmVD"},"_chains":{"BaGzLZZfl2Kgm8AJWVkdC3xh+S5qcnRmtWdR6MQC5jBg":{"chainKey":{"counter":6,"key":"BsNcVC1VERqUsetYskro6ZAsQjEyONUwHHgWIw8aC3I="},"chainType":1,"messageKeys":{}}},"pendingPreKey":{"signedKeyId":1,"baseKey":"Bd0jvGmFASlPtO+f/Dmo9QuF1r7ag5ownvh0vtNl5aNs"}}},"version":"v1"}