{"_sessions":{"BSkkCM7HEaRLSzFyLgaVTlsfQYUnO0+oO/TduzjE9pVG":{"registrationId":1066503852,"currentRatchet":{"ephemeralKeyPair":{"pubKey":"BazYy6eYdmOCHDyan/MWJ1fKwnRWPKOeIL0bBkYZxAgV","privKey":"qIqJOxJK2YXTvdb1FGRGYiDPWP0+4XhDkXs+2QWQPHo="},"lastRemoteEphemeralKey":"BW0GlZCU5rYpcdk1T7GHF43K3MqdGRJKhfX84qHNaMAI","previousCounter":0,"rootKey":"gDZZWA3nfDn3pwsxr2mI+Yb4Wi6OaDLdgAF1es2fOpw="},"indexInfo":{"baseKey":"BSkkCM7HEaRLSzFyLgaVTlsfQYUnO0+oO/TduzjE9pVG","baseKeyType":1,"closed":-1,"used":1722302914754,"created":1722302914754,"remoteIdentityKey":"Bfq/ZBm6bVpcYC9NisXfNLpAeMA3mVhATv59r2DIU8Yc"},"_chains":{"BazYy6eYdmOCHDyan/MWJ1fKwnRWPKOeIL0bBkYZxAgV":{"chainKey":{"counter":76,"key":"i+N/A/plkeXN/usMe9klIT3xL6k2P7XpxYne282aleI="},"chainType":1,"messageKeys":{}}},"pendingPreKey":{"signedKeyId":6,"baseKey":"BSkkCM7HEaRLSzFyLgaVTlsfQYUnO0+oO/TduzjE9pVG","preKeyId":553772}}},"version":"v1"}