{"_sessions":{"BTjsow7BZB6Qu1b7o/rk/tczw3ecFyBETXRPwRWfXuNt":{"registrationId":1854,"currentRatchet":{"ephemeralKeyPair":{"pubKey":"BRUwmUMlCGDEkKlDvUinhweeDDhjyZjmtyDXpIZBQgsL","privKey":"WDETtOSrDdyqtl3xI39omd5LITenPFjyiM5Fq6QkF2w="},"lastRemoteEphemeralKey":"BbLVHuDDE0zcrTdX0T4DQA3M/I1HAiVJXhOWzoyFgn5K","previousCounter":0,"rootKey":"SMEbSFeuFRcp5ilILObGSDJzcThSppAhk1fke+ACXVQ="},"indexInfo":{"baseKey":"BTjsow7BZB6Qu1b7o/rk/tczw3ecFyBETXRPwRWfXuNt","baseKeyType":1,"closed":-1,"used":1722224745656,"created":1722224745656,"remoteIdentityKey":"BZyOfJqXtoNNsuFf8pzarXjR5s3n+qJ3HtFQLvCYvGVq"},"_chains":{"BRUwmUMlCGDEkKlDvUinhweeDDhjyZjmtyDXpIZBQgsL":{"chainKey":{"counter":6,"key":"/HOAtHMlQjhfUBzdSvFZ5cleq52HNz1ToQjLRUz1i/Q="},"chainType":1,"messageKeys":{}}},"pendingPreKey":{"signedKeyId":1,"baseKey":"BTjsow7BZB6Qu1b7o/rk/tczw3ecFyBETXRPwRWfXuNt","preKeyId":1596}}},"version":"v1"}