{"_sessions":{"BdkHME7eyGFINwOoxaL+VtcePijF7AqD5SfoIYfj38k6":{"registrationId":1455733043,"currentRatchet":{"ephemeralKeyPair":{"pubKey":"BS8Bd7II5sTYLRi16//F1x7spFxX6BuJnpkmXWYhfuQd","privKey":"cOoiuaxN0SyQoqjqu6DsOxFiHOARgJ7gq+3oSjltSGE="},"lastRemoteEphemeralKey":"BQE5Z0sMPnsx0q0gZgdc4muLiwvtzLFMaLKAuhZZ540M","previousCounter":0,"rootKey":"U0Kqlt/ytEuTFcBeWRFJ35xAR7kVGC1IlPiqGjOu3yA="},"indexInfo":{"baseKey":"BdkHME7eyGFINwOoxaL+VtcePijF7AqD5SfoIYfj38k6","baseKeyType":1,"closed":-1,"used":1722224747876,"created":1722224747876,"remoteIdentityKey":"BfmKJFxBHk7m0vpfAQxlsLMN6WM1KzdxfriY1vtw/npC"},"_chains":{"BS8Bd7II5sTYLRi16//F1x7spFxX6BuJnpkmXWYhfuQd":{"chainKey":{"counter":6,"key":"yQ9/ELdb30RmI2HIQapS1y9HWfyNQ/PpxIY5NTdFu3s="},"chainType":1,"messageKeys":{}}},"pendingPreKey":{"signedKeyId":61,"baseKey":"BdkHME7eyGFINwOoxaL+VtcePijF7AqD5SfoIYfj38k6"}}},"version":"v1"}