{"_sessions":{"BSBNDuskxUR/905w8bD7g9+X2KF4ETpGDrzdXy6jSoYf":{"registrationId":9154,"currentRatchet":{"ephemeralKeyPair":{"pubKey":"BRljOqa9A6gZCJQTcVt5grhjieIZHJzglI5KXeeDtbVj","privKey":"uGcRkKJlq71z+x+TzdBcoDrqXL2iPsy/scQwSsMxXk4="},"lastRemoteEphemeralKey":"BR7zOyWqTFwFBWXDkjViMsxhOhj+gUFDmJwi44GAe1xo","previousCounter":0,"rootKey":"HVnp3VN07BeA78BvhVTZycNJqT9CgyDJypUb0x0xYxc="},"indexInfo":{"baseKey":"BSBNDuskxUR/905w8bD7g9+X2KF4ETpGDrzdXy6jSoYf","baseKeyType":1,"closed":-1,"used":1722224745994,"created":1722224745994,"remoteIdentityKey":"BWf2EtGi3llceabCfVejTj0TCRNYD1Nk+B8OSY3ov5Aq"},"_chains":{"BRljOqa9A6gZCJQTcVt5grhjieIZHJzglI5KXeeDtbVj":{"chainKey":{"counter":6,"key":"BHyqHwva11AUhvQLSqtS/FkcoUUG9ffP+sfZCNb5Z58="},"chainType":1,"messageKeys":{}}},"pendingPreKey":{"signedKeyId":1,"baseKey":"BSBNDuskxUR/905w8bD7g9+X2KF4ETpGDrzdXy6jSoYf"}}},"version":"v1"}