{"_sessions":{"BUEUl0vCg7FMYhm40UXx6Dpf50+3f3amQiD3uTgw7kAh":{"registrationId":1333374164,"currentRatchet":{"ephemeralKeyPair":{"pubKey":"BVZepEJXiPpuB17FQCrYTB8524m4akm86HTc4iSZDLUP","privKey":"EDUGmiY8tGtS7kngHgjTOHwFEnO6yGwWs4jacbQcX24="},"lastRemoteEphemeralKey":"BZ7iLjY/+Tvyr9YY/iJxY+Kc6bYoTaP/+V87STWVf7ZB","previousCounter":30,"rootKey":"onutHXBcmK60/GyKOpITqDeWXmWq4Po4EIbVtqhsZsE="},"indexInfo":{"baseKey":"BUEUl0vCg7FMYhm40UXx6Dpf50+3f3amQiD3uTgw7kAh","baseKeyType":1,"closed":-1,"used":1722338115562,"created":1722302916196,"remoteIdentityKey":"Bcxd2qzIu2TsLqEUc+6I3L4IOQbQxjXS6mnZp8FSpZdj"},"_chains":{"BZ7iLjY/+Tvyr9YY/iJxY+Kc6bYoTaP/+V87STWVf7ZB":{"chainKey":{"counter":1,"key":"l8k1NzKLQwLJMe+T/WEoil5EHXmZX7n6U6DoctsZ9mQ="},"chainType":2,"messageKeys":{}},"BVZepEJXiPpuB17FQCrYTB8524m4akm86HTc4iSZDLUP":{"chainKey":{"counter":45,"key":"z61buyu4zFcQXLBJygIDGVZKWvJEUfQM5j6Vk87UG3Y="},"chainType":1,"messageKeys":{}}}}},"version":"v1"}