{"_sessions":{"BbC6J5qE64hjkEWwwLp7hG84uE+paw8qgyOcFlhRDv0s":{"registrationId":2078923601,"currentRatchet":{"ephemeralKeyPair":{"pubKey":"Bf6rDAFn2Yky3WH4NtTPHuF/3e6zVT/C8SN0y635RmQA","privKey":"gM3eximAg5b01VAqO41Xk15k8fbudlLXjh0VbHDLhUc="},"lastRemoteEphemeralKey":"BT1kMIFi4QATssnN3N1N36Gi/wtm7Jt5aUOSa1E7OhNm","previousCounter":0,"rootKey":"kVgucpElR4lEqUupGPBKKNqJLoxcLTA9q55+TZeNo/A="},"indexInfo":{"baseKey":"BbC6J5qE64hjkEWwwLp7hG84uE+paw8qgyOcFlhRDv0s","baseKeyType":1,"closed":-1,"used":1722454511688,"created":1722454511688,"remoteIdentityKey":"BWnCG8Pcg14lcUlbXYTtG7Frm8lWXHR/sl2JF33kKl87"},"_chains":{"Bf6rDAFn2Yky3WH4NtTPHuF/3e6zVT/C8SN0y635RmQA":{"chainKey":{"counter":7,"key":"H+/HmVPT4F2eLuGFBv/fa0qIqoqFG1KPMKZ+S9GGw/0="},"chainType":1,"messageKeys":{}}},"pendingPreKey":{"signedKeyId":0,"baseKey":"BbC6J5qE64hjkEWwwLp7hG84uE+paw8qgyOcFlhRDv0s","preKeyId":8229125}}},"version":"v1"}