{"_sessions":{"BcWdp4gvkC2WHxnOotproCRfYwKPneURM92xl9PsrEkI":{"registrationId":1457599991,"currentRatchet":{"ephemeralKeyPair":{"pubKey":"BfIjK3imoVH7TPbW4SzxRp8wC3ZLg383VeMwqdYFD8Fw","privKey":"2ABbwAISGVxDt4xkIkiW2yNnvs94VenqwMnkpRc2ZE4="},"lastRemoteEphemeralKey":"BQf4UYmuius6ViH4JFrOAAnzgmddQdEpvkA1OK4NpFdk","previousCounter":0,"rootKey":"wMurr7iTK4QJ38sZYqwqtbcBcM5U87LI2rYkFWhOnsY="},"indexInfo":{"baseKey":"BcWdp4gvkC2WHxnOotproCRfYwKPneURM92xl9PsrEkI","baseKeyType":1,"closed":-1,"used":1722454513359,"created":1722454513359,"remoteIdentityKey":"BffIBUHoIUqezPSUybQrj6YMzsrDa4jnRIjG2rbhxXwg"},"_chains":{"BfIjK3imoVH7TPbW4SzxRp8wC3ZLg383VeMwqdYFD8Fw":{"chainKey":{"counter":7,"key":"qS3+tjSl1nIhFGN9fYp1/3opJq1x3OJlOR5fOFTUIdM="},"chainType":1,"messageKeys":{}}},"pendingPreKey":{"signedKeyId":30,"baseKey":"BcWdp4gvkC2WHxnOotproCRfYwKPneURM92xl9PsrEkI","preKeyId":14371194}}},"version":"v1"}