{"_sessions":{"BUYUTJ8Lv6JdiogLlhXSdW3cR0sDtEaaRas1B0xTje5b":{"registrationId":85515559,"currentRatchet":{"ephemeralKeyPair":{"pubKey":"BeFbD7fGJmfuhkdvCac1rRHma/goBi7X5W6UGwBf9a1R","privKey":"OJ1r4Ax9NbeAWqmMt9/WukNw3iN7HhauJTAJeA8BM10="},"lastRemoteEphemeralKey":"BdejaY/sdr7XTLm9SGQFJcAHEwbquvsEM0oi6T7F/KQC","previousCounter":0,"rootKey":"5CvHNBPGAxlb+SVIIZ9R3/V3fj+ctuY0PeTzGvvy0pk="},"indexInfo":{"baseKey":"BUYUTJ8Lv6JdiogLlhXSdW3cR0sDtEaaRas1B0xTje5b","baseKeyType":1,"closed":-1,"used":1722224747359,"created":1722224747359,"remoteIdentityKey":"BbnG67ScQdgowgUgu0GL5/3ck6PcQK8Wm+xJ+eWOfllI"},"_chains":{"BeFbD7fGJmfuhkdvCac1rRHma/goBi7X5W6UGwBf9a1R":{"chainKey":{"counter":6,"key":"ituudW8bZb07IVQeu+09ShyUlNPZDICvhzqbFqLIPyw="},"chainType":1,"messageKeys":{}}},"pendingPreKey":{"signedKeyId":33,"baseKey":"BUYUTJ8Lv6JdiogLlhXSdW3cR0sDtEaaRas1B0xTje5b","preKeyId":717955}}},"version":"v1"}