{"_sessions":{"Bf/UtmY2IfwlA5HeWLTmhe4cxnZw8PIOo2/PRNgkVmde":{"registrationId":1945748096,"currentRatchet":{"ephemeralKeyPair":{"pubKey":"BYP4aifXVWpLZjxXLXSUWJpjPKpjdtvTqhInfxuKVpQG","privKey":"AHMsY95YRvJ7qse/ZTjeU7QD59RNJNX/hrbOYT7rxXo="},"lastRemoteEphemeralKey":"Be15gBVj5nGwas2cIgSrpSf4wpt42TNnt2QhQ3mJq+Jk","previousCounter":0,"rootKey":"KSIceuOM6LR6qDvEt7zf4LXugqbjyAE45djYuIuNKfU="},"indexInfo":{"baseKey":"Bf/UtmY2IfwlA5HeWLTmhe4cxnZw8PIOo2/PRNgkVmde","baseKeyType":1,"closed":-1,"used":1722224747187,"created":1722224747187,"remoteIdentityKey":"BTJSFD88vFpDuYXyrW3EO+Ls5Yb5TdW+8RTAl670r0YY"},"_chains":{"BYP4aifXVWpLZjxXLXSUWJpjPKpjdtvTqhInfxuKVpQG":{"chainKey":{"counter":6,"key":"zD69JGXgfPNDOg8e079IWiVMHW28AJFmJaZuv6XXZ9o="},"chainType":1,"messageKeys":{}}},"pendingPreKey":{"signedKeyId":1,"baseKey":"Bf/UtmY2IfwlA5HeWLTmhe4cxnZw8PIOo2/PRNgkVmde"}}},"version":"v1"}