{"_sessions":{"BZwOgqKXe4l4szR9tdtrEFNytZvC6ah8MiDsatD4cBRs":{"registrationId":1393850393,"currentRatchet":{"ephemeralKeyPair":{"pubKey":"BdUvWXd3no20lhM5phXJogofeEEquSICT0JEuCb0n9Qq","privKey":"gCwmbv+6qOiDshIntCJm2CBGAecYua5AA0TCcV7Y9E4="},"lastRemoteEphemeralKey":"BVUPmiGZcH55leuUNKtsnW2BPRTPxW51BXIHcx9tNL9k","previousCounter":0,"rootKey":"BVjj7p16k7UDTJRAUOiXXB1wA5Sjw9GEtx0cx4g9cKw="},"indexInfo":{"baseKey":"BZwOgqKXe4l4szR9tdtrEFNytZvC6ah8MiDsatD4cBRs","baseKeyType":1,"closed":-1,"used":1722454512294,"created":1722454512294,"remoteIdentityKey":"BYPZAAANfuRBTYOiK05kQZoWs36Q98dpZ87MA9fIn9RH"},"_chains":{"BdUvWXd3no20lhM5phXJogofeEEquSICT0JEuCb0n9Qq":{"chainKey":{"counter":7,"key":"NqP7nI09TiTM7oJnqBhvI5EYAS2+RG4yuakGpxnBDeg="},"chainType":1,"messageKeys":{}}},"pendingPreKey":{"signedKeyId":1,"baseKey":"BZwOgqKXe4l4szR9tdtrEFNytZvC6ah8MiDsatD4cBRs","preKeyId":5411915}}},"version":"v1"}