{"_sessions":{"Be8szSRLuatPgAu0yBztiOpwpT4YmA1+96BH9ywtje9c":{"registrationId":388878370,"currentRatchet":{"ephemeralKeyPair":{"pubKey":"BXQq/sdZ7avulGHCu1Y4nV6Iw8lAR8gpxQzIm/shonN5","privKey":"SIsNTlKzNllcuWp/KwTNGmctQFU6Km2kGTOzmyRss3U="},"lastRemoteEphemeralKey":"BS7zXSsSJNbydN3HdFJWqpkDPTf3SR0zEB10L8wourIK","previousCounter":0,"rootKey":"DIQVUGFTPpiNwTDlzuWXjaei+xalu/ylov6VOqqnOAE="},"indexInfo":{"baseKey":"Be8szSRLuatPgAu0yBztiOpwpT4YmA1+96BH9ywtje9c","baseKeyType":1,"closed":-1,"used":1722339627766,"created":1722339604366,"remoteIdentityKey":"BTd8jg3BUN7k1KiViCbIEPD7oQSNTRhdqFOvm2Ln9YMF"},"_chains":{"BS7zXSsSJNbydN3HdFJWqpkDPTf3SR0zEB10L8wourIK":{"chainKey":{"counter":0,"key":"YCsXHJTzmpu+blU+sOy5AqfXooC/U0EArY48EcPcBq8="},"chainType":2,"messageKeys":{}},"BXQq/sdZ7avulGHCu1Y4nV6Iw8lAR8gpxQzIm/shonN5":{"chainKey":{"counter":45,"key":"F1PiUiih+DXq7jqPoPOqQiBReLJBiyykuAgUSRRD/Ys="},"chainType":1,"messageKeys":{}}}}},"version":"v1"}