{"_sessions":{"BYn4zhrp+Hb+66nXPSXOPWJtJe0E8DPCsrkrSrRjgG4Q":{"registrationId":12024,"currentRatchet":{"ephemeralKeyPair":{"pubKey":"BS2l8eiaekYaj87tYCpZf+hyQaXFODxq0MQ4Ler/VLx5","privKey":"qEyy6P6yU6MiFsHTSq61FXkw42LXbIPcuBRjc6CvQHo="},"lastRemoteEphemeralKey":"BV9tp3RVlgpUTwfByfL4/Dpyb8o7rd58ccOC1aRHqnBt","previousCounter":0,"rootKey":"f4x6vIGtlEda9ZAH+G9LGHgvm8qXX/rvmX5fTFp3MvM="},"indexInfo":{"baseKey":"BYn4zhrp+Hb+66nXPSXOPWJtJe0E8DPCsrkrSrRjgG4Q","baseKeyType":1,"closed":-1,"used":1722224746262,"created":1722224746262,"remoteIdentityKey":"BWnWulWVEwnYDFhl5pxHLnpQLPqfGJA7Q1ZguC79g3px"},"_chains":{"BS2l8eiaekYaj87tYCpZf+hyQaXFODxq0MQ4Ler/VLx5":{"chainKey":{"counter":6,"key":"yXHldgrt8/nHanHWE4T6HhWy0edsre8N5eMX36aXYFI="},"chainType":1,"messageKeys":{}}},"pendingPreKey":{"signedKeyId":1,"baseKey":"BYn4zhrp+Hb+66nXPSXOPWJtJe0E8DPCsrkrSrRjgG4Q"}}},"version":"v1"}