{"_sessions":{"BeIfQ0jl0b6NvgXvldmCJTvses0ANfMPKlsLuMWAno9p":{"registrationId":104,"currentRatchet":{"ephemeralKeyPair":{"pubKey":"BZdaoUael2tg/Z6HUOTdjO0kA0OLvNegnUKQ/NAniEcs","privKey":"KE90649jNdT1XxdC7hZzo+WwRM1G3ikT53xFDA0At0o="},"lastRemoteEphemeralKey":"BXQ1uixlHiTpGuFy/Y7/7sDmi5TUSKve0zPF2btZXmhw","previousCounter":0,"rootKey":"ktjJghdh+afy6dgyOO1axJ3vyVBvyq4in5ZCzlYWbiI="},"indexInfo":{"baseKey":"BeIfQ0jl0b6NvgXvldmCJTvses0ANfMPKlsLuMWAno9p","baseKeyType":1,"closed":-1,"used":1722474101686,"created":1722474101686,"remoteIdentityKey":"BTD7onUZrdwqK63OzoRTnT0YFpkbuSfPDLMt6TjVd49l"},"_chains":{"BZdaoUael2tg/Z6HUOTdjO0kA0OLvNegnUKQ/NAniEcs":{"chainKey":{"counter":2,"key":"oD2WDqmymHq+QYURaQo91DFi4XpZ17S/1LhOePp0yyU="},"chainType":1,"messageKeys":{}}},"pendingPreKey":{"signedKeyId":1,"baseKey":"BeIfQ0jl0b6NvgXvldmCJTvses0ANfMPKlsLuMWAno9p","preKeyId":12}}},"version":"v1"}