{"_sessions":{"BaZqWlKqYGZaouO99WCX93DPxoHGzhqjBSJ/SmxNR/pZ":{"registrationId":467847394,"currentRatchet":{"ephemeralKeyPair":{"pubKey":"BSZwKSCIao3vv44xPTIp9Mop8SpprtlmxJ3y4zN0A3AI","privKey":"SBlmDSS4uBu5nXU7f229s5wbzVe7prD0VZRnu9adumI="},"lastRemoteEphemeralKey":"Ba6+ylgDiruQ/pUL5XpXjCuR2obExzEg/W2qdbQ/FuVH","previousCounter":2,"rootKey":"EhM9R8rGHa3jbfA9WxHRd0XW9zvyrMY+q6xB1IWRCDo="},"indexInfo":{"baseKey":"BaZqWlKqYGZaouO99WCX93DPxoHGzhqjBSJ/SmxNR/pZ","baseKeyType":1,"closed":-1,"used":1722489450002,"created":1722450555986,"remoteIdentityKey":"BbW1SgyDYeh2O1T2Vf448kb1/bLh3PakiCP5Og5ahcNu"},"_chains":{"BUDWE7MSc0zeaedk7LXqya9HBDOnDQNhF/lGDkl9i00k":{"chainKey":{"counter":0},"chainType":2,"messageKeys":{}},"Ba6+ylgDiruQ/pUL5XpXjCuR2obExzEg/W2qdbQ/FuVH":{"chainKey":{"counter":0,"key":"pKwbnlaR9V8cELjDiSiReuv5/FnW1DY6u2PlXApEbD8="},"chainType":2,"messageKeys":{}},"BSZwKSCIao3vv44xPTIp9Mop8SpprtlmxJ3y4zN0A3AI":{"chainKey":{"counter":-1,"key":"d9LePGfYz9W0/Nieawwf/0hdRsaQnzG9KoPwQA9dtTQ="},"chainType":1,"messageKeys":{}}}}},"version":"v1"}