{"_sessions":{"BWeXcJlcc0OxiJPPr7Zm4YXpqQNo7GZGNpuB3DffJKk/":{"registrationId":10190,"currentRatchet":{"ephemeralKeyPair":{"pubKey":"BfUugZvVUASt2uSE+CWO59yJ1IChUMddyc9Mr8aYfFIv","privKey":"GNcHNrqscouCz/GZGpLgqO5Yku05PnSzbivrIeV7LG0="},"lastRemoteEphemeralKey":"BUQSueZ9mNUXtRL/uYd2u/6BDrfU9wGsr4QLsEfircx1","previousCounter":0,"rootKey":"5uuplqfYulIW658k0IEnkHVOlGttDRZqOhV8BoWcPbw="},"indexInfo":{"baseKey":"BWeXcJlcc0OxiJPPr7Zm4YXpqQNo7GZGNpuB3DffJKk/","baseKeyType":1,"closed":-1,"used":1722224745503,"created":1722224745503,"remoteIdentityKey":"BRWTShdboUAcZnf1R+uqPGC5zhJI+gA8wQKcFYuJh8k5"},"_chains":{"BfUugZvVUASt2uSE+CWO59yJ1IChUMddyc9Mr8aYfFIv":{"chainKey":{"counter":6,"key":"RWzfwvhFUvpVDusN7ngzH9Vfet6B7T2TxPWtUyXoUIs="},"chainType":1,"messageKeys":{}}},"pendingPreKey":{"signedKeyId":1,"baseKey":"BWeXcJlcc0OxiJPPr7Zm4YXpqQNo7GZGNpuB3DffJKk/"}}},"version":"v1"}