{"_sessions":{"BUbzyuzdTtpP22F6qN1WxVRPxE1RqmOzltD9q4msvuwi":{"registrationId":975200898,"currentRatchet":{"ephemeralKeyPair":{"pubKey":"BQ+bKZ50ZLa39x5+96bbRdIhP5Dyr07i+gxfQZKHjtl2","privKey":"CADgQsRJfL9ox+XHrRBkix0Q8us6JRIR5g8UDHBkI0s="},"lastRemoteEphemeralKey":"BR1d4iL3rvH37U9biKO3G4huUBhSniPNcU1WH6LbuwtZ","previousCounter":0,"rootKey":"SqSnkZ0kIMHsuXqBVkVzeZxt9p4pY0a6pqtJxG02OSw="},"indexInfo":{"baseKey":"BUbzyuzdTtpP22F6qN1WxVRPxE1RqmOzltD9q4msvuwi","baseKeyType":1,"closed":-1,"used":1722224747898,"created":1722224747898,"remoteIdentityKey":"BU35EhnlD1fKQPRAONgDqllMy6t3/gh03qNZ5RjlFEVN"},"_chains":{"BQ+bKZ50ZLa39x5+96bbRdIhP5Dyr07i+gxfQZKHjtl2":{"chainKey":{"counter":6,"key":"KVH59wKZgmW+gcxyWJlnF6dwFD7caKI2fpiFNIKqKbY="},"chainType":1,"messageKeys":{}}},"pendingPreKey":{"signedKeyId":18,"baseKey":"BUbzyuzdTtpP22F6qN1WxVRPxE1RqmOzltD9q4msvuwi","preKeyId":2320780}}},"version":"v1"}