{"_sessions":{"BdRV7mjGZuKkXYwgDrn8EkG4rSkCRapc/cWy4NFuAYB8":{"registrationId":14769,"currentRatchet":{"ephemeralKeyPair":{"pubKey":"BTn25LEpMU9NmO7P+ZdsmO+bcMIbYfXwd4MYwIaVdqxd","privKey":"+BY8MqUiudYyPg8BPocNqVUwInw7109NXR9JyHs2e0w="},"lastRemoteEphemeralKey":"BQQfZP5qjLHJH8p3m2Ty0OIjXHnbbPjgpG4fwLtyIyEa","previousCounter":0,"rootKey":"KgCX5++bkv1BOfKdExeV5Itg1a7VM93MV2gwL7mYOtc="},"indexInfo":{"baseKey":"BdRV7mjGZuKkXYwgDrn8EkG4rSkCRapc/cWy4NFuAYB8","baseKeyType":1,"closed":-1,"used":1722224745485,"created":1722224745485,"remoteIdentityKey":"BYPSIiFPoGf8Y4FAZXt/3Jy0Ss6pofk8TCSuWiwFLA9K"},"_chains":{"BTn25LEpMU9NmO7P+ZdsmO+bcMIbYfXwd4MYwIaVdqxd":{"chainKey":{"counter":6,"key":"5yGgvdPHdzmSVu/30DcBXXYtk3vf+sZVuVQnHPxs//E="},"chainType":1,"messageKeys":{}}},"pendingPreKey":{"signedKeyId":1,"baseKey":"BdRV7mjGZuKkXYwgDrn8EkG4rSkCRapc/cWy4NFuAYB8"}}},"version":"v1"}