{"_sessions":{"BXPRatIc2TPgRaZk0BdiM9NQhVW4NGmQvrpWmaGySpRV":{"registrationId":1648800124,"currentRatchet":{"ephemeralKeyPair":{"pubKey":"BXvcHP+8hos1epdVNEDjD2hhvxSVgYDp/vBlOa8tKCEw","privKey":"EEDU6O5zY+NDOuFB8zRMOVeSO52zmtrjJDY748JhHkk="},"lastRemoteEphemeralKey":"BS7+jlqbwSG6RbkEkhK2l7glXohdIBPedCbk3q0YB6x0","previousCounter":0,"rootKey":"r4CtdwPvUjAKcTJh3+1OY2u22+RNeicpGkAL0qWESyU="},"indexInfo":{"baseKey":"BXPRatIc2TPgRaZk0BdiM9NQhVW4NGmQvrpWmaGySpRV","baseKeyType":1,"closed":-1,"used":1722224748571,"created":1722224748571,"remoteIdentityKey":"BcMQUG26KhFEbabCUP6KKpmgaZ0neUOtfBW+IFVhR4kL"},"_chains":{"BXvcHP+8hos1epdVNEDjD2hhvxSVgYDp/vBlOa8tKCEw":{"chainKey":{"counter":6,"key":"5iUOysSqSjllg3uBbQD2AgzTj4Ogf41sq9VsO4rq91k="},"chainType":1,"messageKeys":{}}},"pendingPreKey":{"signedKeyId":0,"baseKey":"BXPRatIc2TPgRaZk0BdiM9NQhVW4NGmQvrpWmaGySpRV"}}},"version":"v1"}