{"_sessions":{"BWBRUWjn9Zh9A89+loQwT+5p0lXWV8G/tXeFSbZ0V9IG":{"registrationId":4688,"currentRatchet":{"ephemeralKeyPair":{"pubKey":"BU27BTeobRo6vuekSejWaWqIEJu0mhOloNjLPxi/4nkD","privKey":"YPoFJmOTt097IwkOaGmT3TYS1gt/W9bzMRPsAX/BaUk="},"lastRemoteEphemeralKey":"BbMz8k32iOD+olCE6AndOeSftZW+nQN+0NUqG4bVEY8y","previousCounter":0,"rootKey":"XfYJ9KMpvRUXRUCJ2BxT/UCXPzbRzhxPRYiog9BP5ok="},"indexInfo":{"baseKey":"BWBRUWjn9Zh9A89+loQwT+5p0lXWV8G/tXeFSbZ0V9IG","baseKeyType":1,"closed":-1,"used":1722224745675,"created":1722224745675,"remoteIdentityKey":"BU+W4fwhohleSuhklRNPLKSovPl2fF/bPlT2PfIAi5xU"},"_chains":{"BU27BTeobRo6vuekSejWaWqIEJu0mhOloNjLPxi/4nkD":{"chainKey":{"counter":6,"key":"LLEmb3tktx55zvIbLGpSJPvPn5439UnH6EOl48B9050="},"chainType":1,"messageKeys":{}}},"pendingPreKey":{"signedKeyId":1,"baseKey":"BWBRUWjn9Zh9A89+loQwT+5p0lXWV8G/tXeFSbZ0V9IG","preKeyId":1017}}},"version":"v1"}