{"_sessions":{"BRm4BaS9GaTHB4MIARnFRLOOb6+T+7vtgB0amNDquAhj":{"registrationId":1912848886,"currentRatchet":{"ephemeralKeyPair":{"pubKey":"BajRjOzvDnTABUABJc789i0UVkm1dWzpEhwKD5dP/j0W","privKey":"SPjiGsJBSwPc1Np4yXc7m4cJ57QJxfU3TO0P9aXkD2I="},"lastRemoteEphemeralKey":"BXqtn2xD4SvWP3QBsfw8/5E7d8f/bJ8UlOnIn3hh1P4+","previousCounter":0,"rootKey":"8FZqUXjTJD64+/1fIWAitlrylJAVZBjVBqBlq7N8Xno="},"indexInfo":{"baseKey":"BRm4BaS9GaTHB4MIARnFRLOOb6+T+7vtgB0amNDquAhj","baseKeyType":1,"closed":-1,"used":1722450555991,"created":1722450555991,"remoteIdentityKey":"BfQ9mcZDjigZeH+FkzkLAbHlsJZfq2JIezBixNeGH98f"},"_chains":{"BajRjOzvDnTABUABJc789i0UVkm1dWzpEhwKD5dP/j0W":{"chainKey":{"counter":8,"key":"muJohEy3D+eWgiYuo3MGjc5FHBLPJAB68P6IG2gZ6lc="},"chainType":1,"messageKeys":{}}},"pendingPreKey":{"signedKeyId":0,"baseKey":"BRm4BaS9GaTHB4MIARnFRLOOb6+T+7vtgB0amNDquAhj","preKeyId":11871452}}},"version":"v1"}