{"_sessions":{"BQrOpf5prM20xfwIJRxQKGokwevOf02Pn1fxrHpeT4Js":{"registrationId":2044375645,"currentRatchet":{"ephemeralKeyPair":{"pubKey":"BYY1ygVc9HIzmYCiTMBWITwwqNhUgXR6SdAwQrs9lMNC","privKey":"qPFVNHywDGy0yn553qnq5UCVCRJkFs1Iy7UyckeQ4Uc="},"lastRemoteEphemeralKey":"BaOk58L+Sqfq07I42qLpHxDywiVzL1Ddm821fQMQfC1d","previousCounter":0,"rootKey":"Rr74Bp0Lm+kTzA8xjxJqo96dP+6LGQ/2GP1HwADOZhA="},"indexInfo":{"baseKey":"BQrOpf5prM20xfwIJRxQKGokwevOf02Pn1fxrHpeT4Js","baseKeyType":1,"closed":-1,"used":1722302914263,"created":1722302914263,"remoteIdentityKey":"BXNStzJMU04C9wYuqwMJiuR7uEVpI5qiHlGb7nfhReda"},"_chains":{"BYY1ygVc9HIzmYCiTMBWITwwqNhUgXR6SdAwQrs9lMNC":{"chainKey":{"counter":76,"key":"zrTS8mw3/CxUrq5Ar1cJLFAja9uYrKHh8C0M+iTvKo0="},"chainType":1,"messageKeys":{}}},"pendingPreKey":{"signedKeyId":0,"baseKey":"BQrOpf5prM20xfwIJRxQKGokwevOf02Pn1fxrHpeT4Js"}}},"version":"v1"}