{"_sessions":{"BbR3gYw8Oj6meCteC1Gl5nPtzqEQD6Qyu2QjzsMbe4Zy":{"registrationId":193,"currentRatchet":{"ephemeralKeyPair":{"pubKey":"BY+mORa9oyrX8BuJ2FIgNckwCvrsr1NB8Y7i/YGmE9Rl","privKey":"GJOFg426yoAlO+9VzDTyJhbF2l8v1xleaIvtSKf5qEI="},"lastRemoteEphemeralKey":"BYDXgg8+MzoGRz1nQ/tCKWSCKZgEGCSeotYjFu5XF7Nj","previousCounter":0,"rootKey":"MKB/30mwn9+H86CeLlCAJe8bK43bRFUn2IeI6Ih/Ya4="},"indexInfo":{"baseKey":"BbR3gYw8Oj6meCteC1Gl5nPtzqEQD6Qyu2QjzsMbe4Zy","baseKeyType":1,"closed":-1,"used":1722302914403,"created":1722302914403,"remoteIdentityKey":"BVWKTeh/OR0518efxz1t0M4OmAkGjSOXkocYq2zzECID"},"_chains":{"BY+mORa9oyrX8BuJ2FIgNckwCvrsr1NB8Y7i/YGmE9Rl":{"chainKey":{"counter":79,"key":"7BfFTtOB7hncUvC4lzq+nAyNG2yVKkObb60SHA+IGgY="},"chainType":1,"messageKeys":{}}},"pendingPreKey":{"signedKeyId":1,"baseKey":"BbR3gYw8Oj6meCteC1Gl5nPtzqEQD6Qyu2QjzsMbe4Zy"}}},"version":"v1"}