{"_sessions":{"BbKUpUanE5qX4uMxNK3RXdd9qJlvxVCriD//WEveKiVb":{"registrationId":1964348037,"currentRatchet":{"ephemeralKeyPair":{"pubKey":"BVfXsAyJ3+i6Fzv9Kw7cESrtRGB4llt/moQ9Oz1mTJ4n","privKey":"COqKzx9QXOoBlTRQbCJh0hbvozAYawsdWabctJafR2w="},"lastRemoteEphemeralKey":"BYCk19/MGHyAOBQg0bfnmpvTw4WQ5liEgz7nnxBZJ8VP","previousCounter":0,"rootKey":"6yqZ7IcW14MFC2NPJ09+t2cGKbaiLTJwjWun6x+ohtI="},"indexInfo":{"baseKey":"BbKUpUanE5qX4uMxNK3RXdd9qJlvxVCriD//WEveKiVb","baseKeyType":1,"closed":-1,"used":1722224747006,"created":1722224747006,"remoteIdentityKey":"BQd7gQiKokPWS+PpAlew9I27WCmqcXoIz8qBjsKjfDZm"},"_chains":{"BVfXsAyJ3+i6Fzv9Kw7cESrtRGB4llt/moQ9Oz1mTJ4n":{"chainKey":{"counter":6,"key":"iL59GX97z/5rqhFMBy+LH8/ezF2/IrVtJPwJH7/HDGw="},"chainType":1,"messageKeys":{}}},"pendingPreKey":{"signedKeyId":3,"baseKey":"BbKUpUanE5qX4uMxNK3RXdd9qJlvxVCriD//WEveKiVb","preKeyId":16424799}}},"version":"v1"}