{"_sessions":{"Be1gxH3yEK+W9IzKqD1Q+zACtia2/9NLqtddVSSY5l9O":{"registrationId":869,"currentRatchet":{"ephemeralKeyPair":{"pubKey":"BWFpjEukRUaJOuta9/T34+40hN6o08UDa7UDG9G3P6cB","privKey":"EPwcd8Fo68U02Dzb4ytyXnkXk67mlEzX16jksWCVpmQ="},"lastRemoteEphemeralKey":"BcAI3TUrpl6bziDn7XfgakkrhAVr++s38Cg6SlFltR4m","previousCounter":0,"rootKey":"W4UT8yxVR6zVpHOqnEDQWBk9U8pkcq/ew1YTLj5WEVE="},"indexInfo":{"baseKey":"Be1gxH3yEK+W9IzKqD1Q+zACtia2/9NLqtddVSSY5l9O","baseKeyType":1,"closed":-1,"used":1722224746296,"created":1722224746296,"remoteIdentityKey":"BdYgNLzlv+QkHLuHJujsqQVEj4FskTl5P5cdF3I8+Gs7"},"_chains":{"BWFpjEukRUaJOuta9/T34+40hN6o08UDa7UDG9G3P6cB":{"chainKey":{"counter":6,"key":"58bUK9/r34CtWLT+1TO7ayNqm5sIqYKdii3AYdSo7Yk="},"chainType":1,"messageKeys":{}}},"pendingPreKey":{"signedKeyId":1,"baseKey":"Be1gxH3yEK+W9IzKqD1Q+zACtia2/9NLqtddVSSY5l9O","preKeyId":951}}},"version":"v1"}