{"_sessions":{"Bf/ieZiCGn281Z6yXXDDCkhD8bWdYDtd8pDKFitCbMQZ":{"registrationId":625009676,"currentRatchet":{"ephemeralKeyPair":{"pubKey":"BSK3QL/2hqqn9VCYFTCM2+wO4sQgFtaWoXEJzIdqhmcE","privKey":"IBe9XSyOBRZxyaKOHcYe4a7VTQPiyBpmT9o0pwoluHI="},"lastRemoteEphemeralKey":"BZq52GKIenVCcKwn5SAmq5Mvw+oQRC17m/XqVZipbadx","previousCounter":0,"rootKey":"S5nq+0S/JGfGvlqy1esJrfBFvFBf1hGDHt54qqcAd2c="},"indexInfo":{"baseKey":"Bf/ieZiCGn281Z6yXXDDCkhD8bWdYDtd8pDKFitCbMQZ","baseKeyType":1,"closed":-1,"used":1722224748190,"created":1722224748190,"remoteIdentityKey":"BdyrlwAU9iYSNmA7q6m8t48dUKXdmQaTnJmyCcalJvwU"},"_chains":{"BSK3QL/2hqqn9VCYFTCM2+wO4sQgFtaWoXEJzIdqhmcE":{"chainKey":{"counter":6,"key":"V3oz33Us7BNMw2QehqNbJYAfm6ILKLAo2bJ3WYTY3rg="},"chainType":1,"messageKeys":{}}},"pendingPreKey":{"signedKeyId":0,"baseKey":"Bf/ieZiCGn281Z6yXXDDCkhD8bWdYDtd8pDKFitCbMQZ"}}},"version":"v1"}