{"_sessions":{"BbBxVOELcCNEZDsFjVI7dp5YAGag/5RmbmipEmF6wxU6":{"registrationId":607745345,"currentRatchet":{"ephemeralKeyPair":{"pubKey":"BQfWNn1WEzpRO03Zpy9wrMY3gqjCbP3q6W6Q0ERglxl1","privKey":"sDJcJTfcIg+oosQLBU4y8VMkMRJzImULEGdKiTh8vkU="},"lastRemoteEphemeralKey":"BVciFvpBlGOMjTjwAxM3YU+9N77OpHbbaa8XWjzqQT8B","previousCounter":0,"rootKey":"SkC3YDKLWJyT2fk9fi0oBcop4UmPbJqFFkaJVYOBidY="},"indexInfo":{"baseKey":"BbBxVOELcCNEZDsFjVI7dp5YAGag/5RmbmipEmF6wxU6","baseKeyType":1,"closed":-1,"used":1722302915279,"created":1722302915279,"remoteIdentityKey":"BR+X6UZQJJ1C4AAHTEeIPr8YXzE19hiL/wA8uiD+mPQr"},"_chains":{"BQfWNn1WEzpRO03Zpy9wrMY3gqjCbP3q6W6Q0ERglxl1":{"chainKey":{"counter":76,"key":"LFaMX6jYamE5nu0pK4k2x3lXGrmVUHEuSxlEeX9ibug="},"chainType":1,"messageKeys":{}}},"pendingPreKey":{"signedKeyId":8,"baseKey":"BbBxVOELcCNEZDsFjVI7dp5YAGag/5RmbmipEmF6wxU6","preKeyId":9180601}}},"version":"v1"}