{"_sessions":{"BZGJD9qbolp5BENhr6oE72nP5bhgVlbXKW5h6WtytXht":{"registrationId":520671442,"currentRatchet":{"ephemeralKeyPair":{"pubKey":"BUvH+T6MduR2Y25kGa6dU1+tVkOVWPx01/LdVSthg+ZU","privKey":"IHi1Y0SOb2BjuMNKwCM7jU39sGND/kA3Arx1GbxmN38="},"lastRemoteEphemeralKey":"BYApkbTEI2E76We+vC/uF/Uurkj58kzSL7QjxjK3CrdD","previousCounter":0,"rootKey":"c3WrPj/AY/QLkYPlIRYj3xkXnkPjDRt8f5HCUOUcZYs="},"indexInfo":{"baseKey":"BZGJD9qbolp5BENhr6oE72nP5bhgVlbXKW5h6WtytXht","baseKeyType":1,"closed":-1,"used":1722224747192,"created":1722224747192,"remoteIdentityKey":"BZuVsI5Og5shrAUfaZtI+lpY4eESmmuK4vbfZfiG2D1u"},"_chains":{"BUvH+T6MduR2Y25kGa6dU1+tVkOVWPx01/LdVSthg+ZU":{"chainKey":{"counter":6,"key":"m5f1B/BSm+C/qh9nj+yVqIJ4M0H+FR5KmW3lDUijZWM="},"chainType":1,"messageKeys":{}}},"pendingPreKey":{"signedKeyId":0,"baseKey":"BZGJD9qbolp5BENhr6oE72nP5bhgVlbXKW5h6WtytXht"}}},"version":"v1"}