{"_sessions":{"Bf+mK4HyGe/aNNHynlhZiH9cRPrgKQQhY+XlRtyW0Kds":{"registrationId":151,"currentRatchet":{"ephemeralKeyPair":{"pubKey":"BcJB381S+IpJTd4JH3AoahVdloHqpdDY8zhSQ7mMyCx+","privKey":"0NkH/m55kjM1BUPQDtINqRllP7Iv6KlzMK/g5+5GLlE="},"lastRemoteEphemeralKey":"BfUVe1ax+lIcoBrMPTWugUilHSvTHEf+quTRMQ5lLuoK","previousCounter":0,"rootKey":"PKQmETXqYHL6kkMzBf2sIdQ17+++HSCPAl8CZVDv2+4="},"indexInfo":{"baseKey":"Bf+mK4HyGe/aNNHynlhZiH9cRPrgKQQhY+XlRtyW0Kds","baseKeyType":1,"closed":-1,"used":1722454511279,"created":1722454511279,"remoteIdentityKey":"BXALle8YKsxwcqnmMZqQdbSpMySDVXHx6yGQYXwHHxVm"},"_chains":{"BcJB381S+IpJTd4JH3AoahVdloHqpdDY8zhSQ7mMyCx+":{"chainKey":{"counter":7,"key":"dr8FF9pxtfNBSpLNmY0QTLLyo53fJR/MLCnpwCP7xsM="},"chainType":1,"messageKeys":{}}},"pendingPreKey":{"signedKeyId":1,"baseKey":"Bf+mK4HyGe/aNNHynlhZiH9cRPrgKQQhY+XlRtyW0Kds","preKeyId":105}}},"version":"v1"}