{"_sessions":{"BerG8tYXDdq4KIJ5ySOJmhUp5BAZyVLa8VGDs71Mw8Zm":{"registrationId":2131029666,"currentRatchet":{"ephemeralKeyPair":{"pubKey":"BSRuLXmBCtI/Qzv4QWcjDA/J8VpspgkK7Uxgz+iFy30K","privKey":"mA+hUS6OfBmjk80+hsTiOwILH2Fdgi8EWj15b0vk/H0="},"lastRemoteEphemeralKey":"BX8fn1B5Cw4yZz/xibIJ42RG7GUlPoF80Uq9kgqWkDID","previousCounter":0,"rootKey":"MStbZL/BYOFQO7D2onmxTkyAegIonuhirz0/9vVwcxA="},"indexInfo":{"baseKey":"BerG8tYXDdq4KIJ5ySOJmhUp5BAZyVLa8VGDs71Mw8Zm","baseKeyType":1,"closed":-1,"used":1722224747475,"created":1722224747475,"remoteIdentityKey":"BbjmtiGAs/CN8SufIDUsp0WoaV0dTa+FQt6nU6/EZhRN"},"_chains":{"BSRuLXmBCtI/Qzv4QWcjDA/J8VpspgkK7Uxgz+iFy30K":{"chainKey":{"counter":6,"key":"x8f1mn393Rc/jG82XEDWiH0TmvB9WFIOx9hwvH47yig="},"chainType":1,"messageKeys":{}}},"pendingPreKey":{"signedKeyId":1,"baseKey":"BerG8tYXDdq4KIJ5ySOJmhUp5BAZyVLa8VGDs71Mw8Zm","preKeyId":5008150}}},"version":"v1"}