{"_sessions":{"BaLe7/YGKquKuVoXuYMWfXfSNkEsoujmB0nOUXLhfk5w":{"registrationId":154,"currentRatchet":{"ephemeralKeyPair":{"pubKey":"BWXFzWoMF5/mn/r28TYiJwTrACD8kvDyn4zqNLAQ2K9C","privKey":"eLm7TMOhSpO8HlIWP9/okwHicJVJHz06STzLT1Kp3Hs="},"lastRemoteEphemeralKey":"BZ6sqtjAYhy2BU43XQ1Ug/led+7/0gs5MrEtutF+yGJG","previousCounter":0,"rootKey":"0N11jyX5QCGdJCGeV+LnW7ImCUYZlAaO2FMwaHf1lyU="},"indexInfo":{"baseKey":"BaLe7/YGKquKuVoXuYMWfXfSNkEsoujmB0nOUXLhfk5w","baseKeyType":1,"closed":-1,"used":1722454510963,"created":1722454510963,"remoteIdentityKey":"BQ+Y9az6oNzLAEFixSDhjb3hY3qV8b5zqN06BWfeaHln"},"_chains":{"BWXFzWoMF5/mn/r28TYiJwTrACD8kvDyn4zqNLAQ2K9C":{"chainKey":{"counter":7,"key":"MTX0YQjgkIKkggd9/v2Mo4Owa1WHBeLQjMvBoO90M18="},"chainType":1,"messageKeys":{}}},"pendingPreKey":{"signedKeyId":1,"baseKey":"BaLe7/YGKquKuVoXuYMWfXfSNkEsoujmB0nOUXLhfk5w"}}},"version":"v1"}