{"_sessions":{"BUqq4kHM9Om8dkT2q/+2OzLPHKrz0j2s2RGZIzi1QlUI":{"registrationId":1511150432,"currentRatchet":{"ephemeralKeyPair":{"pubKey":"BaiabfQzS+3VcScmINVBiC+E08mL3xSQLucbv1wkjp5H","privKey":"0Oq7uh1d8hUWiNvs7wKQi2rPK4M/Z9D8F/cGsQhV5FA="},"lastRemoteEphemeralKey":"BZXmYNgY3ris8IObXoy355xo+PRxGRl+Lbema9VAlP8O","previousCounter":0,"rootKey":"8b1yIEZtlm0MBArxEUGgrV50njaiiNijxb7/vuY2K3g="},"indexInfo":{"baseKey":"BUqq4kHM9Om8dkT2q/+2OzLPHKrz0j2s2RGZIzi1QlUI","baseKeyType":1,"closed":-1,"used":1722224748777,"created":1722224748777,"remoteIdentityKey":"Bb2wj3E5H4owLdbjgldFbXi05Bw/KekNyUn+5U59yXoe"},"_chains":{"BaiabfQzS+3VcScmINVBiC+E08mL3xSQLucbv1wkjp5H":{"chainKey":{"counter":6,"key":"M4NbPnggJDWtUuU2sgyMA/rdv39b1bQ63W8YA8K11Ug="},"chainType":1,"messageKeys":{}}},"pendingPreKey":{"signedKeyId":0,"baseKey":"BUqq4kHM9Om8dkT2q/+2OzLPHKrz0j2s2RGZIzi1QlUI"}}},"version":"v1"}