{"_sessions":{"Bf7qRDrRhOaYNxSjOglqVdOoAmjswGchJ4Zx51QPkx4Q":{"registrationId":1823805984,"currentRatchet":{"ephemeralKeyPair":{"pubKey":"BWHcPS2BMCO79d+K7OtkElcMEvoF2CYdgu/GUmPCxTZ+","privKey":"cOnR2PLtGovriw4CmdyTOCAZztA++ixoW/5rdZEuZUI="},"lastRemoteEphemeralKey":"BaUpO6fX9TUW7Sa+genKHhXd1z8uXPxPp8BpFC1ywQFG","previousCounter":0,"rootKey":"jWkM+ZX3mwiE6JavhxwDYagxwyGGoDdMcWM2z5SzhMU="},"indexInfo":{"baseKey":"Bf7qRDrRhOaYNxSjOglqVdOoAmjswGchJ4Zx51QPkx4Q","baseKeyType":1,"closed":-1,"used":1722224748858,"created":1722224748858,"remoteIdentityKey":"BfgzdeMF4WHIsyFQENxt1BPfjdwj4w1+nu/wRdoq9Itc"},"_chains":{"BWHcPS2BMCO79d+K7OtkElcMEvoF2CYdgu/GUmPCxTZ+":{"chainKey":{"counter":6,"key":"AlE4BCJ4v5bxVSLNzGoaRaB5Nx7McgdtPkcnohi6v60="},"chainType":1,"messageKeys":{}}},"pendingPreKey":{"signedKeyId":0,"baseKey":"Bf7qRDrRhOaYNxSjOglqVdOoAmjswGchJ4Zx51QPkx4Q","preKeyId":9400734}}},"version":"v1"}