{"_sessions":{"Bd/dArdpDIgk4lw8LN8xn4vZBaunCjQxwqXoMMm95S0R":{"registrationId":193,"currentRatchet":{"ephemeralKeyPair":{"pubKey":"BR5dKP1k1KTh7jq8z5r9AX7wveAJn7LyOmPO7GKF/RQo","privKey":"wFV64FxPiJewxtm/mOL7xIHwdyQK0hofaTITXEYNrV4="},"lastRemoteEphemeralKey":"BXSt1GyHXBo6OOBFyewSu95e5zI/54WPqL+Zmw7ZKoUJ","previousCounter":0,"rootKey":"cT78oZjGguRt2FaIcF62Ypm6VuQPTS3fwYA1NK9ufQo="},"indexInfo":{"baseKey":"Bd/dArdpDIgk4lw8LN8xn4vZBaunCjQxwqXoMMm95S0R","baseKeyType":1,"closed":-1,"used":1722302914258,"created":1722302914258,"remoteIdentityKey":"BZ+M4CAwU7mRyxakI0rUwACp/TM1zjz1T/GLurhSIVI2"},"_chains":{"BR5dKP1k1KTh7jq8z5r9AX7wveAJn7LyOmPO7GKF/RQo":{"chainKey":{"counter":76,"key":"yWDGVmj7mSVqPn+NyDemolXro7asH8KBqsOAtTwgIO8="},"chainType":1,"messageKeys":{}}},"pendingPreKey":{"signedKeyId":1,"baseKey":"Bd/dArdpDIgk4lw8LN8xn4vZBaunCjQxwqXoMMm95S0R"}}},"version":"v1"}