{"_sessions":{"BTRu6P0Rt8Ps/Vj3OQdO57mk7ftQI3NYzA9Uo+3oSVYt":{"registrationId":4090,"currentRatchet":{"ephemeralKeyPair":{"pubKey":"BR0U5ts4Q70j8FOJOFNqC3rGP6DBVteUfa8d8onqg3UF","privKey":"qFiwyt5wssDce3Ouh45VG4vDhiKop6s/irrJ5W8PWVo="},"lastRemoteEphemeralKey":"BdY/tGzXQUEE16Uh93sQ3Et9I4fTjgFn/g2k8z1cuyc5","previousCounter":0,"rootKey":"O0ni0xj3i9TG2dHhmahi9teCzWNC9SCZpQXHQlY5Ll0="},"indexInfo":{"baseKey":"BTRu6P0Rt8Ps/Vj3OQdO57mk7ftQI3NYzA9Uo+3oSVYt","baseKeyType":1,"closed":-1,"used":1722224745872,"created":1722224745872,"remoteIdentityKey":"BehdpFm3zMkn/Tw8Y+0C63hBwAftNORrQczYVfjAGVMe"},"_chains":{"BR0U5ts4Q70j8FOJOFNqC3rGP6DBVteUfa8d8onqg3UF":{"chainKey":{"counter":6,"key":"T3RSToKuw0kiG06o+PipeEQIXv7APf0F63ogQ1SsXp8="},"chainType":1,"messageKeys":{}}},"pendingPreKey":{"signedKeyId":1,"baseKey":"BTRu6P0Rt8Ps/Vj3OQdO57mk7ftQI3NYzA9Uo+3oSVYt"}}},"version":"v1"}