{"_sessions":{"BV9teNR0nbngHXA8B4kHyGkzIs3ZMhWApDXa0b5ddLp7":{"registrationId":4020,"currentRatchet":{"ephemeralKeyPair":{"pubKey":"BUWLJAXdSo1+XvrzW+ju1VA2h5Kv8taR+acX9G6nDMBs","privKey":"2FYpLH3qOjiz5XrnN+ntRiR38AUBM74wB7g0ewYE5XE="},"lastRemoteEphemeralKey":"BU//VAmBbteJ3DTBcLNxOh7DGG+j6fGg1kTZL09J/wkG","previousCounter":0,"rootKey":"BzoOouyAyJtnh2s56Iiwwho9iHEuJhi3ZxcTtceh/6c="},"indexInfo":{"baseKey":"BV9teNR0nbngHXA8B4kHyGkzIs3ZMhWApDXa0b5ddLp7","baseKeyType":1,"closed":-1,"used":1722302914659,"created":1722302914659,"remoteIdentityKey":"BRx8KAwkTrGcC4FR03bybmg3VCJVXY0V4K8Lqq0YUWZV"},"_chains":{"BUWLJAXdSo1+XvrzW+ju1VA2h5Kv8taR+acX9G6nDMBs":{"chainKey":{"counter":76,"key":"oqruc1RFt0p4TeZ4RscFGr01NMtrb3hZRzEPTsFfWUM="},"chainType":1,"messageKeys":{}}},"pendingPreKey":{"signedKeyId":1,"baseKey":"BV9teNR0nbngHXA8B4kHyGkzIs3ZMhWApDXa0b5ddLp7"}}},"version":"v1"}