{"_sessions":{"BTJKCWHFZO+9gzlmoWg7ugjNO3tFhwMem6Bd65vL7Dh6":{"registrationId":2133317393,"currentRatchet":{"ephemeralKeyPair":{"pubKey":"Ba+H9IeFjGBGrM++nBzCSzRM09Aa8ktisncTyC1qNSBL","privKey":"eOD69FRlI3PpTdsFNzTWEGOZKxtNfs9ZOkaodM94Blk="},"lastRemoteEphemeralKey":"BYXDjP/WPOak1rIatdxifAGD5BhBXZK1/J4SWh48AmJ4","previousCounter":0,"rootKey":"M0pkdLWIjwFXEIqI523XNplGeqVWorDx2MXSPmLL4RM="},"indexInfo":{"baseKey":"BTJKCWHFZO+9gzlmoWg7ugjNO3tFhwMem6Bd65vL7Dh6","baseKeyType":1,"closed":-1,"used":1722224748675,"created":1722224748675,"remoteIdentityKey":"BerPscGZRfVmpowvK+yUJfTm644sLH2kFE9zbcKFGrpw"},"_chains":{"Ba+H9IeFjGBGrM++nBzCSzRM09Aa8ktisncTyC1qNSBL":{"chainKey":{"counter":6,"key":"BXL4Eklv70EzJ3YyglH5fHu4iBfKPQtJHdJTaqmCgw8="},"chainType":1,"messageKeys":{}}},"pendingPreKey":{"signedKeyId":0,"baseKey":"BTJKCWHFZO+9gzlmoWg7ugjNO3tFhwMem6Bd65vL7Dh6"}}},"version":"v1"}