{"_sessions":{"BWJ8O8YBWYm8EDnzQJEhWK0IHlz6vVx2ZIYN3GXKpiAa":{"registrationId":1688467701,"currentRatchet":{"ephemeralKeyPair":{"pubKey":"BUR6UDjRyjZjZ0YaoIujSnxk35v377BOJ0gJQDQ+eD8f","privKey":"cEYEIsnQlK/mFBpx3oYr50g4LiAoPUvKArDkjcybdH4="},"lastRemoteEphemeralKey":"BXp030QctUS6F8q3Sd1JvzJw5eaNer5fj0HgMjeke09Q","previousCounter":0,"rootKey":"tiTjC0d+8q2I00ybXU/5wXsuL8vzd5FPeCyM+1WiCtk="},"indexInfo":{"baseKey":"BWJ8O8YBWYm8EDnzQJEhWK0IHlz6vVx2ZIYN3GXKpiAa","baseKeyType":1,"closed":-1,"used":1722454512087,"created":1722454512087,"remoteIdentityKey":"BdHpFTUj1AcGyJc0mI96mz2utheNrJ0yujCvUEDOLxxM"},"_chains":{"BUR6UDjRyjZjZ0YaoIujSnxk35v377BOJ0gJQDQ+eD8f":{"chainKey":{"counter":7,"key":"to4SDTclPnNZiWRu+1HO1/Pdw2gHkfmRPWKJ+RSicvA="},"chainType":1,"messageKeys":{}}},"pendingPreKey":{"signedKeyId":0,"baseKey":"BWJ8O8YBWYm8EDnzQJEhWK0IHlz6vVx2ZIYN3GXKpiAa","preKeyId":3941777}}},"version":"v1"}