{"_sessions":{"Be/1LOSoKpTe1iWp2bHSsQjGWCr60HfzxNVIBd2rKDs1":{"registrationId":383117298,"currentRatchet":{"ephemeralKeyPair":{"pubKey":"Bfx4/PnUgC/hnNb81RMDJss1bF90dASTh/bIij4SWfBZ","privKey":"8MSSHh+X/kFm5bJz5yj14T1R0nLQomTNC9Ry7bPV2F8="},"lastRemoteEphemeralKey":"BbNVYUZNv0/6nvWgT80fqg5xk2geSfIelRou7IoFMmpt","previousCounter":0,"rootKey":"kN8/z8WwS8HrTZoLWnwWV3TT/6Qsxri9ABkK+X0weDI="},"indexInfo":{"baseKey":"Be/1LOSoKpTe1iWp2bHSsQjGWCr60HfzxNVIBd2rKDs1","baseKeyType":1,"closed":-1,"used":1722224747088,"created":1722224747088,"remoteIdentityKey":"BWnbtAFDT87iy+scDuKkqndkS8NrET3Hf5JnF08ja3BF"},"_chains":{"Bfx4/PnUgC/hnNb81RMDJss1bF90dASTh/bIij4SWfBZ":{"chainKey":{"counter":6,"key":"CoanPNW1kgTX27gt4to2JLlngPDJsFiK8AWDMSCCL84="},"chainType":1,"messageKeys":{}}},"pendingPreKey":{"signedKeyId":0,"baseKey":"Be/1LOSoKpTe1iWp2bHSsQjGWCr60HfzxNVIBd2rKDs1","preKeyId":8003596}}},"version":"v1"}