{"_sessions":{"Bc0WXE+M6UD/SaSQ3M0R+RDz+4Hcr2KGXzZsHsSPl+Vs":{"registrationId":1803350751,"currentRatchet":{"ephemeralKeyPair":{"pubKey":"Bbjs9I2vg1PxsClPAM1lzmpJudrJ+hkE1Zray4mQZhs6","privKey":"yIn8+pRDOu8BJkBRBuraj9To1UOQk7RoTY/3zFuM9ks="},"lastRemoteEphemeralKey":"BbJL4fllSeOSDRkZQMhQXbgYKPPkkjRybtWsRUUch5BQ","previousCounter":0,"rootKey":"I3wXADn6ONs0k5q/fLExu23UVV4fZVEKoljAX3nxw4I="},"indexInfo":{"baseKey":"Bc0WXE+M6UD/SaSQ3M0R+RDz+4Hcr2KGXzZsHsSPl+Vs","baseKeyType":1,"closed":-1,"used":1722224746787,"created":1722224746787,"remoteIdentityKey":"BbMn46LeCgqMP2h8ju4p9cOtXhTdFH7GfykLPmVtY3IO"},"_chains":{"Bbjs9I2vg1PxsClPAM1lzmpJudrJ+hkE1Zray4mQZhs6":{"chainKey":{"counter":6,"key":"miw80tm2KH+oJINznhhQSwSsQHKcf//xC0sKHSoPU4k="},"chainType":1,"messageKeys":{}}},"pendingPreKey":{"signedKeyId":2,"baseKey":"Bc0WXE+M6UD/SaSQ3M0R+RDz+4Hcr2KGXzZsHsSPl+Vs"}}},"version":"v1"}