{"_sessions":{"BXGI0YsxfRR3SoT9euuFuXtSHjAx5cShthPnnFMIqDNA":{"registrationId":314276552,"currentRatchet":{"ephemeralKeyPair":{"pubKey":"BdMhF3ONFqEiSoAM+FAAb2h9zF0bbMf3WHbfRsqTPWMS","privKey":"4FNan64/2ZnJ494DgbG/KjErU8DlylNSNgsE9QmKgks="},"lastRemoteEphemeralKey":"BU/W5UGGElGr7Ffi32xuyS6X9j5+dviAqUC+IFhdAJ5W","previousCounter":0,"rootKey":"h0sZkcz+FlVSDtc81yOULZkIBDxROzc/gMr0Gf2CuVs="},"indexInfo":{"baseKey":"BXGI0YsxfRR3SoT9euuFuXtSHjAx5cShthPnnFMIqDNA","baseKeyType":1,"closed":1722325401666,"used":1722302915606,"created":1722302915606,"remoteIdentityKey":"BUjBnjH8e1vSHfeUj++AnSnYokfsdRkrP4aRkcGQOs4j"},"_chains":{"BdMhF3ONFqEiSoAM+FAAb2h9zF0bbMf3WHbfRsqTPWMS":{"chainKey":{"counter":29,"key":"YjqQpDZpuznJBMpbxyWbRFUzA5JTqDyAeH4GcB8ks1c="},"chainType":1,"messageKeys":{}}},"pendingPreKey":{"signedKeyId":0,"baseKey":"BXGI0YsxfRR3SoT9euuFuXtSHjAx5cShthPnnFMIqDNA","preKeyId":16698141}},"BU9entGwRSFQXhW9ssG8ajoo19bJpluLM1fKK/VoaEkg":{"registrationId":1316905697,"currentRatchet":{"ephemeralKeyPair":{"pubKey":"BQCmiKg4dz0K8Mt/hG1BzHJDoW/p2QQ3v+0WQbWBrmF+","privKey":"gEB04NYFRILfQk1hqU5YTDCOpLHTaFym7MUHpDMBPG0="},"lastRemoteEphemeralKey":"Bb/0MmQ7u56RJrgdSlcZtFBxQqjvQvVBeX0g1sU0uksE","previousCounter":0,"rootKey":"UwrD5kQP9mch8shXg8N/elx8gbhnY2iJuXU/mtUTYlQ="},"indexInfo":{"baseKey":"BU9entGwRSFQXhW9ssG8ajoo19bJpluLM1fKK/VoaEkg","baseKeyType":1,"closed":-1,"used":1722325401660,"created":1722325401660,"remoteIdentityKey":"BWxRuWFiJVmjaUrV3nl71OiFQ+9uouoztHvh+Yf2lhAX"},"_chains":{"BQCmiKg4dz0K8Mt/hG1BzHJDoW/p2QQ3v+0WQbWBrmF+":{"chainKey":{"counter":46,"key":"DywZVqCIKTxtn5DbjjB0KTVO58ZWSXMUl0+/TFuG4jY="},"chainType":1,"messageKeys":{}}},"pendingPreKey":{"signedKeyId":0,"baseKey":"BU9entGwRSFQXhW9ssG8ajoo19bJpluLM1fKK/VoaEkg"}}},"version":"v1"}