{"_sessions":{"BdYpvGlAa0YBKWrSE73dyycToflC0cYLkhmn1EsnzgxU":{"registrationId":2020539011,"currentRatchet":{"ephemeralKeyPair":{"pubKey":"BcCZ7iscxa3B0U6ynof6TMsv8fjmiOQ3aMw38vN6+UAW","privKey":"aHiht7ZeZjUEKyqa46mnMhgLTpgCAYbBnSwiihjFwXg="},"lastRemoteEphemeralKey":"BT1qw4La+ht1sCAARI4CILtCyRNZC7/vczTfWVg15Q8R","previousCounter":0,"rootKey":"q7mDcMapSZcDRyOrqBq0pypF0pmKOdciu1YhgS7gZhA="},"indexInfo":{"baseKey":"BdYpvGlAa0YBKWrSE73dyycToflC0cYLkhmn1EsnzgxU","baseKeyType":1,"closed":-1,"used":1722302916171,"created":1722302916171,"remoteIdentityKey":"BZGvyr4hMoQQLD5n6aWtaF66A0rBk0xyhTBP3UzjY/5Z"},"_chains":{"BcCZ7iscxa3B0U6ynof6TMsv8fjmiOQ3aMw38vN6+UAW":{"chainKey":{"counter":76,"key":"8tvIB7SvehMdTd5SmKSr6+0pisFocTQ8JqS1c6+abHA="},"chainType":1,"messageKeys":{}}},"pendingPreKey":{"signedKeyId":0,"baseKey":"BdYpvGlAa0YBKWrSE73dyycToflC0cYLkhmn1EsnzgxU","preKeyId":8837878}}},"version":"v1"}