{"_sessions":{"BUE1MlSRyduecl4gNkAFx/vK6yypQBCuSoOWU2228t0n":{"registrationId":48402718,"currentRatchet":{"ephemeralKeyPair":{"pubKey":"BXUnumMDivBLNbZ5qXGG7MJOU5pYhgN+JLNuutliXNhh","privKey":"cKWovLZe8bzAPZDq93VX5+d9nKpDNClswHl4pe4krWU="},"lastRemoteEphemeralKey":"BWxov40UMwcLSuw2LTkCZbytO1j1Dp0XgAwahRbap5NJ","previousCounter":52,"rootKey":"eVJP/Q7s1M7ql29OKq5Kmlqf3g+7Hko99u9cqI6kQ8I="},"indexInfo":{"baseKey":"BUE1MlSRyduecl4gNkAFx/vK6yypQBCuSoOWU2228t0n","baseKeyType":1,"closed":-1,"used":1722408872198,"created":1722302916061,"remoteIdentityKey":"BQke11IZshideZQO7JKCMlVl7VZ80Xq9TFRnxUc+9QV0"},"_chains":{"BWxov40UMwcLSuw2LTkCZbytO1j1Dp0XgAwahRbap5NJ":{"chainKey":{"counter":1,"key":"dfUvvZ5GeyBWC7NDUS22bp35vPxuyKrY+9EmYDfbgN0="},"chainType":2,"messageKeys":{}},"BXUnumMDivBLNbZ5qXGG7MJOU5pYhgN+JLNuutliXNhh":{"chainKey":{"counter":23,"key":"PNitXtlXMGrYnr007lT79qDHVNPPLPo/RzLwaycG2OM="},"chainType":1,"messageKeys":{}}}}},"version":"v1"}