{"_sessions":{"Be2gxsrmPBaNAEgw1h4mavA3i8lw0M9xMeJpRi9K6Ut1":{"registrationId":459378965,"currentRatchet":{"ephemeralKeyPair":{"pubKey":"BaWNrsepuS/4kpcHIsci0ujRZdNwCd79kjUvQnuEoqBo","privKey":"4KE+m8tBVqOemwvTJ5R4d+7XF1O7iLFb39fAfXI8vGk="},"lastRemoteEphemeralKey":"BR2Q3wKrK66xxCAHF24hQfS4wbJ5j3zyHTtl2/KOlf5s","previousCounter":0,"rootKey":"Zj84t3gjzd66okymrDc4Hv81V1JUE8eihT+cM8TjcYk="},"indexInfo":{"baseKey":"Be2gxsrmPBaNAEgw1h4mavA3i8lw0M9xMeJpRi9K6Ut1","baseKeyType":1,"closed":-1,"used":1722224746200,"created":1722224746200,"remoteIdentityKey":"BQ4WiMVi9FKmS9OVyMHs/BnFdiMk3YhDt69woL8M2u4J"},"_chains":{"BaWNrsepuS/4kpcHIsci0ujRZdNwCd79kjUvQnuEoqBo":{"chainKey":{"counter":6,"key":"OVPZYK3X9ydDfCftp5G0+iN8zLWI/+m5fazBYPbb+zA="},"chainType":1,"messageKeys":{}}},"pendingPreKey":{"signedKeyId":9185677,"baseKey":"Be2gxsrmPBaNAEgw1h4mavA3i8lw0M9xMeJpRi9K6Ut1"}}},"version":"v1"}