{"_sessions":{"BRevIDTnOTXr0xX9em9ZhEZlpOH8jxjYFw8Lvtzzt1EP":{"registrationId":156278925,"currentRatchet":{"ephemeralKeyPair":{"pubKey":"BaNMlDXlN8daWUyYlkKBuDM2VKz7RVTidbUgMUpDAPdu","privKey":"0FTj5GQHVFEdSg/X9qsNIu6GxL6yMujRkh5AkoAXWnM="},"lastRemoteEphemeralKey":"BV7F9VkBFPGcL8XOCNHGYwf5mUiEo5sRFH9tZng4rU0j","previousCounter":0,"rootKey":"YrcR03pKTNmxsMtnNG4k41av7Q8U4xepk46hj8THmTE="},"indexInfo":{"baseKey":"BRevIDTnOTXr0xX9em9ZhEZlpOH8jxjYFw8Lvtzzt1EP","baseKeyType":1,"closed":-1,"used":1722224747999,"created":1722224747999,"remoteIdentityKey":"BWBJFE9CWVQp9VW0pArEqOcfTdToOveAIIOEb2FAQCpI"},"_chains":{"BaNMlDXlN8daWUyYlkKBuDM2VKz7RVTidbUgMUpDAPdu":{"chainKey":{"counter":6,"key":"/RxrC0OrZR5fOKfpuoNf9ZPprjMl7+u/Jah6Wu0ifEg="},"chainType":1,"messageKeys":{}}},"pendingPreKey":{"signedKeyId":0,"baseKey":"BRevIDTnOTXr0xX9em9ZhEZlpOH8jxjYFw8Lvtzzt1EP","preKeyId":1237894}}},"version":"v1"}