{"_sessions":{"Ba0iugpH5Y25+Fs4+b3xgfHb67CLURfymmmh1YPVvqNz":{"registrationId":9925,"currentRatchet":{"ephemeralKeyPair":{"pubKey":"BSnUZxWU937UsBzLb+4YsLM+7DEyap2F5bs7+uT/rPQl","privKey":"MJzRMSyGbTQgGOiovFNh9FyIHO31ezkDbijmD1FpZEw="},"lastRemoteEphemeralKey":"BXTT91682Z58n4dFXbEJaeHaXDbyNapS3wjM7+PsfBEz","previousCounter":0,"rootKey":"ADQpkWlki6lIhPk7NbmaU5q0G1iFjdi2FIUv0xp9nDA="},"indexInfo":{"baseKey":"Ba0iugpH5Y25+Fs4+b3xgfHb67CLURfymmmh1YPVvqNz","baseKeyType":1,"closed":-1,"used":1722224745371,"created":1722224745371,"remoteIdentityKey":"BVdydCA92pdDydoUw6Sj08rsuhqM62cyMFfv6t1QD/c7"},"_chains":{"BSnUZxWU937UsBzLb+4YsLM+7DEyap2F5bs7+uT/rPQl":{"chainKey":{"counter":6,"key":"TUaJNwP/Bd+fxvlxl7OLNDJPK63hjAWF9oE7NpGxqdU="},"chainType":1,"messageKeys":{}}},"pendingPreKey":{"signedKeyId":1,"baseKey":"Ba0iugpH5Y25+Fs4+b3xgfHb67CLURfymmmh1YPVvqNz"}}},"version":"v1"}