{"_sessions":{"BXxEJ8JM57gp+nOO7XMX13x9VxkkJHTaTu6Qutj0B8tA":{"registrationId":1771347429,"currentRatchet":{"ephemeralKeyPair":{"pubKey":"BfRE0TFz9CXE6t7yie04YyUFvuMdBqlXQuvVi+1BPDtZ","privKey":"gGFBvCmpB5rgvpvEQtE4ib57FjawjccswEJSFGRaKFc="},"lastRemoteEphemeralKey":"BSAyZDvjdMZ+dcj+CDPp5rszeguGL1/DmOZsF13GysIu","previousCounter":0,"rootKey":"vPMkZGc6W89txyP1k5gT6VuOJ83KAe0DbKbXjSnWUWY="},"indexInfo":{"baseKey":"BXxEJ8JM57gp+nOO7XMX13x9VxkkJHTaTu6Qutj0B8tA","baseKeyType":1,"closed":-1,"used":1722224748407,"created":1722224748407,"remoteIdentityKey":"BTFLe1iWptl07sccZDzKg/xfKqMUNJQEnweCYaGBBXQO"},"_chains":{"BfRE0TFz9CXE6t7yie04YyUFvuMdBqlXQuvVi+1BPDtZ":{"chainKey":{"counter":6,"key":"YvdMnOjsNDM2CIXGomedKSeHo/Hmk4j2RaVe5a98IvU="},"chainType":1,"messageKeys":{}}},"pendingPreKey":{"signedKeyId":0,"baseKey":"BXxEJ8JM57gp+nOO7XMX13x9VxkkJHTaTu6Qutj0B8tA"}}},"version":"v1"}