{"_sessions":{"BSl0YyNfjUmwHLhon1BoCySy4z32imjKc3hFhS/g4zde":{"registrationId":55,"currentRatchet":{"ephemeralKeyPair":{"pubKey":"BTqNziGYd+xaCwJfs+LV/VApg6I4k7xL2on/jMWcF6ky","privKey":"SOyMK0x3aMOF6J1mEl8Nn9v7gh45xUH35V8syYSB63g="},"lastRemoteEphemeralKey":"BUF7AQFv0bKLjSgVNngVEQMPLCGNJ5xVHGkaLCnwnIJp","previousCounter":0,"rootKey":"eWPdfLuXaRC72BnLLXEvtlHq6F84MQQX4cK9eFYPhDY="},"indexInfo":{"baseKey":"BSl0YyNfjUmwHLhon1BoCySy4z32imjKc3hFhS/g4zde","baseKeyType":1,"closed":-1,"used":1722378392093,"created":1722378392093,"remoteIdentityKey":"BWm7SDe6kE3Ng0VDZeiGDiozgU9IgumEDpiZWetfmyEx"},"_chains":{"BTqNziGYd+xaCwJfs+LV/VApg6I4k7xL2on/jMWcF6ky":{"chainKey":{"counter":34,"key":"P1iZ9Unp+Iwp5NGwzTEFJmPJMWefTiJvn14/9lGTdXk="},"chainType":1,"messageKeys":{}}},"pendingPreKey":{"signedKeyId":1,"baseKey":"BSl0YyNfjUmwHLhon1BoCySy4z32imjKc3hFhS/g4zde"}}},"version":"v1"}