{"_sessions":{"BciTtoB34l24jzfBgLFmD+4p/Rl+7zr8LlFMH6vPZDMt":{"registrationId":1657967592,"currentRatchet":{"ephemeralKeyPair":{"pubKey":"BUmtfYArePki2qRyNa91r3r5cot8INqMoZSbBufqv19h","privKey":"GPTVVCaGw1A0Q9u+rHccjjtgRW4PjRcR2DQlhEL/0Xw="},"lastRemoteEphemeralKey":"Befz2XnQo4c3HgLsegS5FqzzFwFORy0ZnVHqOvo/PHh5","previousCounter":0,"rootKey":"eOZ8PZSzAeXbLTxNlhA9Mv8l6gbYqHLu4BTtv5wE4OE="},"indexInfo":{"baseKey":"BciTtoB34l24jzfBgLFmD+4p/Rl+7zr8LlFMH6vPZDMt","baseKeyType":1,"closed":1722402016367,"used":1722302914795,"created":1722302914795,"remoteIdentityKey":"BaX2t04ovLcBTGQ5ggkP5YD/U3zWozLC0AlH1EbXajgZ"},"_chains":{"BUmtfYArePki2qRyNa91r3r5cot8INqMoZSbBufqv19h":{"chainKey":{"counter":49,"key":"ACpzkvFLPLtoEC/LNMd5NJp1a0HXmVbi3gQbSbdfsCQ="},"chainType":1,"messageKeys":{}}},"pendingPreKey":{"signedKeyId":3,"baseKey":"BciTtoB34l24jzfBgLFmD+4p/Rl+7zr8LlFMH6vPZDMt","preKeyId":11760198}},"BWYB8U5WrFe8LNAqLUluFHsg29ZBh5t7GhIby4m38iUB":{"registrationId":2056645791,"currentRatchet":{"ephemeralKeyPair":{"pubKey":"BRCFIvCV3rdaSInxszA5mfLl6r5i1C518xwTIOqPvhdg","privKey":"sEBm0os+yhl8xqE/u0UOrMqG9NLoXH+i/Vy+72sB7Vg="},"lastRemoteEphemeralKey":"BUudWYgmi0gqowiu6ouMumw9rqshgV0mMxF2CH4qliEz","previousCounter":0,"rootKey":"7gf5Ya75MKACv6+SHLsSnr+6MXi6uch6Ti5qNFLWUCI="},"indexInfo":{"baseKey":"BWYB8U5WrFe8LNAqLUluFHsg29ZBh5t7GhIby4m38iUB","baseKeyType":1,"closed":1722402025068,"used":1722402016365,"created":1722402016365,"remoteIdentityKey":"BX5xUFZ88xBiHUaSi7xastTNFKbl35OmV8kMr/Cg6AVZ"},"_chains":{"BRCFIvCV3rdaSInxszA5mfLl6r5i1C518xwTIOqPvhdg":{"chainKey":{"counter":0,"key":"+hMAAIdks/PbGqU1iaL3AwGxftPCymHsIZkNPmQtuU0="},"chainType":1,"messageKeys":{}}},"pendingPreKey":{"signedKeyId":0,"baseKey":"BWYB8U5WrFe8LNAqLUluFHsg29ZBh5t7GhIby4m38iUB","preKeyId":14226098}},"BTNuxXBogvJ62/4vIesumee20n6yVnaIppIIl8WVGxwf":{"registrationId":2056645791,"currentRatchet":{"ephemeralKeyPair":{"pubKey":"BQ5xqs53ODPc7aqTLyjA0+6I1zbTgdN9H8GK5FjSFLFF","privKey":"ILiKrJXW4J9zUcdBDhh2SGBlQwbnECRIe84sJ54QIlI="},"lastRemoteEphemeralKey":"BUudWYgmi0gqowiu6ouMumw9rqshgV0mMxF2CH4qliEz","previousCounter":0,"rootKey":"6gUNx8GTAyyJqMg1Ed2FGWgZI/2HG76wMwODNtiGgEs="},"indexInfo":{"baseKey":"BTNuxXBogvJ62/4vIesumee20n6yVnaIppIIl8WVGxwf","baseKeyType":1,"closed":1722402027196,"used":1722402025064,"created":1722402025064,"remoteIdentityKey":"BX5xUFZ88xBiHUaSi7xastTNFKbl35OmV8kMr/Cg6AVZ"},"_chains":{"BQ5xqs53ODPc7aqTLyjA0+6I1zbTgdN9H8GK5FjSFLFF":{"chainKey":{"counter":0,"key":"uGWbM/xZGjSE9Osumork/qG9Nf2dq0A4Fdk6+UUQbPI="},"chainType":1,"messageKeys":{}}},"pendingPreKey":{"signedKeyId":0,"baseKey":"BTNuxXBogvJ62/4vIesumee20n6yVnaIppIIl8WVGxwf","preKeyId":14226457}},"BcfIfAgKAv5Lpf7OKf27m1ePyiAAcjEnGG+kd94jvdlV":{"registrationId":2056645791,"currentRatchet":{"ephemeralKeyPair":{"pubKey":"Bei2cheRlElZb0wrUx9AAYb7dPgOca8ol+OsfnkR5aNA","privKey":"WPrmOhppyTIqOnzoexzCtbACpB0nrI65X/dDdFyEx0I="},"lastRemoteEphemeralKey":"BcliyTFua/0UiUIyaSxL00EIIuELUGZ6QDSNJ8VJV8o0","previousCounter":14,"rootKey":"fwY4b/lX7TRhAWqijERksbvRdu5vJrYLihIs0h/rfIs="},"indexInfo":{"baseKey":"BcfIfAgKAv5Lpf7OKf27m1ePyiAAcjEnGG+kd94jvdlV","baseKeyType":1,"closed":-1,"used":1722413479387,"created":1722402027183,"remoteIdentityKey":"BX5xUFZ88xBiHUaSi7xastTNFKbl35OmV8kMr/Cg6AVZ"},"_chains":{"BcliyTFua/0UiUIyaSxL00EIIuELUGZ6QDSNJ8VJV8o0":{"chainKey":{"counter":0,"key":"hqKtdT3C2AyKWNc/wys//bZBY2HUUmlHuv/osvsmHEY="},"chainType":2,"messageKeys":{}},"Bei2cheRlElZb0wrUx9AAYb7dPgOca8ol+OsfnkR5aNA":{"chainKey":{"counter":9,"key":"+FjzrdjDM18DHUkdleRnc1iBPTXg4ZedPAtJeO6E+7Y="},"chainType":1,"messageKeys":{}}}}},"version":"v1"}