{"_sessions":{"BTGc75Ph9Sn8ls8FObeAMMhA+AhVsfXrlbuDXrMJsAcA":{"registrationId":1307737878,"currentRatchet":{"ephemeralKeyPair":{"pubKey":"BUbCuay0PhMajbZYUWG/RJHvcMMK9h0sFpJ/43vTRfI+","privKey":"UCvVOGpKkZ0vhc3aoLtBnY8cfPzAhQrxas2JVgCnmmU="},"lastRemoteEphemeralKey":"BaFXnef5PMLWP4yiVrA2aaN5AselyR5IcExYJnxcE3AG","previousCounter":0,"rootKey":"E0ng+3VvsEpfM2i3zt+QC/UaRva/ubT2jCGhHT1yUB4="},"indexInfo":{"baseKey":"BTGc75Ph9Sn8ls8FObeAMMhA+AhVsfXrlbuDXrMJsAcA","baseKeyType":1,"closed":-1,"used":1722224748267,"created":1722224748267,"remoteIdentityKey":"BUSyCBWPPzBuE32GuFno+z4+jdxkhFTQXJFMaDzvb1Yh"},"_chains":{"BUbCuay0PhMajbZYUWG/RJHvcMMK9h0sFpJ/43vTRfI+":{"chainKey":{"counter":6,"key":"CKICINmHV7W90n6cSeS/GNYl4Gn6D22bWduGz/1pfWM="},"chainType":1,"messageKeys":{}}},"pendingPreKey":{"signedKeyId":0,"baseKey":"BTGc75Ph9Sn8ls8FObeAMMhA+AhVsfXrlbuDXrMJsAcA"}}},"version":"v1"}