{"_sessions":{"BURW6feHX8QEuMazDThSHdKTPI9lpiWSkdwfTor8n3Fs":{"registrationId":802140620,"currentRatchet":{"ephemeralKeyPair":{"pubKey":"BfcNAq4au9xmkcu2vxQLoVYekQuIoKwjqZ/QQNpWuwRn","privKey":"IIcxslnU3Ey0xPP5xgfDXzYQQQY4jFPCgw/fSH5c5lk="},"lastRemoteEphemeralKey":"BW1s7i9XaulVUPMZa75aMa19jdqbFyJcyKBbehwRyV5z","previousCounter":0,"rootKey":"hY1ONgpNvHyyV+67UhT2phE922GzkMM3OSINoB6Ariw="},"indexInfo":{"baseKey":"BURW6feHX8QEuMazDThSHdKTPI9lpiWSkdwfTor8n3Fs","baseKeyType":1,"closed":-1,"used":1722224748975,"created":1722224748975,"remoteIdentityKey":"BQCrikwZojMWlvQJ3Nv3WaMV6QKPOQSbgrNLAVSviiVF"},"_chains":{"BfcNAq4au9xmkcu2vxQLoVYekQuIoKwjqZ/QQNpWuwRn":{"chainKey":{"counter":6,"key":"90k2OWolo8o8o0JMZE/6gWG/w8PbJ8K7A5F8N/vn1gQ="},"chainType":1,"messageKeys":{}}},"pendingPreKey":{"signedKeyId":4,"baseKey":"BURW6feHX8QEuMazDThSHdKTPI9lpiWSkdwfTor8n3Fs","preKeyId":10458241}}},"version":"v1"}