{"_sessions":{"BVNC1KGSXRMeZCioSvpff51G+fq/wycrM0Mcrvjuu/ZJ":{"registrationId":11061,"currentRatchet":{"ephemeralKeyPair":{"pubKey":"BVemOph0njr8FiYgvTs+g8In4qjyAOFK9rHX6z3bM3NX","privKey":"wPElXRXlnBIfBC3GHv+OocSl9uyAgwMq9ri2sBarhVQ="},"lastRemoteEphemeralKey":"BZdywB4WAgWoDFvT9mmpCIi6oR2mDhD3cnt/R2oWCtcN","previousCounter":0,"rootKey":"PL6B5REwD3S2SfInVu01f1gRTg9irkgIRKalLt3r6yc="},"indexInfo":{"baseKey":"BVNC1KGSXRMeZCioSvpff51G+fq/wycrM0Mcrvjuu/ZJ","baseKeyType":1,"closed":-1,"used":1722224745960,"created":1722224745960,"remoteIdentityKey":"BQuKvPwMu+Yriv0tT8cZzhSwoqkwQbq2voCfguK8ntMp"},"_chains":{"BVemOph0njr8FiYgvTs+g8In4qjyAOFK9rHX6z3bM3NX":{"chainKey":{"counter":6,"key":"6bMx4ZvaCwBvoGXrFLVXJDNXn/V4BkzhXs65mNPzSYQ="},"chainType":1,"messageKeys":{}}},"pendingPreKey":{"signedKeyId":1,"baseKey":"BVNC1KGSXRMeZCioSvpff51G+fq/wycrM0Mcrvjuu/ZJ"}}},"version":"v1"}