{"_sessions":{"BfMo3tAtOhii+sgbErSxx473gb8pcGZlJsAT4KGRkTR5":{"registrationId":1677291652,"currentRatchet":{"ephemeralKeyPair":{"pubKey":"BUGCWv2AnQ8dkC/KvYhF1Bd2sdIlzBazMU1tntmlyAl6","privKey":"mLubAXx2HYEAXRKoa8vk6uutbNr/OyRD94HqROOtE0s="},"lastRemoteEphemeralKey":"BcdQe94WOUjTlKOhC1O2niaWVkaqFJ6GlPXCfF1EFbVY","previousCounter":0,"rootKey":"UDAsKa7qPgISGt06IDTpHYfXcVQ7Y3qvLEMqEbtl8CY="},"indexInfo":{"baseKey":"BfMo3tAtOhii+sgbErSxx473gb8pcGZlJsAT4KGRkTR5","baseKeyType":1,"closed":-1,"used":1722224748264,"created":1722224748264,"remoteIdentityKey":"BfHRUhJ1ZrOhhlGD/vTmbmP1CmLDw7EV5eZD1VvTQwZi"},"_chains":{"BUGCWv2AnQ8dkC/KvYhF1Bd2sdIlzBazMU1tntmlyAl6":{"chainKey":{"counter":6,"key":"gB6nH5Xb6NVw0KGSPEpSojz2/wqHAfO+1xiPnb4cmgU="},"chainType":1,"messageKeys":{}}},"pendingPreKey":{"signedKeyId":0,"baseKey":"BfMo3tAtOhii+sgbErSxx473gb8pcGZlJsAT4KGRkTR5","preKeyId":11443852}}},"version":"v1"}