{"_sessions":{"BSfJB7Tz4jjJz+DiBvKHKzAUbYAcMEPHGbOPwRwjuTMw":{"registrationId":1823966985,"currentRatchet":{"ephemeralKeyPair":{"pubKey":"BWjggz9gqo0SqRaBHW4LRoDY7BKfkQlEaw5sbR1jfblq","privKey":"SJJ2iCcqX+oHRHhff0wVCMalA71VXFzLbb90jT36ulQ="},"lastRemoteEphemeralKey":"BSd3Nsv2xuVE4WTWo3l1trtQE/49GBvm4klrbZC9YuV/","previousCounter":0,"rootKey":"vtRlMk3ZIRZSgiOTcPB8fwE29gtY2yWMb1CQo23h9MY="},"indexInfo":{"baseKey":"BSfJB7Tz4jjJz+DiBvKHKzAUbYAcMEPHGbOPwRwjuTMw","baseKeyType":1,"closed":-1,"used":1722224747272,"created":1722224747272,"remoteIdentityKey":"BU5uiGIISKk9EEs94/Mb6z27r//4gNSHeUyNPR2RZhE7"},"_chains":{"BWjggz9gqo0SqRaBHW4LRoDY7BKfkQlEaw5sbR1jfblq":{"chainKey":{"counter":6,"key":"cbd2r5WSs2m/OcHS2bkH+TwhT3aOUuOLYV/oVODfA5Y="},"chainType":1,"messageKeys":{}}},"pendingPreKey":{"signedKeyId":0,"baseKey":"BSfJB7Tz4jjJz+DiBvKHKzAUbYAcMEPHGbOPwRwjuTMw"}}},"version":"v1"}