{"_sessions":{"BZWLNNViC+EcJxz3/FbR+jwjuKtX74ruo0OgXQpzWg0r":{"registrationId":730398353,"currentRatchet":{"ephemeralKeyPair":{"pubKey":"BTVv0xC1DjXGc6Iy7TaME3l+CglScS8VCOul/1VitxAi","privKey":"0AbEMBxCZnXYHuF+VsczBkXP1Ko1h51COotZKkJDPUk="},"lastRemoteEphemeralKey":"BUPvfBAEYpC2ooAZ482I6CA68BW/o2S/J34NGpLD6cQy","previousCounter":0,"rootKey":"imel4ctqe0zJBXxYr5alq42fl2+L7v8gz4VUM9iYg7k="},"indexInfo":{"baseKey":"BZWLNNViC+EcJxz3/FbR+jwjuKtX74ruo0OgXQpzWg0r","baseKeyType":1,"closed":-1,"used":1722454512974,"created":1722454512974,"remoteIdentityKey":"BcIv5qjjm96oFDHVBRLbJJVzowZAXeiRpAE1syT07iAc"},"_chains":{"BTVv0xC1DjXGc6Iy7TaME3l+CglScS8VCOul/1VitxAi":{"chainKey":{"counter":7,"key":"AbWzdPwrOqZGIvk2IrROJ2x0O6KuI6XNnxR7maml1uY="},"chainType":1,"messageKeys":{}}},"pendingPreKey":{"signedKeyId":2,"baseKey":"BZWLNNViC+EcJxz3/FbR+jwjuKtX74ruo0OgXQpzWg0r","preKeyId":14082128}}},"version":"v1"}