{"_sessions":{"BabAQ0Me7LNRoYkVW7VdeBgpGem8qbhaZprWOmMiRp1p":{"registrationId":154,"currentRatchet":{"ephemeralKeyPair":{"pubKey":"BXoGG+uxDTjAZWHwgf7RXA/unEWk2Ex5dofxxzto0KQN","privKey":"oH3obT8MselbMXt7GwMak6/zy9A2ey3y4SEDUiAtB3c="},"lastRemoteEphemeralKey":"BdgjEA69//7+BgollHkiOtj8ckwHZ/9u0Ai2jpMXT31M","previousCounter":0,"rootKey":"TqPxXP0b/jFJRuP/r6BbbpLNsovq7olKjnMhVOc/CZk="},"indexInfo":{"baseKey":"BabAQ0Me7LNRoYkVW7VdeBgpGem8qbhaZprWOmMiRp1p","baseKeyType":2,"closed":-1,"used":1722356983383,"created":1722356983383,"remoteIdentityKey":"BQ+Y9az6oNzLAEFixSDhjb3hY3qV8b5zqN06BWfeaHln"},"_chains":{"BdgjEA69//7+BgollHkiOtj8ckwHZ/9u0Ai2jpMXT31M":{"chainKey":{"counter":0,"key":"rlii3Aq9rK0MQENCKJwmx3Vp6sJaEqDQRmzxl56yDy8="},"chainType":2,"messageKeys":{}},"BXoGG+uxDTjAZWHwgf7RXA/unEWk2Ex5dofxxzto0KQN":{"chainKey":{"counter":34,"key":"mRljIhGs9CbMuqVFe9aSEjx4IYLF71ADBcclfF2e0FM="},"chainType":1,"messageKeys":{}}}}},"version":"v1"}