{"_sessions":{"BR89C6W4jRIF9Ww8bHX8ve+bqHclBJF1jX0d6ia2GDxL":{"registrationId":319601936,"currentRatchet":{"ephemeralKeyPair":{"pubKey":"BeKIds7kshKrFVtctYop3gKcL3IeQelWBmNiWtgtyYZ8","privKey":"oAdk3kxScToifAI8bsnMXbZ/52ti+lNhiAcm2cR1LWw="},"lastRemoteEphemeralKey":"BW/QLrn5IBnmLt9IqwpftZ+Tbm6x0tky+rdwzBnZ72NI","previousCounter":0,"rootKey":"zGO2VwRtEBNNptAnii2ES6WT7Ob1VxMM92r16BIG3eQ="},"indexInfo":{"baseKey":"BR89C6W4jRIF9Ww8bHX8ve+bqHclBJF1jX0d6ia2GDxL","baseKeyType":1,"closed":-1,"used":1722302915991,"created":1722302915991,"remoteIdentityKey":"BfhnC2GOYimF5DbBpgxTyFdiNf0O3Tj1khwznqrCBD0s"},"_chains":{"BeKIds7kshKrFVtctYop3gKcL3IeQelWBmNiWtgtyYZ8":{"chainKey":{"counter":76,"key":"KwPpIOh1dsPkqPdXUdFIZbr9zLhqXPyKcct0GQsy3SU="},"chainType":1,"messageKeys":{}}},"pendingPreKey":{"signedKeyId":0,"baseKey":"BR89C6W4jRIF9Ww8bHX8ve+bqHclBJF1jX0d6ia2GDxL","preKeyId":9996246}}},"version":"v1"}