{"_sessions":{"BQexvM+PUtc/FGC29il8f5JGdtBQ2kZXAEYtXoPqeh9s":{"registrationId":1041543989,"currentRatchet":{"ephemeralKeyPair":{"pubKey":"BVA3LiQsXPCSWOwPUWS9q5kW6BPinklSItvng7cyHT9C","privKey":"OIC4mnAy3PRCS9thelqNUGoqv3vZXvQg5jY/Sc/2LEI="},"lastRemoteEphemeralKey":"BSNIm3kSp6W9YK2TFnndDUDbLrkJLOgyaC63pO6OkEgo","previousCounter":0,"rootKey":"9A5/7YucXN/g/3MHxnPeqt21XueBeifXyJ++f8BudBE="},"indexInfo":{"baseKey":"BQexvM+PUtc/FGC29il8f5JGdtBQ2kZXAEYtXoPqeh9s","baseKeyType":1,"closed":-1,"used":1722224749082,"created":1722224749082,"remoteIdentityKey":"BRRbcYeJz3r+UbMYq3kVo9FZZzE1vjfODX0jNV8dI+57"},"_chains":{"BVA3LiQsXPCSWOwPUWS9q5kW6BPinklSItvng7cyHT9C":{"chainKey":{"counter":6,"key":"0ySABkug8j5i2dR21WCYf7xEq+HB2eGa3BtczUuzs5U="},"chainType":1,"messageKeys":{}}},"pendingPreKey":{"signedKeyId":0,"baseKey":"BQexvM+PUtc/FGC29il8f5JGdtBQ2kZXAEYtXoPqeh9s"}}},"version":"v1"}