{"_sessions":{"BaEPUJ9TsS6Q6RprGVyywmo2ztlBibeW9ueROn/pRmBm":{"registrationId":237934533,"currentRatchet":{"ephemeralKeyPair":{"pubKey":"BeAD2KxMpJoOhOGYnHT4L0lO8r9jQYAJIPdiwu5dkOJN","privKey":"SBjJs2tQ+13DP9ofwd0d9wcJolFCyYflyUhqZxNFJlM="},"lastRemoteEphemeralKey":"Bb6JOiBnFQ2VRq5g8+tpxl4+hbUukEk4kqEOxM6l07BR","previousCounter":0,"rootKey":"wqfuhQkY3DzglnFxk36L/Dct6CJhNEVhT1EObzIjVFI="},"indexInfo":{"baseKey":"BaEPUJ9TsS6Q6RprGVyywmo2ztlBibeW9ueROn/pRmBm","baseKeyType":1,"closed":-1,"used":1722224746956,"created":1722224746956,"remoteIdentityKey":"BSRAEkULX7sZGdnMS29cGcu0ghwsugzp+fk94jImR9tZ"},"_chains":{"BeAD2KxMpJoOhOGYnHT4L0lO8r9jQYAJIPdiwu5dkOJN":{"chainKey":{"counter":6,"key":"QmXuZxaIWoIqMd594gvSGCDOIWvCI9iCE6ioG5yz4UU="},"chainType":1,"messageKeys":{}}},"pendingPreKey":{"signedKeyId":5,"baseKey":"BaEPUJ9TsS6Q6RprGVyywmo2ztlBibeW9ueROn/pRmBm","preKeyId":12121156}}},"version":"v1"}