{"_sessions":{"BUHsLoEO9S5EaY/SAHc1EMZlz5YhrUJfESfE624KLFkV":{"registrationId":164,"currentRatchet":{"ephemeralKeyPair":{"pubKey":"BTQgVoMSUYXXOO7pJcT74lnvh2h3IRh++7a9odGGooYK","privKey":"wMCMjPeNnOCKZB8DIKNOBMvH4LuXXWWZ5kqM/Km6MFQ="},"lastRemoteEphemeralKey":"BRmle/1Yu4HTLa1SLh5YTcG5OQvBfvhxxrFnAt5JmGpN","previousCounter":0,"rootKey":"MP1g2e6KAwHMZauO3yBmz9BnbTljw2xMkV+/AM/Wd5A="},"indexInfo":{"baseKey":"BUHsLoEO9S5EaY/SAHc1EMZlz5YhrUJfESfE624KLFkV","baseKeyType":1,"closed":-1,"used":1722244793361,"created":1722244793361,"remoteIdentityKey":"BWix3RKWcH0whVoL0Yk6qvBUoay0IhIl0ubJzGdQ3StO"},"_chains":{"BTQgVoMSUYXXOO7pJcT74lnvh2h3IRh++7a9odGGooYK":{"chainKey":{"counter":534,"key":"OyOA9y/orCP/gxuWZbtTM+/FZR79i9vlrwf4Uu4jgKA="},"chainType":1,"messageKeys":{}}},"pendingPreKey":{"signedKeyId":1,"baseKey":"BUHsLoEO9S5EaY/SAHc1EMZlz5YhrUJfESfE624KLFkV"}}},"version":"v1"}