{"_sessions":{"BeaPHlo5jTC+Mqjy6GZ5XCsq8h7hZ3PqeSrz8WWKXbE6":{"registrationId":572222516,"currentRatchet":{"ephemeralKeyPair":{"pubKey":"BRxUcJj4gRuaRAf7gjA7lADQNVLFB5bnDKykGiEZ3fVe","privKey":"EB9XKJZW9Z1ELy9PBVxFsedDvhypbZJ3UHYArxX+F2M="},"lastRemoteEphemeralKey":"BSDady7Cf2euYEoJ/fJGr31Xq2m3eOIc5/ZshoQSAMl/","previousCounter":7,"rootKey":"pqyBoh4oU/owoEXWuJPAr4HSyU3+oFO8Nh6qB/uNW8Q="},"indexInfo":{"baseKey":"BeaPHlo5jTC+Mqjy6GZ5XCsq8h7hZ3PqeSrz8WWKXbE6","baseKeyType":1,"closed":-1,"used":1722342293964,"created":1722302915302,"remoteIdentityKey":"BeHBdqo5znd7wtCUKMr0TgRXaMToHNg0zyD79zcldfgz"},"_chains":{"Bfa8shR4MyJWYgZBfWhqc7BrN4bby6UyFErwdeholg0F":{"chainKey":{"counter":1},"chainType":2,"messageKeys":{}},"BSDady7Cf2euYEoJ/fJGr31Xq2m3eOIc5/ZshoQSAMl/":{"chainKey":{"counter":0,"key":"MjArrf9Nyhzn4J7dgEX2AnOrK1kAKh6lks3KVzUKwUQ="},"chainType":2,"messageKeys":{}},"BRxUcJj4gRuaRAf7gjA7lADQNVLFB5bnDKykGiEZ3fVe":{"chainKey":{"counter":37,"key":"N6pbGdQvwOdOdO1gNYth6oyPBghMeC+ehwyWyvFMhSc="},"chainType":1,"messageKeys":{}}}}},"version":"v1"}