{"_sessions":{"Bb/f/Fq94Xcljm6iMnkSOX8FVsj874Msv28m2AhVXxUk":{"registrationId":724216382,"currentRatchet":{"ephemeralKeyPair":{"pubKey":"Bflktbhgkf/f30IUl6QI3uu5XhevsGkDvFG7YhIs9ON4","privKey":"QP5DzQPRrruhtbadAIHNYYVdKrtdW3Gu6Izw0oJVKEQ="},"lastRemoteEphemeralKey":"BfArbmR5HKrBDrCshk4FlqPa3DQ15sYq3gJJbLsmfgZ7","previousCounter":0,"rootKey":"W+aX9b1Oi9UT7wwvDPIpChA7nJeFFjTSPqvIk4nElbw="},"indexInfo":{"baseKey":"Bb/f/Fq94Xcljm6iMnkSOX8FVsj874Msv28m2AhVXxUk","baseKeyType":1,"closed":-1,"used":1722454511958,"created":1722454511958,"remoteIdentityKey":"BbgAlRq7qFCgUkTkh20mNjzA6ga9y/rZd2nReWYoqgck"},"_chains":{"Bflktbhgkf/f30IUl6QI3uu5XhevsGkDvFG7YhIs9ON4":{"chainKey":{"counter":7,"key":"pAV9Yqg7pW/M3XD0luIBVqOY4XBO3ACd+HsXhLVa11U="},"chainType":1,"messageKeys":{}}},"pendingPreKey":{"signedKeyId":2,"baseKey":"Bb/f/Fq94Xcljm6iMnkSOX8FVsj874Msv28m2AhVXxUk"}}},"version":"v1"}