{"_sessions":{"BU69N8Hcklp7tF34IqFU9btFY/3vnzXA2WODBfFjhvJV":{"registrationId":506833207,"currentRatchet":{"ephemeralKeyPair":{"pubKey":"BYB0/TcN+cN+nkgXpV4bFc4ZPocIwEufn0+AE+PxzwdY","privKey":"UK5UuubTg4GE2BCgfElRpCApRnp5fTmgrwaxVw7ALmw="},"lastRemoteEphemeralKey":"BY1maqLT+VUz/6fGX9sw3OgeRCX19sQf7lIceG25tnRI","previousCounter":0,"rootKey":"2EW4dI5RetQM82vjN6SGKV2fygftYymBBPUg03v617o="},"indexInfo":{"baseKey":"BU69N8Hcklp7tF34IqFU9btFY/3vnzXA2WODBfFjhvJV","baseKeyType":1,"closed":-1,"used":1722224749201,"created":1722224749201,"remoteIdentityKey":"Bc/9HTPq4p++DqChxO09CSlwrCSH7o8RPvr4x5QGgtVb"},"_chains":{"BYB0/TcN+cN+nkgXpV4bFc4ZPocIwEufn0+AE+PxzwdY":{"chainKey":{"counter":6,"key":"qk9ieLjkEGQo6ppQJxEER/tJ3sJRORohoAR465w4w4U="},"chainType":1,"messageKeys":{}}},"pendingPreKey":{"signedKeyId":2,"baseKey":"BU69N8Hcklp7tF34IqFU9btFY/3vnzXA2WODBfFjhvJV","preKeyId":11957561}}},"version":"v1"}