{"_sessions":{"BSMl41tfHxmNZc5GNLHe+T+DwIoyIEwJHuk40WQVdWJf":{"registrationId":1946893514,"currentRatchet":{"ephemeralKeyPair":{"pubKey":"BQY1eXor79lWLQdH6+dkGHygohrb6Bt3gM7kNgAA0TBP","privKey":"yME8/hZcHBL8r4CeKtqpypMWQ0hHO7rn9RW0EM8NCH8="},"lastRemoteEphemeralKey":"BTkP2Ot7qYms71POTKNDcsSauLxRqP43pIfIjgyCPQsP","previousCounter":0,"rootKey":"+IUn/Tv7L0PQPGpHs7B5RWgeLE+T7g/1Y2m7ix/Hyqs="},"indexInfo":{"baseKey":"BSMl41tfHxmNZc5GNLHe+T+DwIoyIEwJHuk40WQVdWJf","baseKeyType":1,"closed":-1,"used":1722224746763,"created":1722224746763,"remoteIdentityKey":"BXBOXZ6xq/VVKodRHR3I/3mZPSgf+saw8Iow1x8cGHwy"},"_chains":{"BQY1eXor79lWLQdH6+dkGHygohrb6Bt3gM7kNgAA0TBP":{"chainKey":{"counter":6,"key":"wSMO+L76xAWhTg7bNMlPhXuQVVT/1ftH5WJB1P6BdVo="},"chainType":1,"messageKeys":{}}},"pendingPreKey":{"signedKeyId":0,"baseKey":"BSMl41tfHxmNZc5GNLHe+T+DwIoyIEwJHuk40WQVdWJf"}}},"version":"v1"}