{"_sessions":{"BXy5xY0QSznNfFZc4ORhyog6J+wnN/bjPHQeTY4gFlxD":{"registrationId":673217674,"currentRatchet":{"ephemeralKeyPair":{"pubKey":"BXVvsf1ZBqrLTGRxYEp3GIvunZ3VXnn8fm4Oefb4XYR9","privKey":"GPiMWdXzKLV8WQ/kfmXiGYoi8sNjMfYbl+MKbRK6DEs="},"lastRemoteEphemeralKey":"Bc2URd8jslDg0yFInxO0vhohSm8asZjDRNbMYrDgUp5T","previousCounter":0,"rootKey":"gDV0gyGpl+O89RFl6lPC31t3xPVqr7FU0E7Z2aafY0E="},"indexInfo":{"baseKey":"BXy5xY0QSznNfFZc4ORhyog6J+wnN/bjPHQeTY4gFlxD","baseKeyType":1,"closed":-1,"used":1722224749401,"created":1722224749401,"remoteIdentityKey":"Bf3NrowDVZ7/LDFxV2pPKycfny4Kvj3OfKDNAnMbaNwT"},"_chains":{"BXVvsf1ZBqrLTGRxYEp3GIvunZ3VXnn8fm4Oefb4XYR9":{"chainKey":{"counter":6,"key":"EaUAtccyeMc/hz9gshSnu5Zt7AnsvuTPPVbkB/uRhks="},"chainType":1,"messageKeys":{}}},"pendingPreKey":{"signedKeyId":4,"baseKey":"BXy5xY0QSznNfFZc4ORhyog6J+wnN/bjPHQeTY4gFlxD"}}},"version":"v1"}