{"_sessions":{"BX9WoiWTuakcVL7rJEBgYrSLecpTvH0sWH4vNTZfqjlr":{"registrationId":9478,"currentRatchet":{"ephemeralKeyPair":{"pubKey":"BSXKbp9amcLvR8fpMZpvh2EqrqEG/w9rdYJLhuiScEgM","privKey":"wCS2ytj0ywTgNO1z7QdCOfuhBR9tKLh46FKshJECVEw="},"lastRemoteEphemeralKey":"BdTCiTjBgWso/ix1rHBjB2PBcNrpNccOhiq2VYb9fNoC","previousCounter":0,"rootKey":"Xzx5DMd9OHIfe3yW0bSE7dgLt7jgEfIiXL3bfYDnhEs="},"indexInfo":{"baseKey":"BX9WoiWTuakcVL7rJEBgYrSLecpTvH0sWH4vNTZfqjlr","baseKeyType":1,"closed":-1,"used":1722224746401,"created":1722224746401,"remoteIdentityKey":"BYJZd3BTZreZk1O9k2/0IKX7vVRpW1bCQStuSjqTqgIf"},"_chains":{"BSXKbp9amcLvR8fpMZpvh2EqrqEG/w9rdYJLhuiScEgM":{"chainKey":{"counter":6,"key":"Wx4zOiqSMq/EU9juirZa8BD0xyXdqfaz5Z1GgTgIcQE="},"chainType":1,"messageKeys":{}}},"pendingPreKey":{"signedKeyId":1,"baseKey":"BX9WoiWTuakcVL7rJEBgYrSLecpTvH0sWH4vNTZfqjlr"}}},"version":"v1"}