{"_sessions":{"BUyRajMYprjlsmmOCyjvmdjz5WeT+/68DbUJsozgpdFk":{"registrationId":384617401,"currentRatchet":{"ephemeralKeyPair":{"pubKey":"BRvcqKpIWu7ibGhHbHbZ0HrifqT9rsLU17jx83euNX49","privKey":"2Fzhp/CxMVi7QxIrw4wk8C16hfo2DrSJ7wjcmHDe42A="},"lastRemoteEphemeralKey":"BbPEp7NF1HMWGkdbzCsqbL4CQ8S5oubGbCOO310gkWEX","previousCounter":20,"rootKey":"bTTjHGXBX1bkg+QsYHXziL52pqGsc3dEqxHRrJMNAOg="},"indexInfo":{"baseKey":"BUyRajMYprjlsmmOCyjvmdjz5WeT+/68DbUJsozgpdFk","baseKeyType":1,"closed":-1,"used":1722315018796,"created":1722302916097,"remoteIdentityKey":"BQ7Ectae6o9KMCiz6H5ZKHWP8WyzKMvPFQkd8CL0F8Z7"},"_chains":{"BbPEp7NF1HMWGkdbzCsqbL4CQ8S5oubGbCOO310gkWEX":{"chainKey":{"counter":0,"key":"ogpCQafM31PkshmlK59jNBsDR2v8SVQXrQvkQZXAjgU="},"chainType":2,"messageKeys":{}},"BRvcqKpIWu7ibGhHbHbZ0HrifqT9rsLU17jx83euNX49":{"chainKey":{"counter":55,"key":"IfzlJfZzfEkcEwOACPCjKm1OpvtTG+lvjZ77WODPU1U="},"chainType":1,"messageKeys":{}}}}},"version":"v1"}