{"_sessions":{"BXFnEr9rU4Gb/7MCm398gnhwHr9Cs1LsZqIw6k3K0Qpo":{"registrationId":1680457191,"currentRatchet":{"ephemeralKeyPair":{"pubKey":"BddTfQJre7BwNhj5vUpzncCMc1V95DUVi039fXG3t7BA","privKey":"sFfH7PArVXhpwnsWidqHaKeAs/x4UEi9QEa/jjLCxXk="},"lastRemoteEphemeralKey":"BX72rugKNpy9PBfmeTX4UlHPMb9FFKTVgGrRxayEpdN+","previousCounter":0,"rootKey":"GX8VvC5kJ+YE13/W3JYNp573pD91ARRNKnkK1WGgZYM="},"indexInfo":{"baseKey":"BXFnEr9rU4Gb/7MCm398gnhwHr9Cs1LsZqIw6k3K0Qpo","baseKeyType":1,"closed":-1,"used":1722302915362,"created":1722302915362,"remoteIdentityKey":"BRvX+oq6Zk+idQ587+wZ9N6rmRDoZFD4GLppRAaLzVgk"},"_chains":{"BddTfQJre7BwNhj5vUpzncCMc1V95DUVi039fXG3t7BA":{"chainKey":{"counter":76,"key":"3wv4Ehnh1zmGTh65nYh4m0+YaowxrLflMpFuCrEs77Q="},"chainType":1,"messageKeys":{}}},"pendingPreKey":{"signedKeyId":5,"baseKey":"BXFnEr9rU4Gb/7MCm398gnhwHr9Cs1LsZqIw6k3K0Qpo","preKeyId":13405411}}},"version":"v1"}