{"_sessions":{"BVyKgyaydvTvrwrqrMeUQDkC1WvnHKO/2NiV3Yo846dZ":{"registrationId":2006085124,"currentRatchet":{"ephemeralKeyPair":{"pubKey":"Bf2iNoBfhbkNiw5XLmTilyRESEfEQblwo1XE8uX14fcb","privKey":"aNQ+JM3LiDh0Rno7QMqhmCbag8P+/zb1C+WjfT3zCmQ="},"lastRemoteEphemeralKey":"Bc+ltmCH+WHSWiOpshrWDcJNdfS4iClo9/NQDer43UJf","previousCounter":0,"rootKey":"f9+WEkYgkG415cC3l31KoZn8kjOz8LlSXmekB1tXqc0="},"indexInfo":{"baseKey":"BVyKgyaydvTvrwrqrMeUQDkC1WvnHKO/2NiV3Yo846dZ","baseKeyType":1,"closed":-1,"used":1722454511999,"created":1722454511999,"remoteIdentityKey":"BYqUu0UO0tzqx+zoQmZanYg9LR7Gh9Q8uBRBJgwAHuVM"},"_chains":{"Bf2iNoBfhbkNiw5XLmTilyRESEfEQblwo1XE8uX14fcb":{"chainKey":{"counter":7,"key":"5PHF6nNiN3fjiW6N3BCClAO6yPtydmNMp1mQzsAJkFQ="},"chainType":1,"messageKeys":{}}},"pendingPreKey":{"signedKeyId":1,"baseKey":"BVyKgyaydvTvrwrqrMeUQDkC1WvnHKO/2NiV3Yo846dZ","preKeyId":2464727}}},"version":"v1"}