{"_sessions":{"BSy0T8X59Ev2elLMYIhYlA2psBdTuV+5c1BwDvapQg9I":{"registrationId":2057930129,"currentRatchet":{"ephemeralKeyPair":{"pubKey":"BZg69zYhcMWQbe/LBH676PuN3YHjZjA4ggg+hfi3R3ZI","privKey":"+BuUS+3oISLt7dgcekoHHgCWhs5gruoNd3MpYz6USk4="},"lastRemoteEphemeralKey":"BRUqDIURLP8wHKE4OfL/CUfIrFNsb36Ly0RUvkHpfZwn","previousCounter":0,"rootKey":"ZNKKOwDa1dxKiFuj4iRzxdKWhwUyqVgQL7xPFSbEG1s="},"indexInfo":{"baseKey":"BSy0T8X59Ev2elLMYIhYlA2psBdTuV+5c1BwDvapQg9I","baseKeyType":1,"closed":-1,"used":1722302914563,"created":1722302914563,"remoteIdentityKey":"BVUuSZmpU1ZVCKYzfmuxE14JwTgJO4EW+IHEMu0LcPoH"},"_chains":{"BZg69zYhcMWQbe/LBH676PuN3YHjZjA4ggg+hfi3R3ZI":{"chainKey":{"counter":76,"key":"pn7CCxEqCa4HRHkYP+kYRl8DbdS0BsUcwxa72+cvr1A="},"chainType":1,"messageKeys":{}}},"pendingPreKey":{"signedKeyId":1,"baseKey":"BSy0T8X59Ev2elLMYIhYlA2psBdTuV+5c1BwDvapQg9I","preKeyId":845}}},"version":"v1"}