{"_sessions":{"BUctpkIh2M1m4pV7wQeGU8DjTQi10KJDyMmVqWkUyx96":{"registrationId":11224,"currentRatchet":{"ephemeralKeyPair":{"pubKey":"Bcm0gPONLn0w8SfnI3X4aQCsZ/up3Y19iAPWtlB0A08V","privKey":"oCMqZTUZJeyH/PyxQCgx5amIW7CJ6TvO1rbOuQeY5mU="},"lastRemoteEphemeralKey":"BdzyiQtXOiF7JujZ+BdtECUvRm0sVp+zBr0mkWc1r2xy","previousCounter":0,"rootKey":"nAYQy9KArSq8MD0vVO5/lDjgIYMKZL+0+X2DOqmG8OI="},"indexInfo":{"baseKey":"BUctpkIh2M1m4pV7wQeGU8DjTQi10KJDyMmVqWkUyx96","baseKeyType":1,"closed":-1,"used":1722224746172,"created":1722224746172,"remoteIdentityKey":"BUhr2ummO+lzaCkQBjm/i3ehGUVDF1UYX81BJcJyMEIC"},"_chains":{"Bcm0gPONLn0w8SfnI3X4aQCsZ/up3Y19iAPWtlB0A08V":{"chainKey":{"counter":6,"key":"5X2KOnUXqZ0GLV4rmSRxwY3MK7dH/367KtCkvr8mILc="},"chainType":1,"messageKeys":{}}},"pendingPreKey":{"signedKeyId":1,"baseKey":"BUctpkIh2M1m4pV7wQeGU8DjTQi10KJDyMmVqWkUyx96"}}},"version":"v1"}