{"_sessions":{"Bc7/XKg1uBCoCvD6IcrZ7MF45FndMMPQ2xNVmx+VfG8d":{"registrationId":906,"currentRatchet":{"ephemeralKeyPair":{"pubKey":"BRRCmKDhWW6bi8wmiGUB0RTo4GuOXy5QfosDStg3TacR","privKey":"eFtLB3waTNMlVjrCCdhkntNvZ7FlbNdYEmHMyeZtw3c="},"lastRemoteEphemeralKey":"BSM/F6rXvMDOSQ++vAdTTsboU0LB3DozbTdnmF/44v0c","previousCounter":0,"rootKey":"+DIQagHzWV8ojwNePdEtBKUdY7PZZP6EDtlgTa2BMqM="},"indexInfo":{"baseKey":"Bc7/XKg1uBCoCvD6IcrZ7MF45FndMMPQ2xNVmx+VfG8d","baseKeyType":1,"closed":-1,"used":1722224746274,"created":1722224746274,"remoteIdentityKey":"BXoYo90/NgVSPhtTx5N4gUH5CCyOq2YbnHT1VolhyDs/"},"_chains":{"BRRCmKDhWW6bi8wmiGUB0RTo4GuOXy5QfosDStg3TacR":{"chainKey":{"counter":6,"key":"oIOgeyMo+QRkr4wvrR9IdeI8xhNAP8K5h8BEZQqyefA="},"chainType":1,"messageKeys":{}}},"pendingPreKey":{"signedKeyId":1,"baseKey":"Bc7/XKg1uBCoCvD6IcrZ7MF45FndMMPQ2xNVmx+VfG8d"}}},"version":"v1"}