{"_sessions":{"BQvS8t32QpQezIb99OHz4sjO5ngdcN4ZGhe2NZcTya8P":{"registrationId":1326783156,"currentRatchet":{"ephemeralKeyPair":{"pubKey":"Ba3zGLArLpDmzIpeuXw67/DtIsIJKXKa2tJe6Im7YuMJ","privKey":"sJldXWRLPkZm0jc6/T+q51t5cWPxRonKLAMPCVZqY3I="},"lastRemoteEphemeralKey":"BbrXMIWwfqTN8ynLhhpMaHNdSmnJ/A8LDeVQm4btC1J9","previousCounter":0,"rootKey":"hMq2sjGouYjAQ3Pw30XP5D1n+6M1CkZVeNUg0hy+aZE="},"indexInfo":{"baseKey":"BQvS8t32QpQezIb99OHz4sjO5ngdcN4ZGhe2NZcTya8P","baseKeyType":1,"closed":-1,"used":1722454512256,"created":1722454512256,"remoteIdentityKey":"BX+ofmAZF2pBssCcGkfOXMjIlWRS1a8/SgzQwVJrvYd5"},"_chains":{"Ba3zGLArLpDmzIpeuXw67/DtIsIJKXKa2tJe6Im7YuMJ":{"chainKey":{"counter":7,"key":"geEVzMj9/t54iC76kjSQJWoJwzKo+e4nS0ue3VM3mXM="},"chainType":1,"messageKeys":{}}},"pendingPreKey":{"signedKeyId":6,"baseKey":"BQvS8t32QpQezIb99OHz4sjO5ngdcN4ZGhe2NZcTya8P","preKeyId":13017027}}},"version":"v1"}