{"_sessions":{"BQvF2G2nNaNrEw+B5cB/YT+qeRYNYHUq3MKnaFPfMI5I":{"registrationId":2123861785,"currentRatchet":{"ephemeralKeyPair":{"pubKey":"BZDKdTFUUWpgJQ1hFpXJf6AC1cE43UOFNgtk2IXzVnND","privKey":"yARddivP5ml5jyqiTJ7rF54fj3eH0asXaw9Ro3wBh0A="},"lastRemoteEphemeralKey":"BQqFmCWM8+qL8sUiHlGqbjw2QgwGVjdPExvEpodg2cw7","previousCounter":0,"rootKey":"cj9AIC7mNLl7MUcJiHmSgDikiMyyh0VHXdBlk6vRmRs="},"indexInfo":{"baseKey":"BQvF2G2nNaNrEw+B5cB/YT+qeRYNYHUq3MKnaFPfMI5I","baseKeyType":1,"closed":-1,"used":1722450555967,"created":1722450555967,"remoteIdentityKey":"BcrQux1BLLk0y8+BpI7m08fO2c+R1oFyu7rk3HC58rRx"},"_chains":{"BZDKdTFUUWpgJQ1hFpXJf6AC1cE43UOFNgtk2IXzVnND":{"chainKey":{"counter":8,"key":"JmKrAzlvkQg4WFtoHSLehNZKA2use+5jSvSJodUEoG0="},"chainType":1,"messageKeys":{}}},"pendingPreKey":{"signedKeyId":0,"baseKey":"BQvF2G2nNaNrEw+B5cB/YT+qeRYNYHUq3MKnaFPfMI5I"}}},"version":"v1"}