{"_sessions":{"BRxykm/hLzibCb+sdcIuN2S8Z6WDIN7KqWX1YYDcrMAg":{"registrationId":2027633095,"currentRatchet":{"ephemeralKeyPair":{"pubKey":"BQ7+tYofFNJCai7EpIkEUdcXXj2Ayd7heeW7pAoRGmwn","privKey":"2Ngo90/6CZLWgnSasxMV0XIInL+5BrDK2RF+vT0M1G0="},"lastRemoteEphemeralKey":"BdXdp4GMQ60l6KhYqZcIEBTWztKUYzwf+XIZ8vpSLQJM","previousCounter":0,"rootKey":"IqhcDTGmVK+Bfh7LdQ3QSClMwk2tD+DqTNjwnQWuBpo="},"indexInfo":{"baseKey":"BRxykm/hLzibCb+sdcIuN2S8Z6WDIN7KqWX1YYDcrMAg","baseKeyType":1,"closed":-1,"used":1722302914709,"created":1722302914709,"remoteIdentityKey":"BTmHXNA5uR6G/+UKNHOAsPr2W1OAHNhz1uJ6mui8H+5Z"},"_chains":{"BQ7+tYofFNJCai7EpIkEUdcXXj2Ayd7heeW7pAoRGmwn":{"chainKey":{"counter":76,"key":"grpj4seQWwAG3yfPRk99MrCn0BP450XBO7CE/PisG9I="},"chainType":1,"messageKeys":{}}},"pendingPreKey":{"signedKeyId":5,"baseKey":"BRxykm/hLzibCb+sdcIuN2S8Z6WDIN7KqWX1YYDcrMAg","preKeyId":13964696}}},"version":"v1"}