{"_sessions":{"BSyUgotfBQZUQ7tG8/argdHIFsCuIL+bOXKtP/Jd9P9W":{"registrationId":61,"currentRatchet":{"ephemeralKeyPair":{"pubKey":"BfmJfHlRrKS9ggWTJO4QX0sWb8uJG4H1rqN6FdjzUksc","privKey":"SKsugtHm2bX8q/I+VroBJbiCbvYPlU44jbeYSjeaxm4="},"lastRemoteEphemeralKey":"BRkwiSkYgsivoTX9iaxvRQXip9QezGRjLo825buBjxc4","previousCounter":0,"rootKey":"aroV1ViGoGlhq4idS6OEC9raVSn4t5u2BaKJNH7JiX8="},"indexInfo":{"baseKey":"BSyUgotfBQZUQ7tG8/argdHIFsCuIL+bOXKtP/Jd9P9W","baseKeyType":1,"closed":-1,"used":1722224745495,"created":1722224745495,"remoteIdentityKey":"BXs26gyz/yvqdYJrbj42sJ1lIh72jaICe+m25GtSVLxz"},"_chains":{"BfmJfHlRrKS9ggWTJO4QX0sWb8uJG4H1rqN6FdjzUksc":{"chainKey":{"counter":6,"key":"cbIfvtYIwzuH9rUq29lYTJcg5tNDpvqUQg+vy1vN6oc="},"chainType":1,"messageKeys":{}}},"pendingPreKey":{"signedKeyId":1,"baseKey":"BSyUgotfBQZUQ7tG8/argdHIFsCuIL+bOXKtP/Jd9P9W","preKeyId":5974}}},"version":"v1"}