{"_sessions":{"BV48kTFWEtMLgnKjXh03oCNypCzEqKbApX1c+4kEIdF2":{"registrationId":337881207,"currentRatchet":{"ephemeralKeyPair":{"pubKey":"BYYjGpY8RePEbeOPUcijEzxbgsbAV1pw3EokXtHOil01","privKey":"CH+xGBqjOucORY3gSo5t6P/ursiIG9N8zVcSztWoznw="},"lastRemoteEphemeralKey":"BeyMSxSvInUXEKEDbS9gKE+V4H1tuzGz6i2GXPkekU4L","previousCounter":0,"rootKey":"zDyLvXpacJHLIQlq4KoagnYw1ONBL5swaPL7Q31RfHo="},"indexInfo":{"baseKey":"BV48kTFWEtMLgnKjXh03oCNypCzEqKbApX1c+4kEIdF2","baseKeyType":1,"closed":-1,"used":1722302915495,"created":1722302915495,"remoteIdentityKey":"BWz0W2MmAvM8DxKuQ9oVkp4u2/pHkXkqn0Ke4e/5rzhq"},"_chains":{"BYYjGpY8RePEbeOPUcijEzxbgsbAV1pw3EokXtHOil01":{"chainKey":{"counter":76,"key":"czk03r1EiyG+D/hUY8YMfWg1heTGGZRi+3erf4rz3/Q="},"chainType":1,"messageKeys":{}}},"pendingPreKey":{"signedKeyId":4,"baseKey":"BV48kTFWEtMLgnKjXh03oCNypCzEqKbApX1c+4kEIdF2"}}},"version":"v1"}