{"_sessions":{"BSLrSYuZvqEoCJXkZwYMf3tp53ZNYvPaVLU9D6Agp6sY":{"registrationId":11422,"currentRatchet":{"ephemeralKeyPair":{"pubKey":"Bam5cb4NJpdIUGjPVt4TD2SkPPWhG1XPlQ2vfQOe1EAQ","privKey":"+LFwZVR9QZzYgVQbX6IQ70x7ZVx84olAbay2a4U+2Ew="},"lastRemoteEphemeralKey":"BcJUQMQHBh05tUAg/BjzkenySpVyPhT4QsBqe2LCKAYT","previousCounter":0,"rootKey":"mSaEy2JW1Qf5IZzXiL2+LVKM5UOct5NzLlzmvcO8JGs="},"indexInfo":{"baseKey":"BSLrSYuZvqEoCJXkZwYMf3tp53ZNYvPaVLU9D6Agp6sY","baseKeyType":1,"closed":-1,"used":1722454510571,"created":1722454510571,"remoteIdentityKey":"BUjqQdlSoBs7vnbu1M8ItwMbfgGeX71rbLeD+Ct3ep1T"},"_chains":{"Bam5cb4NJpdIUGjPVt4TD2SkPPWhG1XPlQ2vfQOe1EAQ":{"chainKey":{"counter":7,"key":"I1zm1cSaUJhPaMKgs4uULniaaR0BPSRReH8vG/vEkEE="},"chainType":1,"messageKeys":{}}},"pendingPreKey":{"signedKeyId":1,"baseKey":"BSLrSYuZvqEoCJXkZwYMf3tp53ZNYvPaVLU9D6Agp6sY","preKeyId":1423}}},"version":"v1"}