{"_sessions":{"BW2gwKdxMxk846obhLh9UqYocJl/CIS1vX+lJGt7i8JF":{"registrationId":521909306,"currentRatchet":{"ephemeralKeyPair":{"pubKey":"Be1TObToqHiSxSID47i9dUHzIfH5eCq5Ek9twzTn7SM2","privKey":"cOj8rR+F4+1JEHVUOuVRhKLr4zdU294DfX0ECC37xHA="},"lastRemoteEphemeralKey":"BZHFGm8Mte3wBFDPt/BpZupb+I2aprl6fd0u9Xv31UxV","previousCounter":0,"rootKey":"F80XCmCSRLiM9mcDlKQTp2qON9W58L6XFzxV/ihVLm0="},"indexInfo":{"baseKey":"BW2gwKdxMxk846obhLh9UqYocJl/CIS1vX+lJGt7i8JF","baseKeyType":1,"closed":-1,"used":1722302914869,"created":1722302914869,"remoteIdentityKey":"Bdsp50Osf/w/XsRQgrEzVhmgtcWf4QgvShR5Bh6n3WI1"},"_chains":{"Be1TObToqHiSxSID47i9dUHzIfH5eCq5Ek9twzTn7SM2":{"chainKey":{"counter":76,"key":"0vJg8DMGIzveGXrQu0NiAJrGmU9cMUFU7hca3N8isR0="},"chainType":1,"messageKeys":{}}},"pendingPreKey":{"signedKeyId":14,"baseKey":"BW2gwKdxMxk846obhLh9UqYocJl/CIS1vX+lJGt7i8JF","preKeyId":1400144}}},"version":"v1"}