{"_sessions":{"BUx6PN6Ivn6fGh6Ab+KP55kME0yN+Sl7bygd9yCw0OYF":{"registrationId":384196296,"currentRatchet":{"ephemeralKeyPair":{"pubKey":"BWYcq0kL9pG7GLDeWOhHyuztSDXzraeRBo4rsproaLVT","privKey":"yD3661KLhW1PyUtZDB4Qs7M4e4qpS2VpwzDyYKJBjmU="},"lastRemoteEphemeralKey":"BZwo8Y1hFAG/MD+Msg4cwONf4mK4ShFtxGbnVEdYg/xx","previousCounter":0,"rootKey":"ZiDouDV7y3qpKZw1JpXtyyqKmpwn0w9FzHg9lghR2As="},"indexInfo":{"baseKey":"BUx6PN6Ivn6fGh6Ab+KP55kME0yN+Sl7bygd9yCw0OYF","baseKeyType":1,"closed":-1,"used":1722224748585,"created":1722224748585,"remoteIdentityKey":"BafR32SUgUauigNCqA3FlJksPRgKyg4iInoalt82/INM"},"_chains":{"BWYcq0kL9pG7GLDeWOhHyuztSDXzraeRBo4rsproaLVT":{"chainKey":{"counter":6,"key":"+3rd30UmdRQw5Xp1A9bDVnOgsRveaew5n9TvViVOuAI="},"chainType":1,"messageKeys":{}}},"pendingPreKey":{"signedKeyId":1,"baseKey":"BUx6PN6Ivn6fGh6Ab+KP55kME0yN+Sl7bygd9yCw0OYF","preKeyId":1249543}}},"version":"v1"}