{"_sessions":{"BULEJ2BsIBjh3s9teJZf9k3KFq15u/fy2x6faP1TIoYP":{"registrationId":5139,"currentRatchet":{"ephemeralKeyPair":{"pubKey":"BaBUEDMKzCm/QDB++a7X83mbC92xTNRm82i/bDxtndtk","privKey":"sIvz3PQ6PCD9SAuNT3PzSVO88LqHptJpIZ+ZFY2WVF4="},"lastRemoteEphemeralKey":"BW+YMif7AKk4dGV8U4g8gTDXsshHiq2sOpzAP+nPU+oc","previousCounter":0,"rootKey":"aETP8vOBbmwEc7NflcB+oRMkHWzBi8miBinkBkyEtCI="},"indexInfo":{"baseKey":"BULEJ2BsIBjh3s9teJZf9k3KFq15u/fy2x6faP1TIoYP","baseKeyType":1,"closed":-1,"used":1722224746259,"created":1722224746259,"remoteIdentityKey":"BYuSmjOgMpv6k6s7KF8ouDKB5Eheg9nK6YtYPxoRlx4m"},"_chains":{"BaBUEDMKzCm/QDB++a7X83mbC92xTNRm82i/bDxtndtk":{"chainKey":{"counter":6,"key":"/CQB0a12psmCYxTMS+Rqt7t/k+5QPbSpWduoavmGxkk="},"chainType":1,"messageKeys":{}}},"pendingPreKey":{"signedKeyId":1,"baseKey":"BULEJ2BsIBjh3s9teJZf9k3KFq15u/fy2x6faP1TIoYP"}}},"version":"v1"}