{"_sessions":{"BREx3rWn42Jq+Ot13fAjjox4oPsWdMvDGMbx57ibGIRt":{"registrationId":139730538,"currentRatchet":{"ephemeralKeyPair":{"pubKey":"BUcQG/gO5qAkbQe+Ud8FvjFrK5EGyE0FB1bHoNXk7XdQ","privKey":"AINHJ8VRkSR1xeyCqJ1c0kbe6WBWg1BCQ7Arqt2/bko="},"lastRemoteEphemeralKey":"Be9YWkxXlLICR7/61767RDNKOnZLEMPQaavOfrHBh508","previousCounter":0,"rootKey":"aOsNvW3iyHyuBpqPDYgbCsPft0RIwB1WJQ5X+HYmXjU="},"indexInfo":{"baseKey":"BREx3rWn42Jq+Ot13fAjjox4oPsWdMvDGMbx57ibGIRt","baseKeyType":1,"closed":-1,"used":1722465956294,"created":1722465956294,"remoteIdentityKey":"BSONxKmUApx4jPQgqxchXVMCQpN/JfpX8FYeurjmiEQc"},"_chains":{"BUcQG/gO5qAkbQe+Ud8FvjFrK5EGyE0FB1bHoNXk7XdQ":{"chainKey":{"counter":7,"key":"3NuU/eQ74osu2GXjUKtD82at0q9+8Dk75oVqyAAchuA="},"chainType":1,"messageKeys":{}}},"pendingPreKey":{"signedKeyId":0,"baseKey":"BREx3rWn42Jq+Ot13fAjjox4oPsWdMvDGMbx57ibGIRt","preKeyId":7381537}}},"version":"v1"}