{"_sessions":{"BUInuRsO/vNhtHxp5BK77ZRFRlsEkIiUl/rZQPZykFNU":{"registrationId":14491,"currentRatchet":{"ephemeralKeyPair":{"pubKey":"BVqx3gIoaufZ+VpOVlZ9HDpQJIXSxk79YgpKykCw6bpv","privKey":"WLyjzm6it5WyPywclzYloOIIGElpaRhjGetXK3BrVHA="},"lastRemoteEphemeralKey":"BbxNusU2K4HmrNZCZ3pDwY95/AmUcGH9Tw0KMu3HnzVW","previousCounter":0,"rootKey":"Dv7T5vlQAkI5XBbwAKYkIHFwuf0dJpVXZuz2ZvH1SGI="},"indexInfo":{"baseKey":"BUInuRsO/vNhtHxp5BK77ZRFRlsEkIiUl/rZQPZykFNU","baseKeyType":1,"closed":-1,"used":1722224745304,"created":1722224745304,"remoteIdentityKey":"BUylV9ZYeNDEzj8lTBI0/Qa96CdeccgnnZk8v0bI7cgk"},"_chains":{"BVqx3gIoaufZ+VpOVlZ9HDpQJIXSxk79YgpKykCw6bpv":{"chainKey":{"counter":6,"key":"U9qGffqaQg5ZP4HQ5L3Q3beoyu1y2jXQB3FnsA178Ok="},"chainType":1,"messageKeys":{}}},"pendingPreKey":{"signedKeyId":1,"baseKey":"BUInuRsO/vNhtHxp5BK77ZRFRlsEkIiUl/rZQPZykFNU"}}},"version":"v1"}