{"_sessions":{"BdylzmgohaVVc8aISJCcPe1mVVvfhgswsc7zyCy6tTBp":{"registrationId":1091064125,"currentRatchet":{"ephemeralKeyPair":{"pubKey":"BdjyjA50KPtTgcIISkG0utw8XhDtQS89FqsR8tyQmxQj","privKey":"IKpbEkG3fO/Lz0KXz+eO9R/7e/JmlF+rJx84FsDEE2M="},"lastRemoteEphemeralKey":"BRuJ873DfMBo7OguwdkdSHWioAH1C0MBxkMzPOo2UGYH","previousCounter":0,"rootKey":"a8VjCo1UhqzG+sYL7xotBYUrz+zNPF5X/0VhODO546g="},"indexInfo":{"baseKey":"BdylzmgohaVVc8aISJCcPe1mVVvfhgswsc7zyCy6tTBp","baseKeyType":1,"closed":-1,"used":1722339604361,"created":1722339604361,"remoteIdentityKey":"BZqciA3wnSUkOV2huI9UjTwKIzL+wDQw8PzuMdfMflIv"},"_chains":{"BdjyjA50KPtTgcIISkG0utw8XhDtQS89FqsR8tyQmxQj":{"chainKey":{"counter":46,"key":"wXANCbbRv+EqA617R1oJdOptKyMtjyxpXir/AI9FFBg="},"chainType":1,"messageKeys":{}}},"pendingPreKey":{"signedKeyId":0,"baseKey":"BdylzmgohaVVc8aISJCcPe1mVVvfhgswsc7zyCy6tTBp","preKeyId":3505502}}},"version":"v1"}