{"_sessions":{"BRwCkrJjuI7uPHpNP1toUZ2+/5SZ+ZI74uEnjB5cQrJo":{"registrationId":11422,"currentRatchet":{"ephemeralKeyPair":{"pubKey":"BZyljwVYSr1R8mibQZFAgGzuh9m4KqoGNl6No53ZcuJ5","privKey":"6A/ZuztF009Oa+m7FV1PBRUFu8POUTVHjAF4DqYf41M="},"lastRemoteEphemeralKey":"BcJUQMQHBh05tUAg/BjzkenySpVyPhT4QsBqe2LCKAYT","previousCounter":0,"rootKey":"fNOyGxE944Fshv/nC4na8DhQbS4w1ndu+tpiLHhylg4="},"indexInfo":{"baseKey":"BRwCkrJjuI7uPHpNP1toUZ2+/5SZ+ZI74uEnjB5cQrJo","baseKeyType":1,"closed":-1,"used":1722302914276,"created":1722302914276,"remoteIdentityKey":"BUjqQdlSoBs7vnbu1M8ItwMbfgGeX71rbLeD+Ct3ep1T"},"_chains":{"BZyljwVYSr1R8mibQZFAgGzuh9m4KqoGNl6No53ZcuJ5":{"chainKey":{"counter":76,"key":"+S+WVAF7VZnglUDcu5c5wsDhLzKVYamh5IcoVBKbDrA="},"chainType":1,"messageKeys":{}}},"pendingPreKey":{"signedKeyId":1,"baseKey":"BRwCkrJjuI7uPHpNP1toUZ2+/5SZ+ZI74uEnjB5cQrJo","preKeyId":1329}}},"version":"v1"}