{"_sessions":{"BThAI3njRIxQvC0+TZZmahJxDrpKMSfyzUNOkDUC0iER":{"registrationId":2696,"currentRatchet":{"ephemeralKeyPair":{"pubKey":"BaqmniiDCprDBkAcFTogz967pfbFnsu8O+fUeLZmUmc9","privKey":"KCyBPiSNFQCjovhdIf+iiqRQmfZIAE+zgdKWXBpU8lo="},"lastRemoteEphemeralKey":"BU41XUUqkrV8slsrUBBnQ2vi3DYRnOmxY/49XtNjiQtK","previousCounter":0,"rootKey":"M2Okk2ptS1CyC4ff8IXSRfgDL2mYhINghGk9hrCoUqo="},"indexInfo":{"baseKey":"BThAI3njRIxQvC0+TZZmahJxDrpKMSfyzUNOkDUC0iER","baseKeyType":1,"closed":-1,"used":1722224745073,"created":1722224745073,"remoteIdentityKey":"BaYvb0eZnVd7D9IbzZR//WOe4wuTvaJDZuB0PDFklKYv"},"_chains":{"BaqmniiDCprDBkAcFTogz967pfbFnsu8O+fUeLZmUmc9":{"chainKey":{"counter":6,"key":"3cY5aSeasCBvhFqU5znoOuaqCFT70m2fmqNyX+Pu7xg="},"chainType":1,"messageKeys":{}}},"pendingPreKey":{"signedKeyId":1,"baseKey":"BThAI3njRIxQvC0+TZZmahJxDrpKMSfyzUNOkDUC0iER"}}},"version":"v1"}