{"_sessions":{"BUOAD8tokzP1PTbJ4NK39z1eO8JN0Ge92p8MKFzuDQ1H":{"registrationId":175,"currentRatchet":{"ephemeralKeyPair":{"pubKey":"BSSSgI4D/OKBWqQ3vbr/EdZlt9iJ/ACD2XnsvmstZS9F","privKey":"cD0brUsNGJi1BKa/RXMkTJCKXMJHrlbICXl3SzeTC1Q="},"lastRemoteEphemeralKey":"Be2+Gdz93TAZEA+lvxwk4gjdGowA9IEOYrW0/K48o6tm","previousCounter":0,"rootKey":"3e0CPbogzxhLgrRkPSLq7Xgkp2VBXVAgyxwlxFO7Gxo="},"indexInfo":{"baseKey":"BUOAD8tokzP1PTbJ4NK39z1eO8JN0Ge92p8MKFzuDQ1H","baseKeyType":1,"closed":-1,"used":1722340715378,"created":1722339604294,"remoteIdentityKey":"BZ7WyZuSXNbQqmL8gXg+lCYuauZy+TdhwOYptpn/taBz"},"_chains":{"Be2+Gdz93TAZEA+lvxwk4gjdGowA9IEOYrW0/K48o6tm":{"chainKey":{"counter":0,"key":"kOIp7CCadjtKbpbV/LNOFiUZnKVIWVLyZNyNk+URUz4="},"chainType":2,"messageKeys":{}},"BSSSgI4D/OKBWqQ3vbr/EdZlt9iJ/ACD2XnsvmstZS9F":{"chainKey":{"counter":45,"key":"kj1gV7AUfYoOERi/CXuhMCleWpkaxeDF5QeUz8Fne3E="},"chainType":1,"messageKeys":{}}}}},"version":"v1"}