{"_sessions":{"BSD18PXzAqykAlFvHM2iUhOG4yhsg0mdblU03n1NB7Ia":{"registrationId":1417121575,"currentRatchet":{"ephemeralKeyPair":{"pubKey":"BSsgf1jhPGdILAYvv2UvxALF1L/MHAFkpwTQpFBsx1MI","privKey":"6DWuDYz6DJGKyfv5l46b3DaGiqBuj9QksmRCfjDJ7Ec="},"lastRemoteEphemeralKey":"BVJGHJRUlTJ7SsbttqwNr8xFRQusR05NIjwHg5TYBfoP","previousCounter":0,"rootKey":"nIcCxOKxZhJfRwdUP2WCUFnBOelaFJhzQdPxBEoTOaU="},"indexInfo":{"baseKey":"BSD18PXzAqykAlFvHM2iUhOG4yhsg0mdblU03n1NB7Ia","baseKeyType":1,"closed":-1,"used":1722224746685,"created":1722224746685,"remoteIdentityKey":"BR7OPV8rmLAg8ZXmMvwfhPj5CBI+4k6KVp/1WJoUOl4v"},"_chains":{"BSsgf1jhPGdILAYvv2UvxALF1L/MHAFkpwTQpFBsx1MI":{"chainKey":{"counter":6,"key":"QIWbESYs60gP4qjCaOwzjKEp56rMCyQiG2d0nFbMIp0="},"chainType":1,"messageKeys":{}}},"pendingPreKey":{"signedKeyId":1,"baseKey":"BSD18PXzAqykAlFvHM2iUhOG4yhsg0mdblU03n1NB7Ia"}}},"version":"v1"}