{"_sessions":{"BcThiK+20ZNp6G0fTD4nHn9T0WDX/qhAiAW/Z6N2RMED":{"registrationId":1235012105,"currentRatchet":{"ephemeralKeyPair":{"pubKey":"BVvXSc0meI4lAkApBvxs7leH2v/UGlzF0Tf0iORk0QoM","privKey":"sJSnH4sZRcecFovpOgub5Uug4lfvCTnWoeMYa1lyFHQ="},"lastRemoteEphemeralKey":"BUDEzAjJUyNDfgXmvP7sUOZijuDbYs9tLQ21Du0jn9xx","previousCounter":0,"rootKey":"9lLGj9pdTYwQKfPJtQp9YVhgU1ucfZ4Dy/piYMiSKxg="},"indexInfo":{"baseKey":"BcThiK+20ZNp6G0fTD4nHn9T0WDX/qhAiAW/Z6N2RMED","baseKeyType":1,"closed":-1,"used":1722302916258,"created":1722302916258,"remoteIdentityKey":"BcAIVCBlnN2MqYxpc3EtIiXF0zOn/wpSYfnZQMRNvtE6"},"_chains":{"BVvXSc0meI4lAkApBvxs7leH2v/UGlzF0Tf0iORk0QoM":{"chainKey":{"counter":76,"key":"ca5DLf3nu6j1ZJ1HsDVkad1u62gDu/jdX6z0zjZmfgw="},"chainType":1,"messageKeys":{}}},"pendingPreKey":{"signedKeyId":20,"baseKey":"BcThiK+20ZNp6G0fTD4nHn9T0WDX/qhAiAW/Z6N2RMED","preKeyId":3872384}}},"version":"v1"}