{"_sessions":{"BeKyJXr3mf88+xH2VCigLBKjAntyGoqx08gCsR7+okVM":{"registrationId":1892547099,"currentRatchet":{"ephemeralKeyPair":{"pubKey":"BXs6JEI6m3moMneLrabBZ+nKKhH/JH9FBBN8dp6gbbkb","privKey":"6I/tyojI+jqT2lxiN1gL4XlxCFjYl+wnbFwsfQ8LsHQ="},"lastRemoteEphemeralKey":"BVnQXDke8RmxYp49/i7pq3Tk3r7Z3qStTtuD6Ak0TKRG","previousCounter":0,"rootKey":"P7v0ah29+/ycAflBgMN39blYCvqWMYbP2G0lhXW+4Fw="},"indexInfo":{"baseKey":"BeKyJXr3mf88+xH2VCigLBKjAntyGoqx08gCsR7+okVM","baseKeyType":1,"closed":-1,"used":1722454511899,"created":1722454511898,"remoteIdentityKey":"BUW4bis3P+aJBh3aJliVOulzBS+YQPLpaYfCY4iu/UJH"},"_chains":{"BXs6JEI6m3moMneLrabBZ+nKKhH/JH9FBBN8dp6gbbkb":{"chainKey":{"counter":7,"key":"e3VgfspBDakuAOT2mBdt4c9h8yVxkJZTxK3k5z514dA="},"chainType":1,"messageKeys":{}}},"pendingPreKey":{"signedKeyId":2,"baseKey":"BeKyJXr3mf88+xH2VCigLBKjAntyGoqx08gCsR7+okVM","preKeyId":9936463}}},"version":"v1"}