{"_sessions":{"BQcE8PiOYpjFLrln1h4T2GYtcPLexFliwDZRA3Raa78J":{"registrationId":12516,"currentRatchet":{"ephemeralKeyPair":{"pubKey":"BTiZLZs5XDExG1NLmU43Z0lavhlhDY4OG1fy0vw5KPk4","privKey":"YPGDPRq63tAWkKsh79yjhdBNluOoXPr+T+/zyrc0uFg="},"lastRemoteEphemeralKey":"BRpEzlt6v5cjgHhPe/b9b2tIe5Ky3jhj53pNgL5mjzlz","previousCounter":0,"rootKey":"66Aq754T6KeSZFNYpk0sO8klXBqKz7Gwus2GI5FelDg="},"indexInfo":{"baseKey":"BQcE8PiOYpjFLrln1h4T2GYtcPLexFliwDZRA3Raa78J","baseKeyType":1,"closed":-1,"used":1722224746379,"created":1722224746379,"remoteIdentityKey":"BSuKv2oer6PGgiCUfiqWyQORo8bp6ymbOU81wdq79Wsr"},"_chains":{"BTiZLZs5XDExG1NLmU43Z0lavhlhDY4OG1fy0vw5KPk4":{"chainKey":{"counter":6,"key":"SI5iE11tGsT4H3c3vufCmXS5jvomV3P/yqEqO1/Qghs="},"chainType":1,"messageKeys":{}}},"pendingPreKey":{"signedKeyId":1,"baseKey":"BQcE8PiOYpjFLrln1h4T2GYtcPLexFliwDZRA3Raa78J"}}},"version":"v1"}