{"_sessions":{"Bc4B/HWuyMovdMlheW5mKL/GiuecwxmPGk1auDMy6WIH":{"registrationId":2711,"currentRatchet":{"ephemeralKeyPair":{"pubKey":"BaBrn24/SURUrgxI60ujMKa0YC7rZumc5ZAsu2CJKJsy","privKey":"mO7Z25lhsEPTM9EVswFLS0uWbNhDhbYzMjyqdzS4/Xw="},"lastRemoteEphemeralKey":"BU6dUC7HRWG9iwvjZN/ZWi4NBcf1e0ngdnDU/a/X9rVQ","previousCounter":0,"rootKey":"VoJ2Q+YQqfdq7KedFuceXx9FPOpXmaFPPDn94q15fug="},"indexInfo":{"baseKey":"Bc4B/HWuyMovdMlheW5mKL/GiuecwxmPGk1auDMy6WIH","baseKeyType":1,"closed":-1,"used":1722224745568,"created":1722224745568,"remoteIdentityKey":"BX4OuDn4xt02Z+kAs0jskK9b076/5PEZKUgNofW6B9Eh"},"_chains":{"BaBrn24/SURUrgxI60ujMKa0YC7rZumc5ZAsu2CJKJsy":{"chainKey":{"counter":6,"key":"6vK3T5b9T70YZFlc0Xn2dAhAxG/BMIJtUya53MOFrCs="},"chainType":1,"messageKeys":{}}},"pendingPreKey":{"signedKeyId":1,"baseKey":"Bc4B/HWuyMovdMlheW5mKL/GiuecwxmPGk1auDMy6WIH"}}},"version":"v1"}