{"_sessions":{"BbmpX8cL1iloZR8ybv5HfZzyYaSivoxNJCBMGvRQXGk2":{"registrationId":803139121,"currentRatchet":{"ephemeralKeyPair":{"pubKey":"BTQT9U5aEsqz00tnas80RTrwO4tYhDECXgphWWmFifAM","privKey":"kFniO/TBTa7dxoVkqSX7/3N0ra7adyWbcE+FKXRr9XQ="},"lastRemoteEphemeralKey":"Be3AYuffyc3R7/nSScB6eq4NtoTgJHR2rYRG/SsY00hV","previousCounter":0,"rootKey":"qSznhCEi8BGJqHgd3BrZjh80j5fA7ugvEDc+ce0IquA="},"indexInfo":{"baseKey":"BbmpX8cL1iloZR8ybv5HfZzyYaSivoxNJCBMGvRQXGk2","baseKeyType":1,"closed":-1,"used":1722224749265,"created":1722224749265,"remoteIdentityKey":"BbmBhkUoqLfZB2B7WzHoDugWOwj4dvRN8KF9tXwpmjkV"},"_chains":{"BTQT9U5aEsqz00tnas80RTrwO4tYhDECXgphWWmFifAM":{"chainKey":{"counter":6,"key":"zvgjV5ouBeLgWqQp46CNBac9S7bfRnAVm5tXEWflq+I="},"chainType":1,"messageKeys":{}}},"pendingPreKey":{"signedKeyId":25,"baseKey":"BbmpX8cL1iloZR8ybv5HfZzyYaSivoxNJCBMGvRQXGk2","preKeyId":5312227}}},"version":"v1"}