{"_sessions":{"BS2sAt76GsfuNc5d67aaduIBY0++YlD4vCfosVhOyLV0":{"registrationId":9587,"currentRatchet":{"ephemeralKeyPair":{"pubKey":"BeGf82MGkN//uGQD0QxziIkMWJkMRo+9+VGhJQ1+RC5F","privKey":"mBQjl51TQQpYuYIgNV8rPQTZFdhv7QE/8EkLYD4/4nQ="},"lastRemoteEphemeralKey":"BX4Nt6ylHETRrbr//ktjDVHWPTTbe5IkUEAP2M/xf/FE","previousCounter":0,"rootKey":"fCBSgKweiBahbCDERGA0PLvNTGYefm4p1XAMSFL52kk="},"indexInfo":{"baseKey":"BS2sAt76GsfuNc5d67aaduIBY0++YlD4vCfosVhOyLV0","baseKeyType":1,"closed":-1,"used":1722224745462,"created":1722224745462,"remoteIdentityKey":"BWSVrCyZERKbJj9gBGThvVj7kZY+PkKfnpwhMcwiGU4j"},"_chains":{"BeGf82MGkN//uGQD0QxziIkMWJkMRo+9+VGhJQ1+RC5F":{"chainKey":{"counter":6,"key":"vVXlB0UcL5AyyrtIUHd0i+aFqMSnlPJ1g2xUp3H3l94="},"chainType":1,"messageKeys":{}}},"pendingPreKey":{"signedKeyId":1,"baseKey":"BS2sAt76GsfuNc5d67aaduIBY0++YlD4vCfosVhOyLV0","preKeyId":5287}}},"version":"v1"}