{"_sessions":{"BY6/IRZ+gA5PWYAgnrafY4Tf/mW5n4P7nZHSYLKOvmZt":{"registrationId":589646749,"currentRatchet":{"ephemeralKeyPair":{"pubKey":"BXKjljF339xrMGRv0ECtcleEj2pZrCo7Y8aZPqixQyUS","privKey":"eKCIJ5U7qaanccLWqR43/RZF+ULN0HKulAHSN1AWLHc="},"lastRemoteEphemeralKey":"BfKhmtXnGqUYk12hH4LXsQ46HrL5BuzkhOnJkQ4vzBlJ","previousCounter":0,"rootKey":"qOujZ7j34Q5E0wo1G/zBbnxL1hq+cs+gncXEBKkBEfM="},"indexInfo":{"baseKey":"BY6/IRZ+gA5PWYAgnrafY4Tf/mW5n4P7nZHSYLKOvmZt","baseKeyType":1,"closed":1722481252799,"used":1722454512572,"created":1722454512572,"remoteIdentityKey":"BdG/fX8WSyRrW8XhuObWwsgNN5y+f36WYosAKv9arOw7"},"_chains":{"BXKjljF339xrMGRv0ECtcleEj2pZrCo7Y8aZPqixQyUS":{"chainKey":{"counter":6,"key":"cUDBLqN+GbnIwYpKD8ww+nHXFdSdj24N5xqC6bCjY9w="},"chainType":1,"messageKeys":{}}},"pendingPreKey":{"signedKeyId":0,"baseKey":"BY6/IRZ+gA5PWYAgnrafY4Tf/mW5n4P7nZHSYLKOvmZt","preKeyId":7027172}},"Bd9Kn8oNGd0dGO5a23Hm5JxidijiQVErBKLTRM4p2VU0":{"registrationId":589646749,"currentRatchet":{"ephemeralKeyPair":{"pubKey":"BYfdfv0JZEcWlI2USjyGZtyREJXAmifPuLRF/IXqFspW","privKey":"8PtDQB2SOjBrdmOWmP2MCdio8NWhoj96WuiVd1qASVE="},"lastRemoteEphemeralKey":"BfKhmtXnGqUYk12hH4LXsQ46HrL5BuzkhOnJkQ4vzBlJ","previousCounter":0,"rootKey":"fnkKee4miCbIvvpGTky0S8CkTMa0oB7HVC5k4e5IBaM="},"indexInfo":{"baseKey":"Bd9Kn8oNGd0dGO5a23Hm5JxidijiQVErBKLTRM4p2VU0","baseKeyType":1,"closed":-1,"used":1722481252797,"created":1722481252797,"remoteIdentityKey":"BdG/fX8WSyRrW8XhuObWwsgNN5y+f36WYosAKv9arOw7"},"_chains":{"BYfdfv0JZEcWlI2USjyGZtyREJXAmifPuLRF/IXqFspW":{"chainKey":{"counter":0,"key":"olTcuUnNMIVxM8uH8cfjRWJjdONTNlooAFO/AKVKeYI="},"chainType":1,"messageKeys":{}}},"pendingPreKey":{"signedKeyId":0,"baseKey":"Bd9Kn8oNGd0dGO5a23Hm5JxidijiQVErBKLTRM4p2VU0","preKeyId":7026928}}},"version":"v1"}