{"_sessions":{"BdjdzjWxO8NmzlxxStyjKDcv4YELw5jHk5ziXPXTDBd0":{"registrationId":8326,"currentRatchet":{"ephemeralKeyPair":{"pubKey":"Bbvjqp+uxFJlAm6UVS0+/Rj9lO0U4QuYJF3CIFYdD00v","privKey":"cEgnhAmQu6eTP2rB0gi0WZ4dL7PFhtkwMBSGjMMUP1c="},"lastRemoteEphemeralKey":"BV9Q1nZ+fe17bgzhMMp3fbUXWZcCD0/H8ddKppYz7jhT","previousCounter":0,"rootKey":"kg1AKAvU4g7Vs2HlPPxoqBJQSOZPkvOqpgJTSeQkwas="},"indexInfo":{"baseKey":"BdjdzjWxO8NmzlxxStyjKDcv4YELw5jHk5ziXPXTDBd0","baseKeyType":1,"closed":-1,"used":1722224744997,"created":1722224744997,"remoteIdentityKey":"BaDXgHNMpT75WhBor7ofEtdHF2CV1Wo4Q0kc6xBDToVc"},"_chains":{"Bbvjqp+uxFJlAm6UVS0+/Rj9lO0U4QuYJF3CIFYdD00v":{"chainKey":{"counter":6,"key":"/59sooSbZMlik+BRvGR6lBhmAiq59ZZA5D857LGxkd0="},"chainType":1,"messageKeys":{}}},"pendingPreKey":{"signedKeyId":1,"baseKey":"BdjdzjWxO8NmzlxxStyjKDcv4YELw5jHk5ziXPXTDBd0"}}},"version":"v1"}