{"_sessions":{"BfEMxh68CzcltvLglaps98q/7r32zap7sA9jIpgCYR9m":{"registrationId":442222433,"currentRatchet":{"ephemeralKeyPair":{"pubKey":"BU4795WSnUW4C+5TX40jtS4DFrWkSvpw6ooqcANGQRRT","privKey":"oMH4d9mQML+06P2MGOYSmbB8bi5CiT2fJCF5ARkI2E8="},"lastRemoteEphemeralKey":"BYxSZr2YWMXwzyXlkBMfQWXupUnn72BU5A8NMTDQI5Jw","previousCounter":0,"rootKey":"WmnkETHoy9TxqybXXamCZKgfhnli9yTWdPHGOumMeks="},"indexInfo":{"baseKey":"BfEMxh68CzcltvLglaps98q/7r32zap7sA9jIpgCYR9m","baseKeyType":1,"closed":-1,"used":1722224748764,"created":1722224748764,"remoteIdentityKey":"Bc49O/FtGYdZqiFZzxlfNLW15i1RkQ9AoxEuaZelu6Vp"},"_chains":{"BU4795WSnUW4C+5TX40jtS4DFrWkSvpw6ooqcANGQRRT":{"chainKey":{"counter":6,"key":"lyiVkBVe4V1KOpDVEJigPj4/hZH/9rquMk087U0WxxI="},"chainType":1,"messageKeys":{}}},"pendingPreKey":{"signedKeyId":3,"baseKey":"BfEMxh68CzcltvLglaps98q/7r32zap7sA9jIpgCYR9m","preKeyId":12646317}}},"version":"v1"}