{"_sessions":{"BWRxpCEIcjMWDNXxGefLAPWWDEOS0xFefhHDzbnFHfZZ":{"registrationId":945543523,"currentRatchet":{"ephemeralKeyPair":{"pubKey":"BcBJt7K86jzx3k5kk49pahhhkqrpVs4YVKDHF4pMF7Z3","privKey":"SMx/x8vYfG3Qa3hPqtueYKKwMIAoxtaBFsknMKpcKkc="},"lastRemoteEphemeralKey":"Bcb/9N741xNn1tStUHtSsQwrTFKNY0c5rJQ56qODaM1c","previousCounter":0,"rootKey":"7J7EOSshxE4KWhWU6DEQG481IyqopJCzRGsRg3XckKA="},"indexInfo":{"baseKey":"BWRxpCEIcjMWDNXxGefLAPWWDEOS0xFefhHDzbnFHfZZ","baseKeyType":1,"closed":-1,"used":1722224749287,"created":1722224749287,"remoteIdentityKey":"BbS/bV8KxYgT06OLSvLPhuhZuCKY4OTxCXwbXa4rIVBl"},"_chains":{"BcBJt7K86jzx3k5kk49pahhhkqrpVs4YVKDHF4pMF7Z3":{"chainKey":{"counter":6,"key":"pYhLDNmFnnGlqlnKnklmODRHf5OZpozh+tGe6Zc+m9E="},"chainType":1,"messageKeys":{}}},"pendingPreKey":{"signedKeyId":10,"baseKey":"BWRxpCEIcjMWDNXxGefLAPWWDEOS0xFefhHDzbnFHfZZ","preKeyId":1445048}}},"version":"v1"}