{"_sessions":{"BWHx8NeeKRyUMG/7Jkwqzhx/UTBd+/+jRETuNdbNJ3hu":{"registrationId":235,"currentRatchet":{"ephemeralKeyPair":{"pubKey":"BbWJd0pA5iKpsbulbf5D10wsLd9CeaZL2HMrNbHD+SFw","privKey":"IEXjgfPBNoTNbh3/t2VVueC015NSvYQylqB2sNS+RV0="},"lastRemoteEphemeralKey":"Be6EYd/aNTBSMRFJMjN/zCNDuRYBKnytQxjwpswoBNUk","previousCounter":0,"rootKey":"N/o9BTE4McMCysG/Yhk2yeGIW9zsQS6h1+O7uMavuH4="},"indexInfo":{"baseKey":"BWHx8NeeKRyUMG/7Jkwqzhx/UTBd+/+jRETuNdbNJ3hu","baseKeyType":1,"closed":-1,"used":1722454847988,"created":1722454511188,"remoteIdentityKey":"BSKedAHNWE3FTG/OXNjl4i4XaY4jjYJCfUHTjcLTY3Ar"},"_chains":{"Be6EYd/aNTBSMRFJMjN/zCNDuRYBKnytQxjwpswoBNUk":{"chainKey":{"counter":0,"key":"l0ZXynL94wd6FNUtNlPD0cb9L4ffCfd+ek82fkkWhQA="},"chainType":2,"messageKeys":{}},"BbWJd0pA5iKpsbulbf5D10wsLd9CeaZL2HMrNbHD+SFw":{"chainKey":{"counter":6,"key":"l4Oy9pDw0Jj6OuE2fDcXUB/3sUsroo9Fo57X5oGEF1U="},"chainType":1,"messageKeys":{}}}}},"version":"v1"}