{"_sessions":{"BbN00cf8gJ/Oqf9+q/uzk/7FiorklfOdFu6FWKoEJm5B":{"registrationId":1199496412,"currentRatchet":{"ephemeralKeyPair":{"pubKey":"BReh8NIte139IgmZ+ZcCNcgDO4OM6bh5dQh+QAjYGKwT","privKey":"YCNVgjM/zxFyb5NeTRVFpMAwJ0K0GDYCw9RV5nzwOHs="},"lastRemoteEphemeralKey":"BR7mefgRYDUVfeuof8YxSJ59ozSdSZlyTJTG3gLE4/5m","previousCounter":0,"rootKey":"KzremW3qIuRq6A5/+xMraPY0a/jWN8gcIOVydMZURXU="},"indexInfo":{"baseKey":"BbN00cf8gJ/Oqf9+q/uzk/7FiorklfOdFu6FWKoEJm5B","baseKeyType":1,"closed":-1,"used":1722224748663,"created":1722224748663,"remoteIdentityKey":"BVHZ/4X6Ro43pfx578A6bbFw3H+4mRaoftrorPWU21Ei"},"_chains":{"BReh8NIte139IgmZ+ZcCNcgDO4OM6bh5dQh+QAjYGKwT":{"chainKey":{"counter":6,"key":"/bX/hSCLMtHJe98XSg1VUo0Rsvr23wpZ7Yy6W67kERU="},"chainType":1,"messageKeys":{}}},"pendingPreKey":{"signedKeyId":0,"baseKey":"BbN00cf8gJ/Oqf9+q/uzk/7FiorklfOdFu6FWKoEJm5B"}}},"version":"v1"}