{"_sessions":{"Bfhu1ZTunC2J6pq5IrpeB9CNQnVEn6VtQibgAmd1cQ8s":{"registrationId":815636024,"currentRatchet":{"ephemeralKeyPair":{"pubKey":"BaTw3QUqDn6wMSL3Yqstvor+QzjmbKdL7vJF/SD3mKVk","privKey":"iPGN8v05eK6DCWeWrj+zBSfjMwV9piMEJ7oUX4paDVk="},"lastRemoteEphemeralKey":"Be59fsys2khe/u9lae1CzmulysvdP6lOXuPigQH3ofYg","previousCounter":0,"rootKey":"Zqy0FJt53ikK59UTnSqEcJ599p47npVjLqKvCaSmErE="},"indexInfo":{"baseKey":"Bfhu1ZTunC2J6pq5IrpeB9CNQnVEn6VtQibgAmd1cQ8s","baseKeyType":1,"closed":-1,"used":1722224748365,"created":1722224748365,"remoteIdentityKey":"Bb7/LAVYoUXwX+n8GuDHj34BuC+77jY3G0UpXnFvNtxu"},"_chains":{"BaTw3QUqDn6wMSL3Yqstvor+QzjmbKdL7vJF/SD3mKVk":{"chainKey":{"counter":6,"key":"FMo9rhdREyXDj5Y/HrxMh2rMoPRP7u2j0Z0LK3131Cw="},"chainType":1,"messageKeys":{}}},"pendingPreKey":{"signedKeyId":0,"baseKey":"Bfhu1ZTunC2J6pq5IrpeB9CNQnVEn6VtQibgAmd1cQ8s"}}},"version":"v1"}