{"_sessions":{"BXGJYvbY0fxcG28LJrE8yCPzqYRDP1BIv7xoEwq7bHRE":{"registrationId":1369647245,"currentRatchet":{"ephemeralKeyPair":{"pubKey":"BSG1ktmiHMvIgYkuapDrG4Xb67YaebtFGFkU1/T+Ixxv","privKey":"6EY/rvVmzFQwww0Pe9BfiYhS8puaPNwP0JRhFNUAulQ="},"lastRemoteEphemeralKey":"BX17Uk1l5ecxBiZW4ZQl4/sVZY1sFxDKUI8MDuS44pFH","previousCounter":0,"rootKey":"v/bi7RXy8+GMIsFLyTrr2N987QA/BtNZiun6BoPOHSI="},"indexInfo":{"baseKey":"BXGJYvbY0fxcG28LJrE8yCPzqYRDP1BIv7xoEwq7bHRE","baseKeyType":1,"closed":-1,"used":1722224747363,"created":1722224747363,"remoteIdentityKey":"BaD9hZj3P1eYOoKWKhuuVdlZpAW1yDQUjg30BAjqW+cT"},"_chains":{"BSG1ktmiHMvIgYkuapDrG4Xb67YaebtFGFkU1/T+Ixxv":{"chainKey":{"counter":6,"key":"H4XeMMBnNqUwGucr8fvS0NdzPRI3Uim4j+FHUi4v8Kc="},"chainType":1,"messageKeys":{}}},"pendingPreKey":{"signedKeyId":0,"baseKey":"BXGJYvbY0fxcG28LJrE8yCPzqYRDP1BIv7xoEwq7bHRE","preKeyId":13279881}}},"version":"v1"}