{"_sessions":{"BcoeSKw3IDrxI+d+/04KsUqihUbiinWiUPTStBSBm+Rc":{"registrationId":192,"currentRatchet":{"ephemeralKeyPair":{"pubKey":"BdKnUC34dCMEwGdX2wYCFIJnvUCXO85TE6YWQ1y+dKQ1","privKey":"AEpOMglJQ8O9D01lwn8WSnBUrG46xsZ76kQCcMxSIno="},"lastRemoteEphemeralKey":"BYau74FEp+P8FuVtIitdzeSnXF201xQz8+DJnHUO63A3","previousCounter":0,"rootKey":"iqOV1L0Jg0LlBUAT+94FiUxmLybxQmv+RoMtpgRQjUU="},"indexInfo":{"baseKey":"BcoeSKw3IDrxI+d+/04KsUqihUbiinWiUPTStBSBm+Rc","baseKeyType":1,"closed":-1,"used":1722454511375,"created":1722454511375,"remoteIdentityKey":"BX618h942wc7yGerohS6VpjWUCaM5YYnIuf1eSvZCOxR"},"_chains":{"BdKnUC34dCMEwGdX2wYCFIJnvUCXO85TE6YWQ1y+dKQ1":{"chainKey":{"counter":7,"key":"S13wn+xzYTkWkXWG1NuyK/CEM+HaicmocsYru8BvZ4k="},"chainType":1,"messageKeys":{}}},"pendingPreKey":{"signedKeyId":1,"baseKey":"BcoeSKw3IDrxI+d+/04KsUqihUbiinWiUPTStBSBm+Rc"}}},"version":"v1"}