{"_sessions":{"BVoUEuDTGJIdFT1oz8qkSAYkRdCCkW5QvhWiDonLkkEE":{"registrationId":1412879824,"currentRatchet":{"ephemeralKeyPair":{"pubKey":"BSytdQmCsErDY7T4jZx0aa/DosG4gj3cFlcYaQuAAwZE","privKey":"sJp2FRjGYHxgvQiKC+ZLEUm1Byk3kJFk39Gh78YIdG8="},"lastRemoteEphemeralKey":"BfEO9PDWs94WZ/ksZvoT4BqOy38zOyiR5UC+LyIJnaYv","previousCounter":0,"rootKey":"AQEA4POsycFLofQ5mbcSMGVrLRtmI8xsIBNMrRdoJtk="},"indexInfo":{"baseKey":"BVoUEuDTGJIdFT1oz8qkSAYkRdCCkW5QvhWiDonLkkEE","baseKeyType":1,"closed":-1,"used":1722224748472,"created":1722224748472,"remoteIdentityKey":"BfjzWVLHCo/mGwWLp5ed4yA4KdEbGY2CS26FULJBr6NJ"},"_chains":{"BSytdQmCsErDY7T4jZx0aa/DosG4gj3cFlcYaQuAAwZE":{"chainKey":{"counter":6,"key":"kz7hgTKaEJYbdVlhIiTNkCMhMjiPTyTf6dX5HLaLFQ4="},"chainType":1,"messageKeys":{}}},"pendingPreKey":{"signedKeyId":8,"baseKey":"BVoUEuDTGJIdFT1oz8qkSAYkRdCCkW5QvhWiDonLkkEE","preKeyId":12305710}}},"version":"v1"}