{"_sessions":{"BZQpSwf7EX6wGLYc9hEw+vVIhtJy6vZZJx+TclxvHVUy":{"registrationId":15509,"currentRatchet":{"ephemeralKeyPair":{"pubKey":"Bcnc8oKxx7PcPCGs+T4YF7P2HWCFLtJkcSDU3paoBVRA","privKey":"CIEgkkbzlg+G0OWiPdJ6PqM55u1ICiq1/Vtd+u+J300="},"lastRemoteEphemeralKey":"Bej+S6AI9KU6xmYzWCc2bQ5C2MYJahPBjV8BJYxTAxcO","previousCounter":0,"rootKey":"vQSPtO7cDZxiSfOi0fB7TmNh7SoXDY4UEB2SMQyfT1M="},"indexInfo":{"baseKey":"BZQpSwf7EX6wGLYc9hEw+vVIhtJy6vZZJx+TclxvHVUy","baseKeyType":1,"closed":-1,"used":1722454511266,"created":1722454511266,"remoteIdentityKey":"BYxHPNMvERd5Aymo9ngKqJhiAizU/4upg/ySCQlw5gNj"},"_chains":{"Bcnc8oKxx7PcPCGs+T4YF7P2HWCFLtJkcSDU3paoBVRA":{"chainKey":{"counter":7,"key":"tjqdGht1NhPyJHTyogKV1s3oQJSBfOZvFHok7zv5FKE="},"chainType":1,"messageKeys":{}}},"pendingPreKey":{"signedKeyId":1,"baseKey":"BZQpSwf7EX6wGLYc9hEw+vVIhtJy6vZZJx+TclxvHVUy"}}},"version":"v1"}