{"_sessions":{"BaQ9/ALlBHWQ8w5GCO/c4+usDtobth6s6O8le1RqsZdp":{"registrationId":1688247033,"currentRatchet":{"ephemeralKeyPair":{"pubKey":"BbrBQYh4p9DPChqfZhscI40nlJ490ak5ydLsClicPC19","privKey":"wE94TvkHZ8V3fNVjcGk2cEFzw0YFRQiBIeYa9OFfFE0="},"lastRemoteEphemeralKey":"BWwjqC0V4SGDDkI8JQtXoZhlUi2ZzZeV+l9fJVIA1DR6","previousCounter":0,"rootKey":"ERQ0TUNhtHiC1Fz/54HPSYmGmeL0v5krf/Fkr3sRKZM="},"indexInfo":{"baseKey":"BaQ9/ALlBHWQ8w5GCO/c4+usDtobth6s6O8le1RqsZdp","baseKeyType":1,"closed":-1,"used":1722224748760,"created":1722224748760,"remoteIdentityKey":"BbpRnjcvSDTBV5zUhTV+jZuUasi2mTJLeWjuL2995Q9p"},"_chains":{"BbrBQYh4p9DPChqfZhscI40nlJ490ak5ydLsClicPC19":{"chainKey":{"counter":6,"key":"tDtHNcNWR+Ew1pHi6ybC8gupVG1FJm2uyS5iNeqbr80="},"chainType":1,"messageKeys":{}}},"pendingPreKey":{"signedKeyId":0,"baseKey":"BaQ9/ALlBHWQ8w5GCO/c4+usDtobth6s6O8le1RqsZdp"}}},"version":"v1"}