{"_sessions":{"BYjxUwOZ6YP1VJ+m/BhQM2kza6VWmELHwcG9/u5BRK84":{"registrationId":15535892,"currentRatchet":{"ephemeralKeyPair":{"pubKey":"BRMFZN5VFDGPWasM/+R99Dco8A6lcVzSBlrkyRab+j8S","privKey":"YDUMQc4hxPHoozL/KCVzmpIhXzyWTu2ZbZ9370Uk7G4="},"lastRemoteEphemeralKey":"BQ+yPrVYRVFNfb9yHnAbfu71qlUrVIFCOTNvDGOerBpy","previousCounter":0,"rootKey":"xfZzsxDR/m8ZE+DDsfRlv51ftDa2kBULEXRBbphi200="},"indexInfo":{"baseKey":"BYjxUwOZ6YP1VJ+m/BhQM2kza6VWmELHwcG9/u5BRK84","baseKeyType":1,"closed":-1,"used":1722224747960,"created":1722224747960,"remoteIdentityKey":"BQSLkf0hTvSSuFukORMBn3olAwDyCREJWL+l3ZclDtwG"},"_chains":{"BRMFZN5VFDGPWasM/+R99Dco8A6lcVzSBlrkyRab+j8S":{"chainKey":{"counter":6,"key":"vA61jCE5D409oYo6T4Hn7+WYpLLupCD8rEfOge++AXY="},"chainType":1,"messageKeys":{}}},"pendingPreKey":{"signedKeyId":5,"baseKey":"BYjxUwOZ6YP1VJ+m/BhQM2kza6VWmELHwcG9/u5BRK84","preKeyId":4094212}}},"version":"v1"}