{"_sessions":{"BdUwtnHO9Czun7yQfpfqF21Nd+QX6qVmzad8s5HMsb1w":{"registrationId":413647040,"currentRatchet":{"ephemeralKeyPair":{"pubKey":"BZr4ztEC34RDB088c9vOI/Lu8QEyfUIfxfMEI2Odu6Id","privKey":"gNyZqM5CTmntNduXCRflsG3IQCdus0Bgr0OCNW6M7FI="},"lastRemoteEphemeralKey":"BX4nr9wuz3Q8qFb9wbq9xmUTv0epv//LXmfNr0R7/rEg","previousCounter":0,"rootKey":"rua9irsbJiiMD6ZCanlHqN5OH+XkMQEhe4GojiEsVcc="},"indexInfo":{"baseKey":"BdUwtnHO9Czun7yQfpfqF21Nd+QX6qVmzad8s5HMsb1w","baseKeyType":1,"closed":-1,"used":1722224749487,"created":1722224749487,"remoteIdentityKey":"BfFP02031EaPLTiz0cHmxNcj00NRIcbU4wuac4uodE1q"},"_chains":{"BZr4ztEC34RDB088c9vOI/Lu8QEyfUIfxfMEI2Odu6Id":{"chainKey":{"counter":6,"key":"5+Ddg+owlv0HGRg7umqVFHSx+KQeYEcrdmmX5pyz398="},"chainType":1,"messageKeys":{}}},"pendingPreKey":{"signedKeyId":0,"baseKey":"BdUwtnHO9Czun7yQfpfqF21Nd+QX6qVmzad8s5HMsb1w","preKeyId":336976}}},"version":"v1"}