{"_sessions":{"BUI0iBUK6cUCysp46oskN7+HzcHttvn6xRGd06Z00OYk":{"registrationId":492044554,"currentRatchet":{"ephemeralKeyPair":{"pubKey":"BYzdQSVc1f3CfLdeUF91OdJZJjPWA4NQSJmLPNVX7uJf","privKey":"2ANw9XCWkHQxbECIVcmAjluD5yYOR2Vi4fDeHR8XyWA="},"lastRemoteEphemeralKey":"BUhf7OZShxeiR6OZd4RHkEMCrNuvdmXrtTdGyYkQgh5b","previousCounter":23,"rootKey":"VesjRaNVVdc4WdBm4XRK8sLfy7PfkiEWwoeSVt8xWoI="},"indexInfo":{"baseKey":"BUI0iBUK6cUCysp46oskN7+HzcHttvn6xRGd06Z00OYk","baseKeyType":1,"closed":-1,"used":1722414039281,"created":1722302915653,"remoteIdentityKey":"Bbbvz5AA0LtIMr+liMfi5hPQwufXxbmFbp0yIRc2yCcC"},"_chains":{"BaWrAFi8OhUD2fB2YC2Nr0nMqdtIgSK/5x2lFbT9NMFp":{"chainKey":{"counter":0},"chainType":2,"messageKeys":{}},"BUhf7OZShxeiR6OZd4RHkEMCrNuvdmXrtTdGyYkQgh5b":{"chainKey":{"counter":0,"key":"EHrkc1djqMKdi/J15NCcg6J7kJzx2KYFvr64bzMBLx0="},"chainType":2,"messageKeys":{}},"BYzdQSVc1f3CfLdeUF91OdJZJjPWA4NQSJmLPNVX7uJf":{"chainKey":{"counter":9,"key":"6UbIY2v+2fJGxENPLttS/qOWr+4CfisEP3o8aocCz9w="},"chainType":1,"messageKeys":{}}}}},"version":"v1"}