{"_sessions":{"Bfgcb9QGst2LNrunLiubgfbeJD8xEklSaw6SEJczcRxT":{"registrationId":11467,"currentRatchet":{"ephemeralKeyPair":{"pubKey":"BeWwHVGccuYDMa+673V2hO2fZRbRTWu3DWFVNROUeC5N","privKey":"cAvgNL6z3Y6AQLjlQg3QZq7s2hJrD/cdNTYobRMeqE0="},"lastRemoteEphemeralKey":"BaRJGCK0S+IHs1Nw6fNnh/lqfctPU30KwhC46U6MrrdU","previousCounter":0,"rootKey":"BWbZJVd7P5DJDlAjuu9nf7d93YTsRngdRyEJQkBkCgk="},"indexInfo":{"baseKey":"Bfgcb9QGst2LNrunLiubgfbeJD8xEklSaw6SEJczcRxT","baseKeyType":1,"closed":-1,"used":1722454510958,"created":1722454510958,"remoteIdentityKey":"BYWb/WByeiCjWNGO3gX9kTgoJ1rHA3/u2654AtJ3xvQy"},"_chains":{"BeWwHVGccuYDMa+673V2hO2fZRbRTWu3DWFVNROUeC5N":{"chainKey":{"counter":7,"key":"AIIBwbZifqEiC1s0/6zWCuUfnHoVerTWE54d7w//cEo="},"chainType":1,"messageKeys":{}}},"pendingPreKey":{"signedKeyId":1,"baseKey":"Bfgcb9QGst2LNrunLiubgfbeJD8xEklSaw6SEJczcRxT","preKeyId":512}}},"version":"v1"}