{"_sessions":{"Bb4H/lM6wmMvp+S+W1MKJjCKHUujtZszW34ttQWxDh55":{"registrationId":3400,"currentRatchet":{"ephemeralKeyPair":{"pubKey":"BWvUJSN4xzuB2b2V5bQlsU4He0SxJgtAvOjT9rFgnGtf","privKey":"MDheysys7F4L/iH2Qde1NzxYV70vOMBRHJbmXj8vM08="},"lastRemoteEphemeralKey":"BSh0KsP9YOuQrnpfmWOeHvpWuZLl42JYDpmJmZ8qqXwt","previousCounter":0,"rootKey":"37g2LaT2Kug8SdTDBqSKRh2GOpvEoj1gAS+l1OOFbY8="},"indexInfo":{"baseKey":"Bb4H/lM6wmMvp+S+W1MKJjCKHUujtZszW34ttQWxDh55","baseKeyType":1,"closed":-1,"used":1722224745599,"created":1722224745599,"remoteIdentityKey":"BZKUpOrLTcrdSSJTmoM6BeG4e59iwpa7wwC52gysYH4W"},"_chains":{"BWvUJSN4xzuB2b2V5bQlsU4He0SxJgtAvOjT9rFgnGtf":{"chainKey":{"counter":6,"key":"WeKKvlJFD4mBOc7VuW87dq6F/5X84pq9Qe7bhDcO1rU="},"chainType":1,"messageKeys":{}}},"pendingPreKey":{"signedKeyId":1,"baseKey":"Bb4H/lM6wmMvp+S+W1MKJjCKHUujtZszW34ttQWxDh55","preKeyId":5026}}},"version":"v1"}