{"_sessions":{"BSoTsk6cwgCMuO9vPAVxvAOrKtF2kVrY0yyYKRIfdyl0":{"registrationId":479390094,"currentRatchet":{"ephemeralKeyPair":{"pubKey":"BcbJawmWzzd1g2SAMDKn/ZbjSMm07SL31Sy1hoIfoipm","privKey":"gE+z6b0xJZcPaIWquXQyAAB10T31rfAvujnLoFCOzEo="},"lastRemoteEphemeralKey":"BZIErX4da85lq4VfoqyC/ny/UZ5Zrgbs2p9xsPt4Vo0T","previousCounter":0,"rootKey":"5P5UmM/xDlpgvey+s2EjzyjW90OXXPWzTqON5LvaH28="},"indexInfo":{"baseKey":"BSoTsk6cwgCMuO9vPAVxvAOrKtF2kVrY0yyYKRIfdyl0","baseKeyType":1,"closed":-1,"used":1722224749560,"created":1722224749560,"remoteIdentityKey":"BXXg4JlmKxHUsrGzHPT6sPw3UkLnbqZH6vLBT2TeR0YU"},"_chains":{"BcbJawmWzzd1g2SAMDKn/ZbjSMm07SL31Sy1hoIfoipm":{"chainKey":{"counter":6,"key":"3GXdrFRjPz2fASvPybT0qI6uq7cDMxnFqLDsJyLKcN4="},"chainType":1,"messageKeys":{}}},"pendingPreKey":{"signedKeyId":2,"baseKey":"BSoTsk6cwgCMuO9vPAVxvAOrKtF2kVrY0yyYKRIfdyl0","preKeyId":12349608}}},"version":"v1"}