{"_sessions":{"BYhIx2cvymtcun2QgRFyp3+ZHnx3sEhc2IPDZmNZN845":{"registrationId":48402718,"currentRatchet":{"ephemeralKeyPair":{"pubKey":"BR2N4AYz5zQT1Wpv7saWWG0abvlp5sK9ZiI/yCGX8oYZ","privKey":"CO0GSFRVBXdzb08z7SxwJTzh1iD88D0jyIJwS7OQkWc="},"lastRemoteEphemeralKey":"BcjOC7C2rgMwOlozKWaLUvEkjqc6/wWLiIPnQLDP2eRO","previousCounter":0,"rootKey":"Cu4IesQeiVzE6AXMXEYReP9pIRGWAbYSbY1UE8VG6VQ="},"indexInfo":{"baseKey":"BYhIx2cvymtcun2QgRFyp3+ZHnx3sEhc2IPDZmNZN845","baseKeyType":1,"closed":1722481193373,"used":1722454513087,"created":1722454513087,"remoteIdentityKey":"BQke11IZshideZQO7JKCMlVl7VZ80Xq9TFRnxUc+9QV0"},"_chains":{"BR2N4AYz5zQT1Wpv7saWWG0abvlp5sK9ZiI/yCGX8oYZ":{"chainKey":{"counter":5,"key":"PlMq6P6lhrpDkZXzo1UYx1lv9kK8L9GfFGBxElyGRzk="},"chainType":1,"messageKeys":{}}},"pendingPreKey":{"signedKeyId":0,"baseKey":"BYhIx2cvymtcun2QgRFyp3+ZHnx3sEhc2IPDZmNZN845","preKeyId":193071}},"BV1VypcnsGPKYpBZhxG0i0pzOSOIW0tb7ScgOTFyqA4j":{"registrationId":48402718,"currentRatchet":{"ephemeralKeyPair":{"pubKey":"BcfAIqFqMPn+hqYT/PlUjHtHljuXxCsRSHlVqCzaW5JG","privKey":"cFwAvVS6Ji19A2QWTXOAMk7Hvvi4yxBVacDAOQYe/l0="},"lastRemoteEphemeralKey":"BcjOC7C2rgMwOlozKWaLUvEkjqc6/wWLiIPnQLDP2eRO","previousCounter":0,"rootKey":"qCALXyRugK8abg+ma3WVORLHhm0IPmc4sKr7uo9cukM="},"indexInfo":{"baseKey":"BV1VypcnsGPKYpBZhxG0i0pzOSOIW0tb7ScgOTFyqA4j","baseKeyType":1,"closed":-1,"used":1722481193370,"created":1722481193370,"remoteIdentityKey":"BQke11IZshideZQO7JKCMlVl7VZ80Xq9TFRnxUc+9QV0"},"_chains":{"BcfAIqFqMPn+hqYT/PlUjHtHljuXxCsRSHlVqCzaW5JG":{"chainKey":{"counter":1,"key":"1xMur7zRPjNLnnzl8InYMLhUYP8eVTcVveZKCOxNa/o="},"chainType":1,"messageKeys":{}}},"pendingPreKey":{"signedKeyId":0,"baseKey":"BV1VypcnsGPKYpBZhxG0i0pzOSOIW0tb7ScgOTFyqA4j","preKeyId":193058}}},"version":"v1"}