{"_sessions":{"BZL5CZ4B+yEP+lEv2pFGb7eJF5WPxLJsBOuZ2m3BOtVR":{"registrationId":109760217,"currentRatchet":{"ephemeralKeyPair":{"pubKey":"Be6aBbSxbxQDzJxh5FBeFrph051kvjf7CA0ShK7rCAQW","privKey":"AHzz02eW6csYh0+dlaOVcCtv8ihFD5SF07C65gbUjHM="},"lastRemoteEphemeralKey":"BdzNx8mDzvVhu/AoRDOgbgctljA27j1MEk8gvCn63lN+","previousCounter":0,"rootKey":"1zJqbiyl4cagSAAs6wAWx6ay2LkiGcJ57KxVKYp3c8E="},"indexInfo":{"baseKey":"BZL5CZ4B+yEP+lEv2pFGb7eJF5WPxLJsBOuZ2m3BOtVR","baseKeyType":1,"closed":-1,"used":1722224749501,"created":1722224749501,"remoteIdentityKey":"BS9nhQGoKyS5fNxB1Ml1mwPX0MOxowTfmn+pPcuYREJm"},"_chains":{"Be6aBbSxbxQDzJxh5FBeFrph051kvjf7CA0ShK7rCAQW":{"chainKey":{"counter":6,"key":"Tha+NRHfW2SPth/b2YBuPE9syaQZ6OgdYgyb9+fPG4w="},"chainType":1,"messageKeys":{}}},"pendingPreKey":{"signedKeyId":2,"baseKey":"BZL5CZ4B+yEP+lEv2pFGb7eJF5WPxLJsBOuZ2m3BOtVR","preKeyId":5577027}}},"version":"v1"}