{"_sessions":{"BWd1jGSQz3ADFJsDqah0CzC+p5YDxVh5ZJLr6Uj2xRdN":{"registrationId":699574200,"currentRatchet":{"ephemeralKeyPair":{"pubKey":"BWcaqKgxCVmbulN8hPrLl7et7cBpJYJ9ptaJpHrIPdlp","privKey":"SD0Ic2sZMH8bVchsQdfqrmr1no1svXnqAde2CrygFkg="},"lastRemoteEphemeralKey":"BU68hEbxDwj/GgwzXD5bYYKzv/4OOvaUgo3K7qKc/n07","previousCounter":0,"rootKey":"LO4n4SCEBp+EVUxWvnY9gz8ukGv/z/pMDt/uBTo4Zc0="},"indexInfo":{"baseKey":"BWd1jGSQz3ADFJsDqah0CzC+p5YDxVh5ZJLr6Uj2xRdN","baseKeyType":1,"closed":-1,"used":1722224746491,"created":1722224746491,"remoteIdentityKey":"BYCCGLtHi1jl3t0QdwVjN3wIOM5+47/sSH/0gvNJZkZa"},"_chains":{"BWcaqKgxCVmbulN8hPrLl7et7cBpJYJ9ptaJpHrIPdlp":{"chainKey":{"counter":6,"key":"1XAw2fpf+lkUiMmYNlMzePGgXd2v3j+IJy4FaoRzaKw="},"chainType":1,"messageKeys":{}}},"pendingPreKey":{"signedKeyId":4,"baseKey":"BWd1jGSQz3ADFJsDqah0CzC+p5YDxVh5ZJLr6Uj2xRdN","preKeyId":2232779}}},"version":"v1"}