{"_sessions":{"BXBkwY7mu3zygeWbGVq++LcKeLCN0PbzO9YNH/EfK3IV":{"registrationId":234158140,"currentRatchet":{"ephemeralKeyPair":{"pubKey":"BTVSdWjRuKcMN7UnCrK6CNHkEMti5Lmp/BkXWx/qQl0q","privKey":"wLLeKbwuSXTZEcsPNxDQLt7f4bECjOHGyLuRtoM5kkk="},"lastRemoteEphemeralKey":"BbnR/+nrsJYybKQSENoG8QPWC4E5eywR8yzAXhNYBCs2","previousCounter":0,"rootKey":"Mh3w35yINLKrRb+hghN/GhwWPJ118/WzsdR4zYeeD+s="},"indexInfo":{"baseKey":"BXBkwY7mu3zygeWbGVq++LcKeLCN0PbzO9YNH/EfK3IV","baseKeyType":1,"closed":-1,"used":1722224747080,"created":1722224747080,"remoteIdentityKey":"Bf91s3bJBpf3NqHroVVw8o4GIWvn2TUNPyeXccNPy4QF"},"_chains":{"BTVSdWjRuKcMN7UnCrK6CNHkEMti5Lmp/BkXWx/qQl0q":{"chainKey":{"counter":6,"key":"ma0j395o4p7z/SpYaEyP19ajxCoWRwkaV3Ref8o94TA="},"chainType":1,"messageKeys":{}}},"pendingPreKey":{"signedKeyId":0,"baseKey":"BXBkwY7mu3zygeWbGVq++LcKeLCN0PbzO9YNH/EfK3IV"}}},"version":"v1"}