{"_sessions":{"BWANjKF2DVoKHccsthorIJCRTrYPwRrPdRTj+D/sh4Yg":{"registrationId":1074796466,"currentRatchet":{"ephemeralKeyPair":{"pubKey":"BayVuovFN80Ny5NrAidHnFsHxw4/14SoqNTKpfBA13w4","privKey":"GHhsUT3u4y0dTbNAik98sfur/ZZmCf1SCcaT+jvSZFc="},"lastRemoteEphemeralKey":"BfnP+/3xCndutlkYnSFpcHCAXqZZ9Celp2x2POPQi/Y6","previousCounter":0,"rootKey":"OknfyTedptwI8nwL0bt/KpYFihnpr2df+GLqCDpDFrw="},"indexInfo":{"baseKey":"BWANjKF2DVoKHccsthorIJCRTrYPwRrPdRTj+D/sh4Yg","baseKeyType":1,"closed":-1,"used":1722454512406,"created":1722454512406,"remoteIdentityKey":"BRDMsv9zgdL+wM2s9jW9HnNonyOTkYPiiHJw76UOgcFQ"},"_chains":{"BayVuovFN80Ny5NrAidHnFsHxw4/14SoqNTKpfBA13w4":{"chainKey":{"counter":7,"key":"iwfeCTZ59M0FmZn/WYGH1buw4Y4C1I9fRj5Iq6O+MrM="},"chainType":1,"messageKeys":{}}},"pendingPreKey":{"signedKeyId":2,"baseKey":"BWANjKF2DVoKHccsthorIJCRTrYPwRrPdRTj+D/sh4Yg","preKeyId":4803175}}},"version":"v1"}