{"_sessions":{"Bc6lCMYKZkq9Wn0qnivyKSIbw4fqC3Fmw1BSUsikxfUI":{"registrationId":12653,"currentRatchet":{"ephemeralKeyPair":{"pubKey":"Bb/ueMZBrh1A/YfuHXNjixA4LWfOUAJOslCnE0pHRU4G","privKey":"mO84baPaom3kHKHSfmaM6sSEEsFxrHth6ZbsF1kyDlI="},"lastRemoteEphemeralKey":"BWQkhkW4P3ZoUkI5OhStrC9XgLC/iOjqCFwsYoM61kZC","previousCounter":0,"rootKey":"2OzcyrcU3Sumwp+uX4AQlQjZO+lZxUkIir73vh27ilQ="},"indexInfo":{"baseKey":"Bc6lCMYKZkq9Wn0qnivyKSIbw4fqC3Fmw1BSUsikxfUI","baseKeyType":1,"closed":-1,"used":1722224746062,"created":1722224746062,"remoteIdentityKey":"BVUsl27lcsflnmi9u24tQhiL1gN7eea155Js1aPjNQMo"},"_chains":{"Bb/ueMZBrh1A/YfuHXNjixA4LWfOUAJOslCnE0pHRU4G":{"chainKey":{"counter":6,"key":"yN29exmqMAiqUcPh5IlPb8+IL/VAHO3fGEYUuquyQmo="},"chainType":1,"messageKeys":{}}},"pendingPreKey":{"signedKeyId":1,"baseKey":"Bc6lCMYKZkq9Wn0qnivyKSIbw4fqC3Fmw1BSUsikxfUI"}}},"version":"v1"}