{"_sessions":{"BVQ0UXF+RpompQMkSQfLraXKbH0Eqdez5Zk5GXwE/nIu":{"registrationId":1281513254,"currentRatchet":{"ephemeralKeyPair":{"pubKey":"BRH3wUOnAiyvjRxEQZoEg/tDol4ZHmsFjHKr+l8Gtx1u","privKey":"cE9gANElcqLyxIhw1KI4NdOrdNbB9Y7WILrw2I0U4HU="},"lastRemoteEphemeralKey":"BdadVV50xZ8HfKmZWr1g1oNloHgiFng48gP02NAtcXgL","previousCounter":0,"rootKey":"E6GgRJizu0+IQEhByXlDh9KTwtv7hhfeHdWDyJQit6s="},"indexInfo":{"baseKey":"BVQ0UXF+RpompQMkSQfLraXKbH0Eqdez5Zk5GXwE/nIu","baseKeyType":1,"closed":-1,"used":1722224746906,"created":1722224746906,"remoteIdentityKey":"BXIAi4VIZEeH8hyN4y7x7NuX0EDX/z1+9EdDImGBCaMz"},"_chains":{"BRH3wUOnAiyvjRxEQZoEg/tDol4ZHmsFjHKr+l8Gtx1u":{"chainKey":{"counter":6,"key":"+bSDDVFsJLwq0zXRWAgUJVNhDxx8VMg8+H6Y7uhzMrg="},"chainType":1,"messageKeys":{}}},"pendingPreKey":{"signedKeyId":3,"baseKey":"BVQ0UXF+RpompQMkSQfLraXKbH0Eqdez5Zk5GXwE/nIu","preKeyId":10270293}}},"version":"v1"}