{"_sessions":{"BVEgXqtFKWx2ptfbIEaeJnoQkidlGjyvOUCVIlRQK+0K":{"registrationId":3135,"currentRatchet":{"ephemeralKeyPair":{"pubKey":"BQcVdNFh3Xf1/wkyTiE2TejOI4TlbRbZqDzo7rA6U1sN","privKey":"WJRivmMVKfuNEz3pfH/pi4oybuh4hTAkxwn3Mn3a1ng="},"lastRemoteEphemeralKey":"BWTx6d95VTm8jZdmFoVeNdJaYYMWJTVxIUBGJBgSL61S","previousCounter":0,"rootKey":"L7l1tTtK4Zn0M0wHxLdMWgH5VmT67TvqIrr1j71PRDM="},"indexInfo":{"baseKey":"BVEgXqtFKWx2ptfbIEaeJnoQkidlGjyvOUCVIlRQK+0K","baseKeyType":1,"closed":-1,"used":1722224745665,"created":1722224745665,"remoteIdentityKey":"BRXvJZq4O2TdThYbBRGGqQdJFy/FOH/VQFTOQdcAVMpc"},"_chains":{"BQcVdNFh3Xf1/wkyTiE2TejOI4TlbRbZqDzo7rA6U1sN":{"chainKey":{"counter":6,"key":"xx1LSDdH4ybReaExamQ1IF3nQglK900mfgSmpi/91tA="},"chainType":1,"messageKeys":{}}},"pendingPreKey":{"signedKeyId":1,"baseKey":"BVEgXqtFKWx2ptfbIEaeJnoQkidlGjyvOUCVIlRQK+0K","preKeyId":1520}}},"version":"v1"}