{"_sessions":{"BS/oop+4N3irPozXGttkHdJp0ghlYjgPcMljHIZbjrEE":{"registrationId":1904440851,"currentRatchet":{"ephemeralKeyPair":{"pubKey":"BVWi9Zo7BB76xV+qqJJfvs71wCAj2tu7aFM3XrZST6g+","privKey":"GLO7kWXGjB/ozcpL7UbdoTKKzibH94NnTDlzQx7QJH8="},"lastRemoteEphemeralKey":"BWGRW+azp8g4XWvLoaMcixo23iEBpnRxOINmUwEGJJEG","previousCounter":0,"rootKey":"ftu2UJiWi92tK/D6gh3jr61kxIVjqCabEnX9MNYanPk="},"indexInfo":{"baseKey":"BS/oop+4N3irPozXGttkHdJp0ghlYjgPcMljHIZbjrEE","baseKeyType":1,"closed":-1,"used":1722454511871,"created":1722454511871,"remoteIdentityKey":"BZNAwWqYB8TFcb5J2oyyHyHt69AqzxuYDQatU1Ac2jQZ"},"_chains":{"BVWi9Zo7BB76xV+qqJJfvs71wCAj2tu7aFM3XrZST6g+":{"chainKey":{"counter":7,"key":"ExQ9tPzWalJKtTR3QRsVDdxT2uMeEx/UKtywK8ktgvI="},"chainType":1,"messageKeys":{}}},"pendingPreKey":{"signedKeyId":2,"baseKey":"BS/oop+4N3irPozXGttkHdJp0ghlYjgPcMljHIZbjrEE","preKeyId":3169759}}},"version":"v1"}