{"_sessions":{"BbUW8S3GDoYsGsqqz6sVNpCdu5NMOqd2MbHqhmbYcRpF":{"registrationId":69,"currentRatchet":{"ephemeralKeyPair":{"pubKey":"Bd1RfkGM0HJaWlPz8Gaol0zBJePBas+tmAw4JggL6x9s","privKey":"EBlfwM4LUCa74Pe2we1f1h5B0Mg9BF96mVdZwxNCtlU="},"lastRemoteEphemeralKey":"BRvKBC4WUchodXbuMvOOPCH3Uw1NX/Or548A6fN5+hJE","previousCounter":0,"rootKey":"arvXlr7ntgxGoTJTbqFEPdEuOjXAbybnChJfbLdZBGw="},"indexInfo":{"baseKey":"BbUW8S3GDoYsGsqqz6sVNpCdu5NMOqd2MbHqhmbYcRpF","baseKeyType":1,"closed":-1,"used":1722302914305,"created":1722302914305,"remoteIdentityKey":"BeLveS9SEzREdwHmOVJw1pe9ea2oFfaGnWeP1D2oBUNw"},"_chains":{"Bd1RfkGM0HJaWlPz8Gaol0zBJePBas+tmAw4JggL6x9s":{"chainKey":{"counter":76,"key":"agcTkZD8H10qY09hrQlqDumPreyhw0tLmZ5+X3e48Bk="},"chainType":1,"messageKeys":{}}},"pendingPreKey":{"signedKeyId":1,"baseKey":"BbUW8S3GDoYsGsqqz6sVNpCdu5NMOqd2MbHqhmbYcRpF"}}},"version":"v1"}