{"_sessions":{"BeN+sNrh83Oxv99rAUFonhYEeENLFGWnJup0vL/DKjEU":{"registrationId":12197,"currentRatchet":{"ephemeralKeyPair":{"pubKey":"BbayDXGmtVKuAtTT3aOKqrAhUzeBqpLx/h5uLeiJz6Rv","privKey":"UIzAQH35tw+coZ4SZ7yOPpeCbqQKqJKfU+7Hf668p2Q="},"lastRemoteEphemeralKey":"BUBfES+wGDQLLFZ+wJ6YDrkkCmL1CDr+tSY30yUhU6w4","previousCounter":0,"rootKey":"CzY17epKTLHOfjcv1ZPjFlQ8U0XJkaKfeL9cTN55KB0="},"indexInfo":{"baseKey":"BeN+sNrh83Oxv99rAUFonhYEeENLFGWnJup0vL/DKjEU","baseKeyType":1,"closed":-1,"used":1722224746066,"created":1722224746066,"remoteIdentityKey":"BVrKmothT8trttjNRFZsiHhjUNf+tRnPKiY/OfLBhtZx"},"_chains":{"BbayDXGmtVKuAtTT3aOKqrAhUzeBqpLx/h5uLeiJz6Rv":{"chainKey":{"counter":6,"key":"sWSiVZNgzM6/gIG8R+/JslEOcB4xNSrGndvLy5wsAbA="},"chainType":1,"messageKeys":{}}},"pendingPreKey":{"signedKeyId":1,"baseKey":"BeN+sNrh83Oxv99rAUFonhYEeENLFGWnJup0vL/DKjEU"}}},"version":"v1"}