{"_sessions":{"BWHmJk6o4a+eqbmfavHOjQk2aAIPurIBM/S1xR3xM3Rb":{"registrationId":2034915431,"currentRatchet":{"ephemeralKeyPair":{"pubKey":"BWxj2/CSrtJGtBHHyt+vqwEdot7yNr18xmMpR4v/Pm5Y","privKey":"kNjIG26qibJ3O+22wLCfks71et9zOW6uM5khYNSNcEI="},"lastRemoteEphemeralKey":"BX013rjouJp8fodR2oyZrUlnlDqCvZQFrWLtPk2pYd8n","previousCounter":0,"rootKey":"HMymz7qkqTtPInXWrscHXgfkJ7VHkvMI8O+TNVj0hKo="},"indexInfo":{"baseKey":"BWHmJk6o4a+eqbmfavHOjQk2aAIPurIBM/S1xR3xM3Rb","baseKeyType":1,"closed":-1,"used":1722302915591,"created":1722302915591,"remoteIdentityKey":"BQUXd1yYUHkoLVfcWUWaWPIB+gf8N1gmMi9hGXtW36Re"},"_chains":{"BWxj2/CSrtJGtBHHyt+vqwEdot7yNr18xmMpR4v/Pm5Y":{"chainKey":{"counter":76,"key":"b8uKrix8MyhJrVbTvlQ6yhDA7DAapV4xup7KDzAfXu4="},"chainType":1,"messageKeys":{}}},"pendingPreKey":{"signedKeyId":0,"baseKey":"BWHmJk6o4a+eqbmfavHOjQk2aAIPurIBM/S1xR3xM3Rb","preKeyId":3714483}}},"version":"v1"}