{"_sessions":{"BZF6/W0oZMHP+FTt2Xyoi7knEN3R3YtzwrYHHthP0b92":{"registrationId":67,"currentRatchet":{"ephemeralKeyPair":{"pubKey":"BXyIjWPkyJfieGe606cEb2aFK+3uHMfXDvhjBy/kTaV1","privKey":"WOLkY0lK/JKInuUog+TTL9UcFaEOkUr8eMTFnkMs0Hs="},"lastRemoteEphemeralKey":"BV5KtbDtoCKsYVlkmv6qCTLG7fLPhwHWHsfD5K8iOwgz","previousCounter":7,"rootKey":"F1KB1Jv0Aad/LXHUrqrz00rSMJpFgjRsRzvSI4zaBPI="},"indexInfo":{"baseKey":"BZF6/W0oZMHP+FTt2Xyoi7knEN3R3YtzwrYHHthP0b92","baseKeyType":1,"closed":1722349524997,"used":1722349516172,"created":1722302914485,"remoteIdentityKey":"Be1rVMzdZrG7pG8ZsptnhHZ5ZkCH+zqHbZ22Uf89aJRI"},"_chains":{"BVm3VObTEFNqqWjSnJxOGUbS0AQdwPyluJ5H7xdZn0sx":{"chainKey":{"counter":1},"chainType":2,"messageKeys":{}},"BeEuIfjriDPd0ZvPS8guaW/Zql6obEN8g8uROfyFs3Ri":{"chainKey":{"counter":1},"chainType":2,"messageKeys":{}},"Be/XrwrQsrnpTdxCNU8m4FWe6Ggc++NhIPTEJMllFVYl":{"chainKey":{"counter":8},"chainType":2,"messageKeys":{}},"BV5KtbDtoCKsYVlkmv6qCTLG7fLPhwHWHsfD5K8iOwgz":{"chainKey":{"counter":16,"key":"ak25KyfMBq2Sqexeq0uRynv7r1ANJGs42LVIgUr34Tw="},"chainType":2,"messageKeys":{}},"BXyIjWPkyJfieGe606cEb2aFK+3uHMfXDvhjBy/kTaV1":{"chainKey":{"counter":-1,"key":"L+e5QGLmjP9GffXmowO4/msBWhla9ihjxJFzf2JszE4="},"chainType":1,"messageKeys":{}}}},"BZXqmy1wrcx5oilFBMMfOlbgGCpJ//ff0NktI6hF3t50":{"registrationId":67,"currentRatchet":{"ephemeralKeyPair":{"pubKey":"BaczAbHYcjBVRsHGLpyq3Dn4ywgtW+eXVKi2y+L+1tUf","privKey":"INbXmsBR+6s7ViUCMA9pwFGzKpJZCnmTHGaE5krUR2I="},"lastRemoteEphemeralKey":"BUFssqdmC+bXwYNYiQCpGsyEM+vXkjlU2K9GQkz3VIxb","previousCounter":1,"rootKey":"YdfRS0SRP1aeQb6QESLlllbF15eiDINRgLJ1O0rNfC8="},"indexInfo":{"baseKey":"BZXqmy1wrcx5oilFBMMfOlbgGCpJ//ff0NktI6hF3t50","baseKeyType":1,"closed":1722389989688,"used":1722383215267,"created":1722349524986,"remoteIdentityKey":"Be1rVMzdZrG7pG8ZsptnhHZ5ZkCH+zqHbZ22Uf89aJRI"},"_chains":{"Balmbbj1U44NhxcFa9V4yTCScC82Q4tAr0yBE+LE3scE":{"chainKey":{"counter":0},"chainType":2,"messageKeys":{}},"BYGwdObKaX/dY9tSULIaYWvQBmVfTCkOGiHmii2khg5m":{"chainKey":{"counter":6},"chainType":2,"messageKeys":{}},"BUFssqdmC+bXwYNYiQCpGsyEM+vXkjlU2K9GQkz3VIxb":{"chainKey":{"counter":0,"key":"vZd832j2pt+/LRz8Qs34OJDEUYntxY0kn+VbSDWQKVo="},"chainType":2,"messageKeys":{}},"BaczAbHYcjBVRsHGLpyq3Dn4ywgtW+eXVKi2y+L+1tUf":{"chainKey":{"counter":-1,"key":"rJP2Mpf5LJxSIwE1TfKdCzzWHYd6e3L+cumQEUDDxdQ="},"chainType":1,"messageKeys":{}}}},"BWkBIxECK0mYJmY162p39knXBQzXZP49lnOxWYB2VpgY":{"registrationId":67,"currentRatchet":{"ephemeralKeyPair":{"pubKey":"BUEg5Ep/n6D9Fmol9fW96q1MvIozYD5j3vZdOAZCDVZ0","privKey":"AE3GfiEuohq/PbtqjwJFStzK9H0CMayj3+rQ/JxRbkg="},"lastRemoteEphemeralKey":"BbD85+2WTWFKbgLf6bRdlw0rp5Gh27scDj+BEwTg8tYx","previousCounter":23,"rootKey":"dfqpqak6rGfRCOit1P3TMhUX/8RbBf6Lcc6zqa/+1NI="},"indexInfo":{"baseKey":"BWkBIxECK0mYJmY162p39knXBQzXZP49lnOxWYB2VpgY","baseKeyType":1,"closed":-1,"used":1722418487867,"created":1722389989679,"remoteIdentityKey":"Be1rVMzdZrG7pG8ZsptnhHZ5ZkCH+zqHbZ22Uf89aJRI"},"_chains":{"BSbUnkE0DC4czXldTqpjgXp/Rs1Cw7a4D9JfCUNtLVVX":{"chainKey":{"counter":1},"chainType":2,"messageKeys":{}},"BQHf29BmSNXHYjZKPXuU2KnudQofpu+JNUpcuh0b1ukG":{"chainKey":{"counter":0},"chainType":2,"messageKeys":{}},"BbD85+2WTWFKbgLf6bRdlw0rp5Gh27scDj+BEwTg8tYx":{"chainKey":{"counter":0,"key":"TTj2knjZqffz/8wTv0HosFyporGJTg/djYaTqw699P4="},"chainType":2,"messageKeys":{}},"BUEg5Ep/n6D9Fmol9fW96q1MvIozYD5j3vZdOAZCDVZ0":{"chainKey":{"counter":-1,"key":"by47b59Vc5S4AirNTwEfSoi5b53ic7IjNI9N/ahYnoQ="},"chainType":1,"messageKeys":{}}}}},"version":"v1"}