{"_sessions":{"BQcd9tJiKogHrWMw0+XZLz4bRIUA4/Vg9+trLvIIGGt3":{"registrationId":179,"currentRatchet":{"ephemeralKeyPair":{"pubKey":"BQH3m/KVQQIHPXiOAlMrOzPf1dho9sw8DSpvfl1UHMoY","privKey":"SJK18HNUgv6RYyndwVXD2bJ1Chm1J7Kv3mIyTz7340k="},"lastRemoteEphemeralKey":"BbCZOxXC/d/kcqLZdVOO49JpD781SRRlHqGaZjFPTvpI","previousCounter":0,"rootKey":"IlPu9LDXRighBhxxOFWMgW8ZaN1Y5goWC014NH0F9Sk="},"indexInfo":{"baseKey":"BQcd9tJiKogHrWMw0+XZLz4bRIUA4/Vg9+trLvIIGGt3","baseKeyType":1,"closed":-1,"used":1722302914363,"created":1722302914363,"remoteIdentityKey":"Ba+RJyOI2Niy4Qt1cHDKZWZsYQfN+PdlMnU3t6XcsV4s"},"_chains":{"BQH3m/KVQQIHPXiOAlMrOzPf1dho9sw8DSpvfl1UHMoY":{"chainKey":{"counter":76,"key":"kEwb8DDdW/Ym4ARDz2Ed6iPBp0eiaCPMIHatoV1CtBU="},"chainType":1,"messageKeys":{}}},"pendingPreKey":{"signedKeyId":1,"baseKey":"BQcd9tJiKogHrWMw0+XZLz4bRIUA4/Vg9+trLvIIGGt3"}}},"version":"v1"}