{"_sessions":{"BeMTYX1F+JyKWeSUKvHfgIr/ev+fNJ0dsWuPM5j4NYAF":{"registrationId":1113714503,"currentRatchet":{"ephemeralKeyPair":{"pubKey":"BVQExxUGJU+znQe48U4F0bxY3/f3FUNDImmsZAsEaBxP","privKey":"+GiRA6YFHJjPqdhR9Nspl+7w3xS4L8L84Xrc3j2+21U="},"lastRemoteEphemeralKey":"BS/xTFTrkJSs6x/2SiK7JLDyduQNFO2H/WvlJybEfoM+","previousCounter":0,"rootKey":"kdj1d6hk2+QBpGAxjU47LJVEnx5r4nEMndO+6jWBo30="},"indexInfo":{"baseKey":"BeMTYX1F+JyKWeSUKvHfgIr/ev+fNJ0dsWuPM5j4NYAF","baseKeyType":1,"closed":-1,"used":1722224749606,"created":1722224749606,"remoteIdentityKey":"Bfrp3NL2NSbggSxX5JPUWSkcR+sgqWGRParrAJKXL1ZG"},"_chains":{"BVQExxUGJU+znQe48U4F0bxY3/f3FUNDImmsZAsEaBxP":{"chainKey":{"counter":6,"key":"Xzx8H1hRi2uVwLtCglV9SVgcARFkGvhxaoOp1JJHEb0="},"chainType":1,"messageKeys":{}}},"pendingPreKey":{"signedKeyId":3,"baseKey":"BeMTYX1F+JyKWeSUKvHfgIr/ev+fNJ0dsWuPM5j4NYAF","preKeyId":12130728}}},"version":"v1"}