{"_sessions":{"BSoaP8Eje42zARIT02jty++T8V+MWoT70LcNldCWwn8L":{"registrationId":19578629,"currentRatchet":{"ephemeralKeyPair":{"pubKey":"BbxetF1Dbc3JrQ4n3r5qkqc0xLEmqwquxpWuURacQzBt","privKey":"MA0xdCDJRRL+Hj54afcsyJ0ZFgoLIUPFxBtoF0t0CH8="},"lastRemoteEphemeralKey":"BctOjLyxiJeCP68x+TrdyUlch4fyJWEke9rYKi17n5Ek","previousCounter":0,"rootKey":"sECWOvZXuxZnhktKtKpuVPCW90LtTolvFO3AAW0febM="},"indexInfo":{"baseKey":"BSoaP8Eje42zARIT02jty++T8V+MWoT70LcNldCWwn8L","baseKeyType":1,"closed":-1,"used":1722224746605,"created":1722224746605,"remoteIdentityKey":"BQAtLc7HR7valwgX8jrepVhVIIQ4EUWsw4GtE1isB85q"},"_chains":{"BbxetF1Dbc3JrQ4n3r5qkqc0xLEmqwquxpWuURacQzBt":{"chainKey":{"counter":6,"key":"OZ9U+xmhwUy499nn8Y+RgXUrzMkcoyN1k89j+AJpjh4="},"chainType":1,"messageKeys":{}}},"pendingPreKey":{"signedKeyId":0,"baseKey":"BSoaP8Eje42zARIT02jty++T8V+MWoT70LcNldCWwn8L"}}},"version":"v1"}