{"_sessions":{"BViUm5lLrvpXIeyeSRrbErUft/WbdB+sAcWS67aI7Ns3":{"registrationId":1916209618,"currentRatchet":{"ephemeralKeyPair":{"pubKey":"BZaNGdv5MOZZrCkfL644qD0L6Pa9KBJF+dtEjZd+tmxK","privKey":"wNKXYpXckbnnznSZrJW+JEh9tO2mRmBT5ljRvi88snI="},"lastRemoteEphemeralKey":"Bdpt5FRSH4jkJi+8Q86BKmHxQiJQVamwi4dSKOQSyWca","previousCounter":0,"rootKey":"acKNq6Ugz3jtUklxarG5YEGY6kGBEWrrDIC2RDl7vtE="},"indexInfo":{"baseKey":"BViUm5lLrvpXIeyeSRrbErUft/WbdB+sAcWS67aI7Ns3","baseKeyType":1,"closed":-1,"used":1722224749512,"created":1722224749512,"remoteIdentityKey":"BQ68cI5gLiQCYPoOQBNiJWkKSOIOzIv1AgcpREE2YiMq"},"_chains":{"BZaNGdv5MOZZrCkfL644qD0L6Pa9KBJF+dtEjZd+tmxK":{"chainKey":{"counter":6,"key":"bjn9iE/TC4tu+6qfBaQDhbIGXstKKEbPsUZetv+A2HY="},"chainType":1,"messageKeys":{}}},"pendingPreKey":{"signedKeyId":1,"baseKey":"BViUm5lLrvpXIeyeSRrbErUft/WbdB+sAcWS67aI7Ns3"}}},"version":"v1"}