{"_sessions":{"BTQtrVKtgJosG1EHZw6IVPE0Es+mAnvvXdmslDs4LgkJ":{"registrationId":975954578,"currentRatchet":{"ephemeralKeyPair":{"pubKey":"Be/qEJ+7e7QN7pRhttobZ7KpfxerM2gmXkS8V0z90lVu","privKey":"4CObUn/wZZo4D0webVWb9+Rf348A1GPNr2PxCkhmqmE="},"lastRemoteEphemeralKey":"BVgSORycFIDwAaNvHTQ5qaU/MOniM5MhezCGeB4E7+k0","previousCounter":0,"rootKey":"kudo6kv+zhbe8tu6h1d2KAGpHJUiGR3XeNNGYpqznTI="},"indexInfo":{"baseKey":"BTQtrVKtgJosG1EHZw6IVPE0Es+mAnvvXdmslDs4LgkJ","baseKeyType":1,"closed":-1,"used":1722224747399,"created":1722224747399,"remoteIdentityKey":"BbWSIAm9+LvJQuAVFPtbTJD9vy+N7E+gr6UaClz3jSpC"},"_chains":{"Be/qEJ+7e7QN7pRhttobZ7KpfxerM2gmXkS8V0z90lVu":{"chainKey":{"counter":6,"key":"Lqjh9oYOQcgWv4A5J4ejIcaUvkUuSi9X8qC1PDLV4fE="},"chainType":1,"messageKeys":{}}},"pendingPreKey":{"signedKeyId":1,"baseKey":"BTQtrVKtgJosG1EHZw6IVPE0Es+mAnvvXdmslDs4LgkJ","preKeyId":2783933}}},"version":"v1"}