{"_sessions":{"Bfj1fOk1CweoeIT05+UAB3iWQX0iUJZij+xzaWYXQfMM":{"registrationId":1925580414,"currentRatchet":{"ephemeralKeyPair":{"pubKey":"BVYwX/MPPJ5nDEqukZXI5ZPPgpdFXnLgxonjItDW8TQ/","privKey":"EEq4/AUP7diw+o/EAY7/v8ET0d3bvEhXJHnZy14s2mc="},"lastRemoteEphemeralKey":"Bb0mJh6zRkE5pvhpWTH02zCx1jsBTP0sZzCL2Gtmr7EQ","previousCounter":0,"rootKey":"dNk/zKk+uxppqXaRz7RiTZDOEeHq/lY2dfSEs0lZQdE="},"indexInfo":{"baseKey":"Bfj1fOk1CweoeIT05+UAB3iWQX0iUJZij+xzaWYXQfMM","baseKeyType":1,"closed":-1,"used":1722224747073,"created":1722224747073,"remoteIdentityKey":"BRCkUqMgO1Vlx/mzFMo0gnjLVmPZvP+5moXgx37T1QgF"},"_chains":{"BVYwX/MPPJ5nDEqukZXI5ZPPgpdFXnLgxonjItDW8TQ/":{"chainKey":{"counter":6,"key":"jhFw08PcfC8xECURWwzUPN/psxISF/N5xxSxkzLWv5s="},"chainType":1,"messageKeys":{}}},"pendingPreKey":{"signedKeyId":0,"baseKey":"Bfj1fOk1CweoeIT05+UAB3iWQX0iUJZij+xzaWYXQfMM"}}},"version":"v1"}