{"_sessions":{"BektJiAuD+WRza0c6u+K1gJZv60PdMLzlPA9GFG6P4UH":{"registrationId":277801165,"currentRatchet":{"ephemeralKeyPair":{"pubKey":"BSiEqpNHnpr/r7xyre1LcjQ6yAJhJmbxGCS0evhkYHAD","privKey":"oJJtI3kiWWgM9PvSqXV3VSCl/ExO+nI2xZgmzjgoNmA="},"lastRemoteEphemeralKey":"BarOYE5KDhHaRJrWvo9yFfkTyOhQGtJpRufoTUSn1nIE","previousCounter":0,"rootKey":"N8jUidGGk//+0g47ZjSMaXJBm0Kb4DJGOd7cjDJlJqI="},"indexInfo":{"baseKey":"BektJiAuD+WRza0c6u+K1gJZv60PdMLzlPA9GFG6P4UH","baseKeyType":1,"closed":-1,"used":1722492414559,"created":1722450555977,"remoteIdentityKey":"BdCVGDKv7yJSD3IdxFP2j86cuD2m1gVXE9XenJyyiWtD"},"_chains":{"BQl+pxaPaNIuRAGGwt64GuOv9xwWiQ3sz8D5yUb0laYD":{"chainKey":{"counter":0},"chainType":2,"messageKeys":{}},"BU0fwkbqO2YOqTeDgWAey1VyEFFs9Yp+lqeOQKc6gvsZ":{"chainKey":{"counter":0},"chainType":2,"messageKeys":{}},"BYr7BwR+MNIKiMnDickzOJ5JjpHzolicq6lWtaAio8V0":{"chainKey":{"counter":0},"chainType":2,"messageKeys":{}},"BXVW4SsvvCKWfzidf9RUWSecBN5hqXSh2N+QRjPJSrxm":{"chainKey":{"counter":4},"chainType":2,"messageKeys":{}},"BS8pCvZeRplYY5UwpNvbjv2EFTXoQQixSqt0ntjQwmxi":{"chainKey":{"counter":1},"chainType":2,"messageKeys":{}},"BbI1w851AEqN6IfDZUHCicj+z0J00QGWVE/AwZG2kuYt":{"chainKey":{"counter":0},"chainType":2,"messageKeys":{}},"BYQiFxRKIxuNl45s9ImfaJ0VWZLJ0a+fMI/4hueba3V0":{"chainKey":{"counter":0},"chainType":2,"messageKeys":{}},"BfKmaLxMQbkKLrnSnVhUUzfu63QH5we0ZJ+YtC9seFpL":{"chainKey":{"counter":0},"chainType":2,"messageKeys":{}},"BarOYE5KDhHaRJrWvo9yFfkTyOhQGtJpRufoTUSn1nIE":{"chainKey":{"counter":1,"key":"q7hz2qSd2YNGMRH498RpPjL0QWPh5e2RWlX9sRWvpBw="},"chainType":2,"messageKeys":{}},"BSiEqpNHnpr/r7xyre1LcjQ6yAJhJmbxGCS0evhkYHAD":{"chainKey":{"counter":1,"key":"aKA1bkiPtn6b4fbj5+qcE8Ikkm3mefrsK6QFdtb5wZ0="},"chainType":1,"messageKeys":{}}}}},"version":"v1"}