{"_sessions":{"BXhp1zLec6Ug9f2fMGSR8XJSA6ZG5+9kju8cL3/8j/Jj":{"registrationId":1366713572,"currentRatchet":{"ephemeralKeyPair":{"pubKey":"BW1Y7uSUWLt5OSEkPKfguDff1NrAmvnj3+HpdeJE2PsG","privKey":"wFXCo5oN5NVAtyqOz8r1uwqmkkyocpmP7r31ukeB1EM="},"lastRemoteEphemeralKey":"BUVxQ26+w9mIHX33/r7rqVaVYnRnDgW4p/aEpVi9asVg","previousCounter":0,"rootKey":"2wHGJzmRUaZzzZ33xusUJ2k1aeKugA4NVfabdgjq7kc="},"indexInfo":{"baseKey":"BXhp1zLec6Ug9f2fMGSR8XJSA6ZG5+9kju8cL3/8j/Jj","baseKeyType":1,"closed":-1,"used":1722224748873,"created":1722224748873,"remoteIdentityKey":"BdU75wVNmVsGqeiineiEMk5Te02nBDw2F5pT1DZbnnVk"},"_chains":{"BW1Y7uSUWLt5OSEkPKfguDff1NrAmvnj3+HpdeJE2PsG":{"chainKey":{"counter":6,"key":"OuOoJyEHgclkoLh0A/+bhZxHFPE/oieQrJx+xdvfXgU="},"chainType":1,"messageKeys":{}}},"pendingPreKey":{"signedKeyId":0,"baseKey":"BXhp1zLec6Ug9f2fMGSR8XJSA6ZG5+9kju8cL3/8j/Jj"}}},"version":"v1"}