{"_sessions":{"BXFFTlE8gMTyqpR2OD/Cgvoivxdy5lsVA+VyIJhMNwcG":{"registrationId":2127205,"currentRatchet":{"ephemeralKeyPair":{"pubKey":"BTh85GVqKEa4fGQQEwTE7M+iNWgAA4V2PCW77krUmigy","privKey":"WEU9ksJxyGvZwlUNAkdCskVNGFy47buemI4U7ULA5kY="},"lastRemoteEphemeralKey":"Bc6umDr35TCSzj/GgJk0Nlct+qxZ0uo+AUT1YOwNM3hm","previousCounter":0,"rootKey":"Sm9GnZLuAPAK/ub/FJgkvmrtoDVtOYUeYEHbuwKV7tE="},"indexInfo":{"baseKey":"BXFFTlE8gMTyqpR2OD/Cgvoivxdy5lsVA+VyIJhMNwcG","baseKeyType":1,"closed":-1,"used":1722224746671,"created":1722224746671,"remoteIdentityKey":"BdGeG3Cshlk0FDz4zbsuQfB6wW9uayeX/NaW8T1kLAEB"},"_chains":{"BTh85GVqKEa4fGQQEwTE7M+iNWgAA4V2PCW77krUmigy":{"chainKey":{"counter":6,"key":"1/iEFTcFS4wUN88bmgK1g75GJtMEl5RSWWhD4Gguj54="},"chainType":1,"messageKeys":{}}},"pendingPreKey":{"signedKeyId":12,"baseKey":"BXFFTlE8gMTyqpR2OD/Cgvoivxdy5lsVA+VyIJhMNwcG","preKeyId":6133550}}},"version":"v1"}