{"_sessions":{"BTg7Oo/BOLVzUDzUHo1wshHms3s10JkTsqvYfuznH11i":{"registrationId":2653482359,"currentRatchet":{"ephemeralKeyPair":{"pubKey":"BbjzYT1LO6KhKJmksICjwehP6YW5+Kv8cjf6t5qt3llA","privKey":"ANVp7dP5UgDL49FmcQTTZ/6Bf817dO08oCPk0urLkkw="},"lastRemoteEphemeralKey":"BcJHvowjMukocJDQuuK3rB80geZHMjF1Ts65b1hEQb84","previousCounter":0,"rootKey":"1n3gCqR8WFOrEk8PpH4oyQrfoDpNpOLgjS8cHe36e0s="},"indexInfo":{"baseKey":"BTg7Oo/BOLVzUDzUHo1wshHms3s10JkTsqvYfuznH11i","baseKeyType":1,"closed":-1,"used":1722224745868,"created":1722224745868,"remoteIdentityKey":"BfFH7mHv5TjYwEaY5Kc6lHhy96SFZlTNIho+yHM+suQp"},"_chains":{"BbjzYT1LO6KhKJmksICjwehP6YW5+Kv8cjf6t5qt3llA":{"chainKey":{"counter":6,"key":"REEayi1tX1yRAVgpxYfrLsNYgD3Cf1xEXic8wr6GgkA="},"chainType":1,"messageKeys":{}}},"pendingPreKey":{"signedKeyId":1,"baseKey":"BTg7Oo/BOLVzUDzUHo1wshHms3s10JkTsqvYfuznH11i"}}},"version":"v1"}