{"_sessions":{"BQ1KC3vPWRSyFsxRNL0t6NgmhfXh7RuHUhwLhmFuY78J":{"registrationId":758462505,"currentRatchet":{"ephemeralKeyPair":{"pubKey":"BbXNAheD41eXFvtlFwBk5oVSLQCTdUxBkbwcYj50QJFV","privKey":"0GNhxrXPJlxSfZJ241Lz8prrRYJ0952vBS+w6ap4/ls="},"lastRemoteEphemeralKey":"BZdHv6vo+nyUitQ6dvHDzm3hToYebFgIwxLtAvc6N2gA","previousCounter":0,"rootKey":"PILKCHKiPYCF6JPK7HxREPe8WWr6XRqK1+GZDeHiAkg="},"indexInfo":{"baseKey":"BQ1KC3vPWRSyFsxRNL0t6NgmhfXh7RuHUhwLhmFuY78J","baseKeyType":1,"closed":-1,"used":1722302915106,"created":1722302915106,"remoteIdentityKey":"BeB2gt6cof/R75pvIleS5KwZ8M+sXA9/HlCOrozUFNlF"},"_chains":{"BbXNAheD41eXFvtlFwBk5oVSLQCTdUxBkbwcYj50QJFV":{"chainKey":{"counter":76,"key":"AT6X6MH7dJ11loP908ojUH9ngrT9bf2kbiayAkVM4+k="},"chainType":1,"messageKeys":{}}},"pendingPreKey":{"signedKeyId":14,"baseKey":"BQ1KC3vPWRSyFsxRNL0t6NgmhfXh7RuHUhwLhmFuY78J","preKeyId":1519188}}},"version":"v1"}