{"_sessions":{"BQXALr7FCBkYpHnzg+djEb9kM44VqyjtBLK1WIAoqJld":{"registrationId":1708201419,"currentRatchet":{"ephemeralKeyPair":{"pubKey":"BRXSL+IB3Mepio13uO3ke/uaqA/6HO4dkr5wfrVuSOxO","privKey":"KGPYZVWrfoXHH3O/kztIFdXnr1rbzUQT3J0dLynng2A="},"lastRemoteEphemeralKey":"Benx65WF2zrzAZmuLwGsKtnyRTJCn0oI1RLeg1Qc1zVx","previousCounter":3,"rootKey":"ISLhjoX8kH0i7mlx0h0XT0fS8yybzWzndXh3spgOrMM="},"indexInfo":{"baseKey":"BQXALr7FCBkYpHnzg+djEb9kM44VqyjtBLK1WIAoqJld","baseKeyType":1,"closed":-1,"used":1722480588975,"created":1722454513455,"remoteIdentityKey":"BWkIulcXZCADtX/8Qt9FHZDb4N7mbKZyOrFwVOykiQ9X"},"_chains":{"BccIiHPnR4MBeSATwQjLCJMXoaqTlzKzYbK/mYaPVx14":{"chainKey":{"counter":0},"chainType":2,"messageKeys":{}},"Benx65WF2zrzAZmuLwGsKtnyRTJCn0oI1RLeg1Qc1zVx":{"chainKey":{"counter":0,"key":"1RmYvcW3nHnQ+K8e7ElJrMfnfXSarGL3X3/MWZXZ7fw="},"chainType":2,"messageKeys":{}},"BRXSL+IB3Mepio13uO3ke/uaqA/6HO4dkr5wfrVuSOxO":{"chainKey":{"counter":2,"key":"jAD/NCnWTIaMO6DQ+H7OSrgoyok0xvirMvP4n+ZmFu0="},"chainType":1,"messageKeys":{}}}}},"version":"v1"}