{"_sessions":{"BUodp8+QfkaSGTcIE3YtiKKcnBYfTpaywyZ/uK8HyP05":{"registrationId":1326620050,"currentRatchet":{"ephemeralKeyPair":{"pubKey":"Bdm6hjSU2TJO+x7Ujl/eMz2Er+ZluAQS/6OH1WkyRrpJ","privKey":"MGZ02chSdHFW98TcYyd0lgScQxVqLMN/pjjkIlheA10="},"lastRemoteEphemeralKey":"BTd2u43eY5HssMc2DDifZPG8t7gI0DlkhpKt7wMmn1wD","previousCounter":0,"rootKey":"P9Qq8QRIz8l/qwvF6bQo8kTiRW5WM4HcihSzPt/hxCo="},"indexInfo":{"baseKey":"BUodp8+QfkaSGTcIE3YtiKKcnBYfTpaywyZ/uK8HyP05","baseKeyType":1,"closed":-1,"used":1722224748173,"created":1722224748173,"remoteIdentityKey":"BX3gHdRtH52gw59t/yNH2tlGyDeEkwFqO4bdu5cPaoYy"},"_chains":{"Bdm6hjSU2TJO+x7Ujl/eMz2Er+ZluAQS/6OH1WkyRrpJ":{"chainKey":{"counter":6,"key":"iNIGlyxbqGdFub+erqZsLt/YM69T1dJ8AkykXPyLZBw="},"chainType":1,"messageKeys":{}}},"pendingPreKey":{"signedKeyId":0,"baseKey":"BUodp8+QfkaSGTcIE3YtiKKcnBYfTpaywyZ/uK8HyP05"}}},"version":"v1"}