{"_sessions":{"BdAjsAS1Y8oWx27swSifd8SJGGxLw3MKBOVPsc+oa/Z+":{"registrationId":632238956,"currentRatchet":{"ephemeralKeyPair":{"pubKey":"BTjNZFV3iY1Umv2GO09jfqQmb1ZVP8tA8ctbmBICZNIb","privKey":"kOJgja3tEz9WMMIrVKyiKn5mFXJAY3ozRqmeulAuKnA="},"lastRemoteEphemeralKey":"BTMFF3GL2NySeyxaXgbtSe8rfLx3EMo1tcrcpFXrsHcg","previousCounter":0,"rootKey":"50svRVH0G1nwSNgtuGBjOWscFUE/XVzrLsq2FMCOraY="},"indexInfo":{"baseKey":"BdAjsAS1Y8oWx27swSifd8SJGGxLw3MKBOVPsc+oa/Z+","baseKeyType":1,"closed":-1,"used":1722454512097,"created":1722454512097,"remoteIdentityKey":"Bet9bVL4N2tBOGLholx1ePjNsUPEnSVukflzeHrhmYR8"},"_chains":{"BTjNZFV3iY1Umv2GO09jfqQmb1ZVP8tA8ctbmBICZNIb":{"chainKey":{"counter":7,"key":"SwDs5voVcYci48/Y0P9448zWFzWRO99rKwxSN11C8IA="},"chainType":1,"messageKeys":{}}},"pendingPreKey":{"signedKeyId":0,"baseKey":"BdAjsAS1Y8oWx27swSifd8SJGGxLw3MKBOVPsc+oa/Z+"}}},"version":"v1"}