{"_sessions":{"BdU+JUN/HIFLTlRdmE+uU4FoFIaHZwxBCmD8+P4wXApi":{"registrationId":1063548149,"currentRatchet":{"ephemeralKeyPair":{"pubKey":"BdhLp+64OCriUsGE1P5qgRMqkYa7o07IIQuEJlo4WMVf","privKey":"4AG5aAPxqT2ui7GbS00j3SgHDjYbdDy1Rp5AHkI2bVg="},"lastRemoteEphemeralKey":"Be3Qe8Zqh0XeUbEXZdOb25Uqf28vuPPglK6oeI8tNBYW","previousCounter":0,"rootKey":"/KK/DflzBbXRv95AZqAIEMOHW38lPAfIIb3U5/wYyzk="},"indexInfo":{"baseKey":"BdU+JUN/HIFLTlRdmE+uU4FoFIaHZwxBCmD8+P4wXApi","baseKeyType":1,"closed":-1,"used":1722454512401,"created":1722454512401,"remoteIdentityKey":"BQM9HxkaxmeIVCHsoCwr+a7l3QVTDyqZmkG9Z0f6nn1g"},"_chains":{"BdhLp+64OCriUsGE1P5qgRMqkYa7o07IIQuEJlo4WMVf":{"chainKey":{"counter":7,"key":"ZuIJ5ndO0JF15dFgHdG4xYHr08H9sdwDV4U+5A1JEHA="},"chainType":1,"messageKeys":{}}},"pendingPreKey":{"signedKeyId":1,"baseKey":"BdU+JUN/HIFLTlRdmE+uU4FoFIaHZwxBCmD8+P4wXApi"}}},"version":"v1"}