{"_sessions":{"BWVU4P/hKr5jebyEMbTwIv9Y1TxoGmEcu7at/8OqZqkp":{"registrationId":2044054348,"currentRatchet":{"ephemeralKeyPair":{"pubKey":"Baw01ZTghf+X69cQtqYZ1K/tQR7CqRRVUbK74KXGnshw","privKey":"kBRaRnFmmak2aS9SdyVM/CsJ/719giQhG6jyuHSYvF0="},"lastRemoteEphemeralKey":"BUM8gQV/rXhfehmC0GaI6mz6wIbuhsLHuRxiAd0spvZm","previousCounter":0,"rootKey":"skUQPcgAAj4zYDZFjZoArcdPttS5X9wz+ggEpqJ0gXE="},"indexInfo":{"baseKey":"BWVU4P/hKr5jebyEMbTwIv9Y1TxoGmEcu7at/8OqZqkp","baseKeyType":1,"closed":-1,"used":1722224746986,"created":1722224746986,"remoteIdentityKey":"BZhd+aOTGAaVXRvtI9mThJQ1qGNiETClrEn7QSjz56x7"},"_chains":{"Baw01ZTghf+X69cQtqYZ1K/tQR7CqRRVUbK74KXGnshw":{"chainKey":{"counter":6,"key":"lwQJYI5PQcnPTdupzKv3T+d+J/w+9k4it9wlR4UuHxM="},"chainType":1,"messageKeys":{}}},"pendingPreKey":{"signedKeyId":0,"baseKey":"BWVU4P/hKr5jebyEMbTwIv9Y1TxoGmEcu7at/8OqZqkp"}}},"version":"v1"}