{"_sessions":{"BVpf9xzrPWzxCcVSr4yxq1ZoTkGckDz4n7IL2uoTI3pJ":{"registrationId":1945420583,"currentRatchet":{"ephemeralKeyPair":{"pubKey":"BQPQYE7/52Szqz0LdqkKuNyL+y4EefLaRnVIgctP3tI6","privKey":"MOhAkSox0rjKeqrRpS6u8QBklRu2uSNIsJ6nF2LNHnk="},"lastRemoteEphemeralKey":"Baj28I/DPforYUVxVGNu4R/3MiWJOZ4XBLh/WBsvyPwz","previousCounter":0,"rootKey":"sR5OYSV+JTLa+G9uBr94gCEvu1HzqAaKefhrJThADwg="},"indexInfo":{"baseKey":"BVpf9xzrPWzxCcVSr4yxq1ZoTkGckDz4n7IL2uoTI3pJ","baseKeyType":1,"closed":-1,"used":1722224747669,"created":1722224747669,"remoteIdentityKey":"BcP3qCYFYsg4Rd6jcamDcD+G+51Mog6TPJXCatAPjA12"},"_chains":{"BQPQYE7/52Szqz0LdqkKuNyL+y4EefLaRnVIgctP3tI6":{"chainKey":{"counter":6,"key":"dzPkKlK3ZWUxYn094eYXYl0huTLzl+5ohAuqiZo6zQ4="},"chainType":1,"messageKeys":{}}},"pendingPreKey":{"signedKeyId":0,"baseKey":"BVpf9xzrPWzxCcVSr4yxq1ZoTkGckDz4n7IL2uoTI3pJ","preKeyId":4079853}}},"version":"v1"}