{"_sessions":{"BfjkYQ5OU5qzsUc1I1c7uspqCkqABFRaaYzQTofb1coO":{"registrationId":80634989,"currentRatchet":{"ephemeralKeyPair":{"pubKey":"BQgpWamEr+iZbbJW+/Uf45/1gvL0ipUTISjWKNAq/Qoi","privKey":"cOYYjkNbtSdhR7i+4GQdnIQAVQku7fW3C4nuW1WKgnY="},"lastRemoteEphemeralKey":"BXVtEIwAsoLxUbT9UwxdPjvE0rT3oLWSpBYWC2/Fy/AV","previousCounter":0,"rootKey":"zofvKmDNszIL1LOAEsbUKgkXJ4F/65d/1hGLUYo06qc="},"indexInfo":{"baseKey":"BfjkYQ5OU5qzsUc1I1c7uspqCkqABFRaaYzQTofb1coO","baseKeyType":1,"closed":-1,"used":1722471718982,"created":1722454513276,"remoteIdentityKey":"BQuGMyc95R2m6TrIchvQ7Ilhm6S+ic0xZH0aMkQ6vnxz"},"_chains":{"BXVtEIwAsoLxUbT9UwxdPjvE0rT3oLWSpBYWC2/Fy/AV":{"chainKey":{"counter":2,"key":"5mtpnwuGgmhGexJQjTD88pmiiKF5PVbXO32FBy3rtR0="},"chainType":2,"messageKeys":{"0":"ql8Y/TsWprBZgdkFzCLj5eGlSS2mF4Dc397jnIKN6Os=","1":"SrL51zhvGNPbuawLIzBzmkRKT/xiOVm15ibAjPv1h00="}},"BQgpWamEr+iZbbJW+/Uf45/1gvL0ipUTISjWKNAq/Qoi":{"chainKey":{"counter":6,"key":"DMlqMYn2c3oQoz/88FngdSc1jSrRA75pfmQCWrXumS0="},"chainType":1,"messageKeys":{}}}}},"version":"v1"}