{"_sessions":{"BVgZtD9FLq9OBxB5ynrgahUN+mF9R9Y7GO1wQmDl4pEu":{"registrationId":5666,"currentRatchet":{"ephemeralKeyPair":{"pubKey":"BVAmHSIjzjXT0ZgddmS3FoidqM+nAnH2swkDoyz5ni9E","privKey":"SHpOTFnO3h0LCFIGzTa/iY7qVKt4R9t5o/ECaF73P3s="},"lastRemoteEphemeralKey":"Bd5rIGJSgqPQJ155lZKy6WEkUagW1BK3P/Gq7noAAz01","previousCounter":0,"rootKey":"3bMUG9C2esqiP4SOAc68oftMagOv6yZimnVNf7w82lU="},"indexInfo":{"baseKey":"BVgZtD9FLq9OBxB5ynrgahUN+mF9R9Y7GO1wQmDl4pEu","baseKeyType":1,"closed":-1,"used":1722224746196,"created":1722224746196,"remoteIdentityKey":"BTrnD9QbSBte3VhTbvzXIX8VsHS0uHaTOlw2UW+79U1t"},"_chains":{"BVAmHSIjzjXT0ZgddmS3FoidqM+nAnH2swkDoyz5ni9E":{"chainKey":{"counter":6,"key":"k41aIPvjnGAVrRJ7KOuA8pHMCU162B2e2TQ0dZkCpaw="},"chainType":1,"messageKeys":{}}},"pendingPreKey":{"signedKeyId":1,"baseKey":"BVgZtD9FLq9OBxB5ynrgahUN+mF9R9Y7GO1wQmDl4pEu"}}},"version":"v1"}