{"_sessions":{"BYuxHxvtRRGp6neqxBwkNtjVUNabKGroOA6wy2k1p1Au":{"registrationId":12630,"currentRatchet":{"ephemeralKeyPair":{"pubKey":"BReqeDd4AW5FVM9YxXam702fTICA1xaqn+LldtHyDYVh","privKey":"YLSAKjAtfE1mqi7xT9c2ZMTz0ULScdVd6oHq6HIIP3I="},"lastRemoteEphemeralKey":"BR1tsF+2hyhfBOQ+78Aj1nTnmq0nHgEf7fURytVfSlZr","previousCounter":0,"rootKey":"P3drH5LB8t8avlMDEjb4FEN+Su6ulZnsP4kqcsW+vdE="},"indexInfo":{"baseKey":"BYuxHxvtRRGp6neqxBwkNtjVUNabKGroOA6wy2k1p1Au","baseKeyType":1,"closed":-1,"used":1722224745590,"created":1722224745590,"remoteIdentityKey":"BcszLTQDsq0dQ4k2/fh2IZKTWSlTKgZq8pVLq/ocGBIm"},"_chains":{"BReqeDd4AW5FVM9YxXam702fTICA1xaqn+LldtHyDYVh":{"chainKey":{"counter":6,"key":"uc82yC55zTJabojyPK+S+Z3eXd9/vKFYvrDArmc6URg="},"chainType":1,"messageKeys":{}}},"pendingPreKey":{"signedKeyId":1,"baseKey":"BYuxHxvtRRGp6neqxBwkNtjVUNabKGroOA6wy2k1p1Au"}}},"version":"v1"}