{"_sessions":{"BaulP9qruHNkQ7jQbCmnV/9oGAYxubJ773iAAQJA1zwo":{"registrationId":325423171,"currentRatchet":{"ephemeralKeyPair":{"pubKey":"BWfXyJSAhAavE8Yro+qvnaHhirl+FkWIuwQuvRPS7lJm","privKey":"UJkdkXzrUoJAk8knj28JC6j1Oh/celMTEggk6MJ+30U="},"lastRemoteEphemeralKey":"BVHGF8gNaZJevHp2vSYvcW7T3NTw3+UI6+NeR395EQ0X","previousCounter":0,"rootKey":"1jiQXVR/9vUS5nGt7luJJ7yFrxsfAjEqJS+NpNTnSr4="},"indexInfo":{"baseKey":"BaulP9qruHNkQ7jQbCmnV/9oGAYxubJ773iAAQJA1zwo","baseKeyType":1,"closed":-1,"used":1722224746602,"created":1722224746602,"remoteIdentityKey":"BQvlmNoRfs+D7Ne1FyTnAd345JfdXiRtrQ9KRdHCdtlJ"},"_chains":{"BWfXyJSAhAavE8Yro+qvnaHhirl+FkWIuwQuvRPS7lJm":{"chainKey":{"counter":6,"key":"GkWX2GCWD1LOR9DKrRzbHaF7fHzH0zl6onKSrbY3pn0="},"chainType":1,"messageKeys":{}}},"pendingPreKey":{"signedKeyId":1,"baseKey":"BaulP9qruHNkQ7jQbCmnV/9oGAYxubJ773iAAQJA1zwo"}}},"version":"v1"}