{"_sessions":{"BYU+H/UQCy6P+6K9DIYCYJX92FPEXizB+jNmbffeZ1gS":{"registrationId":2078923601,"currentRatchet":{"ephemeralKeyPair":{"pubKey":"BRTezb0QePARdMOp8CjwxldfClBCGPMqQpbN0md270J6","privKey":"qDsMZUYyVr0o2bxulRqHesDyzzzRxXf5W5uUsScfyWE="},"lastRemoteEphemeralKey":"BT1kMIFi4QATssnN3N1N36Gi/wtm7Jt5aUOSa1E7OhNm","previousCounter":0,"rootKey":"J0FkiuI8cVy/cO2mbo1uMqEQMoPW32esnea7Av7jtks="},"indexInfo":{"baseKey":"BYU+H/UQCy6P+6K9DIYCYJX92FPEXizB+jNmbffeZ1gS","baseKeyType":1,"closed":-1,"used":1722302914962,"created":1722302914962,"remoteIdentityKey":"BWnCG8Pcg14lcUlbXYTtG7Frm8lWXHR/sl2JF33kKl87"},"_chains":{"BRTezb0QePARdMOp8CjwxldfClBCGPMqQpbN0md270J6":{"chainKey":{"counter":76,"key":"OeCz3snj9hWI5g6gjFyGnXDvmT9yHUgzQ6umD74RLDE="},"chainType":1,"messageKeys":{}}},"pendingPreKey":{"signedKeyId":0,"baseKey":"BYU+H/UQCy6P+6K9DIYCYJX92FPEXizB+jNmbffeZ1gS","preKeyId":8228491}}},"version":"v1"}