{"_sessions":{"Bdmf+esUeYTTNA9C3JM+WL10cZOaO8btedZBqaFGotl7":{"registrationId":1002962196,"currentRatchet":{"ephemeralKeyPair":{"pubKey":"BV0DxKXlCzO7W85Zne/AeoLc8fYP84ACQXhq1+XeOC06","privKey":"kH8MEaBfomrraSqZEZeZR4AKkzYbkbgLLUm/ODALS0A="},"lastRemoteEphemeralKey":"Bb52SkgDvoA6hJ8QGyoMaj4lTd50I5mbQDaRh8Rs06Fx","previousCounter":0,"rootKey":"C6norYoY1+AYFelwPC7uEJ3sDau3LIP7CtCPlK86Pq4="},"indexInfo":{"baseKey":"Bdmf+esUeYTTNA9C3JM+WL10cZOaO8btedZBqaFGotl7","baseKeyType":1,"closed":-1,"used":1722224748462,"created":1722224748462,"remoteIdentityKey":"Bfh88DXPjdzBwx4pwCNF6NH+nHHazmsvYrPTHXMvMdEO"},"_chains":{"BV0DxKXlCzO7W85Zne/AeoLc8fYP84ACQXhq1+XeOC06":{"chainKey":{"counter":6,"key":"hhd63g303XOp7O6nlC31NMwM94Mbj5pkPRT9KfXhTuQ="},"chainType":1,"messageKeys":{}}},"pendingPreKey":{"signedKeyId":0,"baseKey":"Bdmf+esUeYTTNA9C3JM+WL10cZOaO8btedZBqaFGotl7","preKeyId":5100671}}},"version":"v1"}