{"_sessions":{"BRSr8Myc4XsKTq1SUBH2tqN1HPUgNrOwrXiV3F0dNRVR":{"registrationId":1484225701,"currentRatchet":{"ephemeralKeyPair":{"pubKey":"BWqbI4Msi51zgji4Ss5LSPgPpZgcMlDVwzS2AapDttY1","privKey":"sAAB3vubq6uYonmrnqjUgy7EY4FyzKZPF7nEAeD1uls="},"lastRemoteEphemeralKey":"BXSS2n/FHYkrbGgslh18l2rY1luZKt67XRmUXoX6R1tU","previousCounter":0,"rootKey":"AVJicydlKCWBjFSfgWlMHq6KUjFfbul2dVfQ1oJy5vg="},"indexInfo":{"baseKey":"BRSr8Myc4XsKTq1SUBH2tqN1HPUgNrOwrXiV3F0dNRVR","baseKeyType":1,"closed":-1,"used":1722454512898,"created":1722454512898,"remoteIdentityKey":"BW7moNFYIKs8kJaP2tkCkz1jofVYvv1+EqqvPD1ZSuQh"},"_chains":{"BWqbI4Msi51zgji4Ss5LSPgPpZgcMlDVwzS2AapDttY1":{"chainKey":{"counter":7,"key":"VHrTvCC+c7nP3m17cuSVBhPJ+LRXUzOVDxSF6FHv7ZE="},"chainType":1,"messageKeys":{}}},"pendingPreKey":{"signedKeyId":5,"baseKey":"BRSr8Myc4XsKTq1SUBH2tqN1HPUgNrOwrXiV3F0dNRVR","preKeyId":3418887}}},"version":"v1"}