{"_sessions":{"BYXHGnrUS77SL+d9FS0tsmOkf6uCksBe3ie3w/RhQspT":{"registrationId":1329134481,"currentRatchet":{"ephemeralKeyPair":{"pubKey":"BfeRNHyZFpNZGS0uwrVj6IcRZ8PBsxUeSxj6Gkpkw8gN","privKey":"yBU8JJwPqpSCAj5hC2Q3Rpa+yb6kR/SV1gat+zsEzV0="},"lastRemoteEphemeralKey":"BVsqGoD/VywrfZvx0v2FFmQLB/xBf4C1H05BK2Y7qZon","previousCounter":30,"rootKey":"l0a74iua5uBckvDfM+WUZKq+AFYTNeutE4t8JfPTy4g="},"indexInfo":{"baseKey":"BYXHGnrUS77SL+d9FS0tsmOkf6uCksBe3ie3w/RhQspT","baseKeyType":1,"closed":-1,"used":1722326766391,"created":1722302914280,"remoteIdentityKey":"BT089a3IubVXuPy6P928EqjZHYShFSzdh1FswARj0kts"},"_chains":{"BVsqGoD/VywrfZvx0v2FFmQLB/xBf4C1H05BK2Y7qZon":{"chainKey":{"counter":0,"key":"NBrklI4tIvVJ0zw603T0rPxbsm3w9ppVCn0UYSc6ABA="},"chainType":2,"messageKeys":{}},"BfeRNHyZFpNZGS0uwrVj6IcRZ8PBsxUeSxj6Gkpkw8gN":{"chainKey":{"counter":45,"key":"MRfw7eVAwiZXwC0RrD95SocrktaS/6OpL+GW8NXr8BM="},"chainType":1,"messageKeys":{}}}}},"version":"v1"}