{"_sessions":{"Be2vHM7sKuM1dXW6JtCS3/RJs9DWvWXF00Z67HJjWoM0":{"registrationId":1688467701,"currentRatchet":{"ephemeralKeyPair":{"pubKey":"BQF30UbElr6fkWAT6oMVQpBHeRXSVv6T9Y+AhmZF+ahR","privKey":"EDmbh98egrr6K48+j8DGsQ82ksNvw/K1CUX2Er1wdFA="},"lastRemoteEphemeralKey":"BXp030QctUS6F8q3Sd1JvzJw5eaNer5fj0HgMjeke09Q","previousCounter":0,"rootKey":"nKOh/tUvTTdRxaqQraKUrbTj3vGYWd6AKIxTEyyYsIE="},"indexInfo":{"baseKey":"Be2vHM7sKuM1dXW6JtCS3/RJs9DWvWXF00Z67HJjWoM0","baseKeyType":1,"closed":-1,"used":1722302915197,"created":1722302915197,"remoteIdentityKey":"BdHpFTUj1AcGyJc0mI96mz2utheNrJ0yujCvUEDOLxxM"},"_chains":{"BQF30UbElr6fkWAT6oMVQpBHeRXSVv6T9Y+AhmZF+ahR":{"chainKey":{"counter":76,"key":"9wYX7+8qV9wVRkxxfcElfFPLPEjfHcGEC2kddvUDLPo="},"chainType":1,"messageKeys":{}}},"pendingPreKey":{"signedKeyId":0,"baseKey":"Be2vHM7sKuM1dXW6JtCS3/RJs9DWvWXF00Z67HJjWoM0","preKeyId":3941387}}},"version":"v1"}