{"_sessions":{"BSXwdHC8flAzMknLbiL3QV0XIcaewrx/7r7IUJLiz55P":{"registrationId":367085360,"currentRatchet":{"ephemeralKeyPair":{"pubKey":"BZz6CsemqTK4CFuhndFT6w8YxqrBqiXTM7NZ2lVbh8Jy","privKey":"uCitCzwqx/Zp9UebAIZOyueVfvAGAwTcHCtumQYWgn8="},"lastRemoteEphemeralKey":"BYxcAZh5v3q7IZf+vMjLEJo2Uvvj4GSec7KuYR4q5Ck5","previousCounter":0,"rootKey":"i+mobh//r+9AuK46uRJqqkEt8YHXfMp4lZoV1Gjcjpk="},"indexInfo":{"baseKey":"BSXwdHC8flAzMknLbiL3QV0XIcaewrx/7r7IUJLiz55P","baseKeyType":1,"closed":-1,"used":1722224748897,"created":1722224748897,"remoteIdentityKey":"BaAbfGmHMp08/F3lM0AqZAKhLjlbmMMzYYi5n2CJ3p4K"},"_chains":{"BZz6CsemqTK4CFuhndFT6w8YxqrBqiXTM7NZ2lVbh8Jy":{"chainKey":{"counter":6,"key":"/O4QIoWE3yUkaUR28gRkEfuxuS3LPgt+G7xXKWfdMSk="},"chainType":1,"messageKeys":{}}},"pendingPreKey":{"signedKeyId":0,"baseKey":"BSXwdHC8flAzMknLbiL3QV0XIcaewrx/7r7IUJLiz55P","preKeyId":16760705}}},"version":"v1"}