{"_sessions":{"BbFyaJ7HjrEDkB2Lw6gxqkVAA+b0mkZ2WLDLqyyhqU9o":{"registrationId":1828566727,"currentRatchet":{"ephemeralKeyPair":{"pubKey":"BSGjvadhArE3lSxHeUeIVMghhYmEDnuXWjdqFf1ajxMF","privKey":"OJy4+jEiyjsjF3ECbeGKoK9gfXDwE1kF73ttW46lWWA="},"lastRemoteEphemeralKey":"BZOuYe8E7YFQWtxI7e7QVcnEt6wOCsnfxjfhpv/GvfZW","previousCounter":0,"rootKey":"FRSdnXNGjBQGgGSAJZVjnLyGS0d/N9c9j+mT1DLJY/A="},"indexInfo":{"baseKey":"BbFyaJ7HjrEDkB2Lw6gxqkVAA+b0mkZ2WLDLqyyhqU9o","baseKeyType":1,"closed":-1,"used":1722224748104,"created":1722224748104,"remoteIdentityKey":"BXA6zyfpN4ywwD1+m/Y0Jfr7JgGpIeBnV6qbIwgxwfYv"},"_chains":{"BSGjvadhArE3lSxHeUeIVMghhYmEDnuXWjdqFf1ajxMF":{"chainKey":{"counter":6,"key":"cx5sDyc86kPGWwWYr0dgz2+MbsfyfzfTgG8tX8lcUIE="},"chainType":1,"messageKeys":{}}},"pendingPreKey":{"signedKeyId":19,"baseKey":"BbFyaJ7HjrEDkB2Lw6gxqkVAA+b0mkZ2WLDLqyyhqU9o"}}},"version":"v1"}