{"_sessions":{"BWxbW23QIzp9ybBDy54FbAOzutikaQFBbFOzQ1fcE+xe":{"registrationId":1739359753,"currentRatchet":{"ephemeralKeyPair":{"pubKey":"BaIWk69pTNZZVWy1ugFo9o7JkJ7p7bMuLnARkj5PY5xt","privKey":"WL01PadH/vB+hplgDFUTj82trutS6+kRG7KqdpUJiUg="},"lastRemoteEphemeralKey":"BWldfpxOoybVkSRhHl4vik3PfuHHATGoDKTgK43mX+8A","previousCounter":0,"rootKey":"NAegs8B5U2c49Xrb68LF1jAve2d2AzQBbnJ/M+C+6xY="},"indexInfo":{"baseKey":"BWxbW23QIzp9ybBDy54FbAOzutikaQFBbFOzQ1fcE+xe","baseKeyType":1,"closed":-1,"used":1722224749071,"created":1722224749071,"remoteIdentityKey":"Bbaqaj45W1bOEmD7KDSr511vsh27Uv374JT/UllVUW9M"},"_chains":{"BaIWk69pTNZZVWy1ugFo9o7JkJ7p7bMuLnARkj5PY5xt":{"chainKey":{"counter":6,"key":"1hSWGVMnpzSsJ87uLWlCh9PMjxJOXCug2ZdOGNbZCoc="},"chainType":1,"messageKeys":{}}},"pendingPreKey":{"signedKeyId":1,"baseKey":"BWxbW23QIzp9ybBDy54FbAOzutikaQFBbFOzQ1fcE+xe","preKeyId":16162436}}},"version":"v1"}