{"_sessions":{"BXF2gDSnHqCMTx1aIX3Nc1KQ7m3qD8hrFAEyr8hVQvU+":{"registrationId":1935289397,"currentRatchet":{"ephemeralKeyPair":{"pubKey":"BWupDPeNtIEv3vGbBGnU4DrA8OhExzyRfQJgXD/gmHFM","privKey":"yH0XJT356HRX4p+dUDbnm1Bq8rcnWyT0/IavRGad414="},"lastRemoteEphemeralKey":"BXSYqrIx6NlzSvpPIH8h7otERZ6BPY5R7g+n9i6V5i17","previousCounter":0,"rootKey":"Tt2+KfUEIHFSLbd3kUUlOIvnMl8AqBZqLtyYRmulAjA="},"indexInfo":{"baseKey":"BXF2gDSnHqCMTx1aIX3Nc1KQ7m3qD8hrFAEyr8hVQvU+","baseKeyType":1,"closed":-1,"used":1722302916291,"created":1722302916291,"remoteIdentityKey":"BUFkvDv3HJePZprtO6Pn59phf2/kgrMDaGSYKI3eDA0u"},"_chains":{"BWupDPeNtIEv3vGbBGnU4DrA8OhExzyRfQJgXD/gmHFM":{"chainKey":{"counter":76,"key":"FbzoOSXFiDsz51hHPH/Wp6+jG/It6mecyIi/2af/4mk="},"chainType":1,"messageKeys":{}}},"pendingPreKey":{"signedKeyId":3,"baseKey":"BXF2gDSnHqCMTx1aIX3Nc1KQ7m3qD8hrFAEyr8hVQvU+","preKeyId":14939125}}},"version":"v1"}