{"_sessions":{"BR08IpyJJWj1/GLOC7zWmhigPwmrCMxZe9cNGxe4djtW":{"registrationId":654451304,"currentRatchet":{"ephemeralKeyPair":{"pubKey":"BckwDaDHs85iqSWJ2IUiY1IXSXQkQoT06TtPeVrOleoC","privKey":"yIt6nvPptstbZU56/Uey900yGkheQ8d0vxSejgp1a2k="},"lastRemoteEphemeralKey":"BW1bnvDUM34fjLozSmC9qdNAbrVrIfhKAoOiu8SN9VMJ","previousCounter":0,"rootKey":"pn6OMXeG6fJUnBX9u984MsHJW1P8vlCPUXpe1S71Ecc="},"indexInfo":{"baseKey":"BR08IpyJJWj1/GLOC7zWmhigPwmrCMxZe9cNGxe4djtW","baseKeyType":1,"closed":-1,"used":1722224746874,"created":1722224746874,"remoteIdentityKey":"BerCb33EWtAFWQ+aa+TVUrhlcn5SA/EJttlk9ea7VJt3"},"_chains":{"BckwDaDHs85iqSWJ2IUiY1IXSXQkQoT06TtPeVrOleoC":{"chainKey":{"counter":6,"key":"gFphIioFYjN10MPiEiysILiUWZFNMWYOXY3AkjGOUjg="},"chainType":1,"messageKeys":{}}},"pendingPreKey":{"signedKeyId":1,"baseKey":"BR08IpyJJWj1/GLOC7zWmhigPwmrCMxZe9cNGxe4djtW"}}},"version":"v1"}