{"_sessions":{"Ba7yJFUIaQvtqttfpAjsR7sja6Wq0w6U6X9OLJ/SdQ1u":{"registrationId":30392408,"currentRatchet":{"ephemeralKeyPair":{"pubKey":"BXC8HszSumKD1YSxzqwX5u7ehjuRdxK5bCcuNDCO6lJe","privKey":"gJQmMrQEe4JRW2F3eWDqW2LrFnaOg5qlHgHHdn2Bz1U="},"lastRemoteEphemeralKey":"BZ8lYP33CGyHlVzUkRJQnJ9Gd/2RzB9y/VPFpd5mRCFF","previousCounter":0,"rootKey":"D0A8VgChypwHl5E9QTTkhnkEQiwtR4KQYnnl1pLzX5s="},"indexInfo":{"baseKey":"Ba7yJFUIaQvtqttfpAjsR7sja6Wq0w6U6X9OLJ/SdQ1u","baseKeyType":1,"closed":-1,"used":1722302915985,"created":1722302915985,"remoteIdentityKey":"BbgzUUbXmHm4Oy7oJzlVKHPxt54wJiqeBMnTHu9jLjgW"},"_chains":{"BXC8HszSumKD1YSxzqwX5u7ehjuRdxK5bCcuNDCO6lJe":{"chainKey":{"counter":76,"key":"xcjd9P1eXTm5p2bF2IV6b3SEX3Cn9do5jyvljKjkghg="},"chainType":1,"messageKeys":{}}},"pendingPreKey":{"signedKeyId":5,"baseKey":"Ba7yJFUIaQvtqttfpAjsR7sja6Wq0w6U6X9OLJ/SdQ1u","preKeyId":11075286}}},"version":"v1"}