{"_sessions":{"BUqGbB2pFNxcCKaNVlAZsARlw1L5p/EMXKg50kkZwvYW":{"registrationId":1068035294,"currentRatchet":{"ephemeralKeyPair":{"pubKey":"BW4ZqqQzibEwyo7dlYdqUGvBMa7skLtbPFOXDZmPvtd7","privKey":"4M3MCrak+EUqWtDezeFXeKE7DREInLQKTb56Qg1/qmg="},"lastRemoteEphemeralKey":"BQGkdO1oOo8XCRs4VcIicoSUbNlqGGQZbBPX2W8b30Uo","previousCounter":0,"rootKey":"fRlHezWmOJ9oPPhaFaZ2Bw/tdVWfV2QqNFpTA2BF65I="},"indexInfo":{"baseKey":"BUqGbB2pFNxcCKaNVlAZsARlw1L5p/EMXKg50kkZwvYW","baseKeyType":1,"closed":-1,"used":1722224746997,"created":1722224746997,"remoteIdentityKey":"Baq5CHmVzQyEkVkkTXlMR6pk55pdT7BJDTt6BS1ehxQ7"},"_chains":{"BW4ZqqQzibEwyo7dlYdqUGvBMa7skLtbPFOXDZmPvtd7":{"chainKey":{"counter":6,"key":"bC6F8QhCmTinmr9RPLEORS0BzzXdU6HS4YqChQ/bYec="},"chainType":1,"messageKeys":{}}},"pendingPreKey":{"signedKeyId":6,"baseKey":"BUqGbB2pFNxcCKaNVlAZsARlw1L5p/EMXKg50kkZwvYW","preKeyId":8372539}}},"version":"v1"}