{"_sessions":{"BR/L2CXi3tX33i99dLTlRzJpakgUOuB+womlasMOVYBu":{"registrationId":2093812136,"currentRatchet":{"ephemeralKeyPair":{"pubKey":"BWjDJ1gyeZ4mITEuThSmVNNVJO8afC5EXpd3+PlCHLB+","privKey":"6J4cedEC5u+9Ra+UiZbFs/RMKlonREMq+584g3Pp41o="},"lastRemoteEphemeralKey":"BfRGafzgeSj+689gUfVZALjVcCAU4s7fnSzZ2W4FqqdC","previousCounter":0,"rootKey":"kQBUsZyQbkt3J2jvCfXQVMyLNFlG02+9Ml3YP3/+i1I="},"indexInfo":{"baseKey":"BR/L2CXi3tX33i99dLTlRzJpakgUOuB+womlasMOVYBu","baseKeyType":1,"closed":-1,"used":1722224749193,"created":1722224749193,"remoteIdentityKey":"BeVMYMn3+kCicWFaAXtGo/bk1ecr0drvitTMQlVoX9Jq"},"_chains":{"BWjDJ1gyeZ4mITEuThSmVNNVJO8afC5EXpd3+PlCHLB+":{"chainKey":{"counter":6,"key":"ihW0PZ/XjlEiwUKDRE5Osn/W9lzSJiH99ZDKgZa56wE="},"chainType":1,"messageKeys":{}}},"pendingPreKey":{"signedKeyId":15,"baseKey":"BR/L2CXi3tX33i99dLTlRzJpakgUOuB+womlasMOVYBu","preKeyId":2214320}}},"version":"v1"}