{"_sessions":{"BV/I7EjquRunmvcBDeLYSmRZNbFAOi+0NEyG5vSYN1Ja":{"registrationId":1935289397,"currentRatchet":{"ephemeralKeyPair":{"pubKey":"Bevwixga8FPYh0ZvR1zzgOQlZjbMwCnqm2dCh0kM+SAM","privKey":"OInjqGuTB2DG52cocd6PD0EwILvFMrglIfsUJVziJkE="},"lastRemoteEphemeralKey":"BXSYqrIx6NlzSvpPIH8h7otERZ6BPY5R7g+n9i6V5i17","previousCounter":0,"rootKey":"QZMDpX2yjIQ77xmDe2cT2VmG5R/WaDsEnyyVWVYcaF8="},"indexInfo":{"baseKey":"BV/I7EjquRunmvcBDeLYSmRZNbFAOi+0NEyG5vSYN1Ja","baseKeyType":1,"closed":1722471826273,"used":1722454513364,"created":1722454513364,"remoteIdentityKey":"BUFkvDv3HJePZprtO6Pn59phf2/kgrMDaGSYKI3eDA0u"},"_chains":{"Bevwixga8FPYh0ZvR1zzgOQlZjbMwCnqm2dCh0kM+SAM":{"chainKey":{"counter":0,"key":"kE651vDTScythN3SyKP5dZdiqOyAuIDCahoH3GQpN+E="},"chainType":1,"messageKeys":{}}},"pendingPreKey":{"signedKeyId":3,"baseKey":"BV/I7EjquRunmvcBDeLYSmRZNbFAOi+0NEyG5vSYN1Ja","preKeyId":14939782}},"BaNVWzvhNxaSlyJG8AYhHdanhmaWa3HEv7R7qQ7WDplc":{"registrationId":1935289397,"currentRatchet":{"ephemeralKeyPair":{"pubKey":"BQFQVzfqJ6/kGbnVxnvNDHOYM9nC4VqDAyit/CyuTMlw","privKey":"uPF/Ga/fBg7oCHA2xA//LW/hrOA9uFMKs+v2ej1p8Fw="},"lastRemoteEphemeralKey":"BXSYqrIx6NlzSvpPIH8h7otERZ6BPY5R7g+n9i6V5i17","previousCounter":0,"rootKey":"JbzbhXj4y5mm2FI75WOzAVKoGSOb63+8t6fd39Po78Q="},"indexInfo":{"baseKey":"BaNVWzvhNxaSlyJG8AYhHdanhmaWa3HEv7R7qQ7WDplc","baseKeyType":1,"closed":-1,"used":1722471826200,"created":1722471826200,"remoteIdentityKey":"BUFkvDv3HJePZprtO6Pn59phf2/kgrMDaGSYKI3eDA0u"},"_chains":{"BQFQVzfqJ6/kGbnVxnvNDHOYM9nC4VqDAyit/CyuTMlw":{"chainKey":{"counter":6,"key":"S8oImGqlem+TNaGdasq7SnTLfzlpx27QQgg/D413i7M="},"chainType":1,"messageKeys":{}}},"pendingPreKey":{"signedKeyId":3,"baseKey":"BaNVWzvhNxaSlyJG8AYhHdanhmaWa3HEv7R7qQ7WDplc","preKeyId":14940436}}},"version":"v1"}