{"_sessions":{"BfG/xI/QQfYWfe9px0Xogk4BP7NncB2QU+kKiKrT5wZK":{"registrationId":125815457,"currentRatchet":{"ephemeralKeyPair":{"pubKey":"BQ5yQ/cv14QwG9Bq4xfgOtgG167/dPf7ZSXwhyS8p3xp","privKey":"sKdDBMbhHq1FGOBmC1kxQ+9kklSzl3+EePJuk5UfDEk="},"lastRemoteEphemeralKey":"BdGI66c9r7fPYjKzaopgDzIPj99SliTtNTCn9ixtzNAQ","previousCounter":0,"rootKey":"LDsgxqAlUS2p0vHf06mXPFjk0VWEl67qiWl9CmsOgQw="},"indexInfo":{"baseKey":"BfG/xI/QQfYWfe9px0Xogk4BP7NncB2QU+kKiKrT5wZK","baseKeyType":1,"closed":-1,"used":1722454511558,"created":1722454511558,"remoteIdentityKey":"BbOxtL4PLuce/SQm/RFbHYlO+SEiYCq4dQUOSSRVoWF5"},"_chains":{"BQ5yQ/cv14QwG9Bq4xfgOtgG167/dPf7ZSXwhyS8p3xp":{"chainKey":{"counter":7,"key":"mmaXEpJ7+iqHPWWRQkF7rfeBYrHqq4TMQCcYVXAVzYo="},"chainType":1,"messageKeys":{}}},"pendingPreKey":{"signedKeyId":20,"baseKey":"BfG/xI/QQfYWfe9px0Xogk4BP7NncB2QU+kKiKrT5wZK"}}},"version":"v1"}