{"_sessions":{"BYdSmn7NmSrh++MVoBQodSUMzvs9S7dKSBoc3PUbWoMz":{"registrationId":1752949639,"currentRatchet":{"ephemeralKeyPair":{"pubKey":"BbuP6ct5p+qMZ/IN1r47VkFyEDbXXgZtzl5E3VTObidG","privKey":"cE6hZKE6RGNZrjjSmvoRMm+dvX9resX3YtkQjFRGxWs="},"lastRemoteEphemeralKey":"BQfaSrPcIJgx14ngUO8x2iY1+0BiYujWo1Mu9NM5o/5y","previousCounter":0,"rootKey":"lzbcSVj/ZQp/I4PlFw8EFIOsGWuucnlnH+8QTiyu4I0="},"indexInfo":{"baseKey":"BYdSmn7NmSrh++MVoBQodSUMzvs9S7dKSBoc3PUbWoMz","baseKeyType":1,"closed":-1,"used":1722302915669,"created":1722302915669,"remoteIdentityKey":"BQgzrGtKzdqFJqBf/0n9m1IhXULeYP2WbhoeWfyPwiEL"},"_chains":{"BbuP6ct5p+qMZ/IN1r47VkFyEDbXXgZtzl5E3VTObidG":{"chainKey":{"counter":76,"key":"o8CpVWLs9HzO93YWMe2D/1OFV8FWCAdk9yyACAv/tEE="},"chainType":1,"messageKeys":{}}},"pendingPreKey":{"signedKeyId":1,"baseKey":"BYdSmn7NmSrh++MVoBQodSUMzvs9S7dKSBoc3PUbWoMz","preKeyId":6203205}}},"version":"v1"}