{"_sessions":{"Bfw+tmjiufS76/hmUb/Rmcrm/ytb1XKduucjz8aWnp9c":{"registrationId":1393850393,"currentRatchet":{"ephemeralKeyPair":{"pubKey":"BcC2nx8PC9AhfkwrzWbpwKRdK/RzgHLExWqVsGunyZUF","privKey":"eKLJgi4q+A26tVmAQmt/Sd0MysyxurnJhLFhk9AFKmE="},"lastRemoteEphemeralKey":"BVUPmiGZcH55leuUNKtsnW2BPRTPxW51BXIHcx9tNL9k","previousCounter":0,"rootKey":"UINAlGs12cN07OdIyWyFJ1EzH5H7xMDBST4E/bLU+mM="},"indexInfo":{"baseKey":"Bfw+tmjiufS76/hmUb/Rmcrm/ytb1XKduucjz8aWnp9c","baseKeyType":1,"closed":-1,"used":1722302915460,"created":1722302915460,"remoteIdentityKey":"BYPZAAANfuRBTYOiK05kQZoWs36Q98dpZ87MA9fIn9RH"},"_chains":{"BcC2nx8PC9AhfkwrzWbpwKRdK/RzgHLExWqVsGunyZUF":{"chainKey":{"counter":76,"key":"WBeDdhigAFy7Fr61jpqOw1xKZodsg3VylwMCcSozMwg="},"chainType":1,"messageKeys":{}}},"pendingPreKey":{"signedKeyId":1,"baseKey":"Bfw+tmjiufS76/hmUb/Rmcrm/ytb1XKduucjz8aWnp9c","preKeyId":5411531}}},"version":"v1"}