{"_sessions":{"BVUuZpl1hpz4scM1rrHlk9G9jj7houQ+f4d41Y+eZy92":{"registrationId":1319370143,"currentRatchet":{"ephemeralKeyPair":{"pubKey":"BepcnJij1waZ3rztPX5YLjQrea6l0NUCtxIeo87eybtO","privKey":"2MZPaLK6HKUoFkddE9qg3rD3tmXXAXWmpOYJZdtCp3o="},"lastRemoteEphemeralKey":"BaZwSTbRqrPC7KYNMjZUhQaMNansWfNtZIH90qvBA4hp","previousCounter":0,"rootKey":"l7igODpJGkmXGdmy4E4PzAZJ8q32MAdWeaAcLinuXcI="},"indexInfo":{"baseKey":"BVUuZpl1hpz4scM1rrHlk9G9jj7houQ+f4d41Y+eZy92","baseKeyType":1,"closed":-1,"used":1722224745088,"created":1722224745088,"remoteIdentityKey":"BV8iPhB92YHbuAQosqyvGhfQvvQb9GFzPgP7EGJuJbME"},"_chains":{"BepcnJij1waZ3rztPX5YLjQrea6l0NUCtxIeo87eybtO":{"chainKey":{"counter":6,"key":"ILYYgjUUVfoQGpotX4MmaZ8ax0N69LMYnUUHZATAgA4="},"chainType":1,"messageKeys":{}}},"pendingPreKey":{"signedKeyId":1,"baseKey":"BVUuZpl1hpz4scM1rrHlk9G9jj7houQ+f4d41Y+eZy92"}}},"version":"v1"}