{"_sessions":{"BYkUvQUMMFlGbaYtKDtgzyyCXXqEf7KyuwOOM87JXKVw":{"registrationId":277801165,"currentRatchet":{"ephemeralKeyPair":{"pubKey":"BQPbsz7WNtyFaIhap8cC00tRjsgIbhkMIVkc3jX3qUk2","privKey":"SEm+rCLnnKm9yhn3xl2fMdceLnGjJ0Wx3z9JKPemQUY="},"lastRemoteEphemeralKey":"Be045htZmmoK/4jpp7Lg7XtIuQZEO0SMNcniJC5lmOkx","previousCounter":0,"rootKey":"nvZu6uAkj785kQKBBo5jau1UFMO8U9LDZx5kIGh2JW0="},"indexInfo":{"baseKey":"BYkUvQUMMFlGbaYtKDtgzyyCXXqEf7KyuwOOM87JXKVw","baseKeyType":2,"closed":-1,"used":1722224722410,"created":1722224722410,"remoteIdentityKey":"BdCVGDKv7yJSD3IdxFP2j86cuD2m1gVXE9XenJyyiWtD"},"_chains":{"Be045htZmmoK/4jpp7Lg7XtIuQZEO0SMNcniJC5lmOkx":{"chainKey":{"counter":0,"key":"ZGLRZlDINF9FKOsICHq3MG6T4BMAIEY1Yq21RFJ30OQ="},"chainType":2,"messageKeys":{}},"BQPbsz7WNtyFaIhap8cC00tRjsgIbhkMIVkc3jX3qUk2":{"chainKey":{"counter":6,"key":"+fBHlBU6BEqrnAVslmyfV2ApiDFOCmKoEplsg+6n87c="},"chainType":1,"messageKeys":{}}}}},"version":"v1"}