{"_sessions":{"BflyI/vyjPqis0NAQ+YrDE1fv5l/yVfY+zuUQqN+Hclt":{"registrationId":1904440851,"currentRatchet":{"ephemeralKeyPair":{"pubKey":"BaTHrnMyYmvcVEGbz8ncRJ/Fm4S6W4mZWifsnHNEgtcG","privKey":"SNCokaSVg8ycCZz6W4e6q4+qLaRXvEZKbiqaYyrl8Ws="},"lastRemoteEphemeralKey":"BWGRW+azp8g4XWvLoaMcixo23iEBpnRxOINmUwEGJJEG","previousCounter":0,"rootKey":"JN+dlLbVeDfktAuDI/flJ3bcx4ghE/5imn0ulNiC8hI="},"indexInfo":{"baseKey":"BflyI/vyjPqis0NAQ+YrDE1fv5l/yVfY+zuUQqN+Hclt","baseKeyType":1,"closed":-1,"used":1722302915094,"created":1722302915094,"remoteIdentityKey":"BZNAwWqYB8TFcb5J2oyyHyHt69AqzxuYDQatU1Ac2jQZ"},"_chains":{"BaTHrnMyYmvcVEGbz8ncRJ/Fm4S6W4mZWifsnHNEgtcG":{"chainKey":{"counter":76,"key":"z96gQ0ArA4rmdfSVRH3m+3miz264n4RupN49tuHPZY8="},"chainType":1,"messageKeys":{}}},"pendingPreKey":{"signedKeyId":2,"baseKey":"BflyI/vyjPqis0NAQ+YrDE1fv5l/yVfY+zuUQqN+Hclt","preKeyId":3169899}}},"version":"v1"}