{"_sessions":{"BYLX2qtzuJ63tn04nPJTa4h6si+R1eDoWEiampfVQrNJ":{"registrationId":807849883,"currentRatchet":{"ephemeralKeyPair":{"pubKey":"BUw4751UJfBW0clvHJRLLtNQ50bOghAWav7RcFy1uTwM","privKey":"sB1Nx8zMbWru7/xHicRiS6IpSjw0kVJGO13zWlU6W2s="},"lastRemoteEphemeralKey":"BaaXFnRFTJdrISh7hiPfIbJiLAdJ33Z4i7t1pP4Ph+5l","previousCounter":0,"rootKey":"sV6BxMTcmNS2HN3FjGQ8yTIt8ZV0+wwECERe8//GDh4="},"indexInfo":{"baseKey":"BYLX2qtzuJ63tn04nPJTa4h6si+R1eDoWEiampfVQrNJ","baseKeyType":1,"closed":-1,"used":1722454512600,"created":1722454512600,"remoteIdentityKey":"Bb+3LEo7C3dd+Q6yOEk8WMJGRj68a8B/lw23HZAtfIY6"},"_chains":{"BUw4751UJfBW0clvHJRLLtNQ50bOghAWav7RcFy1uTwM":{"chainKey":{"counter":7,"key":"L01LtgAMY/gnA6F0GCsYGqH2oKyrGRbE6h0f5wu9e4c="},"chainType":1,"messageKeys":{}}},"pendingPreKey":{"signedKeyId":1,"baseKey":"BYLX2qtzuJ63tn04nPJTa4h6si+R1eDoWEiampfVQrNJ","preKeyId":10688409}}},"version":"v1"}