{"_sessions":{"BclxRd2ql2ILDkHnxkXCLaYFEvUzB0qZDfSui7NY5WpM":{"registrationId":555834778,"currentRatchet":{"ephemeralKeyPair":{"pubKey":"BTxchmjeJlreBixNiVLTKpO7dp71DgTOwJ7so9/7R0Y0","privKey":"KKuXbn/gIc2VnbnPPqLGtKfBBAcx6W4xjuruaYxhom0="},"lastRemoteEphemeralKey":"BefEnvlccDfKt5LkxAkCkBJGpnyUCApWGJQmxOI6ltp7","previousCounter":0,"rootKey":"45B3Tq9PMKiUDcpNh2cS3Na1uSAy69fbkxmWT1CocwA="},"indexInfo":{"baseKey":"BclxRd2ql2ILDkHnxkXCLaYFEvUzB0qZDfSui7NY5WpM","baseKeyType":1,"closed":-1,"used":1722302916280,"created":1722302916280,"remoteIdentityKey":"BQHx3KZeOEW4SKkN3BOFC64rZSjmXK6v3iiOyp7/gIUW"},"_chains":{"BTxchmjeJlreBixNiVLTKpO7dp71DgTOwJ7so9/7R0Y0":{"chainKey":{"counter":76,"key":"UaaeFCIw2J4Re3PTQS7uWdwdX3Ay67RFnFRBkgJ3z0o="},"chainType":1,"messageKeys":{}}},"pendingPreKey":{"signedKeyId":0,"baseKey":"BclxRd2ql2ILDkHnxkXCLaYFEvUzB0qZDfSui7NY5WpM","preKeyId":4665185}}},"version":"v1"}