{"_sessions":{"BUWnbQJUvYKXhybl9o3Gc6nekXHMr2m5JnR/5vpMQecn":{"registrationId":1498867290,"currentRatchet":{"ephemeralKeyPair":{"pubKey":"BTXQWISFcnYqkM9z9U0DBmEXVAV7hxMzUZ1zei7g9Oc2","privKey":"sIWkNJ8w+ib/T29MDnmx/2SMElxIeW6Mub4L4dwiP20="},"lastRemoteEphemeralKey":"BTgnp+b6lbqztMewM2LxVaPVv+1e9fZfb6aEMfP/T3Z1","previousCounter":0,"rootKey":"v6dT9Uo+zMg1AhYPHSHJqR6Ts+grJBmS0VK0ttwbIhE="},"indexInfo":{"baseKey":"BUWnbQJUvYKXhybl9o3Gc6nekXHMr2m5JnR/5vpMQecn","baseKeyType":1,"closed":-1,"used":1722454512658,"created":1722454512658,"remoteIdentityKey":"BWTpGkspfTrPNvBRzvwNVMtDBefNs5EJjE1n2NYSiE4H"},"_chains":{"BTXQWISFcnYqkM9z9U0DBmEXVAV7hxMzUZ1zei7g9Oc2":{"chainKey":{"counter":7,"key":"YBLm7A6ekptgy6fJSSvIeK2oHEFekEtcJjmXi5M1Voc="},"chainType":1,"messageKeys":{}}},"pendingPreKey":{"signedKeyId":0,"baseKey":"BUWnbQJUvYKXhybl9o3Gc6nekXHMr2m5JnR/5vpMQecn","preKeyId":6554305}}},"version":"v1"}