{"_sessions":{"BbGsUe2Y+oHZMIquTLBvCwWX10j1C9g4azSnFojfbiMJ":{"registrationId":570122108,"currentRatchet":{"ephemeralKeyPair":{"pubKey":"BcSkdkTzW3Whs+f367H50SHoIlBccuAMtfJCX3ukkQca","privKey":"AHcNcvfvIT7EdAP4/xa9ye0DpL3wIjfKsmxXPWYsDlc="},"lastRemoteEphemeralKey":"BZnHQTXRbKQAKaQMeR9XVbr8MXsFO5d5ZOvSGtNJUAdB","previousCounter":0,"rootKey":"6eTKQ493MhLe+j2+tVs1O6jOVImM/hE494sWkTfLBWw="},"indexInfo":{"baseKey":"BbGsUe2Y+oHZMIquTLBvCwWX10j1C9g4azSnFojfbiMJ","baseKeyType":1,"closed":-1,"used":1722224748877,"created":1722224748877,"remoteIdentityKey":"BQYrvRnEyRDgLVsN7YWAhf9mT86MKHZnEaOSx68PmmBT"},"_chains":{"BcSkdkTzW3Whs+f367H50SHoIlBccuAMtfJCX3ukkQca":{"chainKey":{"counter":6,"key":"VUHRuWLS9RcdEy6/7kSCu/FLnmgAXpIJt4ISBS6OUVc="},"chainType":1,"messageKeys":{}}},"pendingPreKey":{"signedKeyId":0,"baseKey":"BbGsUe2Y+oHZMIquTLBvCwWX10j1C9g4azSnFojfbiMJ"}}},"version":"v1"}