{"_sessions":{"BU1f77770UiYXniVV8Wu1WaXLzB8QQd4b9GH3iPbUh1c":{"registrationId":107618026,"currentRatchet":{"ephemeralKeyPair":{"pubKey":"BZfXY+TrdbB0bZ+9nkJKlf8OJNNttd8hMrkcu6WDwoZK","privKey":"+BJxScgwu4qtHboiXP5k7wpl4DM1rsPlKykDsYtlz0k="},"lastRemoteEphemeralKey":"BZQnn9Ng1KDNWeRe+gs24HQ6dQEC3haiiS8mVKuefQw+","previousCounter":0,"rootKey":"pklKzWH/Tpahofp9qHxpG3TauI8GmGPSiWrCinB5fwU="},"indexInfo":{"baseKey":"BU1f77770UiYXniVV8Wu1WaXLzB8QQd4b9GH3iPbUh1c","baseKeyType":1,"closed":-1,"used":1722454513193,"created":1722454513193,"remoteIdentityKey":"BUTNoFROsHN2EyqMi3Pc/M6ieEwrRptdOBZioAlf6BUD"},"_chains":{"BZfXY+TrdbB0bZ+9nkJKlf8OJNNttd8hMrkcu6WDwoZK":{"chainKey":{"counter":7,"key":"o2KwcRj9cTXgHHXrXBvDp9DtlM2A+nGrtErNgSKj5qY="},"chainType":1,"messageKeys":{}}},"pendingPreKey":{"signedKeyId":1,"baseKey":"BU1f77770UiYXniVV8Wu1WaXLzB8QQd4b9GH3iPbUh1c","preKeyId":12835170}}},"version":"v1"}