{"_sessions":{"BZtzdpD8ksipuM/AYdoDAaZJ/Wp5GM3iuRZ/V+TKhnsi":{"registrationId":1044077911,"currentRatchet":{"ephemeralKeyPair":{"pubKey":"BVdcJFfxEApo5MFt51xOqPCKYolGLVUtRO1uCJagy5dR","privKey":"yLMjD+i95TxYPpYhqqwvZJTMYaDIR/4mzQkTGVkYD2I="},"lastRemoteEphemeralKey":"BT8cIod4+bkt5Mu0zFP5njOOfApksxLZZaak+f/dLNFs","previousCounter":0,"rootKey":"XyF5Tcjv+HUTLVyBNkttZikymmNr/cTM3yIAKGjwsT4="},"indexInfo":{"baseKey":"BZtzdpD8ksipuM/AYdoDAaZJ/Wp5GM3iuRZ/V+TKhnsi","baseKeyType":1,"closed":-1,"used":1722224747765,"created":1722224747765,"remoteIdentityKey":"BarsxH7lWdFZsxUqcwUccC8nOtw6lv1oyK4nhCcKf1pQ"},"_chains":{"BVdcJFfxEApo5MFt51xOqPCKYolGLVUtRO1uCJagy5dR":{"chainKey":{"counter":6,"key":"919bnIJRFSh/ff9XWE0fJFxqvjy4vDnSa1VE/GXWk/o="},"chainType":1,"messageKeys":{}}},"pendingPreKey":{"signedKeyId":0,"baseKey":"BZtzdpD8ksipuM/AYdoDAaZJ/Wp5GM3iuRZ/V+TKhnsi"}}},"version":"v1"}