{"_sessions":{"BeeBRuYIRdxr0r2lt6tj3WDfWCxbaV7TDgzq5/FJ+7Mj":{"registrationId":798348039,"currentRatchet":{"ephemeralKeyPair":{"pubKey":"BfchhCwYwE49B2RjYDY8iPYK/PScwL5NZTCsATBVKrFc","privKey":"ECAvF31V9S3lXEBXu4y5zVlJTO8yHmj8Vk1hiVagSGw="},"lastRemoteEphemeralKey":"BRk0H+EXjNmN3TYxq7X+yuN7VEBKX03YBV9xHhkEpldC","previousCounter":0,"rootKey":"xB56j5WAqSTWzYvnlN3c5ZZYCFCBx+TTRgSFFquev2U="},"indexInfo":{"baseKey":"BeeBRuYIRdxr0r2lt6tj3WDfWCxbaV7TDgzq5/FJ+7Mj","baseKeyType":1,"closed":-1,"used":1722454511989,"created":1722454511989,"remoteIdentityKey":"BWcsbSN1wG9Wh7Z67IxCCLQSOgzMQzztL1/+iEuQo+tR"},"_chains":{"BfchhCwYwE49B2RjYDY8iPYK/PScwL5NZTCsATBVKrFc":{"chainKey":{"counter":7,"key":"EkP5Jf+55aRPo62WsdA3faJE3eJ3CzWK4M82kfqz/Y0="},"chainType":1,"messageKeys":{}}},"pendingPreKey":{"signedKeyId":14,"baseKey":"BeeBRuYIRdxr0r2lt6tj3WDfWCxbaV7TDgzq5/FJ+7Mj","preKeyId":6128232}}},"version":"v1"}