{"_sessions":{"BaLwTn1uDqNgL7CsNEVSa4s496zD+KARnqsuPeWfaoN0":{"registrationId":2049427600,"currentRatchet":{"ephemeralKeyPair":{"pubKey":"BSsunnKiWwpDCGO2d+edb5YITPFLxDmGQI1+tFhluahp","privKey":"UOVgki4r6IrmXlaUeL1TMY4z3efbLV85kYwyspQ/dmE="},"lastRemoteEphemeralKey":"BekLKmkFbJAHgB2vEl1e/dNHpbel48Oeq2deCJrt68Ue","previousCounter":0,"rootKey":"Eww7qOctntzmhYAr3O0nTPSc0V/mxn5YMZDcamgQI8A="},"indexInfo":{"baseKey":"BaLwTn1uDqNgL7CsNEVSa4s496zD+KARnqsuPeWfaoN0","baseKeyType":1,"closed":-1,"used":1722454511791,"created":1722454511791,"remoteIdentityKey":"BehJphnpO2bbIDLssWa2hVl7Yql1kOAmyvfcwE1EZABi"},"_chains":{"BSsunnKiWwpDCGO2d+edb5YITPFLxDmGQI1+tFhluahp":{"chainKey":{"counter":7,"key":"rB/uR1fhSRDdcXYFEoKLkxEe4QEYnvOzMUUh8R+vhmk="},"chainType":1,"messageKeys":{}}},"pendingPreKey":{"signedKeyId":1,"baseKey":"BaLwTn1uDqNgL7CsNEVSa4s496zD+KARnqsuPeWfaoN0"}}},"version":"v1"}