{"_sessions":{"BVjgWpUj/3nZwmW4+9IB7XI0PAt0AmbOHvQVe0j0Hipg":{"registrationId":1791,"currentRatchet":{"ephemeralKeyPair":{"pubKey":"BQp4UwGV3ItEHWPZyNZ4MrdNyRSrhNgnywrUvlPBeC4v","privKey":"OKSVQDoZJ5CVT8K2NSSSZ7sADyrSIoy3hPXQ1wWY+WE="},"lastRemoteEphemeralKey":"BViulH2VCFs2urBsERaRJFrh0ih5UsU4v2xj7+hgpl83","previousCounter":0,"rootKey":"Whb+vEdlDjTBnr4B9jwxo5OUBWNYS2LFS1Zdpe5h1F0="},"indexInfo":{"baseKey":"BVjgWpUj/3nZwmW4+9IB7XI0PAt0AmbOHvQVe0j0Hipg","baseKeyType":1,"closed":-1,"used":1722224746284,"created":1722224746284,"remoteIdentityKey":"BSmfVV8x6dbR5V+JKWvaj4RIDIyFTtFNv5BiNUklcZg0"},"_chains":{"BQp4UwGV3ItEHWPZyNZ4MrdNyRSrhNgnywrUvlPBeC4v":{"chainKey":{"counter":6,"key":"MEoTQXlxHZA/vlZ96pk4FH7SIcb+KF+173GSA+alnKk="},"chainType":1,"messageKeys":{}}},"pendingPreKey":{"signedKeyId":1,"baseKey":"BVjgWpUj/3nZwmW4+9IB7XI0PAt0AmbOHvQVe0j0Hipg","preKeyId":1604}}},"version":"v1"}