{"_sessions":{"BXZCUHI+CWk0nSOznj05/I0PlRpwx2Thl8YzyyXUhFVK":{"registrationId":1845738386,"currentRatchet":{"ephemeralKeyPair":{"pubKey":"BQoN2lJwZT6VzRsdgOhSHalOdLehQQF/611nWFVKkC1s","privKey":"mO++Af6NXUCzt9be92tCBlgvDauShThk7IWSf4ndNlM="},"lastRemoteEphemeralKey":"BZjSPwptFb6sW9Gu3MZarA1GeX8bMrLPebjDHWG8WzEM","previousCounter":0,"rootKey":"k5FX/IC4c3L4LXdzpjQxhQZ3qy1tXG0Lr3LtIW51yNU="},"indexInfo":{"baseKey":"BXZCUHI+CWk0nSOznj05/I0PlRpwx2Thl8YzyyXUhFVK","baseKeyType":1,"closed":-1,"used":1722224746965,"created":1722224746965,"remoteIdentityKey":"Bcy3AOpzIOTyhsMQaJYBF4GyIPy79iMIzVM79wLMSmQ7"},"_chains":{"BQoN2lJwZT6VzRsdgOhSHalOdLehQQF/611nWFVKkC1s":{"chainKey":{"counter":6,"key":"0IVhs+Co/U+KPrfQR18zEIATHYvwjT5CWO4trV1GAl8="},"chainType":1,"messageKeys":{}}},"pendingPreKey":{"signedKeyId":0,"baseKey":"BXZCUHI+CWk0nSOznj05/I0PlRpwx2Thl8YzyyXUhFVK"}}},"version":"v1"}