{"_sessions":{"Baipck2YRGNWKYN3IddcUc8dFI4Ejm6d/b7JWdX0B3B2":{"registrationId":1067194192,"currentRatchet":{"ephemeralKeyPair":{"pubKey":"BQM166k00YXSs4NrVj5DyXUVkxjgPiRAGBu4KBO/bthS","privKey":"+IbSTWVCtrZ1wLKpuICe2WWsvboYrXTeKC29sYIdd0k="},"lastRemoteEphemeralKey":"BZfMgSITu+Tpdkl04IfEAfqo0x9ItfIUgrKYFofe6xUI","previousCounter":0,"rootKey":"1vWnHlJudtl0ljE5Ybjc39jdWk+bxNoxLITR5llkNmg="},"indexInfo":{"baseKey":"Baipck2YRGNWKYN3IddcUc8dFI4Ejm6d/b7JWdX0B3B2","baseKeyType":1,"closed":-1,"used":1722450555962,"created":1722450555962,"remoteIdentityKey":"BVI3iv6l9Vb5LDn/eNmlK7zj/SB1NssVVowcwWYlzfhN"},"_chains":{"BQM166k00YXSs4NrVj5DyXUVkxjgPiRAGBu4KBO/bthS":{"chainKey":{"counter":8,"key":"ZSFQu8TcqSoWqUjc0EQtOvRi3ZS+etFHVlyfXdcfMoY="},"chainType":1,"messageKeys":{}}},"pendingPreKey":{"signedKeyId":1,"baseKey":"Baipck2YRGNWKYN3IddcUc8dFI4Ejm6d/b7JWdX0B3B2","preKeyId":15075784}}},"version":"v1"}