{"_sessions":{"BXgpXBqfRSqNDrb0fDvo/YnMP7mkUqVvWSL2IaXEhwh/":{"registrationId":1786503855,"currentRatchet":{"ephemeralKeyPair":{"pubKey":"BUsNfybIs3zrxKIk4N4pRUgEFZgvES4KQJitnhX+kR9g","privKey":"+Oj6n3E1OV4sBv161LzmFvqj3rTSwufGlCTptXh1q2w="},"lastRemoteEphemeralKey":"BVHsJtxGhOMg0/OpPMLKCuQw8ERBKTGlmPmboi0YJbkm","previousCounter":0,"rootKey":"kxZyG4HlTtuWMa50hf+1y0q2wx3eoru5AxGo7PsXN4w="},"indexInfo":{"baseKey":"BXgpXBqfRSqNDrb0fDvo/YnMP7mkUqVvWSL2IaXEhwh/","baseKeyType":1,"closed":-1,"used":1722224746978,"created":1722224746978,"remoteIdentityKey":"BcZ/MpG4axpnIup6lMUFs4T9ZtrKtS9rZizR6chO01N9"},"_chains":{"BUsNfybIs3zrxKIk4N4pRUgEFZgvES4KQJitnhX+kR9g":{"chainKey":{"counter":6,"key":"STZiH/TrjXQtw5DProK9VXunYwMRwGOLxDAPejHzQak="},"chainType":1,"messageKeys":{}}},"pendingPreKey":{"signedKeyId":0,"baseKey":"BXgpXBqfRSqNDrb0fDvo/YnMP7mkUqVvWSL2IaXEhwh/","preKeyId":2705075}}},"version":"v1"}