{"_sessions":{"BQ7R29j6Q0Ny5tu72E4Ia+5EUxg3t2w5S/AMlj//IHBU":{"registrationId":1484225701,"currentRatchet":{"ephemeralKeyPair":{"pubKey":"BQX9ezNacRyMXP3RN2Tk60v+67+CuUG7/R/ZuliOpVYO","privKey":"4KUTTwZBvHkGT9TK3bnrPLhnQpMImjKEMSm+Ng0vEFQ="},"lastRemoteEphemeralKey":"BXSS2n/FHYkrbGgslh18l2rY1luZKt67XRmUXoX6R1tU","previousCounter":0,"rootKey":"EEtv+FFndRJ5/2CqEQv2cYMUl4BpEvSLFvCFIg3OI6Q="},"indexInfo":{"baseKey":"BQ7R29j6Q0Ny5tu72E4Ia+5EUxg3t2w5S/AMlj//IHBU","baseKeyType":1,"closed":-1,"used":1722302915895,"created":1722302915895,"remoteIdentityKey":"BW7moNFYIKs8kJaP2tkCkz1jofVYvv1+EqqvPD1ZSuQh"},"_chains":{"BQX9ezNacRyMXP3RN2Tk60v+67+CuUG7/R/ZuliOpVYO":{"chainKey":{"counter":76,"key":"wKM1M+3g6adUMK9gXDeR685z/Nh79vTpJUIEdhlpP9E="},"chainType":1,"messageKeys":{}}},"pendingPreKey":{"signedKeyId":5,"baseKey":"BQ7R29j6Q0Ny5tu72E4Ia+5EUxg3t2w5S/AMlj//IHBU","preKeyId":3419050}}},"version":"v1"}