{"_sessions":{"BT62EU5xljNVqr0tyqgo18fUWgJy1AXGXsGGXOeNpRAC":{"registrationId":723038208,"currentRatchet":{"ephemeralKeyPair":{"pubKey":"BQpLlzfr4fa0pfv0WOp37Y768EB3NRtWuVYOnG8iSWlp","privKey":"0NTTp+SBTDN54n/shrGi7qrFhWgIzgu6WNtOE7BlkmE="},"lastRemoteEphemeralKey":"BdFNuQy2ysoy99+1XRpHRx9eFGMCIpHw7iSSQx/QNxtz","previousCounter":0,"rootKey":"aqlZmMkb/vnoou8QT4CNGwpFnzzyOKKQb0fQwDIyB4Q="},"indexInfo":{"baseKey":"BT62EU5xljNVqr0tyqgo18fUWgJy1AXGXsGGXOeNpRAC","baseKeyType":1,"closed":-1,"used":1722224747578,"created":1722224747578,"remoteIdentityKey":"BbYQHLq4cgVCrId5GEiRpkDyYXJPlkGSNQpXWiQuRX9b"},"_chains":{"BQpLlzfr4fa0pfv0WOp37Y768EB3NRtWuVYOnG8iSWlp":{"chainKey":{"counter":6,"key":"inqo6LtFghyXwuZtYyENFn1ehludNOReYDb2SKGh5T0="},"chainType":1,"messageKeys":{}}},"pendingPreKey":{"signedKeyId":0,"baseKey":"BT62EU5xljNVqr0tyqgo18fUWgJy1AXGXsGGXOeNpRAC"}}},"version":"v1"}