{"_sessions":{"BY480U4TU+AbpLzaApLw8IDFeBuFwXDg/NbhEOiVKttH":{"registrationId":168784435,"currentRatchet":{"ephemeralKeyPair":{"pubKey":"Ba7+eKNTTU6e9ZeUsN3aoLtBWKK+yiNve9E7wTsMtmtY","privKey":"GCr/n1/PhRJ7KWajF7Pkkw9RABGvwTAmW5RKBtv0KH0="},"lastRemoteEphemeralKey":"BeFs7YyGp54d1wY7fPieyOiuSNWAd6oQ2IJRiFkGrAIt","previousCounter":0,"rootKey":"5eXRbHN6dACceskvq0ydjeGYIOrjeX/z1OQy1K2vgko="},"indexInfo":{"baseKey":"BY480U4TU+AbpLzaApLw8IDFeBuFwXDg/NbhEOiVKttH","baseKeyType":1,"closed":-1,"used":1722224746805,"created":1722224746805,"remoteIdentityKey":"BUvRlFoThRMtp0dKX+yU30pUk1hgoG972PtKxvVM9X9E"},"_chains":{"Ba7+eKNTTU6e9ZeUsN3aoLtBWKK+yiNve9E7wTsMtmtY":{"chainKey":{"counter":6,"key":"Brtx9tNVG6uEK5f3E5CEer+XNsR+j8V2dwAQcFTfBww="},"chainType":1,"messageKeys":{}}},"pendingPreKey":{"signedKeyId":2,"baseKey":"BY480U4TU+AbpLzaApLw8IDFeBuFwXDg/NbhEOiVKttH"}}},"version":"v1"}