{"_sessions":{"BRJkLV69LXb28VhSA4arOhJwo7PeWP7hVcc2Ao+V5DVK":{"registrationId":22,"currentRatchet":{"ephemeralKeyPair":{"pubKey":"BQyCoyJ+Agesi5urbFzmkkNh+Zms8fYJhTD0FP2iiG8l","privKey":"6Loq/ldDzOSFq4/XEw0VvPq7syPa/rBh3MgrbrZZcFk="},"lastRemoteEphemeralKey":"BUNm8LmEa+n6EnuYNZzcgsb+tR5vJTYwGXCn4KwWv9Zo","previousCounter":0,"rootKey":"V1FEC1gbLIt3DoPbC4QmoE4+Hn496vplPk/+nJlvME8="},"indexInfo":{"baseKey":"BRJkLV69LXb28VhSA4arOhJwo7PeWP7hVcc2Ao+V5DVK","baseKeyType":1,"closed":1722349526597,"used":1722302914595,"created":1722302914595,"remoteIdentityKey":"Bdh3RTH4FBL2c4zMlBFSAzlkiFxhV+xPsk3NbSPVlvUN"},"_chains":{"BQyCoyJ+Agesi5urbFzmkkNh+Zms8fYJhTD0FP2iiG8l":{"chainKey":{"counter":38,"key":"vC/0+Skkb7xwuYYPe6QrzSRWBUqhTtsLhzzC5EVIZeU="},"chainType":1,"messageKeys":{}}},"pendingPreKey":{"signedKeyId":1,"baseKey":"BRJkLV69LXb28VhSA4arOhJwo7PeWP7hVcc2Ao+V5DVK"}},"Bb6iRJQ6z8aXz46EtarXOSyAu8Vl1Hqt9ynOz09iAh0K":{"registrationId":22,"currentRatchet":{"ephemeralKeyPair":{"pubKey":"BQ2YM65Qh8GlpVUOamAWcJzrVtwfBwXaNyeysdS8y1Bb","privKey":"SHRB3EoTxYS094OdThlwE7OaWtCWE0zTRY0BCcqe4EM="},"lastRemoteEphemeralKey":"BUNm8LmEa+n6EnuYNZzcgsb+tR5vJTYwGXCn4KwWv9Zo","previousCounter":0,"rootKey":"ulbo7VPzvI2wzJq2y2fbYjAetmec/zRpyKgRPL7YYek="},"indexInfo":{"baseKey":"Bb6iRJQ6z8aXz46EtarXOSyAu8Vl1Hqt9ynOz09iAh0K","baseKeyType":1,"closed":-1,"used":1722349526584,"created":1722349526584,"remoteIdentityKey":"Bdh3RTH4FBL2c4zMlBFSAzlkiFxhV+xPsk3NbSPVlvUN"},"_chains":{"BQ2YM65Qh8GlpVUOamAWcJzrVtwfBwXaNyeysdS8y1Bb":{"chainKey":{"counter":38,"key":"GZpXE2itJLq5BH8nxWGw3EWRUgSTP7LikFwYmpRv0qk="},"chainType":1,"messageKeys":{}}},"pendingPreKey":{"signedKeyId":1,"baseKey":"Bb6iRJQ6z8aXz46EtarXOSyAu8Vl1Hqt9ynOz09iAh0K"}}},"version":"v1"}