{"_sessions":{"BZVQwksncc47KVlPdNhuRrOodtZzCj2QTMh9Cl1mNIE4":{"registrationId":1271244231,"currentRatchet":{"ephemeralKeyPair":{"pubKey":"BcohpZ2NyJyY7WTuEmXSLpnmokpshDRNWhCeMyseXIlW","privKey":"WNqbXOuZXPqqowByvoQFaF3ba9CGNjzXXJbxSMR3sns="},"lastRemoteEphemeralKey":"BfscfJ9k/SacZihnHR+Rty/E6Kw9a1UfCruYlB9RUkIF","previousCounter":0,"rootKey":"Wt4jysch6enpEmjcSaCw/cEJuO0hBsO9IEDwyBQ/r4g="},"indexInfo":{"baseKey":"BZVQwksncc47KVlPdNhuRrOodtZzCj2QTMh9Cl1mNIE4","baseKeyType":1,"closed":-1,"used":1722302914766,"created":1722302914766,"remoteIdentityKey":"BVHSbfcQ9sAWRZ4sDlUEmObBGUSBYQVw5WMt/5mdpO49"},"_chains":{"BcohpZ2NyJyY7WTuEmXSLpnmokpshDRNWhCeMyseXIlW":{"chainKey":{"counter":76,"key":"lDoZM481JZeViR3Qtx4CYFJwSSg3Zv43ef+os8loTBk="},"chainType":1,"messageKeys":{}}},"pendingPreKey":{"signedKeyId":2,"baseKey":"BZVQwksncc47KVlPdNhuRrOodtZzCj2QTMh9Cl1mNIE4","preKeyId":368584}}},"version":"v1"}