{"_sessions":{"BY5u1e7Fs9oubtNaPCtUz5KreVw0GzlZXfW+7m/xrD1f":{"registrationId":1063548149,"currentRatchet":{"ephemeralKeyPair":{"pubKey":"BRFjj6+oDhXTlXzsCBLz8+X15bV/Fv2VSDBXAkcid8pm","privKey":"WAcOBimjPbDRC/5tbE+Q3wfKMcUjj6pVCVZOizoRfmU="},"lastRemoteEphemeralKey":"Be3Qe8Zqh0XeUbEXZdOb25Uqf28vuPPglK6oeI8tNBYW","previousCounter":0,"rootKey":"LGI/UKitmWGJV5TEi2HjSN9ooptPBbr4k0ZfUcv4NhM="},"indexInfo":{"baseKey":"BY5u1e7Fs9oubtNaPCtUz5KreVw0GzlZXfW+7m/xrD1f","baseKeyType":1,"closed":-1,"used":1722302915581,"created":1722302915581,"remoteIdentityKey":"BQM9HxkaxmeIVCHsoCwr+a7l3QVTDyqZmkG9Z0f6nn1g"},"_chains":{"BRFjj6+oDhXTlXzsCBLz8+X15bV/Fv2VSDBXAkcid8pm":{"chainKey":{"counter":76,"key":"xPa5FyERqGNhnW39XYlY5yL/WPHlDOOPQYwUYLZg5R8="},"chainType":1,"messageKeys":{}}},"pendingPreKey":{"signedKeyId":1,"baseKey":"BY5u1e7Fs9oubtNaPCtUz5KreVw0GzlZXfW+7m/xrD1f"}}},"version":"v1"}