{"_sessions":{"BVboLtQcIPb/hSVkuwq6FQ+tNJ0VpKnVmjBdwlKIrYkc":{"registrationId":193,"currentRatchet":{"ephemeralKeyPair":{"pubKey":"BRPeJgRd3D1wfWt8kK0kT62vKf7t1VM27qMCR5hrZvY5","privKey":"wGyFL3/jGxMHItBAzv/UIZ4/i48BJFJuHo4WsyMwn24="},"lastRemoteEphemeralKey":"BfEUaa7tpK4EybbMHfVb3tGsaseMWr/q34Ou/JgoQjA5","previousCounter":0,"rootKey":"zXh8onOOv94oWHQmtFCJUajc9/tDrsPZ3Xk/Zpq+0ak="},"indexInfo":{"baseKey":"BVboLtQcIPb/hSVkuwq6FQ+tNJ0VpKnVmjBdwlKIrYkc","baseKeyType":1,"closed":-1,"used":1722476413261,"created":1722476413261,"remoteIdentityKey":"BSy87/PXssRdGpdHXZMyJjFCCNDz/kjFve9WhscA1rEY"},"_chains":{"BRPeJgRd3D1wfWt8kK0kT62vKf7t1VM27qMCR5hrZvY5":{"chainKey":{"counter":1,"key":"MTGw7iR+pq8jFv1PZV38HbZVma16ZLwQn/Js2eJbBE4="},"chainType":1,"messageKeys":{}}},"pendingPreKey":{"signedKeyId":1,"baseKey":"BVboLtQcIPb/hSVkuwq6FQ+tNJ0VpKnVmjBdwlKIrYkc","preKeyId":7}}},"version":"v1"}