{"_sessions":{"BaR17QD01cx2Sk8dDMuSzHets6zd6JWETdvq90u7iJJa":{"registrationId":194156664,"currentRatchet":{"ephemeralKeyPair":{"pubKey":"BXTIYAN2q7dCmPy3txFxdLC8v0f0ynRroJl6hrz0Dixd","privKey":"UPENa6WDnCoY1bvLNCnr2sdzVgOf6zBqrTE6UVje4FE="},"lastRemoteEphemeralKey":"BfO99paj2+HlB8Dxt3ca4zbVo+qWITYvP+e3AUz5hshN","previousCounter":0,"rootKey":"7UTZ+NlryGdmM+DN0DF9IaW2blBdrflzi3CYY5hcG5Q="},"indexInfo":{"baseKey":"BaR17QD01cx2Sk8dDMuSzHets6zd6JWETdvq90u7iJJa","baseKeyType":1,"closed":-1,"used":1722224749601,"created":1722224749601,"remoteIdentityKey":"BdD4egNzI+biTdIIqbBJpTNJKyQfpNvNsSW5sjGaaa4P"},"_chains":{"BXTIYAN2q7dCmPy3txFxdLC8v0f0ynRroJl6hrz0Dixd":{"chainKey":{"counter":6,"key":"iDhhR/l7hn7QjME6KQe9oulyFAHggU+vETLban0nESw="},"chainType":1,"messageKeys":{}}},"pendingPreKey":{"signedKeyId":0,"baseKey":"BaR17QD01cx2Sk8dDMuSzHets6zd6JWETdvq90u7iJJa","preKeyId":16474528}}},"version":"v1"}