{"_sessions":{"BbT6gdCALMKl8wS2CVkI6cVKwXnkxVQV3c23ODc+svMw":{"registrationId":6628,"currentRatchet":{"ephemeralKeyPair":{"pubKey":"BegUlSQm2alpVKIYgBTSdCwhxU5VoGCyHoeMz/bvEVBR","privKey":"YLTb+CZ15pwbTkEYeH2jCHbDVHzA7YgRXPuXD6CW6G8="},"lastRemoteEphemeralKey":"BTLWQq5rAVb06Q2BWgnZN/e9Mhi4FtZyDIdcQNEFaAwl","previousCounter":0,"rootKey":"LLI4pNGjEpP0xeZW/T3QzpCW2CpQP6gQ4kQOKdWUS1A="},"indexInfo":{"baseKey":"BbT6gdCALMKl8wS2CVkI6cVKwXnkxVQV3c23ODc+svMw","baseKeyType":1,"closed":-1,"used":1722454510564,"created":1722454510564,"remoteIdentityKey":"BZr9d5IwOHACDH5dnPhP8djOSrzNn4253MqbovJ8o3F8"},"_chains":{"BegUlSQm2alpVKIYgBTSdCwhxU5VoGCyHoeMz/bvEVBR":{"chainKey":{"counter":7,"key":"pjWGFCW1FVpddAckL82MZT211ISM5ABs9ftvfzGZtNQ="},"chainType":1,"messageKeys":{}}},"pendingPreKey":{"signedKeyId":0,"baseKey":"BbT6gdCALMKl8wS2CVkI6cVKwXnkxVQV3c23ODc+svMw"}}},"version":"v1"}