{"_sessions":{"BTMRR9gHFftz4sAXtysOIpAoh+QFEo225nTqIqqgzswL":{"registrationId":1606519393,"currentRatchet":{"ephemeralKeyPair":{"pubKey":"BaJwbz1y3l7uZ+/43ooIha9MHC8QO/wZ9pcjSEIRJW5w","privKey":"uKxM1jvCWfb2sJ3S1r6sMnrsPhV0ztipohhAE8GDRWU="},"lastRemoteEphemeralKey":"BbYm6wvgCdVAiRpwviQmJXa8/V6DkqwHJAi/Wg14BC1a","previousCounter":0,"rootKey":"HGdYA8f1w21lPkF+tqmqGgK0GCrLSaDB3Hp0Ifpiq4Y="},"indexInfo":{"baseKey":"BTMRR9gHFftz4sAXtysOIpAoh+QFEo225nTqIqqgzswL","baseKeyType":1,"closed":-1,"used":1722224748862,"created":1722224748862,"remoteIdentityKey":"Bb9IEVwJKWhbYOR1yGj8oRoT5qt8qhRKF4DCMb3XFl9K"},"_chains":{"BaJwbz1y3l7uZ+/43ooIha9MHC8QO/wZ9pcjSEIRJW5w":{"chainKey":{"counter":6,"key":"5MhQEjmKFPuO4JHRM7B2EFSoi/9CMjAnQ7uHR+w7FBo="},"chainType":1,"messageKeys":{}}},"pendingPreKey":{"signedKeyId":12994123,"baseKey":"BTMRR9gHFftz4sAXtysOIpAoh+QFEo225nTqIqqgzswL"}}},"version":"v1"}