{"_sessions":{"BbudhNmIrVMu9Omt442CLNxefx6VwQoSa9WMAd6UAs8H":{"registrationId":885138413,"currentRatchet":{"ephemeralKeyPair":{"pubKey":"BSVDQ1qMwiUha8PUu4ym9WQxJc7J6eLe/qjOmCGTpUwv","privKey":"gE+Oh6CUmcnGSYw4NdsDCqYjlZEii0J5YURkasOHzFk="},"lastRemoteEphemeralKey":"BQ+1G8zjGg7FSa0tol+yEsXX+13D3BM7JqhPAZ72ZvtD","previousCounter":0,"rootKey":"2iZCFEQEQ6RdsnmYsQVMoWM1i02b1a1P7WO+4A4mJr0="},"indexInfo":{"baseKey":"BbudhNmIrVMu9Omt442CLNxefx6VwQoSa9WMAd6UAs8H","baseKeyType":1,"closed":-1,"used":1722224747485,"created":1722224747485,"remoteIdentityKey":"BbtyNT1c748e6nDPOPEkZkL5Duf1QS0KLDHtZHJ3LAVx"},"_chains":{"BSVDQ1qMwiUha8PUu4ym9WQxJc7J6eLe/qjOmCGTpUwv":{"chainKey":{"counter":6,"key":"yTydfWNCgsfQBEjZOfd9OH31Im1W0qM1YhjFbU63iWY="},"chainType":1,"messageKeys":{}}},"pendingPreKey":{"signedKeyId":0,"baseKey":"BbudhNmIrVMu9Omt442CLNxefx6VwQoSa9WMAd6UAs8H"}}},"version":"v1"}