{"_sessions":{"BXqPCh8sfgZX7aambrREpYkjKEplLNnQ/135wzFfN+xk":{"registrationId":116,"currentRatchet":{"ephemeralKeyPair":{"pubKey":"BelhsWC7AhWPg2SyFLDIridxq45HLvsPlZp456j8P9MQ","privKey":"+OuW2eBgiyIKfwO2qZqbB+mhU1bHtWPgNWtb1ZdekGE="},"lastRemoteEphemeralKey":"BUyx2PppiNEpR6TXVthFY8K65g6HccnHDZRwkn5xM6Eu","previousCounter":0,"rootKey":"1WzLqAdNEK0+TATF4uafDXw5Hb5xgO8s1K9j3IW83PA="},"indexInfo":{"baseKey":"BXqPCh8sfgZX7aambrREpYkjKEplLNnQ/135wzFfN+xk","baseKeyType":1,"closed":-1,"used":1722454510470,"created":1722454510470,"remoteIdentityKey":"BWHHsUM9AkVO99e8kqshXfDXXz9OqgC2XyOt2JPwru1N"},"_chains":{"BelhsWC7AhWPg2SyFLDIridxq45HLvsPlZp456j8P9MQ":{"chainKey":{"counter":7,"key":"YjViw0vH66EI60z8KJGZFfeDli9w0KtuaV4Q9iepwx0="},"chainType":1,"messageKeys":{}}},"pendingPreKey":{"signedKeyId":1,"baseKey":"BXqPCh8sfgZX7aambrREpYkjKEplLNnQ/135wzFfN+xk"}}},"version":"v1"}