{"_sessions":{"BR9S1WuYiW2eLC/UQRHCUP0pKCHm1gdn0BgzVesLfkAh":{"registrationId":188,"currentRatchet":{"ephemeralKeyPair":{"pubKey":"BWioDdsG3xSruHd/0ath2IEdkZ/jsXtphDdxMmuM5o83","privKey":"UA5RSoWduXAjyZpnw9wXXwmpmWe9zbIrY1tBlxoYdF8="},"lastRemoteEphemeralKey":"Bcj94JFSVV7+NdJ4XKFcsgLdSMtGz0p6AfknYY2ZsPNJ","previousCounter":0,"rootKey":"8Fu9kPDG6ZCeXJQtiKLBRdM7K1uJdeYUlqP8Pm0XEss="},"indexInfo":{"baseKey":"BR9S1WuYiW2eLC/UQRHCUP0pKCHm1gdn0BgzVesLfkAh","baseKeyType":1,"closed":-1,"used":1722454510861,"created":1722454510861,"remoteIdentityKey":"BQHgwA+KViBPiFYYYC95oySjlINUy7YgXOTWsLUKtgZA"},"_chains":{"BWioDdsG3xSruHd/0ath2IEdkZ/jsXtphDdxMmuM5o83":{"chainKey":{"counter":7,"key":"MImFvCLQ9U+84/gKEZcAm5X6Mb0x/QPLjd4AK+3JxFk="},"chainType":1,"messageKeys":{}}},"pendingPreKey":{"signedKeyId":1,"baseKey":"BR9S1WuYiW2eLC/UQRHCUP0pKCHm1gdn0BgzVesLfkAh"}}},"version":"v1"}