{"_sessions":{"Bcxbp2LYBqXfOUdu0a93LxtalAYrnPPM44HFz/RMApJ3":{"registrationId":1336413508,"currentRatchet":{"ephemeralKeyPair":{"pubKey":"BWcYyHU8pSZTGvTc0zzOX7MlnJvGdWXAjpVS8vqu1P4C","privKey":"aPeTaj4vaGoCz/iX5b/RJpjFMIlygnb7Wlj2vNMRC0k="},"lastRemoteEphemeralKey":"BYTv+lV+EPevmko840Ld2CdBJ/I9wg1HoNqo1y+opy0e","previousCounter":0,"rootKey":"60pT0E5VnYiPZarpjrmr9bU+51thiDW/epcJS0YpEIo="},"indexInfo":{"baseKey":"Bcxbp2LYBqXfOUdu0a93LxtalAYrnPPM44HFz/RMApJ3","baseKeyType":1,"closed":-1,"used":1722224748277,"created":1722224748277,"remoteIdentityKey":"BVDIJVOYr1JpIRsFC0jOWRkmyARb4whaZ8VNxZFY7Cxq"},"_chains":{"BWcYyHU8pSZTGvTc0zzOX7MlnJvGdWXAjpVS8vqu1P4C":{"chainKey":{"counter":6,"key":"ht5xw5q3nYcqzBU/m6nQtu19AMeGPVZthXWqQq9/qJo="},"chainType":1,"messageKeys":{}}},"pendingPreKey":{"signedKeyId":0,"baseKey":"Bcxbp2LYBqXfOUdu0a93LxtalAYrnPPM44HFz/RMApJ3"}}},"version":"v1"}