{"_sessions":{"BVDnaw8NiwDHaLBp2CQNkjMpElaCtAENq1lVCu58EMBF":{"registrationId":64222349,"currentRatchet":{"ephemeralKeyPair":{"pubKey":"BefkLZOBFOR79Mx8wad6gixXZ7RihsWbgadXXuh9S84a","privKey":"gPN0LKROz06outqp1v4ahee/K0PKSfgvdb9sH73t+mg="},"lastRemoteEphemeralKey":"BdCLF1N9RJJg/XvExy6kMwILmWb2RwqHi4Z0aK+TIBJi","previousCounter":0,"rootKey":"e8Vdv18W4qvZFcD4zsmNQTH97k6TPCSdMSS9cxlb/dQ="},"indexInfo":{"baseKey":"BVDnaw8NiwDHaLBp2CQNkjMpElaCtAENq1lVCu58EMBF","baseKeyType":1,"closed":-1,"used":1722224746691,"created":1722224746691,"remoteIdentityKey":"BZ5F8DdL11pBFklq5GdEsrZH+knV2461ISsScEYbiRs9"},"_chains":{"BefkLZOBFOR79Mx8wad6gixXZ7RihsWbgadXXuh9S84a":{"chainKey":{"counter":6,"key":"HQvmCiER48jAWlFO/LTHCCY1OmaX/o++NxWSHI3H6wQ="},"chainType":1,"messageKeys":{}}},"pendingPreKey":{"signedKeyId":1,"baseKey":"BVDnaw8NiwDHaLBp2CQNkjMpElaCtAENq1lVCu58EMBF","preKeyId":16056215}}},"version":"v1"}