{"_sessions":{"BV/KohO9Dz/tVN8hVjiEfpPiOMpgAs3dvzaRGDpfNjx9":{"registrationId":2122429628,"currentRatchet":{"ephemeralKeyPair":{"pubKey":"BWQT1TuiRg4DhmyhfBnD5/VqrTWfYSplJ67zk5G78IEM","privKey":"oC7NOGc0UPDXXqaZP9+dNba5/JHPC9qwcUVFEkigNUE="},"lastRemoteEphemeralKey":"Bc/29lmc8rBz7ZQuuwEYsToNHTqUWp58NqFcxB+0liRa","previousCounter":0,"rootKey":"9z5BJWTCOWBfKuS7spvyqKoaSek53+b651qYPOOJTDM="},"indexInfo":{"baseKey":"BV/KohO9Dz/tVN8hVjiEfpPiOMpgAs3dvzaRGDpfNjx9","baseKeyType":1,"closed":-1,"used":1722454512699,"created":1722454512699,"remoteIdentityKey":"BT+0zTiPOWB0MvvYBE/IOOMtyAJOYAErGslgUZaUcKts"},"_chains":{"BWQT1TuiRg4DhmyhfBnD5/VqrTWfYSplJ67zk5G78IEM":{"chainKey":{"counter":7,"key":"QDS+jCMvHCITSQqAHtTlVb63PrZux4a8QAY3oM5bP8o="},"chainType":1,"messageKeys":{}}},"pendingPreKey":{"signedKeyId":7,"baseKey":"BV/KohO9Dz/tVN8hVjiEfpPiOMpgAs3dvzaRGDpfNjx9","preKeyId":3918683}}},"version":"v1"}