{"_sessions":{"BUC5bcSzJ6q6tly+WMvO39Ygd2gFSQHDo6PycHv30khj":{"registrationId":1544215597,"currentRatchet":{"ephemeralKeyPair":{"pubKey":"BXUr1DSQk25TtYWOKDrrzk+zz6nBH0mT1ztP0aHZdrBh","privKey":"+GmwucIJcVnAbakUF2sKl7dG31nOqxnDlR7XEx5VUns="},"lastRemoteEphemeralKey":"BbUl1AZ+g4h7rOiugpwKR317JyR0V7FhS0b8H8bCGuQS","previousCounter":0,"rootKey":"+i6pQR/O2X4GaqbHwMA3Q2d/sIbtCsDxE897O26/Qm4="},"indexInfo":{"baseKey":"BUC5bcSzJ6q6tly+WMvO39Ygd2gFSQHDo6PycHv30khj","baseKeyType":1,"closed":-1,"used":1722454511887,"created":1722454511887,"remoteIdentityKey":"BZL5NRZE7HxlKhPonkPT6GdBAUoZoWW4MXBi0UhRna82"},"_chains":{"BXUr1DSQk25TtYWOKDrrzk+zz6nBH0mT1ztP0aHZdrBh":{"chainKey":{"counter":7,"key":"c0j2N5DYl7OpJlVim8lHGaavGdJXRp1Us+ztVDCMjzk="},"chainType":1,"messageKeys":{}}},"pendingPreKey":{"signedKeyId":5,"baseKey":"BUC5bcSzJ6q6tly+WMvO39Ygd2gFSQHDo6PycHv30khj","preKeyId":1040473}}},"version":"v1"}