{"_sessions":{"BZTSx1T4uLFOnni1KeLMIhqedDu0WH53V3LiRcujDp4W":{"registrationId":10311,"currentRatchet":{"ephemeralKeyPair":{"pubKey":"BZxQeR3MrbIR87dkBrEIZKuqx8SA7l7patSIu/FdHTFr","privKey":"SAblwqq5WCT8M9UX4vTwh4efIgaNskbP5CYXCiSPDmg="},"lastRemoteEphemeralKey":"BZ2HpTXMdQesCJQ1wIc1qfgFG9XvXhwPZYShWuwHaE82","previousCounter":0,"rootKey":"mJ4RVu3P7dQE/Z2D2RoVEmS57bO0LVuRhM8ZvoSYfVs="},"indexInfo":{"baseKey":"BZTSx1T4uLFOnni1KeLMIhqedDu0WH53V3LiRcujDp4W","baseKeyType":1,"closed":-1,"used":1722224745262,"created":1722224745262,"remoteIdentityKey":"BfldodPtvI0WV7tfjoIwbGaRi2WgJbiLbuwy76Uf5SkX"},"_chains":{"BZxQeR3MrbIR87dkBrEIZKuqx8SA7l7patSIu/FdHTFr":{"chainKey":{"counter":6,"key":"mGIZhxmEXT0ngrhG4cyOJGKHFCXTmEIx5p7hFp1EuV4="},"chainType":1,"messageKeys":{}}},"pendingPreKey":{"signedKeyId":1,"baseKey":"BZTSx1T4uLFOnni1KeLMIhqedDu0WH53V3LiRcujDp4W","preKeyId":58}}},"version":"v1"}