{"_sessions":{"BZV8/c+u8ck0LBTkjX1Clkw2alOxEnvRJwCQFXKWgMQk":{"registrationId":772254823,"currentRatchet":{"ephemeralKeyPair":{"pubKey":"BUppUIh4M1lw6zGLG/KRNMVZjtW+PlczbrmhAXEv7phs","privKey":"IHEEX+LBechbUw/tfXlu2ZaVb6yNQPE+7A6v12NAlVc="},"lastRemoteEphemeralKey":"BfNwMf1lVRvLjoEeP8kXnpLnI6zCHQJq0PkqyzeJEqs3","previousCounter":0,"rootKey":"Tr9yq7Cy5uR1TBusN6WQhLqAg4jMJStsooGX8Rs7OUw="},"indexInfo":{"baseKey":"BZV8/c+u8ck0LBTkjX1Clkw2alOxEnvRJwCQFXKWgMQk","baseKeyType":1,"closed":-1,"used":1722454511462,"created":1722454511462,"remoteIdentityKey":"BQDlPWiYz4PbEZmJqxofCS8UHxVXZn4leIHwwKVHNOh4"},"_chains":{"BUppUIh4M1lw6zGLG/KRNMVZjtW+PlczbrmhAXEv7phs":{"chainKey":{"counter":7,"key":"QBgnXWz9a+hqISSuOvgEkvwjpT9yX4QdDfmFxlFLuvs="},"chainType":1,"messageKeys":{}}},"pendingPreKey":{"signedKeyId":0,"baseKey":"BZV8/c+u8ck0LBTkjX1Clkw2alOxEnvRJwCQFXKWgMQk","preKeyId":6418190}}},"version":"v1"}