{"_sessions":{"BZlmd4YZCAxwmSR8xmJGwJIZbhLJUdC9KkLUbcBb2k90":{"registrationId":845455656,"currentRatchet":{"ephemeralKeyPair":{"pubKey":"BX6rdSwBJTbuhYzurF0x0/XBnQcKjGCPhq6EvYWcTTp/","privKey":"IHeb61GVnUgahZMtH2oxuI36gmvqe2Cm9bHk3lhIFFk="},"lastRemoteEphemeralKey":"BcrBaYD3LIu2IMxGDNUFXCI7deph3ugKqT1iB89P6Kku","previousCounter":0,"rootKey":"ay0CIMZdY7V/27LukWwwxPuobzpaHchhRmB4bv56Z/U="},"indexInfo":{"baseKey":"BZlmd4YZCAxwmSR8xmJGwJIZbhLJUdC9KkLUbcBb2k90","baseKeyType":1,"closed":-1,"used":1722224747891,"created":1722224747891,"remoteIdentityKey":"BWWYiZroJ/eyNU9F03Mq3XkCnngzNPVqdIHmdpXs2G50"},"_chains":{"BX6rdSwBJTbuhYzurF0x0/XBnQcKjGCPhq6EvYWcTTp/":{"chainKey":{"counter":6,"key":"DMHaHe3uXy5ondquas2AaOwvtU0P5Vk52IVkuOiRwnw="},"chainType":1,"messageKeys":{}}},"pendingPreKey":{"signedKeyId":0,"baseKey":"BZlmd4YZCAxwmSR8xmJGwJIZbhLJUdC9KkLUbcBb2k90"}}},"version":"v1"}