{"_sessions":{"BeO/KVN0G6dXoeevxI6kZhR2kKdcK8PhcxuGRdEImBdB":{"registrationId":1124172232,"currentRatchet":{"ephemeralKeyPair":{"pubKey":"BfpwPBS6UM/dKhWEXccOL7SfSLWLDBHxqQU17FBf3iMH","privKey":"+ETRMe3NKsAJJcsoSbR44EwNTxF6FZf5VP0h4sumH2g="},"lastRemoteEphemeralKey":"Ba8I6ba0HEYmKUOW4wXUGPdeB+eOCu1MbUJNKSHtkzYd","previousCounter":30,"rootKey":"6OwW9zycOmAEsjyUotmWCKSwhiZZimoCrVyVfs/M8eU="},"indexInfo":{"baseKey":"BeO/KVN0G6dXoeevxI6kZhR2kKdcK8PhcxuGRdEImBdB","baseKeyType":1,"closed":1722341932704,"used":1722329419988,"created":1722302915660,"remoteIdentityKey":"BWdMkH9JlcbURAmyw5JApaDWrKuyqSQmDBTEg8j+c6Yz"},"_chains":{"Ba8I6ba0HEYmKUOW4wXUGPdeB+eOCu1MbUJNKSHtkzYd":{"chainKey":{"counter":1,"key":"1lGRkxObV7YNO6xzIPoALx3uzUBku+cThXttj5X7X+U="},"chainType":2,"messageKeys":{}},"BfpwPBS6UM/dKhWEXccOL7SfSLWLDBHxqQU17FBf3iMH":{"chainKey":{"counter":-1,"key":"KdpXsCu0kYg/dX2HQtRCEO2zBG02i6PS/ZSazncXhmg="},"chainType":1,"messageKeys":{}}}},"BZmNvNQPKu0QV03LnFNAqcqfm0R1xiQDtp7JSNPsjg4N":{"registrationId":736563142,"currentRatchet":{"ephemeralKeyPair":{"pubKey":"BefPdi6D0MkxCXAPo9dsqEWDIUs7vJdsC4/QDaZd85Y6","privKey":"KK9OLlCq4Ui/o8xr7pytuB229sYohAxYVGV1N3p3VG4="},"lastRemoteEphemeralKey":"BbP0xpA8cJnDCyExB9OVmN6vZsMCmJ8Us/bOuyf6a181","previousCounter":0,"rootKey":"y6V8a/1d0KTHkSvXknQghvPsvKpOR8k6mgX1Wr/GS7k="},"indexInfo":{"baseKey":"BZmNvNQPKu0QV03LnFNAqcqfm0R1xiQDtp7JSNPsjg4N","baseKeyType":1,"closed":1722341936771,"used":1722341932696,"created":1722341932696,"remoteIdentityKey":"BY8JJnCOw3C21JNtgpRaGxKK9TM1TEjklHqdqLiTi8cE"},"_chains":{"BefPdi6D0MkxCXAPo9dsqEWDIUs7vJdsC4/QDaZd85Y6":{"chainKey":{"counter":0,"key":"NVKDgksyR+2PpTT5oYaVj4n71MEB2ZpBV+P8h2S2/RE="},"chainType":1,"messageKeys":{}}},"pendingPreKey":{"signedKeyId":0,"baseKey":"BZmNvNQPKu0QV03LnFNAqcqfm0R1xiQDtp7JSNPsjg4N","preKeyId":10594953}},"BdOZTC7IGeBy3pWVtZ0ZZJZxc+d7tUgMF3d42IU9jYo1":{"registrationId":736563142,"currentRatchet":{"ephemeralKeyPair":{"pubKey":"BURIUUfZ3bJZDdWSKIUpm0YwQ/zxzzWhbjunXe5twEA4","privKey":"QEYrlASm4/hED3X9u/Q7l5B6usg6+KbFL3r3xmO47ls="},"lastRemoteEphemeralKey":"BbP0xpA8cJnDCyExB9OVmN6vZsMCmJ8Us/bOuyf6a181","previousCounter":0,"rootKey":"VC/+jvKG+aP/4rxcAqpTyY4fzpFUOgetobEuUKtMYvA="},"indexInfo":{"baseKey":"BdOZTC7IGeBy3pWVtZ0ZZJZxc+d7tUgMF3d42IU9jYo1","baseKeyType":1,"closed":1722341951772,"used":1722341936767,"created":1722341936767,"remoteIdentityKey":"BY8JJnCOw3C21JNtgpRaGxKK9TM1TEjklHqdqLiTi8cE"},"_chains":{"BURIUUfZ3bJZDdWSKIUpm0YwQ/zxzzWhbjunXe5twEA4":{"chainKey":{"counter":0,"key":"MLHHwNJq+W6dc/rgKDPnUx/RWJkOTU54CVg5R/z58Y4="},"chainType":1,"messageKeys":{}}},"pendingPreKey":{"signedKeyId":0,"baseKey":"BdOZTC7IGeBy3pWVtZ0ZZJZxc+d7tUgMF3d42IU9jYo1","preKeyId":10594904}},"BYwo4BIQRv57mB8xGC69kj1bDSGzaCgJ95mrBsH9ITdS":{"registrationId":736563142,"currentRatchet":{"ephemeralKeyPair":{"pubKey":"BeVsNY49tsCVYYTbmSN4fX64xZe7usR5tRJWaepuzMkr","privKey":"ACrqxuXmflADjIAFcwmsgngk/uHXq2cuMBNYuiXsQl0="},"lastRemoteEphemeralKey":"BbP0xpA8cJnDCyExB9OVmN6vZsMCmJ8Us/bOuyf6a181","previousCounter":0,"rootKey":"HfiSjU2EFKRKwNzRzV+d+HwW7VMFcUwpv+e93EuBbxI="},"indexInfo":{"baseKey":"BYwo4BIQRv57mB8xGC69kj1bDSGzaCgJ95mrBsH9ITdS","baseKeyType":1,"closed":1722341954164,"used":1722341951771,"created":1722341951771,"remoteIdentityKey":"BY8JJnCOw3C21JNtgpRaGxKK9TM1TEjklHqdqLiTi8cE"},"_chains":{"BeVsNY49tsCVYYTbmSN4fX64xZe7usR5tRJWaepuzMkr":{"chainKey":{"counter":0,"key":"7dDduKVMBdVPDfkMYGiLFDmEIwSRLGR/8E/Ph2Zhg0w="},"chainType":1,"messageKeys":{}}},"pendingPreKey":{"signedKeyId":0,"baseKey":"BYwo4BIQRv57mB8xGC69kj1bDSGzaCgJ95mrBsH9ITdS","preKeyId":10594634}},"BfKOzHAj1LYqxgL+UPp/MYsceWPPpoVWdJQXI4m4vLZ0":{"registrationId":736563142,"currentRatchet":{"ephemeralKeyPair":{"pubKey":"BeYmWVhAVSsV/kEAvwdDHUCt+fs3q+bogqoRzeU0YaAc","privKey":"SMkChNi4SBL4ZLix57PMhfzfFJi09WryiQKRQIOHx1E="},"lastRemoteEphemeralKey":"BbP0xpA8cJnDCyExB9OVmN6vZsMCmJ8Us/bOuyf6a181","previousCounter":0,"rootKey":"cPLvP5RWHc4wXpgLRUvM+uHmpPe6ImaZcjrzeWwk6Qs="},"indexInfo":{"baseKey":"BfKOzHAj1LYqxgL+UPp/MYsceWPPpoVWdJQXI4m4vLZ0","baseKeyType":1,"closed":-1,"used":1722341954162,"created":1722341954162,"remoteIdentityKey":"BY8JJnCOw3C21JNtgpRaGxKK9TM1TEjklHqdqLiTi8cE"},"_chains":{"BeYmWVhAVSsV/kEAvwdDHUCt+fs3q+bogqoRzeU0YaAc":{"chainKey":{"counter":42,"key":"RFo/CdLMizQol003LpgP7e0qp7Huu5IyOQ+js5cuI5E="},"chainType":1,"messageKeys":{}}},"pendingPreKey":{"signedKeyId":0,"baseKey":"BfKOzHAj1LYqxgL+UPp/MYsceWPPpoVWdJQXI4m4vLZ0","preKeyId":10594934}}},"version":"v1"}