{"_sessions":{"BXYEZG+onQZ1fDmBWBFkj9dJFxcjTjdXWw5p1fh2bZYb":{"registrationId":1647799266,"currentRatchet":{"ephemeralKeyPair":{"pubKey":"Ba1o4KjMdQ9ZAh6XdssylbzbAoJ2y7g/jCtJdMnbKUYX","privKey":"gG3yTvmJ7/aaNayeYehSnbfARkorVzZRvExvcYEuu10="},"lastRemoteEphemeralKey":"BaMic/X7EViJepNuHrWhTzRFkphPmUOg+j6w+cserMNV","previousCounter":0,"rootKey":"N+ltGzJRVe6Bfbd3hDn/7c1pA5IW7Ud2ecp9uXk9VIc="},"indexInfo":{"baseKey":"BXYEZG+onQZ1fDmBWBFkj9dJFxcjTjdXWw5p1fh2bZYb","baseKeyType":1,"closed":-1,"used":1722454513159,"created":1722454513159,"remoteIdentityKey":"BUNRMUDpW2pqqDgJg8eALNF8avD+wwQ/AkFxHr7Hkug7"},"_chains":{"Ba1o4KjMdQ9ZAh6XdssylbzbAoJ2y7g/jCtJdMnbKUYX":{"chainKey":{"counter":7,"key":"stC6Sxp/0JfvvsV0eRFVmEtteteZ8n+uV6wxghgnZ9M="},"chainType":1,"messageKeys":{}}},"pendingPreKey":{"signedKeyId":8,"baseKey":"BXYEZG+onQZ1fDmBWBFkj9dJFxcjTjdXWw5p1fh2bZYb","preKeyId":3928495}}},"version":"v1"}