{"_sessions":{"BdZmFX5wjV0lDgn8F5Bj58p/+6qc/+/xzo1lQsrRvM1j":{"registrationId":107,"currentRatchet":{"ephemeralKeyPair":{"pubKey":"BfERG1tcEcX7CfD1U0jdsoCk9ygBs0+k7mzwVfrbx6kU","privKey":"CN2KehOQbAO4U+zJTVClhbrYTJWkWjU4T5OrgF02SWI="},"lastRemoteEphemeralKey":"BTs/hbYpIk6giy4ex4srJ6dOa5qDUB2gyN84F9/bcZNt","previousCounter":0,"rootKey":"bdXd0i1pTG1qiYJqNUyoY9Ekf4buC/Pdqd6mSOOO0Io="},"indexInfo":{"baseKey":"BdZmFX5wjV0lDgn8F5Bj58p/+6qc/+/xzo1lQsrRvM1j","baseKeyType":1,"closed":-1,"used":1722454510490,"created":1722454510490,"remoteIdentityKey":"BeFiUlxqpsEKD63zRxZCpH90+QGwwGeSYL9/5Wn4WvM/"},"_chains":{"BfERG1tcEcX7CfD1U0jdsoCk9ygBs0+k7mzwVfrbx6kU":{"chainKey":{"counter":7,"key":"XMjOFeyVou/JO/SDKbgUWg3IkfUuoBdm9LqvHI6OM2Q="},"chainType":1,"messageKeys":{}}},"pendingPreKey":{"signedKeyId":1,"baseKey":"BdZmFX5wjV0lDgn8F5Bj58p/+6qc/+/xzo1lQsrRvM1j"}}},"version":"v1"}