{"_sessions":{"BayqqrEZCwE+6Htu+PVmG3xtu7mKdE37rQcoLEZNYgFK":{"registrationId":679777674,"currentRatchet":{"ephemeralKeyPair":{"pubKey":"BXm1WBoWw6Y5EvVFYU4ouCLvPwn9+QwLmTX5Gl/Hk8gQ","privKey":"8KxmB7tZuJOMh5435bWWdN6zX6iS9I4ORHiMIL4NFm8="},"lastRemoteEphemeralKey":"BYPV949BjxJ/n8zdlj0yR4lYOzfGFmTp57TOn5BQt2of","previousCounter":0,"rootKey":"Mn8uVcK1vp3FG4cCsYzaLYmHRhXRNd3BVPT5M1swHC8="},"indexInfo":{"baseKey":"BayqqrEZCwE+6Htu+PVmG3xtu7mKdE37rQcoLEZNYgFK","baseKeyType":1,"closed":-1,"used":1722302915173,"created":1722302915173,"remoteIdentityKey":"BaeCv320y99p8XNmDaAh/W0YHuOoFsr9uxV2TF5SLjpk"},"_chains":{"BXm1WBoWw6Y5EvVFYU4ouCLvPwn9+QwLmTX5Gl/Hk8gQ":{"chainKey":{"counter":76,"key":"NEXp5SNzuO824rY9o+GhotLLayIgyWoq85lAbqLtVV0="},"chainType":1,"messageKeys":{}}},"pendingPreKey":{"signedKeyId":0,"baseKey":"BayqqrEZCwE+6Htu+PVmG3xtu7mKdE37rQcoLEZNYgFK","preKeyId":10176923}}},"version":"v1"}