{"_sessions":{"BRQDqOd2I4qbELi6TgRdTTJFazXn5ngS0TCDAlZI1Hd9":{"registrationId":1119123537,"currentRatchet":{"ephemeralKeyPair":{"pubKey":"Bahjr4J11x2dHPHmRPCQyYbm3V9pihSdfC50pErHtIoW","privKey":"UPkNyG3Y0XBrKWwStoE9/6rXL/+BtCI+BO9X+WA502M="},"lastRemoteEphemeralKey":"Ba159/hZlUMH3GSvjxHZ9oaQXb6qivsQJ0j0gq+dLGUj","previousCounter":0,"rootKey":"cE1L2mU/DXsCXW83JjUsIosyM8aXBwPhUa2UVFwSFqY="},"indexInfo":{"baseKey":"BRQDqOd2I4qbELi6TgRdTTJFazXn5ngS0TCDAlZI1Hd9","baseKeyType":1,"closed":-1,"used":1722224749496,"created":1722224749496,"remoteIdentityKey":"Ba97A4yAyBr5CN1xrmSEsiOlS9dVKz49Mz+UeXyhH118"},"_chains":{"Bahjr4J11x2dHPHmRPCQyYbm3V9pihSdfC50pErHtIoW":{"chainKey":{"counter":6,"key":"U8BOdLpWBe2GQlbQu/gr61hm4WKv8xP+kY8GT00RkLU="},"chainType":1,"messageKeys":{}}},"pendingPreKey":{"signedKeyId":5,"baseKey":"BRQDqOd2I4qbELi6TgRdTTJFazXn5ngS0TCDAlZI1Hd9","preKeyId":5745071}}},"version":"v1"}