{"_sessions":{"BbsKl3nsT076JrtPwpGf3fcC1jNm7YRlRQO+VXfB8TYM":{"registrationId":781335923,"currentRatchet":{"ephemeralKeyPair":{"pubKey":"BdzkHf0M17CTm4fpqLLAd0Kbwx+ZqzaxZJ/vjpJtS20Z","privKey":"cPn4LplmTm6gAk2Vzt1w94p0Hrn3wevR2KBstmz5Elc="},"lastRemoteEphemeralKey":"BfXW5VSLyuR47QKT+qcJMWCQiuC0QuecvNxUJzt4VYdH","previousCounter":0,"rootKey":"trNkZ2477x8VCHTZgMuKXt/Md+cggiOiUO1pqSQgPM0="},"indexInfo":{"baseKey":"BbsKl3nsT076JrtPwpGf3fcC1jNm7YRlRQO+VXfB8TYM","baseKeyType":1,"closed":-1,"used":1722224749297,"created":1722224749297,"remoteIdentityKey":"BaJ2RonwGXDlznpm1upYIMwnyZVxYVSIA48H/OovElAY"},"_chains":{"BdzkHf0M17CTm4fpqLLAd0Kbwx+ZqzaxZJ/vjpJtS20Z":{"chainKey":{"counter":6,"key":"lxvTn/ml5qx9wMu2uBA+g4De5wbyJVU4VXIHhRR1RIM="},"chainType":1,"messageKeys":{}}},"pendingPreKey":{"signedKeyId":10,"baseKey":"BbsKl3nsT076JrtPwpGf3fcC1jNm7YRlRQO+VXfB8TYM","preKeyId":14241407}}},"version":"v1"}