{"_sessions":{"BXHpu5kbXDO2fvd42yezpmrk72J8muq1xy1onW6QEXxr":{"registrationId":211,"currentRatchet":{"ephemeralKeyPair":{"pubKey":"BXtaSBdcLgv3Ov3Li/dhPluJd2HxFMkgrhjV9iX97U5f","privKey":"cLX7nUB+ZT8dFKXyLlwMBHZqEubJkhCoMBZGwHpG70o="},"lastRemoteEphemeralKey":"Ba9BBtNNgaZfpgG0Us6jnK/p1sVLSMGhXLHOrJtLkGZv","previousCounter":0,"rootKey":"xlc42RH6tiyoghH60uPcMaMec5uG+xwOdbH/BhAs9d8="},"indexInfo":{"baseKey":"BXHpu5kbXDO2fvd42yezpmrk72J8muq1xy1onW6QEXxr","baseKeyType":1,"closed":-1,"used":1722302914466,"created":1722302914466,"remoteIdentityKey":"BRtbae/5S+WENCmslfsfdfcToVPIijHrdkgLJNyicLY4"},"_chains":{"BXtaSBdcLgv3Ov3Li/dhPluJd2HxFMkgrhjV9iX97U5f":{"chainKey":{"counter":79,"key":"tNX6mvEhud4G5lLjK1Jls/EN6Oy+Qp3B9PqA2XKxmMw="},"chainType":1,"messageKeys":{}}},"pendingPreKey":{"signedKeyId":1,"baseKey":"BXHpu5kbXDO2fvd42yezpmrk72J8muq1xy1onW6QEXxr"}}},"version":"v1"}