{"_sessions":{"BaP/OwAGiup9JvP/Zqi9/c/G4QtQEjrw4Ra2hNgnrtAN":{"registrationId":982285768,"currentRatchet":{"ephemeralKeyPair":{"pubKey":"BUo2PklcLLrvQngN1MzZ1zjJaf7ovL0hTZH8Y6R1aDhx","privKey":"yB+qeBGpDJDRfYFE06n+mjXaWSEKeUbeeM4zJgkb4VI="},"lastRemoteEphemeralKey":"BeD7PvbCQqV4T1pOWwIzfIjGzxIxJQpoDdcJHzSwTPV4","previousCounter":0,"rootKey":"bs6GsUM1yiJqhh4GICroDvYcsnwMkjLR0im6uyVFv3g="},"indexInfo":{"baseKey":"BaP/OwAGiup9JvP/Zqi9/c/G4QtQEjrw4Ra2hNgnrtAN","baseKeyType":1,"closed":-1,"used":1722224749564,"created":1722224749564,"remoteIdentityKey":"BaT8T1eX4kwfInciiSfZPozy6jJakPoCMgnMf/BI2GkA"},"_chains":{"BUo2PklcLLrvQngN1MzZ1zjJaf7ovL0hTZH8Y6R1aDhx":{"chainKey":{"counter":6,"key":"hRIMr8iv4kFGAstVouC3nkovMUWvGpfZktwVpnJmqvo="},"chainType":1,"messageKeys":{}}},"pendingPreKey":{"signedKeyId":0,"baseKey":"BaP/OwAGiup9JvP/Zqi9/c/G4QtQEjrw4Ra2hNgnrtAN","preKeyId":16126191}}},"version":"v1"}