{"_sessions":{"Bd1tK+yA/Te5faPAbC60O2w2jVMCN2eI9Cd3dDn6Q8kv":{"registrationId":923927173,"currentRatchet":{"ephemeralKeyPair":{"pubKey":"BeF+CANlKHqoDVU1aCMvZJ+Hn98YveuUoHxgjY0Yp9AD","privKey":"sGIbZALFY1lIR8foIXxdhCgeQaqvok9fGAD/H/79E1o="},"lastRemoteEphemeralKey":"BStDaYobrtOfz0siV7XTV5UA7mV9qJCuA62AAR8N6pxM","previousCounter":0,"rootKey":"r6NCA7CgPYrNaF5kp82ZG1PDyMrcQZMlTX1AQiSVp7g="},"indexInfo":{"baseKey":"Bd1tK+yA/Te5faPAbC60O2w2jVMCN2eI9Cd3dDn6Q8kv","baseKeyType":1,"closed":-1,"used":1722302916002,"created":1722302916002,"remoteIdentityKey":"BWCKFFnjvgr57xYHcC1R/JC7vE3Z2BfauNefJD+UCw01"},"_chains":{"BeF+CANlKHqoDVU1aCMvZJ+Hn98YveuUoHxgjY0Yp9AD":{"chainKey":{"counter":76,"key":"XQxLFN2u+aM9BwnCOAxekUG3aPc1OcBRqIFpphKAIXc="},"chainType":1,"messageKeys":{}}},"pendingPreKey":{"signedKeyId":12,"baseKey":"Bd1tK+yA/Te5faPAbC60O2w2jVMCN2eI9Cd3dDn6Q8kv","preKeyId":5198695}}},"version":"v1"}