{"_sessions":{"BdfVCF3bWjqB1EYyYCHeDarI66UWZGnf6TcQy2mbZwtt":{"registrationId":868978175,"currentRatchet":{"ephemeralKeyPair":{"pubKey":"BfAwU5pKhLXc33G2xnTm6pkRf/ySkKsK/3kdXeIsa/hP","privKey":"yIREpQhCjLWzAzQr3Qvnaa5DPvlDdxL6fPlotG0LpGo="},"lastRemoteEphemeralKey":"BcRdJd7dzp7OhP3dwhwbkqhpMyjNmnrgEqeJN/iRYuVS","previousCounter":0,"rootKey":"xAtPTP6nyIFBxu0u5wC31gh9TWOLcpTYSF4gs+fSwDw="},"indexInfo":{"baseKey":"BdfVCF3bWjqB1EYyYCHeDarI66UWZGnf6TcQy2mbZwtt","baseKeyType":1,"closed":-1,"used":1722302916056,"created":1722302916056,"remoteIdentityKey":"BenWNrxfDzDWd6Ds2hxq4Tko0t1qOfqacFCQNbOdNYxv"},"_chains":{"BfAwU5pKhLXc33G2xnTm6pkRf/ySkKsK/3kdXeIsa/hP":{"chainKey":{"counter":76,"key":"EiUNSk7FmRc9sbWDvgRL/g/K6dGPs4UTJz6khpPaSSc="},"chainType":1,"messageKeys":{}}},"pendingPreKey":{"signedKeyId":8,"baseKey":"BdfVCF3bWjqB1EYyYCHeDarI66UWZGnf6TcQy2mbZwtt"}}},"version":"v1"}