{"_sessions":{"BagnDG0ZOMoRoZRzr4vqKKeSPa7JZ7RRMekGZZWkqHE4":{"registrationId":135325640,"currentRatchet":{"ephemeralKeyPair":{"pubKey":"Bfyuo0u2yE/iSsAKMPE3aVvqPkhBUj6/+po3fCE29WIh","privKey":"8EW0DTtqmnEIBQKNHGb21SrQJ7BRlKN/dl4KqKXl+kg="},"lastRemoteEphemeralKey":"BX1IfmoRJ8w5kDuqi0VOg1OHPmf2sC4CJ4DmfL94oIEZ","previousCounter":9,"rootKey":"0W4Wz3yZpFtGp9yrn686lh9sbIwfB0jNE4OXU+W2kYg="},"indexInfo":{"baseKey":"BagnDG0ZOMoRoZRzr4vqKKeSPa7JZ7RRMekGZZWkqHE4","baseKeyType":1,"closed":-1,"used":1722403458464,"created":1722302915072,"remoteIdentityKey":"Bfs2QrpX8q7l5L6M9AXop3Vimk2jCO4u0KEkvZrew5sr"},"_chains":{"BTTnFjRVNMiF4kvKWSrd+Lp/cmn40N2ggUPkrOeA7lZa":{"chainKey":{"counter":0},"chainType":2,"messageKeys":{}},"BRzAahB+YOksgu5KWI4jSZHBwQF7H76cxKaTbuDrWYE4":{"chainKey":{"counter":0},"chainType":2,"messageKeys":{}},"BTxn30lHHqkyGxjPk5p0aan8hDKRxMeADeEmiWiWz0Zi":{"chainKey":{"counter":0},"chainType":2,"messageKeys":{}},"BX1IfmoRJ8w5kDuqi0VOg1OHPmf2sC4CJ4DmfL94oIEZ":{"chainKey":{"counter":0,"key":"Ms7dD/EACBjK1qMF/NEXBIrVjFKwsjEpphhx9sOk0qM="},"chainType":2,"messageKeys":{}},"Bfyuo0u2yE/iSsAKMPE3aVvqPkhBUj6/+po3fCE29WIh":{"chainKey":{"counter":23,"key":"yafrNtwiAftkvIvHn4A6m8rCy1XlMw64KhDEACQaHzA="},"chainType":1,"messageKeys":{}}}}},"version":"v1"}