{"_sessions":{"BaNylz0nJJ/+dh/+0KiPbZ5zFq7AkREj2HDa9GrUlfIo":{"registrationId":985485772,"currentRatchet":{"ephemeralKeyPair":{"pubKey":"BQ8qiiQOSv78DB2E7/CFdVmkwtUo8KLNwR2yECpxpigE","privKey":"uJ+yb+BEKEGJfNDq+OL2MkUryiNN5+UbJ5dFGJEbrkM="},"lastRemoteEphemeralKey":"BSLxkV73dGQy5jfN+xonNn5bhPVmd7R/E7R4UqoVj4t6","previousCounter":0,"rootKey":"VRLl9DQ8bUaxBX3F4zuBJkJCWX9HyQCgGCWZ0G8belY="},"indexInfo":{"baseKey":"BaNylz0nJJ/+dh/+0KiPbZ5zFq7AkREj2HDa9GrUlfIo","baseKeyType":1,"closed":-1,"used":1722224748503,"created":1722224748503,"remoteIdentityKey":"BU3M8xNxVr+31jvLpl+DtylwYEwBfwFepbB/XpXBNUhb"},"_chains":{"BQ8qiiQOSv78DB2E7/CFdVmkwtUo8KLNwR2yECpxpigE":{"chainKey":{"counter":6,"key":"gOCkZj8yBorXCjFR+yvJ8nQA1QcVaRcHFey8EulDbp0="},"chainType":1,"messageKeys":{}}},"pendingPreKey":{"signedKeyId":0,"baseKey":"BaNylz0nJJ/+dh/+0KiPbZ5zFq7AkREj2HDa9GrUlfIo"}}},"version":"v1"}