{"_sessions":{"BU9gYv5Ce9B/rzoKm2C+sfQYeYlEhXC5mbrUFamJjPIt":{"registrationId":31,"currentRatchet":{"ephemeralKeyPair":{"pubKey":"BRVtmcpiIP8HY6ETZ6xnnyzLSEqyF7H94SPbdzZUDrEC","privKey":"8AmhhPtk58xv0Gud4ACbiuucyyJzVVevhGt0rlYK7lc="},"lastRemoteEphemeralKey":"BVgqH/37L8ayzPkUDNSdO4sLSNbsXX7O8GPhvOJAl/J4","previousCounter":0,"rootKey":"WfhoO5OrduwIYFcUt8FFbKscDHbwVxkNT7ONs979DQM="},"indexInfo":{"baseKey":"BU9gYv5Ce9B/rzoKm2C+sfQYeYlEhXC5mbrUFamJjPIt","baseKeyType":1,"closed":-1,"used":1722454510798,"created":1722454510798,"remoteIdentityKey":"BR12ZWBan4MoXBkmuv1a6vx+9w5y19kRZXDCGAYClj9i"},"_chains":{"BRVtmcpiIP8HY6ETZ6xnnyzLSEqyF7H94SPbdzZUDrEC":{"chainKey":{"counter":7,"key":"auQjaUkDL/5/Hp7wOtyZslu+WUWS4R23PJiupWmzbBY="},"chainType":1,"messageKeys":{}}},"pendingPreKey":{"signedKeyId":1,"baseKey":"BU9gYv5Ce9B/rzoKm2C+sfQYeYlEhXC5mbrUFamJjPIt","preKeyId":64}}},"version":"v1"}