{"_sessions":{"BeT595RDvdHe8Q85d71Y4ehw5u3Y10gowHMRwIy2xsUt":{"registrationId":135,"currentRatchet":{"ephemeralKeyPair":{"pubKey":"BeJePn4nnycq35acNfoY7jCfu3+/GaaKHSfALnBAm3oR","privKey":"mIOURfL3nx9RaOerfwIoYCYqcVQ6ofrGbkc8jOGasVg="},"lastRemoteEphemeralKey":"BcKYBmmeQgFKRFkVjW3ZlpCM1YGdUONtcGuqKeRBzsBl","previousCounter":0,"rootKey":"xB4bOF/1+fXvpPp7JqA15wC1Pae18NuTFZjKtxOUxwU="},"indexInfo":{"baseKey":"BeT595RDvdHe8Q85d71Y4ehw5u3Y10gowHMRwIy2xsUt","baseKeyType":1,"closed":-1,"used":1722450555957,"created":1722450555957,"remoteIdentityKey":"BUzFGp7lvJNkoThdGtsSplP+WdBLRdGoIgv835zROBN9"},"_chains":{"BeJePn4nnycq35acNfoY7jCfu3+/GaaKHSfALnBAm3oR":{"chainKey":{"counter":0,"key":"qTog0VIR3XZKKfaZqSOJZVpQIQWZl6twRVQUGyAJJL4="},"chainType":1,"messageKeys":{}}},"pendingPreKey":{"signedKeyId":1,"baseKey":"BeT595RDvdHe8Q85d71Y4ehw5u3Y10gowHMRwIy2xsUt","preKeyId":50}}},"version":"v1"}