{"_sessions":{"Bcv1EU7Ua3ieIIzpycN//h6ej29VQAUVHFXt/W4NTwot":{"registrationId":235,"currentRatchet":{"ephemeralKeyPair":{"pubKey":"Bfo0+Va0Fg40g+cCBXPAbK7TjepvkzwrGsFAnRZZwRgQ","privKey":"SEccISfyIuZibtyQ7pDjZzWqhjQFK4ItgGb7FIm0mmI="},"lastRemoteEphemeralKey":"BSxsTz0M5nVlA49hfUZJi66jDlvdqzMgC/nAbJRaWFwo","previousCounter":0,"rootKey":"ZzsBkbskB4jRUgvXu2xYuwNBdhkpFNn0LTVgmaXy9qk="},"indexInfo":{"baseKey":"Bcv1EU7Ua3ieIIzpycN//h6ej29VQAUVHFXt/W4NTwot","baseKeyType":1,"closed":-1,"used":1722418041284,"created":1722418041284,"remoteIdentityKey":"BeI0T2Kev9pkOuJz+TxFbKLmJqvjyy7EL4WlnPhs1gVX"},"_chains":{"Bfo0+Va0Fg40g+cCBXPAbK7TjepvkzwrGsFAnRZZwRgQ":{"chainKey":{"counter":10,"key":"VwfH+fwAr7Tvedxk/hX+pOVEQ7EPTdxzOyPec9z4ilM="},"chainType":1,"messageKeys":{}}},"pendingPreKey":{"signedKeyId":1,"baseKey":"Bcv1EU7Ua3ieIIzpycN//h6ej29VQAUVHFXt/W4NTwot","preKeyId":48}}},"version":"v1"}