{"_sessions":{"BcyJKj0wUeI3di2FypndsZ0V079A2RUZQX2ggrdGnFwn":{"registrationId":1803371125,"currentRatchet":{"ephemeralKeyPair":{"pubKey":"BcaNGyjpE/leViME7sIZalx4oJyzKJzl25TJmu48Tldk","privKey":"cOZ3zar8D94k/PdDFJP2sjEuTms6GhSc2rxu+h4fwE8="},"lastRemoteEphemeralKey":"BTuCdCuRNu3zUsl0tq0c4LYSuvmH/YLjHqvuoe2AsOdE","previousCounter":0,"rootKey":"4McplJRIEhPpBLcFfsTpA/H3S9Aaj3nWu4Qc8veXqWs="},"indexInfo":{"baseKey":"BcyJKj0wUeI3di2FypndsZ0V079A2RUZQX2ggrdGnFwn","baseKeyType":1,"closed":-1,"used":1722450555996,"created":1722450555996,"remoteIdentityKey":"Baze3QgkdSwUn5FwkBi+hyslY8gigpRpyl1+5GlDhwgK"},"_chains":{"BcaNGyjpE/leViME7sIZalx4oJyzKJzl25TJmu48Tldk":{"chainKey":{"counter":8,"key":"yjLbLdJshhCGeBSJazgVAPEsAG3VhEPnrAf2IJ0VY9w="},"chainType":1,"messageKeys":{}}},"pendingPreKey":{"signedKeyId":0,"baseKey":"BcyJKj0wUeI3di2FypndsZ0V079A2RUZQX2ggrdGnFwn","preKeyId":1253776}}},"version":"v1"}