{"_sessions":{"BaO0aPJwzMooE5pHuT5nCGgNi82IxPXzZkW69FLfebFg":{"registrationId":1863317028,"currentRatchet":{"ephemeralKeyPair":{"pubKey":"BUqUHLuvG3ktSRRKvA3slwhdHlQNAlb54eBf4/rboV5l","privKey":"YPyhXCcwKYOxQQ6ss+qUJytjxXXeflG7HTkjVAnyJGY="},"lastRemoteEphemeralKey":"BdJpRIWwcOUtilFHdhyPANL0kK6oW9Wclo4d2bagwnkj","previousCounter":0,"rootKey":"ijfKN7OdxHaCGjrHqWSIQtcvOUmN+6Hjh8j+A6jj5WQ="},"indexInfo":{"baseKey":"BaO0aPJwzMooE5pHuT5nCGgNi82IxPXzZkW69FLfebFg","baseKeyType":1,"closed":-1,"used":1722302914998,"created":1722302914998,"remoteIdentityKey":"BXLMViPLBnnNJcQb2pGDYmrWqtjwh+gEp023wBJwe5lP"},"_chains":{"BUqUHLuvG3ktSRRKvA3slwhdHlQNAlb54eBf4/rboV5l":{"chainKey":{"counter":76,"key":"FBMxtwKtrfLkdz9K3ZQ1/jLNfcXTufmlGSGWap0roE4="},"chainType":1,"messageKeys":{}}},"pendingPreKey":{"signedKeyId":5,"baseKey":"BaO0aPJwzMooE5pHuT5nCGgNi82IxPXzZkW69FLfebFg","preKeyId":1238097}}},"version":"v1"}