{"_sessions":{"BTCe/DJSBtTTAVfrqJHAXfNFkiSBDKPIyYxxN9Om7s9g":{"registrationId":65855206,"currentRatchet":{"ephemeralKeyPair":{"pubKey":"BZ5HIX2RbnL+p1kw7L4j+OAGMacEl3DHxWEJLNFV7CFv","privKey":"+B5JCPDdt2ZYfGqiCs97lypdoieFXtUllk7FVsvvm1g="},"lastRemoteEphemeralKey":"BTDybwLuysLEWaQV9+eEiyAYNuBQkiCTheA95+x7nmhJ","previousCounter":0,"rootKey":"HMZGBw81w8DwQjayv7jr61lvwMSZWBFhiFHJL3t5Bqs="},"indexInfo":{"baseKey":"BTCe/DJSBtTTAVfrqJHAXfNFkiSBDKPIyYxxN9Om7s9g","baseKeyType":1,"closed":-1,"used":1722454512307,"created":1722454512307,"remoteIdentityKey":"BWIPxsZeff6pu4lmUK5KKv3VX3reW9RflFJxthV3Twca"},"_chains":{"BZ5HIX2RbnL+p1kw7L4j+OAGMacEl3DHxWEJLNFV7CFv":{"chainKey":{"counter":7,"key":"fWvVB7vAciLfOltxiU8oJAbdmdbFomWMnfebnF1n7P8="},"chainType":1,"messageKeys":{}}},"pendingPreKey":{"signedKeyId":0,"baseKey":"BTCe/DJSBtTTAVfrqJHAXfNFkiSBDKPIyYxxN9Om7s9g"}}},"version":"v1"}