{"_sessions":{"BQ5Ooe/Ld+TKoFg6mn7IP8V5ZCOUwuQzAk7+ZQhA6zQP":{"registrationId":38,"currentRatchet":{"ephemeralKeyPair":{"pubKey":"BXu3cNzp3wkhA9cDWNjgaZikUA4I/5H+iweOt5LVXDRq","privKey":"4NJormXpiXPfNR2A0T7jHLqqX3ZvDO9CVjBNydR14Wc="},"lastRemoteEphemeralKey":"BXQZ7qBrpvymjKavERSorGkKCn/GwUns6WrIBygaYgkH","previousCounter":0,"rootKey":"08v97d4+B8qkDaIm/K1t4nguULsvUj+oq6GSZz7PrPE="},"indexInfo":{"baseKey":"BQ5Ooe/Ld+TKoFg6mn7IP8V5ZCOUwuQzAk7+ZQhA6zQP","baseKeyType":1,"closed":-1,"used":1722465986798,"created":1722465956279,"remoteIdentityKey":"BVP4vCTbX1qOlI5Dsb8mDm0ZlH7WWXeabhbAtN9YULQo"},"_chains":{"BXQZ7qBrpvymjKavERSorGkKCn/GwUns6WrIBygaYgkH":{"chainKey":{"counter":0,"key":"AONf7qsArQID8k/ilhcw3KLy+16o7bcAHxZMjrKXt5k="},"chainType":2,"messageKeys":{}},"BXu3cNzp3wkhA9cDWNjgaZikUA4I/5H+iweOt5LVXDRq":{"chainKey":{"counter":6,"key":"hKwgKONUk4iFtrcwHcYPzJbBbblElXVd49aCOFoTFOI="},"chainType":1,"messageKeys":{}}}}},"version":"v1"}