{"_sessions":{"BcLd+t5FpftHWxOau7PrDS0Xme/zHpN/6W89IxWrasJ3":{"registrationId":1334626810,"currentRatchet":{"ephemeralKeyPair":{"pubKey":"BTSU0JqVX22wnuyDkFyW2T3dLW/1F5tnES1UA0Ee3Vk8","privKey":"ENryyINaf6xMSF9aQAIESEoQntiPuaoP0dnVzOnvJUs="},"lastRemoteEphemeralKey":"BZI3TBgb0SHeIUzKeZ6D5HGfIG+3FrHTC6mbSaNZfn8B","previousCounter":0,"rootKey":"7JQQ4rw83bTB5z29ku8UnK60MXKRvMLRQknYMsjCAZI="},"indexInfo":{"baseKey":"BcLd+t5FpftHWxOau7PrDS0Xme/zHpN/6W89IxWrasJ3","baseKeyType":1,"closed":-1,"used":1722224747378,"created":1722224747378,"remoteIdentityKey":"BbneO2jkpvM91E5uvrgZAcojBQOouT/gwfrE2xBFxEBo"},"_chains":{"BTSU0JqVX22wnuyDkFyW2T3dLW/1F5tnES1UA0Ee3Vk8":{"chainKey":{"counter":6,"key":"6k3wGOBMSOc3IdwZ9ldsrwdld7GMBgBeiS+oVr+TG1A="},"chainType":1,"messageKeys":{}}},"pendingPreKey":{"signedKeyId":0,"baseKey":"BcLd+t5FpftHWxOau7PrDS0Xme/zHpN/6W89IxWrasJ3"}}},"version":"v1"}