{"_sessions":{"BRmsBoZKAMdBbHdyfA9t0iQgIZ0TL5LjBh47BWPIc20U":{"registrationId":434322631,"currentRatchet":{"ephemeralKeyPair":{"pubKey":"BdFulHvp88mpXP/ZIgtRYbkf90uup59ymiWP4mbWuKcm","privKey":"yOf0qazzJXHbGAOcZQYLTjq99O9/8VJIle917YrVRlg="},"lastRemoteEphemeralKey":"BbHVRvMRLKLj9vSP7ylzlLlobvqbFfoGB0xsrnIob1BX","previousCounter":0,"rootKey":"0VU1zcv8Ys3YRZ9+suEr/JRgma3jV45RApWCmIjnw9Y="},"indexInfo":{"baseKey":"BRmsBoZKAMdBbHdyfA9t0iQgIZ0TL5LjBh47BWPIc20U","baseKeyType":1,"closed":-1,"used":1722224746890,"created":1722224746890,"remoteIdentityKey":"BRBxUkhaMwB802mLX/I/hBz6GBNA72P4FGX+TUPqTkck"},"_chains":{"BdFulHvp88mpXP/ZIgtRYbkf90uup59ymiWP4mbWuKcm":{"chainKey":{"counter":6,"key":"805fwFK8tlBBBkBFNxxDbyIp6zdWmh6BJPSNeegaKB0="},"chainType":1,"messageKeys":{}}},"pendingPreKey":{"signedKeyId":0,"baseKey":"BRmsBoZKAMdBbHdyfA9t0iQgIZ0TL5LjBh47BWPIc20U"}}},"version":"v1"}