{"_sessions":{"BWL+Rf4mEeVd2uwCPnZ1ObVgBNM1nNnjzvH8DO+tWBhv":{"registrationId":25,"currentRatchet":{"ephemeralKeyPair":{"pubKey":"BR0OJs/ZSuURFechmvQbJIf/cqvw6/M0/gquzuacQfhU","privKey":"EHYbFHD+nc0Xd1HeHqqBCQf+pptIWYDp0qyZ0trYZ3w="},"lastRemoteEphemeralKey":"BUFuawYD++PTuDb9Lqtf6MHD889pyCMlrlYloVnzhTRd","previousCounter":0,"rootKey":"xkPYmyqQPbucsfTz93G97v8HBsZ/J6cvi4eZv4uy4gY="},"indexInfo":{"baseKey":"BWL+Rf4mEeVd2uwCPnZ1ObVgBNM1nNnjzvH8DO+tWBhv","baseKeyType":1,"closed":1722349527807,"used":1722349524504,"created":1722349524504,"remoteIdentityKey":"BYdeS6YNKszta617L20gz+Ma9aSZNId2F82ARARLy28p"},"_chains":{"BR0OJs/ZSuURFechmvQbJIf/cqvw6/M0/gquzuacQfhU":{"chainKey":{"counter":0,"key":"lftp/6a1bl6oACmf0BitV/s3NcupzAuzMcta/2XpsoM="},"chainType":1,"messageKeys":{}}},"pendingPreKey":{"signedKeyId":1,"baseKey":"BWL+Rf4mEeVd2uwCPnZ1ObVgBNM1nNnjzvH8DO+tWBhv"}},"BcO5lCa6bt6P8ViUM3Nysd8akrcJvHQgxNg4ubK2CDtg":{"registrationId":25,"currentRatchet":{"ephemeralKeyPair":{"pubKey":"BWqHZZMr2nsyptcyBzpu7slnkh8W0gzSrYOxYQHH9UpQ","privKey":"AEcxoUuWft9J5qCrlU77ZxqyThgzcAKbO3kI+1bvAkA="},"lastRemoteEphemeralKey":"BUFuawYD++PTuDb9Lqtf6MHD889pyCMlrlYloVnzhTRd","previousCounter":0,"rootKey":"ySlviwqF0q0P8BoHVdL80W3D/M5zms7u4VtFJxbuQeU="},"indexInfo":{"baseKey":"BcO5lCa6bt6P8ViUM3Nysd8akrcJvHQgxNg4ubK2CDtg","baseKeyType":1,"closed":-1,"used":1722349527805,"created":1722349527805,"remoteIdentityKey":"BYdeS6YNKszta617L20gz+Ma9aSZNId2F82ARARLy28p"},"_chains":{"BWqHZZMr2nsyptcyBzpu7slnkh8W0gzSrYOxYQHH9UpQ":{"chainKey":{"counter":37,"key":"aaOWK4ftjAs1yWhlFNGgXjf8s4xs1FeRwcf9EHtTVCE="},"chainType":1,"messageKeys":{}}},"pendingPreKey":{"signedKeyId":1,"baseKey":"BcO5lCa6bt6P8ViUM3Nysd8akrcJvHQgxNg4ubK2CDtg"}}},"version":"v1"}