{"_sessions":{"BZCRlP7cBtDVQOktf78UUXVnQWehiiKPlR1Zl9ZuWDsS":{"registrationId":118,"currentRatchet":{"ephemeralKeyPair":{"pubKey":"BQ5D/lnhjUQUAAMXABI2tSwz31y4GSK0WkglGvKO/0N0","privKey":"CGq0xmLx7/kWz7VDFR5mvsi+lEmwgwQ0gNrao4ykh0U="},"lastRemoteEphemeralKey":"BYleh8W+O8Cb1mmM+2PKZA9itKis+SzxQsQ1s/tit+JS","previousCounter":0,"rootKey":"AGI8fLIFMiCD563/+kBVJFsVb0GAuXAmIbFE2JGyAy4="},"indexInfo":{"baseKey":"BZCRlP7cBtDVQOktf78UUXVnQWehiiKPlR1Zl9ZuWDsS","baseKeyType":1,"closed":-1,"used":1722245434294,"created":1722245434294,"remoteIdentityKey":"BZnq6kdCAikO0TjVauITrPMnTMZOR7Ybb01vDM4krJU3"},"_chains":{"BQ5D/lnhjUQUAAMXABI2tSwz31y4GSK0WkglGvKO/0N0":{"chainKey":{"counter":404,"key":"nDlDlw75mQL3g4nAt+cBrEVuAUEbXJmAdKifDx3TkYI="},"chainType":1,"messageKeys":{}}},"pendingPreKey":{"signedKeyId":1,"baseKey":"BZCRlP7cBtDVQOktf78UUXVnQWehiiKPlR1Zl9ZuWDsS","preKeyId":57}}},"version":"v1"}