{"_sessions":{"BegpmgFJM2BMg/04ux7KHrc6TfbdyaEJ57QFZps5wfg0":{"registrationId":191108032,"currentRatchet":{"ephemeralKeyPair":{"pubKey":"BRcR11KGAKIlnSRFTyvzNwfBbKiTw0kiPX8eQ2tZzplH","privKey":"cP6yK0PLW280mlCuKqxhidFI7acMeYKvE4gkRTwx4Ec="},"lastRemoteEphemeralKey":"BTmzxLrxp4GQcMW/lYkl9+L6hMoJAGeU0xxrEQUOOLcs","previousCounter":0,"rootKey":"XpU4vhv5YlFP27Fw0hngaIRsVn+S5W/o/jCDTwBrUt0="},"indexInfo":{"baseKey":"BegpmgFJM2BMg/04ux7KHrc6TfbdyaEJ57QFZps5wfg0","baseKeyType":1,"closed":-1,"used":1722302915560,"created":1722302915560,"remoteIdentityKey":"BbBrSqurMj4JSQ3LoAj+HtRtytd6+PyH69lhJf0P3LAs"},"_chains":{"BRcR11KGAKIlnSRFTyvzNwfBbKiTw0kiPX8eQ2tZzplH":{"chainKey":{"counter":76,"key":"Xm4g2If9PTS7rSHLngy1ax7lfNkeP9y8oTwdj4N4/kE="},"chainType":1,"messageKeys":{}}},"pendingPreKey":{"signedKeyId":10,"baseKey":"BegpmgFJM2BMg/04ux7KHrc6TfbdyaEJ57QFZps5wfg0","preKeyId":14605996}}},"version":"v1"}