{"_sessions":{"BQO/1qgA+gspNYqdNcE3+tjo6mFSXcUuPCcy7WFj7JVw":{"registrationId":1264397004,"currentRatchet":{"ephemeralKeyPair":{"pubKey":"BU6ExAkSbSwYLUYpuMWnUbfDB5CBIcWILpNz04px41lG","privKey":"WJgxm3s3CNGtwspzStKNF8PFh5SsrOGroInbN5Xh0Gk="},"lastRemoteEphemeralKey":"BcF5F3fnwlVlJgqOe2qfeCKYddP6KlO7JPpIjYTQTNMu","previousCounter":0,"rootKey":"diwQvvRR+LeJ18tDF/W6cKyriISebzmhe9rZavFvxSs="},"indexInfo":{"baseKey":"BQO/1qgA+gspNYqdNcE3+tjo6mFSXcUuPCcy7WFj7JVw","baseKeyType":1,"closed":-1,"used":1722224749377,"created":1722224749377,"remoteIdentityKey":"BWOrSwoRTromTGzI9lhoRbK1oGloT3CBXVU1soYMCpNl"},"_chains":{"BU6ExAkSbSwYLUYpuMWnUbfDB5CBIcWILpNz04px41lG":{"chainKey":{"counter":6,"key":"HuqS5uR+fkIsg4Gme5588zLxMosntkjwbqOLcytRx00="},"chainType":1,"messageKeys":{}}},"pendingPreKey":{"signedKeyId":0,"baseKey":"BQO/1qgA+gspNYqdNcE3+tjo6mFSXcUuPCcy7WFj7JVw","preKeyId":661086}}},"version":"v1"}