{"_sessions":{"BfbwlLEz7Y+B4bd1ekyZJgxE73uW4I4bC+sKTQMemHwo":{"registrationId":949518402,"currentRatchet":{"ephemeralKeyPair":{"pubKey":"BZJ1Y1QRSLaPdevN5bSqrTRvVd+ebV8GOdqmpGskPA0U","privKey":"+BwwI1tdpGV+FDUlD+1DvHL5E/F/iGJlQJX1GVZxbE4="},"lastRemoteEphemeralKey":"BTxe3XFs9ukqCk9aL00AhsiiBsDuR+kQCvo4klCXStEH","previousCounter":0,"rootKey":"YTzqu8VdU6qZgcOp74cm3UvFJ9sMWTLHjo6V05BdheI="},"indexInfo":{"baseKey":"BfbwlLEz7Y+B4bd1ekyZJgxE73uW4I4bC+sKTQMemHwo","baseKeyType":1,"closed":-1,"used":1722224747168,"created":1722224747168,"remoteIdentityKey":"BeCEQDUBfJK0XjE23j1YpwoKEYJW5jcA5rD0RDPCLAhE"},"_chains":{"BZJ1Y1QRSLaPdevN5bSqrTRvVd+ebV8GOdqmpGskPA0U":{"chainKey":{"counter":6,"key":"PSOHLP69x1/t+W4tJiLmiUI9Ef85GNRXYJMDdSibAaU="},"chainType":1,"messageKeys":{}}},"pendingPreKey":{"signedKeyId":0,"baseKey":"BfbwlLEz7Y+B4bd1ekyZJgxE73uW4I4bC+sKTQMemHwo"}}},"version":"v1"}