{"_sessions":{"BazoR++Ty+9jYf+KbvcmXfn84iXnVXam/b03+uDg7ooA":{"registrationId":1023918105,"currentRatchet":{"ephemeralKeyPair":{"pubKey":"BT0CONKTN+ueo+/QZjD5aYGdF3ZIwTlQbWYA6171pZFd","privKey":"6Iq72OUpkfPWqD2Cb7ZXXMZriNdY5ULDSG7XzIbhxW8="},"lastRemoteEphemeralKey":"BaRNGdpcHgQheBVVImR7fS/x1myS3uApuCGkjVxW66Q3","previousCounter":0,"rootKey":"b6bgqVmbqmdLfU531SNFwr5d3zFMukgPgH/RYWiwGNc="},"indexInfo":{"baseKey":"BazoR++Ty+9jYf+KbvcmXfn84iXnVXam/b03+uDg7ooA","baseKeyType":1,"closed":-1,"used":1722224748477,"created":1722224748477,"remoteIdentityKey":"BXjWZU7eFgoLdrWnorVeK5/zzMgl82PF+jL0A2J20wNi"},"_chains":{"BT0CONKTN+ueo+/QZjD5aYGdF3ZIwTlQbWYA6171pZFd":{"chainKey":{"counter":6,"key":"+WtUPlHyUOTAD0FVFJrMLiw0n/lvvr6zsMa4NiiVgDk="},"chainType":1,"messageKeys":{}}},"pendingPreKey":{"signedKeyId":0,"baseKey":"BazoR++Ty+9jYf+KbvcmXfn84iXnVXam/b03+uDg7ooA","preKeyId":10929309}}},"version":"v1"}