{"_sessions":{"BSdIPTmgq4BIKOpUkjmUSp58dytqgAw7skSp7rj1xzlA":{"registrationId":194,"currentRatchet":{"ephemeralKeyPair":{"pubKey":"BapUbHb6wKlGSWn2r83dD4E5BBDt+cIGUREuVYKZUoAx","privKey":"qH+pvIhWLOx5/CGQ245zgZNSGLVqeLiY9uRDCOUb52A="},"lastRemoteEphemeralKey":"BaXWRT98HfWUsVkLvusbozGxeqBozMl6qwbyccZ6IYMB","previousCounter":0,"rootKey":"kdADhPNSsVXaAJr6pdxV8701uVxC53f40mzHwMKRzLo="},"indexInfo":{"baseKey":"BSdIPTmgq4BIKOpUkjmUSp58dytqgAw7skSp7rj1xzlA","baseKeyType":1,"closed":-1,"used":1722413192655,"created":1722413192655,"remoteIdentityKey":"BfnMzOWp6TArc064Fw89OGeHSSUvSq+BxpMZLZVVW5o4"},"_chains":{"BapUbHb6wKlGSWn2r83dD4E5BBDt+cIGUREuVYKZUoAx":{"chainKey":{"counter":10,"key":"fis5eTIieFwzlmRIBl0c2/tjiYvkOqMB1az1221iSpY="},"chainType":1,"messageKeys":{}}},"pendingPreKey":{"signedKeyId":1,"baseKey":"BSdIPTmgq4BIKOpUkjmUSp58dytqgAw7skSp7rj1xzlA"}}},"version":"v1"}