{"_sessions":{"BW0+bjeGUTIkqg8zH/aHjQIGvoOzbtbtC+dGAdw3CUd6":{"registrationId":1853558402,"currentRatchet":{"ephemeralKeyPair":{"pubKey":"BROF14A7VTkH8FTb0OZ/+SKdstz+wzgDpFVoGwU5d3JS","privKey":"gJbvZj/ogzQLhu8tuytwi3j1G50NfzGV02SBb4oMykc="},"lastRemoteEphemeralKey":"BaYk+MZraipvIOA1g4GHpKmCn4V1Nl49znGd50/NwKhb","previousCounter":0,"rootKey":"6cNYFoNcWzfg3r5zEM3bOFs8PclBHVlftLTrQRBhKjQ="},"indexInfo":{"baseKey":"BW0+bjeGUTIkqg8zH/aHjQIGvoOzbtbtC+dGAdw3CUd6","baseKeyType":1,"closed":-1,"used":1722224746612,"created":1722224746612,"remoteIdentityKey":"BTBnhQhH7rbdbWnn010FQL7a6EwdCSyakokv9hK8W9Ry"},"_chains":{"BROF14A7VTkH8FTb0OZ/+SKdstz+wzgDpFVoGwU5d3JS":{"chainKey":{"counter":6,"key":"FzP75GWIzxOxVgURHyxT1BFkArGvXn0qR89jxXu2IPM="},"chainType":1,"messageKeys":{}}},"pendingPreKey":{"signedKeyId":0,"baseKey":"BW0+bjeGUTIkqg8zH/aHjQIGvoOzbtbtC+dGAdw3CUd6"}}},"version":"v1"}