{"_sessions":{"BdVD1wc/T7huKm3owar9pkpw3PKsm9Rf71gztbRXiQw5":{"registrationId":96,"currentRatchet":{"ephemeralKeyPair":{"pubKey":"BTq07bgtevTjbHponUTA1DpUZiivmIeEEToDchnISDhl","privKey":"ECp5PNeO9sEoHus52Pb3DTKOp7V6H4XIFkHLBGuuInk="},"lastRemoteEphemeralKey":"BbzQ7DePvQFxgXuWUh9AQUsiJaQYp2HXe/kLUdYZoS8x","previousCounter":0,"rootKey":"DxvtFkpqk+yi0+NGoT3kjCzM/VvCgnUuBADZ2mdI5z8="},"indexInfo":{"baseKey":"BdVD1wc/T7huKm3owar9pkpw3PKsm9Rf71gztbRXiQw5","baseKeyType":1,"closed":-1,"used":1722302914378,"created":1722302914378,"remoteIdentityKey":"BXylp8enCRXVNR6EO2Oxc8PP7QNDZl5HhIBICgvF2EFm"},"_chains":{"BTq07bgtevTjbHponUTA1DpUZiivmIeEEToDchnISDhl":{"chainKey":{"counter":76,"key":"ugEOYLIn9lzaraY7I0EGxKnCov24bSMHsqXiAELxwjQ="},"chainType":1,"messageKeys":{}}},"pendingPreKey":{"signedKeyId":1,"baseKey":"BdVD1wc/T7huKm3owar9pkpw3PKsm9Rf71gztbRXiQw5"}}},"version":"v1"}