{"_sessions":{"BTiFPQdMpqeyMho30Kg8i3TdHto4k1d0MfLdkx4P5+wO":{"registrationId":1316905697,"currentRatchet":{"ephemeralKeyPair":{"pubKey":"Bf24Ai5ZvNlTOKYqrQAdigDpXKwkUCgUngU57uJhcMpS","privKey":"iE9/jreDcGVhHVIResptJ+T6bKa/EG/oCNg3CedQV34="},"lastRemoteEphemeralKey":"Bb/0MmQ7u56RJrgdSlcZtFBxQqjvQvVBeX0g1sU0uksE","previousCounter":0,"rootKey":"mDnVASPyPscH6qvtNze8hxhOEoqYnwxTREHuCF0HeDs="},"indexInfo":{"baseKey":"BTiFPQdMpqeyMho30Kg8i3TdHto4k1d0MfLdkx4P5+wO","baseKeyType":1,"closed":-1,"used":1722454512483,"created":1722454512483,"remoteIdentityKey":"BWxRuWFiJVmjaUrV3nl71OiFQ+9uouoztHvh+Yf2lhAX"},"_chains":{"Bf24Ai5ZvNlTOKYqrQAdigDpXKwkUCgUngU57uJhcMpS":{"chainKey":{"counter":7,"key":"nhnTJOCdsspKY2KFmuisotEYmcYhnyMLzKQRkuZlriY="},"chainType":1,"messageKeys":{}}},"pendingPreKey":{"signedKeyId":0,"baseKey":"BTiFPQdMpqeyMho30Kg8i3TdHto4k1d0MfLdkx4P5+wO","preKeyId":9508327}}},"version":"v1"}