{"_sessions":{"BVJEXun02c4uDPKkvfFl4tJXUdZZ+xleRuHIg5EuK+F3":{"registrationId":179,"currentRatchet":{"ephemeralKeyPair":{"pubKey":"BeyIzMAdqvKhC1b0SvafhcElWSwVFRHBbLWi3xBImPIr","privKey":"sBVNPKpe++eRP4t3/r8sqww7bty29ii7STI1Ra0pomo="},"lastRemoteEphemeralKey":"BbCZOxXC/d/kcqLZdVOO49JpD781SRRlHqGaZjFPTvpI","previousCounter":0,"rootKey":"pWgKpxEl/KDl6F3/RPxTgZ85shmjPB/mkSJ8y3mt9Uk="},"indexInfo":{"baseKey":"BVJEXun02c4uDPKkvfFl4tJXUdZZ+xleRuHIg5EuK+F3","baseKeyType":1,"closed":-1,"used":1722454510802,"created":1722454510802,"remoteIdentityKey":"Ba+RJyOI2Niy4Qt1cHDKZWZsYQfN+PdlMnU3t6XcsV4s"},"_chains":{"BeyIzMAdqvKhC1b0SvafhcElWSwVFRHBbLWi3xBImPIr":{"chainKey":{"counter":7,"key":"pzyVyn41BOG5gCeUKtwrTQibpbSOGcPFKDZiMacDlwY="},"chainType":1,"messageKeys":{}}},"pendingPreKey":{"signedKeyId":1,"baseKey":"BVJEXun02c4uDPKkvfFl4tJXUdZZ+xleRuHIg5EuK+F3"}}},"version":"v1"}