{"_sessions":{"BUlDKZ1dSEmNNK53AuvE4JMdbYkr7IkZNr6NGDj7Evg1":{"registrationId":1930715593,"currentRatchet":{"ephemeralKeyPair":{"pubKey":"BcWAQl+9dzo2mHod8gmTLqbQps1Wno+oj2x3uY0mHvQv","privKey":"oBXDmW0wj1z4bhtZXCmQcOPffgip6iuysjAq4o+GBG0="},"lastRemoteEphemeralKey":"BenNuHQCF0/zTdJG+L8kFiugAx4N7LLDSlPIrby8zPU+","previousCounter":0,"rootKey":"t4AFOFN1rxMfGeLkzaY5vOF+dYLOaUdJ+biS4WgDViE="},"indexInfo":{"baseKey":"BUlDKZ1dSEmNNK53AuvE4JMdbYkr7IkZNr6NGDj7Evg1","baseKeyType":1,"closed":-1,"used":1722224747204,"created":1722224747204,"remoteIdentityKey":"BQ+RAqctzCY34VXrPZpNeoK4t596S9dL/Jtk+1W5ZuAl"},"_chains":{"BcWAQl+9dzo2mHod8gmTLqbQps1Wno+oj2x3uY0mHvQv":{"chainKey":{"counter":6,"key":"UaS6biFPiLtQZm3xDDsuGmXs9y7DqmdSimBP4n+BsS0="},"chainType":1,"messageKeys":{}}},"pendingPreKey":{"signedKeyId":0,"baseKey":"BUlDKZ1dSEmNNK53AuvE4JMdbYkr7IkZNr6NGDj7Evg1"}}},"version":"v1"}