{"_sessions":{"BXlly2yF1Z2etKTbyhtboPmQ0GqqNzkX7XNCUJdtORV1":{"registrationId":91,"currentRatchet":{"ephemeralKeyPair":{"pubKey":"BVdwTVSD/MIyWX2E4knJAGS6jSLfdjlHNFmL1yUdEU8M","privKey":"ONw0IFXQTWGJPt1gQgFMuJKFclShzmH/xOoY0r7MeUg="},"lastRemoteEphemeralKey":"BaScnih0WUhdynWolCcLr6HcnQd/GVSiUb1hhVLXoG1I","previousCounter":0,"rootKey":"OdsiVYg2iRpEXt3tN3sM0QmTUw+Y9BVnvXdFEFAJC6U="},"indexInfo":{"baseKey":"BXlly2yF1Z2etKTbyhtboPmQ0GqqNzkX7XNCUJdtORV1","baseKeyType":1,"closed":-1,"used":1722450555889,"created":1722450555889,"remoteIdentityKey":"BQqTsZ2SN+mZiRecEJjVk/ge+B2ynmiWnT86esDysfxC"},"_chains":{"BVdwTVSD/MIyWX2E4knJAGS6jSLfdjlHNFmL1yUdEU8M":{"chainKey":{"counter":6,"key":"AQ6tPd2ynaSgSXhvyYrTs1tmYhhljjm2IWMHy2bMS94="},"chainType":1,"messageKeys":{}}},"pendingPreKey":{"signedKeyId":1,"baseKey":"BXlly2yF1Z2etKTbyhtboPmQ0GqqNzkX7XNCUJdtORV1"}}},"version":"v1"}