{"_sessions":{"BWsx3Q+nDTlE2JhIbqfnnWzLKAQIuJ0pmtjlGDdT49EJ":{"registrationId":12676,"currentRatchet":{"ephemeralKeyPair":{"pubKey":"Bbv/9zLMeJrPNOvmN1y6lG2B4d+nAGtInMJaZ28hVkVZ","privKey":"8PzU9+56uknB/JfJByz3MlisrjAk0JecDFbSTT+7DWk="},"lastRemoteEphemeralKey":"BcuT1qYPOTw97rD1zPpuJL/cqmkkPo9yZrisDVoR6jtu","previousCounter":0,"rootKey":"PHmWPf9kc+Doeuhfx7maFYTbN0VY0z2b32ECGZieVE8="},"indexInfo":{"baseKey":"BWsx3Q+nDTlE2JhIbqfnnWzLKAQIuJ0pmtjlGDdT49EJ","baseKeyType":1,"closed":-1,"used":1722224745697,"created":1722224745697,"remoteIdentityKey":"BcBApTQeb7gNm2xq4DwxmKis6vawGaVybUQWJ7jfU28O"},"_chains":{"Bbv/9zLMeJrPNOvmN1y6lG2B4d+nAGtInMJaZ28hVkVZ":{"chainKey":{"counter":6,"key":"QXPP9BOWkdl9zzZfeAtoI7O+6FIaruphZpjozEplRMc="},"chainType":1,"messageKeys":{}}},"pendingPreKey":{"signedKeyId":1,"baseKey":"BWsx3Q+nDTlE2JhIbqfnnWzLKAQIuJ0pmtjlGDdT49EJ"}}},"version":"v1"}