{"_sessions":{"Be8oxc23wnW5eRFy20WBh3o/9FpMKVA3y1zkqBSdr74g":{"registrationId":14746,"currentRatchet":{"ephemeralKeyPair":{"pubKey":"BaqyYxHhcXYPWdRbusCKXvuqKnIJowt5rhuSpb2XCqMd","privKey":"qPo/x1If8X7js0CV666S2USk92WmeVw2qWJwwhEEBm8="},"lastRemoteEphemeralKey":"BcP0PSl1cCbPA6RLqJpBUXm7KTFFO5fmB3w/FZHrujRu","previousCounter":0,"rootKey":"PRolYTaifIsofhgOeJfu/BEjUuJuRqirSMjxZYXvrzg="},"indexInfo":{"baseKey":"Be8oxc23wnW5eRFy20WBh3o/9FpMKVA3y1zkqBSdr74g","baseKeyType":1,"closed":-1,"used":1722224744988,"created":1722224744988,"remoteIdentityKey":"Bdi7n2EwKFnCHolIVeF1lyt0790eOhybwwnIun61p7pK"},"_chains":{"BaqyYxHhcXYPWdRbusCKXvuqKnIJowt5rhuSpb2XCqMd":{"chainKey":{"counter":6,"key":"OgBcIWGJRS2N5JKgo2DopK+njTHe4nPqwzrfKg4CFuw="},"chainType":1,"messageKeys":{}}},"pendingPreKey":{"signedKeyId":1,"baseKey":"Be8oxc23wnW5eRFy20WBh3o/9FpMKVA3y1zkqBSdr74g","preKeyId":530}}},"version":"v1"}