{"_sessions":{"BZ6hM/AqsuZQRDW2PZdDmh0rCxolnyCyEPO0Wd8EHW52":{"registrationId":1315739518,"currentRatchet":{"ephemeralKeyPair":{"pubKey":"BQn3xFaI1LgSGQXc4t6+E0n/JFLFajX37UeVOVJ8TK9l","privKey":"oLsvv4qI96ZmBS+eMZqC9kU/dbLaalr+qJCOzX4ly34="},"lastRemoteEphemeralKey":"Bf/1w0Q38/+W8flTdQzmFc6IbmI0bdzjNMrXv5O91cVX","previousCounter":0,"rootKey":"9D3UWPBeNCibD0JJFodHHRrb30SnfVJsIC/BlaG6GXs="},"indexInfo":{"baseKey":"BZ6hM/AqsuZQRDW2PZdDmh0rCxolnyCyEPO0Wd8EHW52","baseKeyType":1,"closed":1722313961485,"used":1722302916093,"created":1722302916093,"remoteIdentityKey":"BQ8wMbj/6IDj3jMh17no+WI8NJabnCcJMULpmGkX748w"},"_chains":{"BQn3xFaI1LgSGQXc4t6+E0n/JFLFajX37UeVOVJ8TK9l":{"chainKey":{"counter":14,"key":"QqdOLJQ4mEmXYsoSRg5vT1fZ89N7JMaAhmsXkwPFtGE="},"chainType":1,"messageKeys":{}}},"pendingPreKey":{"signedKeyId":0,"baseKey":"BZ6hM/AqsuZQRDW2PZdDmh0rCxolnyCyEPO0Wd8EHW52","preKeyId":6737489}},"BT+8y1xfIsrz5Y9yo8CGehRa/M9R1knXIrR1eNWLbKxA":{"registrationId":1315739518,"currentRatchet":{"ephemeralKeyPair":{"pubKey":"BQoxd1M/azAKVVBo9fHeY9tcsbQPPmfCSyfDRpTJJFhf","privKey":"SEK0xqH5U3F0sr0KPW4QdlzZLHZ9eP6Vgv2ZFAPQKX0="},"lastRemoteEphemeralKey":"Bf/1w0Q38/+W8flTdQzmFc6IbmI0bdzjNMrXv5O91cVX","previousCounter":0,"rootKey":"K1XSIjiy5ahItT4cSEdP40E/FaDjLg+QS5pxLj1GDZM="},"indexInfo":{"baseKey":"BT+8y1xfIsrz5Y9yo8CGehRa/M9R1knXIrR1eNWLbKxA","baseKeyType":1,"closed":1722313983096,"used":1722313961482,"created":1722313961482,"remoteIdentityKey":"BQ8wMbj/6IDj3jMh17no+WI8NJabnCcJMULpmGkX748w"},"_chains":{"BQoxd1M/azAKVVBo9fHeY9tcsbQPPmfCSyfDRpTJJFhf":{"chainKey":{"counter":2,"key":"ShEaGX5OEgXylscAkfGUPqbB1TUXdNPg/xI0mcaORwg="},"chainType":1,"messageKeys":{}}},"pendingPreKey":{"signedKeyId":0,"baseKey":"BT+8y1xfIsrz5Y9yo8CGehRa/M9R1knXIrR1eNWLbKxA","preKeyId":6738221}},"BWZkNEnP+Qw079OJLhOkVBRjOO8zl2zdFjBH2ljdT6lZ":{"registrationId":1315739518,"currentRatchet":{"ephemeralKeyPair":{"pubKey":"BQNiCuySo80RAic7v/2XWKjO1AiqsMAypAMxu1azmgYO","privKey":"KEBhK5eNsERgnB0PbZQaj1pOhp/qKGolOxWCSClKmV8="},"lastRemoteEphemeralKey":"BShXjQPe27+RX16wdyv1tnaMTe/cH69bR+ZmVVAyg/EO","previousCounter":13,"rootKey":"LdkLsLAI5/ruOg8SnkCCjbuJx8fjWdFglmuU3q5odaw="},"indexInfo":{"baseKey":"BWZkNEnP+Qw079OJLhOkVBRjOO8zl2zdFjBH2ljdT6lZ","baseKeyType":1,"closed":-1,"used":1722415977661,"created":1722313983072,"remoteIdentityKey":"BQ8wMbj/6IDj3jMh17no+WI8NJabnCcJMULpmGkX748w"},"_chains":{"BYkDF4AipBJHyJP/8mdnXJZ89RWM7kV8zrG5HWi3dTtX":{"chainKey":{"counter":2},"chainType":2,"messageKeys":{}},"BQwqDiuxRndsLgVYvKkp3JCpAZcyinFBFiLbEGaWoApV":{"chainKey":{"counter":0},"chainType":2,"messageKeys":{}},"BShXjQPe27+RX16wdyv1tnaMTe/cH69bR+ZmVVAyg/EO":{"chainKey":{"counter":0,"key":"berHpy6UVGLVQOiBGrZXg3supT90kO2sB5ETtVixGQs="},"chainType":2,"messageKeys":{}},"BQNiCuySo80RAic7v/2XWKjO1AiqsMAypAMxu1azmgYO":{"chainKey":{"counter":9,"key":"fNGZCwPftNicWoXvMbNod5wtj6w9mb6VNHlaSUjvqk0="},"chainType":1,"messageKeys":{}}}}},"version":"v1"}