{"_sessions":{"BaWSpZXgDKMi80eP4VgNvBiT0bRsORdETs0ldzd64NAX":{"registrationId":1378,"currentRatchet":{"ephemeralKeyPair":{"pubKey":"Bdd1D6BFnARzRgo4kYem1Bi2L7VCWa0r/uDJOeTu/Gkp","privKey":"IMmBMWMSYcH/uefulW8up/5SBqMdNk89xx9vf/8wXGY="},"lastRemoteEphemeralKey":"BZEcqYIlo8ZP7QrUB5CumucTAN5DYoSoFct1pqSiufkX","previousCounter":0,"rootKey":"jgl2gvVG8pcMx67dH22IT0nGOPqvt1f8K/0u7zGVkI0="},"indexInfo":{"baseKey":"BaWSpZXgDKMi80eP4VgNvBiT0bRsORdETs0ldzd64NAX","baseKeyType":1,"closed":-1,"used":1722224745981,"created":1722224745981,"remoteIdentityKey":"BVDomCFTJxYJDHZSzv/PV5Mx6prVdOEarb34ISyvDOdJ"},"_chains":{"Bdd1D6BFnARzRgo4kYem1Bi2L7VCWa0r/uDJOeTu/Gkp":{"chainKey":{"counter":6,"key":"NLgENxO+jX/8F2v9F8R21/LTtcjBSum8tQPZizOBul8="},"chainType":1,"messageKeys":{}}},"pendingPreKey":{"signedKeyId":1,"baseKey":"BaWSpZXgDKMi80eP4VgNvBiT0bRsORdETs0ldzd64NAX"}}},"version":"v1"}