{"_sessions":{"BRzt9Bh3j3pFOe7fwCWygjLnd4kWeOXS3A+O9z2zYUhf":{"registrationId":3781,"currentRatchet":{"ephemeralKeyPair":{"pubKey":"Be5N+IRPUJtcAbqWrWuPgZpSuf3LmeEoqB9IP79hPWpG","privKey":"AGWzJD7/d/U6YYfTSBSBvu1VEggnIKUN29WyZi4Pzls="},"lastRemoteEphemeralKey":"BdU1WZQPVCspRQbfgd39lpxdBQPhvnpy0M4et6QFeNMi","previousCounter":0,"rootKey":"0aBYQGci4+7xfwIDqHqAHPk2YmL8m6oHgJ+QpnAPrVA="},"indexInfo":{"baseKey":"BRzt9Bh3j3pFOe7fwCWygjLnd4kWeOXS3A+O9z2zYUhf","baseKeyType":1,"closed":-1,"used":1722224745288,"created":1722224745288,"remoteIdentityKey":"BfMevWjgUzuty9mtiUPDNgf+wNeYqnGYuMcVapAUVuMB"},"_chains":{"Be5N+IRPUJtcAbqWrWuPgZpSuf3LmeEoqB9IP79hPWpG":{"chainKey":{"counter":6,"key":"s3axEvX/HruISy/SiE/Rmiwnct8KzpIK9TFfCLSADmA="},"chainType":1,"messageKeys":{}}},"pendingPreKey":{"signedKeyId":1,"baseKey":"BRzt9Bh3j3pFOe7fwCWygjLnd4kWeOXS3A+O9z2zYUhf"}}},"version":"v1"}