{"_sessions":{"BYZmhQ05BkR+ie6Pv9v7Scwep50/Ur+2LkrgeuN2r4dW":{"registrationId":734979585,"currentRatchet":{"ephemeralKeyPair":{"pubKey":"BRxvMHFdQMhPxTJcR5Gid0FrO+lwivGC7qYmfjiw7XIy","privKey":"MCIIx7qoFoiTHM1I0pBeUtFY2uGSEGK+JxUiUknw9XY="},"lastRemoteEphemeralKey":"BTpf4DtdKzwev2P24XhjnOYZfoI673+qwUXQQS+635kV","previousCounter":0,"rootKey":"L/cHjrr0XJVCU1E5g2fSI3nav3XQAMhaWHrmcUNj+F0="},"indexInfo":{"baseKey":"BYZmhQ05BkR+ie6Pv9v7Scwep50/Ur+2LkrgeuN2r4dW","baseKeyType":1,"closed":1722310764868,"used":1722302915269,"created":1722302915269,"remoteIdentityKey":"BYE20hjYE3FXnN4skp57/juothioPnT18elLRjy2w50c"},"_chains":{"BRxvMHFdQMhPxTJcR5Gid0FrO+lwivGC7qYmfjiw7XIy":{"chainKey":{"counter":13,"key":"Bbv6aQOP16jziH3TyUhIjLejbpIiGOBisQUlI8PBIgs="},"chainType":1,"messageKeys":{}}},"pendingPreKey":{"signedKeyId":0,"baseKey":"BYZmhQ05BkR+ie6Pv9v7Scwep50/Ur+2LkrgeuN2r4dW"}},"BSxvEDRQwqcR3V4WaTRorwiEOXHGEYzdmD9k01e6wZ5E":{"registrationId":1779649644,"currentRatchet":{"ephemeralKeyPair":{"pubKey":"BUYTm7ribVQUtJ2YpCiynvVEHc6wOmnPtYZHQJQBs/Zf","privKey":"wNI3oErAXTMxuVma2wRdofmLAbRbWlACV9OEMVM3dEM="},"lastRemoteEphemeralKey":"BVgiSL+V1BrvPzyVKw36eIMPAXpvDMuBCSFw8+CLmz4C","previousCounter":21,"rootKey":"SPBCyH8e88c7bthfQUcS2Qp0WJLcclCr0I87kXtf1S8="},"indexInfo":{"baseKey":"BSxvEDRQwqcR3V4WaTRorwiEOXHGEYzdmD9k01e6wZ5E","baseKeyType":1,"closed":1722408949985,"used":1722402356402,"created":1722310764861,"remoteIdentityKey":"BWnmi0YUPEpZNYRv9A2z3Ps86jRmQUlV311MahwXX8pG"},"_chains":{"BaIGbbvkwwrrmXfY3fChntdXdxmVxmQ//pJk4x3DQZQ+":{"chainKey":{"counter":1},"chainType":2,"messageKeys":{}},"BVgiSL+V1BrvPzyVKw36eIMPAXpvDMuBCSFw8+CLmz4C":{"chainKey":{"counter":0,"key":"i1lkny0HT3ISxDh2/o3yM/yrSSEl9JteszOe1LVMqHk="},"chainType":2,"messageKeys":{}},"BUYTm7ribVQUtJ2YpCiynvVEHc6wOmnPtYZHQJQBs/Zf":{"chainKey":{"counter":2,"key":"TzaKcDeRALqTBdwZyRZqw7R3UR6lBW43+VPuHBgROl4="},"chainType":1,"messageKeys":{}}}},"BVogjk4KpUj5nbnOHQIKxD1LOk/2u+APfJhUoXTdFIdV":{"registrationId":1394161167,"currentRatchet":{"ephemeralKeyPair":{"pubKey":"Bc3rIT8M+AvFE8f02JIkZtuDjPUuZFVdg9LOy/65YSkT","privKey":"YF6av3HRAM61qNF55xIhnuT/fyOrbpqh/8XZ/8tZNEg="},"lastRemoteEphemeralKey":"BYipR+/nulCBQ0OnRF+IQ7mQ6xAsEwIDxTBDnAEBkolB","previousCounter":0,"rootKey":"Fsxb2eZRtYRUvdTdZcUP+uIvZfTeuR2vv2wLa4mIYnw="},"indexInfo":{"baseKey":"BVogjk4KpUj5nbnOHQIKxD1LOk/2u+APfJhUoXTdFIdV","baseKeyType":1,"closed":1722408953195,"used":1722408949982,"created":1722408949982,"remoteIdentityKey":"BSrv4vMFAwk1AVBhxOh968Jt4htuAz+FnssW1lcajbkk"},"_chains":{"Bc3rIT8M+AvFE8f02JIkZtuDjPUuZFVdg9LOy/65YSkT":{"chainKey":{"counter":1,"key":"vJpVCN/sqZbyXmyvR/oJIQHTscA4gqoRAafn3kmMkSw="},"chainType":1,"messageKeys":{}}},"pendingPreKey":{"signedKeyId":0,"baseKey":"BVogjk4KpUj5nbnOHQIKxD1LOk/2u+APfJhUoXTdFIdV","preKeyId":4198876}},"BdPB1kC0v0OK4S/03woon/MgBGvX+O0ky402lxhGrrdW":{"registrationId":1394161167,"currentRatchet":{"ephemeralKeyPair":{"pubKey":"BWp48w5iH8YBaRKbgqf8NhZzieBz7UjMyudNE/3nZWcm","privKey":"mBc7wB49uzScCb+/09W5bh0yLvPZWay/LHlqQjlW+14="},"lastRemoteEphemeralKey":"BYipR+/nulCBQ0OnRF+IQ7mQ6xAsEwIDxTBDnAEBkolB","previousCounter":0,"rootKey":"GBqbcLvzeu20JH04J9IHdeREhIkHCQbBGD4mSjjldK0="},"indexInfo":{"baseKey":"BdPB1kC0v0OK4S/03woon/MgBGvX+O0ky402lxhGrrdW","baseKeyType":1,"closed":1722408956674,"used":1722408953184,"created":1722408953184,"remoteIdentityKey":"BSrv4vMFAwk1AVBhxOh968Jt4htuAz+FnssW1lcajbkk"},"_chains":{"BWp48w5iH8YBaRKbgqf8NhZzieBz7UjMyudNE/3nZWcm":{"chainKey":{"counter":1,"key":"X8ZYV6h1zhRqq/I5nwDj3qQlci1EAoaS7f/WtI8UFbU="},"chainType":1,"messageKeys":{}}},"pendingPreKey":{"signedKeyId":0,"baseKey":"BdPB1kC0v0OK4S/03woon/MgBGvX+O0ky402lxhGrrdW","preKeyId":4198777}},"BY86rwJCSwBQWC63GTYFfa6Eo2QQIqYITUH9bMZSpsQS":{"registrationId":1394161167,"currentRatchet":{"ephemeralKeyPair":{"pubKey":"Ba8l3S7FUkidapgX79lZss7P9a1o/DHM2PWmtVdK0wVL","privKey":"IG5sgJIMePE7NhEdYScRTHSsg2R+mmcGj4oWrBp/gEA="},"lastRemoteEphemeralKey":"BYipR+/nulCBQ0OnRF+IQ7mQ6xAsEwIDxTBDnAEBkolB","previousCounter":0,"rootKey":"MnF9L80sFFL5kX71l9bTQHqd+NK2b9j9f9zABdvtE54="},"indexInfo":{"baseKey":"BY86rwJCSwBQWC63GTYFfa6Eo2QQIqYITUH9bMZSpsQS","baseKeyType":1,"closed":-1,"used":1722408956672,"created":1722408956672,"remoteIdentityKey":"BSrv4vMFAwk1AVBhxOh968Jt4htuAz+FnssW1lcajbkk"},"_chains":{"Ba8l3S7FUkidapgX79lZss7P9a1o/DHM2PWmtVdK0wVL":{"chainKey":{"counter":16,"key":"lWAS5xer25XnpEr4uUPE/5y3oHJLWHDsg/bXWivyavA="},"chainType":1,"messageKeys":{}}},"pendingPreKey":{"signedKeyId":0,"baseKey":"BY86rwJCSwBQWC63GTYFfa6Eo2QQIqYITUH9bMZSpsQS","preKeyId":4198383}}},"version":"v1"}