{"_sessions":{"BY6O9ba/M/V5leI8+xZW8Yo1MqEfHGE0myskW41PSMkL":{"registrationId":615846927,"currentRatchet":{"ephemeralKeyPair":{"pubKey":"BY5Mo16FXYSaKRBKb54ooOE2hGd228fmjogL0u8hKsJM","privKey":"0A+hLSgF3buzY6ddHN1NCGW/9JR9K5s4YpgyA7eC130="},"lastRemoteEphemeralKey":"BWyq1VLHQWOUWhxQtXu/hGjxMqbdIU1AoswPVPLsiaYZ","previousCounter":0,"rootKey":"q5hYzO+SlyfJQ4iSfSHlI6WHZSOqFC54hOYIrNcDZUw="},"indexInfo":{"baseKey":"BY6O9ba/M/V5leI8+xZW8Yo1MqEfHGE0myskW41PSMkL","baseKeyType":1,"closed":-1,"used":1722224747180,"created":1722224747180,"remoteIdentityKey":"BTqMLOfI+fbLqmdPSTtlV7RY/PrC01DDKGgYDuuSArU1"},"_chains":{"BY5Mo16FXYSaKRBKb54ooOE2hGd228fmjogL0u8hKsJM":{"chainKey":{"counter":6,"key":"MOHqdn3AQkRUqvbLC03fP+bbDgYVeEwLoUGyk3eBWSc="},"chainType":1,"messageKeys":{}}},"pendingPreKey":{"signedKeyId":2,"baseKey":"BY6O9ba/M/V5leI8+xZW8Yo1MqEfHGE0myskW41PSMkL"}}},"version":"v1"}