{"_sessions":{"BT5vgN11xYIJ1doAsekxNKW74azd7nTU5iXgGCDrnTlc":{"registrationId":1187984159,"currentRatchet":{"ephemeralKeyPair":{"pubKey":"BVeK0HfJztyfqicpbj0O7l6wo3IoEDJ9Pb+vR5paoUBC","privKey":"QJ6x2q1f1VWSg/lT8pW1UQ9m1TKDmNFILZfSjnNRY2I="},"lastRemoteEphemeralKey":"Be2uJhfBU63/wpdHBf18KWNLCUtd4dlKtT4S3QyhA7he","previousCounter":0,"rootKey":"dQJgW4Z/SKWkCrARms4dR9e6ysuyY3blaOW1qjeO/eo="},"indexInfo":{"baseKey":"BT5vgN11xYIJ1doAsekxNKW74azd7nTU5iXgGCDrnTlc","baseKeyType":1,"closed":1722468921859,"used":1722450556005,"created":1722450556005,"remoteIdentityKey":"Bfkndt3QcS0hAwj9/EqsIWR50IIja2/8P+rkaP72Zdwe"},"_chains":{"BVeK0HfJztyfqicpbj0O7l6wo3IoEDJ9Pb+vR5paoUBC":{"chainKey":{"counter":5,"key":"7nQzuI6iDJZ0eeg8nto7wDxRkYqnL8lVpvnKAQu2aBM="},"chainType":1,"messageKeys":{}}},"pendingPreKey":{"signedKeyId":0,"baseKey":"BT5vgN11xYIJ1doAsekxNKW74azd7nTU5iXgGCDrnTlc","preKeyId":9693431}},"BZ6WXpAf1Fi/+w+ATzMCzVZM4uqG8bXLGS57384TTsUf":{"registrationId":325207840,"currentRatchet":{"ephemeralKeyPair":{"pubKey":"BQTEaYuMEdLDznWWweQyDccJfmvv4bMYXh344/udkMhE","privKey":"8P0Qv7AGsnJ2C4m4Lf+jD6G5WNAxjq0LnXxnYbvdrGg="},"lastRemoteEphemeralKey":"BcASul/ut9o2lbrN46k5OKQirOvw2wGY0gpFPQWIGZxN","previousCounter":0,"rootKey":"01MHgzU6mHGd8PtDHJMHVAIBcAVGOMncWtwHK9W+SZQ="},"indexInfo":{"baseKey":"BZ6WXpAf1Fi/+w+ATzMCzVZM4uqG8bXLGS57384TTsUf","baseKeyType":1,"closed":-1,"used":1722468921800,"created":1722468921800,"remoteIdentityKey":"BTDcmF5nwGSawEwri0BMLdRD6S19Lt+ntcJwaw8EVu9q"},"_chains":{"BQTEaYuMEdLDznWWweQyDccJfmvv4bMYXh344/udkMhE":{"chainKey":{"counter":2,"key":"STO0pkrvLB2VXdro/L23IsFkYXa6ji4Nqs6Iwh6qViY="},"chainType":1,"messageKeys":{}}},"pendingPreKey":{"signedKeyId":0,"baseKey":"BZ6WXpAf1Fi/+w+ATzMCzVZM4uqG8bXLGS57384TTsUf","preKeyId":5369934}}},"version":"v1"}