{"_sessions":{"BSxN5lXLURbqsac7c6rhI4o/xANKy+NvVTr4MoPg94c6":{"registrationId":1541588640,"currentRatchet":{"ephemeralKeyPair":{"pubKey":"BWtTakBUDVk1912UXYAMEZ9f7YcBEDGZaEmOTRkZw7Nv","privKey":"UHgkDY0zhurJz+7GYv3ISKPsFot/3Id63gLG6X9y/ng="},"lastRemoteEphemeralKey":"BbcJZqH9EADrWQN4+bwmTLsNY9X6fSzzcc/nQNmj1rBy","previousCounter":0,"rootKey":"4bu972nGTNG3iWH+txlTZMDK45rcRrnqYcMr6KoiATw="},"indexInfo":{"baseKey":"BSxN5lXLURbqsac7c6rhI4o/xANKy+NvVTr4MoPg94c6","baseKeyType":1,"closed":-1,"used":1722454513001,"created":1722454513001,"remoteIdentityKey":"Bedbbh38e8RAD98tak9hlx4W19OBpXLWCaA/nFa3jnUY"},"_chains":{"BWtTakBUDVk1912UXYAMEZ9f7YcBEDGZaEmOTRkZw7Nv":{"chainKey":{"counter":7,"key":"FCkvFs+4jwoy8YN0t8vdrZb3/2D+/GpQ4dFFP7aoUcg="},"chainType":1,"messageKeys":{}}},"pendingPreKey":{"signedKeyId":1,"baseKey":"BSxN5lXLURbqsac7c6rhI4o/xANKy+NvVTr4MoPg94c6","preKeyId":16680698}}},"version":"v1"}