{"_sessions":{"BYuqip5WLf8r/tk/ZdjYKdW7RCvByfrLekkRRjaec9w4":{"registrationId":1394161167,"currentRatchet":{"ephemeralKeyPair":{"pubKey":"BRaM6GAA1fvQyy1ONBpPvjZPO5hoYlxHuttiAzo9MHRO","privKey":"6GvT0HqMBip3L8WBli8b+MUe64r/+ZiNbiflj64ChFg="},"lastRemoteEphemeralKey":"BYipR+/nulCBQ0OnRF+IQ7mQ6xAsEwIDxTBDnAEBkolB","previousCounter":0,"rootKey":"1W49dHzi2Evu22of3ONXxtB6GaxC6z0ZeBYfHaUypXY="},"indexInfo":{"baseKey":"BYuqip5WLf8r/tk/ZdjYKdW7RCvByfrLekkRRjaec9w4","baseKeyType":1,"closed":-1,"used":1722454512161,"created":1722454512161,"remoteIdentityKey":"BSrv4vMFAwk1AVBhxOh968Jt4htuAz+FnssW1lcajbkk"},"_chains":{"BRaM6GAA1fvQyy1ONBpPvjZPO5hoYlxHuttiAzo9MHRO":{"chainKey":{"counter":7,"key":"x1spEj69WD6ySVRNuCffrKuTkz3uAeaA8Dq0fHg5Rmc="},"chainType":1,"messageKeys":{}}},"pendingPreKey":{"signedKeyId":0,"baseKey":"BYuqip5WLf8r/tk/ZdjYKdW7RCvByfrLekkRRjaec9w4","preKeyId":4199376}}},"version":"v1"}