{"_sessions":{"BQbmXS9l6WVe90AtFXAyZUFL8VfNIMYKgcKuR1HZSdVX":{"registrationId":6139,"currentRatchet":{"ephemeralKeyPair":{"pubKey":"BRDc5yrM5AM0+c/UK6fY307UE9216kiA0FcHWMKNh29Q","privKey":"MJHJV1m/YRhRjtI9Nk+DdKiXwMFlaaOjgzqBiD+IAnc="},"lastRemoteEphemeralKey":"BfcY25rdKyd6PP9PPTxMiPVamClqHRc3SD8Fe29hRltH","previousCounter":0,"rootKey":"E3l4XmJaDTEHcgPsLJGrNNbNC0NudqoYXnfqf0uuv48="},"indexInfo":{"baseKey":"BQbmXS9l6WVe90AtFXAyZUFL8VfNIMYKgcKuR1HZSdVX","baseKeyType":1,"closed":-1,"used":1722454510583,"created":1722454510583,"remoteIdentityKey":"Bf928SachyvaQp6kMWiIkTmOqMNDxj3sAoot687Z9Yha"},"_chains":{"BRDc5yrM5AM0+c/UK6fY307UE9216kiA0FcHWMKNh29Q":{"chainKey":{"counter":7,"key":"dIvJyGKrtX4YPeEMHMIVucLYNnsFhp5m1FxKWU6h2lA="},"chainType":1,"messageKeys":{}}},"pendingPreKey":{"signedKeyId":1,"baseKey":"BQbmXS9l6WVe90AtFXAyZUFL8VfNIMYKgcKuR1HZSdVX"}}},"version":"v1"}