{"_sessions":{"BS1dd3bGeWvaNHMdKisfiMcZjuRwZanYtyzOqJemE9gB":{"registrationId":771433468,"currentRatchet":{"ephemeralKeyPair":{"pubKey":"Bc+TaGMPjxMN8B8ps+r6ZSaPsTv3eYmk1m+UUApMAC5w","privKey":"yL70tDKFryFfbjPKYY1ALMJagEjSJiT01f1tW2Ze11Q="},"lastRemoteEphemeralKey":"BRJsuVdTvqhqmSPhFim2R2Cvt0L2rshbDEAMWE+E4bUe","previousCounter":0,"rootKey":"glv7w5zmJc5YbfS7Iu7TrnU+us0/eB805xx+J7G3USk="},"indexInfo":{"baseKey":"BS1dd3bGeWvaNHMdKisfiMcZjuRwZanYtyzOqJemE9gB","baseKeyType":1,"closed":-1,"used":1722302915484,"created":1722302915484,"remoteIdentityKey":"BfyKP75QSv45DP7yRztKKelId5ihQ6zK/RP+8pN7jzg3"},"_chains":{"Bc+TaGMPjxMN8B8ps+r6ZSaPsTv3eYmk1m+UUApMAC5w":{"chainKey":{"counter":76,"key":"ZzI+jkg3fbtjdpq63K5P8wzeVg8J6hMtW87now5eOfQ="},"chainType":1,"messageKeys":{}}},"pendingPreKey":{"signedKeyId":1,"baseKey":"BS1dd3bGeWvaNHMdKisfiMcZjuRwZanYtyzOqJemE9gB","preKeyId":5137324}}},"version":"v1"}