{"_sessions":{"Bcqa08nqAQj2BUlhgczMzU4mZ5Khbd7ca2bfJo43PMEu":{"registrationId":1677391831,"currentRatchet":{"ephemeralKeyPair":{"pubKey":"Bevwh4pS6a+gLJqVXQcDFE/lD0aE2dCU8z9Xxfl/yoYT","privKey":"mMgYSkIPtdfPweQ1b4oeSC1jY5HWM6gDgd1Q5E6/bXE="},"lastRemoteEphemeralKey":"BfcJ5fnh0hDRt86BDT9tID5zQYrtq6LbNyu3LK51xCJL","previousCounter":0,"rootKey":"ik4A5lH2W1RBqqioTVssHfM8RD1bfkRdCEzg+YtsAic="},"indexInfo":{"baseKey":"Bcqa08nqAQj2BUlhgczMzU4mZ5Khbd7ca2bfJo43PMEu","baseKeyType":1,"closed":-1,"used":1722224749586,"created":1722224749586,"remoteIdentityKey":"BbsvTDe+1d29IheYrnPM54564SnxVT+GCupey+zDlkgJ"},"_chains":{"Bevwh4pS6a+gLJqVXQcDFE/lD0aE2dCU8z9Xxfl/yoYT":{"chainKey":{"counter":6,"key":"pFkFX7jJX2j902qFou2xpDq85659wt3n8kf8jz3kCZw="},"chainType":1,"messageKeys":{}}},"pendingPreKey":{"signedKeyId":1,"baseKey":"Bcqa08nqAQj2BUlhgczMzU4mZ5Khbd7ca2bfJo43PMEu","preKeyId":9414989}}},"version":"v1"}