{"_sessions":{"Bfj1zmQvez4O+mNVJKMuG1qP/YeRlh5PSIHVDV+5LjZw":{"registrationId":127056479,"currentRatchet":{"ephemeralKeyPair":{"pubKey":"BcJgrq/P0lRvX0IAsC5UR0bQAuNN2d6JCuKlCe0vzxMM","privKey":"MHpDLx0m7sbfv7h7dS/t05lAocKXm4fF3hjlEtMsSl4="},"lastRemoteEphemeralKey":"BcNV5UMsMCQ4kkW9/JOHaLLLwkniPET7Y9hHeipeAA4i","previousCounter":0,"rootKey":"W0Uiq1YhpF7d3JHebbGjGpdhYU1kekpJsyxEFqLcyqc="},"indexInfo":{"baseKey":"Bfj1zmQvez4O+mNVJKMuG1qP/YeRlh5PSIHVDV+5LjZw","baseKeyType":1,"closed":-1,"used":1722224746487,"created":1722224746487,"remoteIdentityKey":"BWVjkIIRg8AsYk2kSJKrFmtVGJs6U07QlyA0w6Ua/H1c"},"_chains":{"BcJgrq/P0lRvX0IAsC5UR0bQAuNN2d6JCuKlCe0vzxMM":{"chainKey":{"counter":6,"key":"fFUF56J2y1BveE1n6CpbNKAvEZ1cxE517f2Fo2btP8s="},"chainType":1,"messageKeys":{}}},"pendingPreKey":{"signedKeyId":0,"baseKey":"Bfj1zmQvez4O+mNVJKMuG1qP/YeRlh5PSIHVDV+5LjZw"}}},"version":"v1"}