{"_sessions":{"BcWMe0lIitX5BVtOC98o78AeipEybFRCfW8aLx+vdKcY":{"registrationId":1171313484,"currentRatchet":{"ephemeralKeyPair":{"pubKey":"Bd1iUHT4n2HOwN3qt67sbB7o8LYMRV7f7F1XBbTi5FYs","privKey":"oMlr3eFtFbUP0EUhFOcIaIa+0yaaDqVVu6AfLLGbdlA="},"lastRemoteEphemeralKey":"BdywlwoKfIn15LYrUZQNxgdldvzdPF1S0m0mgfTZCsA+","previousCounter":0,"rootKey":"9Utc5XZkNPNQalykPXw4OKUo0f12mDC+ZRJiMWNAIsg="},"indexInfo":{"baseKey":"BcWMe0lIitX5BVtOC98o78AeipEybFRCfW8aLx+vdKcY","baseKeyType":1,"closed":-1,"used":1722224746598,"created":1722224746598,"remoteIdentityKey":"BeMcMdHLbrnG3aESR+kwIJFXyCXiykN41aSb/HEImuUB"},"_chains":{"Bd1iUHT4n2HOwN3qt67sbB7o8LYMRV7f7F1XBbTi5FYs":{"chainKey":{"counter":6,"key":"7F4W36lOJGH3nSZDLUv4iJHqFxPwSSn7KDzK5PRYmYQ="},"chainType":1,"messageKeys":{}}},"pendingPreKey":{"signedKeyId":0,"baseKey":"BcWMe0lIitX5BVtOC98o78AeipEybFRCfW8aLx+vdKcY","preKeyId":13253008}}},"version":"v1"}