{"_sessions":{"BfuOT+/3bAHH6CBAx1jHhaQzxRI2KSGofw8pup6ZtCxj":{"registrationId":15038,"currentRatchet":{"ephemeralKeyPair":{"pubKey":"BZq3vO65tCESk9OCRv2dnZsd3iq8hU4e3vMEL7olLbE3","privKey":"eLOYnug4ti+2XwDEByJeqfSvnBrYXV1sHZmeJpEWj1c="},"lastRemoteEphemeralKey":"BZOXENlGLBpgQJIV8tvhv+dA+3UyUeK29U8KIwouEnZi","previousCounter":0,"rootKey":"ScZ+3M2pLsajdIhQ0+AgiOMTTjWg5JHMygqDgyX9Ohk="},"indexInfo":{"baseKey":"BfuOT+/3bAHH6CBAx1jHhaQzxRI2KSGofw8pup6ZtCxj","baseKeyType":1,"closed":-1,"used":1722224745705,"created":1722224745705,"remoteIdentityKey":"BbmK4j7PqJgFWV0w4ZfX/Pl0B+An+I6aWpz/yiJBbQF9"},"_chains":{"BZq3vO65tCESk9OCRv2dnZsd3iq8hU4e3vMEL7olLbE3":{"chainKey":{"counter":6,"key":"FgJEyD5PHgEBYPw7NrsJXaocpAhIWBsi7tEZd1OLACU="},"chainType":1,"messageKeys":{}}},"pendingPreKey":{"signedKeyId":1,"baseKey":"BfuOT+/3bAHH6CBAx1jHhaQzxRI2KSGofw8pup6ZtCxj"}}},"version":"v1"}