{"_sessions":{"BT7PIB3Ir1AHfMSNOyDP9rUvtdenLcbr68oxcOHMr6Zq":{"registrationId":242,"currentRatchet":{"ephemeralKeyPair":{"pubKey":"BSkXQRS9O5W3mECOZdI+il6DllwcQQq7JF/BVUcJW88N","privKey":"8NKt7hLVBkzHxZmaOf0Njohy+jXPhjeudUlGUVu1930="},"lastRemoteEphemeralKey":"BZBkCgwaRNj2olyoff7IhEOL6EuXRhevK1Vc8YFYxcsG","previousCounter":0,"rootKey":"gN4w6iXTyXkBjt91FWBYpnS8hc1iylN7++5TSrsCHOk="},"indexInfo":{"baseKey":"BT7PIB3Ir1AHfMSNOyDP9rUvtdenLcbr68oxcOHMr6Zq","baseKeyType":1,"closed":-1,"used":1722454850859,"created":1722454511381,"remoteIdentityKey":"BZdfMmpW6SdNjCk90QjTYS4rTZujQXdhJ9KBNJaDkJoq"},"_chains":{"BZBkCgwaRNj2olyoff7IhEOL6EuXRhevK1Vc8YFYxcsG":{"chainKey":{"counter":0,"key":"GuVvNd/Em2DDeWCRJZIrayd/60LsMj27agpZtt266yU="},"chainType":2,"messageKeys":{}},"BSkXQRS9O5W3mECOZdI+il6DllwcQQq7JF/BVUcJW88N":{"chainKey":{"counter":0,"key":"B9kkcfqyXd8vSQVOAn6Im//JknvQFLYxVom08ZxQ24c="},"chainType":1,"messageKeys":{}}}}},"version":"v1"}