{"_sessions":{"BTn4wNZ+et/Nup+Hha/FiORyq/tlsuUyZ9BD9/9ESxgC":{"registrationId":1255557801,"currentRatchet":{"ephemeralKeyPair":{"pubKey":"BdsrpsHSOeA+pi6nZD8s0dHwBKLhyj1+OuN2srg1JD1N","privKey":"0HBX+FlWfI7pQB1a+FaEC0p+MnZMWn4qpHSbOwtoKls="},"lastRemoteEphemeralKey":"BU75ISghw3P/OHRUkFGZzDaXwrbaPa8q096qM+9cZcF0","previousCounter":0,"rootKey":"ptfDP3zYs5bnhzCCjIRLJ+HWzQh2aGlNvMa1ZQXZGKw="},"indexInfo":{"baseKey":"BTn4wNZ+et/Nup+Hha/FiORyq/tlsuUyZ9BD9/9ESxgC","baseKeyType":1,"closed":-1,"used":1722310094758,"created":1722310086208,"remoteIdentityKey":"BZzwYipN8G2nbzg5MaYtT0m/qbQGnG5V0u7Crjp5X59Q"},"_chains":{"BU75ISghw3P/OHRUkFGZzDaXwrbaPa8q096qM+9cZcF0":{"chainKey":{"counter":0,"key":"WgE9wDKC/fasSaeOmHwg1q2Ag7grhkly++rAqKg+sIs="},"chainType":2,"messageKeys":{}},"BdsrpsHSOeA+pi6nZD8s0dHwBKLhyj1+OuN2srg1JD1N":{"chainKey":{"counter":62,"key":"e2GYop+81D8IOETt7jBm8feTIu81yr4hgAJzvkcIbc4="},"chainType":1,"messageKeys":{}}}}},"version":"v1"}