{"_sessions":{"BYE/BwqdCmWl+67CvGfAZuq3I+j0jXP7OlCT5ExeIaBz":{"registrationId":808416068,"currentRatchet":{"ephemeralKeyPair":{"pubKey":"Bf6xeVU6pHSleLr18ScIpAkCq2sOhE3uWurMxLCVSs1y","privKey":"4IXo29VeT1GWePCJifDrHHVKJACaGV8bfxis6V3NZHA="},"lastRemoteEphemeralKey":"BW2aLWL2/ViPBAlUWw630lEsYxshFvHwI46hnxdqT9x1","previousCounter":0,"rootKey":"aXrsodcBVtNqlUwGuCQnRVLmR82cBdaDXQ9JtA7rbi0="},"indexInfo":{"baseKey":"BYE/BwqdCmWl+67CvGfAZuq3I+j0jXP7OlCT5ExeIaBz","baseKeyType":1,"closed":-1,"used":1722224746810,"created":1722224746810,"remoteIdentityKey":"BTwFulgal9eviP9XjZInCmbxC+0/gE2+UI1yOJN4j4RR"},"_chains":{"Bf6xeVU6pHSleLr18ScIpAkCq2sOhE3uWurMxLCVSs1y":{"chainKey":{"counter":6,"key":"PQ/PTjMXn4e/ikELyusKFSvRFgdBotZqaF1TqRSlYKE="},"chainType":1,"messageKeys":{}}},"pendingPreKey":{"signedKeyId":24,"baseKey":"BYE/BwqdCmWl+67CvGfAZuq3I+j0jXP7OlCT5ExeIaBz","preKeyId":5636349}}},"version":"v1"}