{"_sessions":{"BX2RO6lBg7vgyA/7LX6FXzxijNex3Fdx9IpE5sRtnm5o":{"registrationId":364832213,"currentRatchet":{"ephemeralKeyPair":{"pubKey":"BWIU6cdc5L+/3gitmoAWgDYY8Y7nCSRbIrae5dKuWiVi","privKey":"QKHU+LntokXP4Is921zbcC99zkYeJJ29kZImvHfiaGM="},"lastRemoteEphemeralKey":"BSemYafz7z5F9paKALbg64wS5H0WnsH2KjqiYC/DcuAM","previousCounter":0,"rootKey":"sClTF+eoU21Ikn7BQtF216onpaNIEDjGXg5doSIEFR4="},"indexInfo":{"baseKey":"BX2RO6lBg7vgyA/7LX6FXzxijNex3Fdx9IpE5sRtnm5o","baseKeyType":1,"closed":-1,"used":1722224746866,"created":1722224746866,"remoteIdentityKey":"Bbod4+aeXINgaje4rdTATwgS16LnuZcStjxktlCJ4yQx"},"_chains":{"BWIU6cdc5L+/3gitmoAWgDYY8Y7nCSRbIrae5dKuWiVi":{"chainKey":{"counter":6,"key":"3SFPuI7d8wWhUeFm2GHWEwB2VkpRueRzgkTV9wLhlU0="},"chainType":1,"messageKeys":{}}},"pendingPreKey":{"signedKeyId":0,"baseKey":"BX2RO6lBg7vgyA/7LX6FXzxijNex3Fdx9IpE5sRtnm5o","preKeyId":11602970}}},"version":"v1"}