{"_sessions":{"BW/6vt6D7cvRcKKSX3Qn1aTuqrpLNohybUSLmWgVSDIG":{"registrationId":148254659,"currentRatchet":{"ephemeralKeyPair":{"pubKey":"Bd9c1WM0WIRLA89BJLeckKUDXG8gjfnknjVGRUfZQg1U","privKey":"eH+IV6mzELIBIzWOl6jMOU5c0gigddqg/f5eck1rgFA="},"lastRemoteEphemeralKey":"BacWsSkXVQGDDsXuV+4vFC9A6HME282ZIjAG1in6m9k8","previousCounter":0,"rootKey":"RwXOyzzWqt2JRk34edm7mJDqLGxd6FHMImBenaFzqxM="},"indexInfo":{"baseKey":"BW/6vt6D7cvRcKKSX3Qn1aTuqrpLNohybUSLmWgVSDIG","baseKeyType":1,"closed":-1,"used":1722224746165,"created":1722224746165,"remoteIdentityKey":"BeAoza4pAoXFm1yw/MWh4CvGEZiQ9O9TeqCYFPzOuTAX"},"_chains":{"Bd9c1WM0WIRLA89BJLeckKUDXG8gjfnknjVGRUfZQg1U":{"chainKey":{"counter":6,"key":"un1MW261UMA4FrhnQGStM4HThyfVcnrY82zoumbMq/Y="},"chainType":1,"messageKeys":{}}},"pendingPreKey":{"signedKeyId":1,"baseKey":"BW/6vt6D7cvRcKKSX3Qn1aTuqrpLNohybUSLmWgVSDIG"}}},"version":"v1"}