{"_sessions":{"BahEf8Uk5AojyHhWwOCwZKMmlgMJV88L/BLhhHmdiklf":{"registrationId":555834778,"currentRatchet":{"ephemeralKeyPair":{"pubKey":"BQdXefijZUWkwDdf4nEPja0zzy5/nvWWBHZ2Ri0nTURM","privKey":"0KuWx9OeOK2vKg3e4wkMLXsr2CXd7B54T1+Ia+kawkI="},"lastRemoteEphemeralKey":"BefEnvlccDfKt5LkxAkCkBJGpnyUCApWGJQmxOI6ltp7","previousCounter":0,"rootKey":"MaY/Qfh522sUKLZrcS93OZjBiUoYGEk0ChC67rKLl7o="},"indexInfo":{"baseKey":"BahEf8Uk5AojyHhWwOCwZKMmlgMJV88L/BLhhHmdiklf","baseKeyType":1,"closed":-1,"used":1722454513303,"created":1722454513303,"remoteIdentityKey":"BQHx3KZeOEW4SKkN3BOFC64rZSjmXK6v3iiOyp7/gIUW"},"_chains":{"BQdXefijZUWkwDdf4nEPja0zzy5/nvWWBHZ2Ri0nTURM":{"chainKey":{"counter":7,"key":"0puaudN2hromPgrmGl+6RrQNGqEsMjACiPgHWz0CgoE="},"chainType":1,"messageKeys":{}}},"pendingPreKey":{"signedKeyId":0,"baseKey":"BahEf8Uk5AojyHhWwOCwZKMmlgMJV88L/BLhhHmdiklf"}}},"version":"v1"}