{"_sessions":{"BXop6brlZu5Yb3Teehtp3i6acADNhNU3aqwh0erlHZ5m":{"registrationId":125815457,"currentRatchet":{"ephemeralKeyPair":{"pubKey":"BVPunXKUproFrhtjkOdcxIdNY9qSv6R2TncDkbYz9xpy","privKey":"CG1aVmRFIYnpbCxDZHNpRFCc3Ri+oHc94hFLRK8sIVE="},"lastRemoteEphemeralKey":"BdGI66c9r7fPYjKzaopgDzIPj99SliTtNTCn9ixtzNAQ","previousCounter":0,"rootKey":"BVyEbpYx30GkSYWDOZDvI+fxx9hCauyGxDG98laIvQI="},"indexInfo":{"baseKey":"BXop6brlZu5Yb3Teehtp3i6acADNhNU3aqwh0erlHZ5m","baseKeyType":1,"closed":-1,"used":1722302914784,"created":1722302914784,"remoteIdentityKey":"BbOxtL4PLuce/SQm/RFbHYlO+SEiYCq4dQUOSSRVoWF5"},"_chains":{"BVPunXKUproFrhtjkOdcxIdNY9qSv6R2TncDkbYz9xpy":{"chainKey":{"counter":76,"key":"ZfrHaMdta4w8iNI/5uBKCqMsbCQBRPJ8QXVnsPctRiU="},"chainType":1,"messageKeys":{}}},"pendingPreKey":{"signedKeyId":20,"baseKey":"BXop6brlZu5Yb3Teehtp3i6acADNhNU3aqwh0erlHZ5m"}}},"version":"v1"}