{"_sessions":{"BXJaS6f3APKH0G1WZsnFDKS7K0plFmrR/pcICXmRP9sP":{"registrationId":837873616,"currentRatchet":{"ephemeralKeyPair":{"pubKey":"BRrV3Hmc8nTJhRQoR/BropdBo7zAKSC2YwaUV5JnOWg/","privKey":"GM0g54FGDfAoGzVQY8e8qUDU+IJcwJYdH5M63Joj3H0="},"lastRemoteEphemeralKey":"Be7UbY9dtB4AOf5AQjja3g02HV5ec77ybzyqP1zs+995","previousCounter":0,"rootKey":"ncMoWWZf1ojpjE6I7dfCg3AN5qKKy3r3HhJ/UJOVto8="},"indexInfo":{"baseKey":"BXJaS6f3APKH0G1WZsnFDKS7K0plFmrR/pcICXmRP9sP","baseKeyType":1,"closed":-1,"used":1722302914992,"created":1722302914992,"remoteIdentityKey":"BXfmJEjPSOaBfJuza8JXMOq9dOmHMVy4lEvScQ9bS+YK"},"_chains":{"BRrV3Hmc8nTJhRQoR/BropdBo7zAKSC2YwaUV5JnOWg/":{"chainKey":{"counter":76,"key":"kc/LCalqNNiKPOGX4S/1EXjpLmj2fbuU8RsJfCmL8S0="},"chainType":1,"messageKeys":{}}},"pendingPreKey":{"signedKeyId":1,"baseKey":"BXJaS6f3APKH0G1WZsnFDKS7K0plFmrR/pcICXmRP9sP","preKeyId":691065}}},"version":"v1"}