{"_sessions":{"BaWz/uSSELMlUhBgCYFpdcDdtFg0gH+Jk0Dca4UORlt4":{"registrationId":1056375406,"currentRatchet":{"ephemeralKeyPair":{"pubKey":"BdoDSmZozWAHj1XaYb2AUq5SYUiUh6PyrD5YgIS7WaxK","privKey":"uCXtG75o0xfyvwWeo65sNh2K5kewoVYjPG+HgK9CoFI="},"lastRemoteEphemeralKey":"BXLriQM1uDPmNBY7mqx3kvZxssYpgEUQKdgbSo7gVgAP","previousCounter":0,"rootKey":"kWLGVwvmRmD4xh3xYQF4tOxhcPmz/eZy764EvZRMiGA="},"indexInfo":{"baseKey":"BaWz/uSSELMlUhBgCYFpdcDdtFg0gH+Jk0Dca4UORlt4","baseKeyType":1,"closed":-1,"used":1722224747463,"created":1722224747463,"remoteIdentityKey":"BavD9JJ+WawMWzxu0SF0rdWYnnzW3UTo9Nl7jpqTQq4I"},"_chains":{"BdoDSmZozWAHj1XaYb2AUq5SYUiUh6PyrD5YgIS7WaxK":{"chainKey":{"counter":6,"key":"0zT87MWQq0tupsNQL24qytgR4wV0Ud6j2ONZDmOIE5w="},"chainType":1,"messageKeys":{}}},"pendingPreKey":{"signedKeyId":1,"baseKey":"BaWz/uSSELMlUhBgCYFpdcDdtFg0gH+Jk0Dca4UORlt4"}}},"version":"v1"}