{"_sessions":{"BeURkP0N0tTsmlkLunmBIUmoABhjZV41z8xxdIBi5pYz":{"registrationId":340385851,"currentRatchet":{"ephemeralKeyPair":{"pubKey":"BXn6zfoDOQ4AriSE7TudwLySYLNc97Gz8JaHolfyIp5s","privKey":"GGiABOTuKOuTICOfnZqhRzdryU/ghEslm9DpUAbkzmY="},"lastRemoteEphemeralKey":"BQZbpcc3HBELK5psoMoxN9uK9pvJV+nzo5d+EcrvzVkR","previousCounter":0,"rootKey":"/1KJ+1aYzBsCDh3uapk+7mI3egZfzaRWzocBIa98/2E="},"indexInfo":{"baseKey":"BeURkP0N0tTsmlkLunmBIUmoABhjZV41z8xxdIBi5pYz","baseKeyType":1,"closed":-1,"used":1722224749197,"created":1722224749197,"remoteIdentityKey":"Bad9xyZI94jxGsz+Vbv6GgC1aLblRDjKe/pExuzFnpRG"},"_chains":{"BXn6zfoDOQ4AriSE7TudwLySYLNc97Gz8JaHolfyIp5s":{"chainKey":{"counter":6,"key":"4QgYc2WO19cWwApWWmC1n8huigTSjrQ+y26xGqyuDlM="},"chainType":1,"messageKeys":{}}},"pendingPreKey":{"signedKeyId":13,"baseKey":"BeURkP0N0tTsmlkLunmBIUmoABhjZV41z8xxdIBi5pYz","preKeyId":8202015}}},"version":"v1"}