{"_sessions":{"BcKCZU0HrRVXbQXqrVnO4t9yZzDKc9jKJmKW+24Wa0QH":{"registrationId":2049351664,"currentRatchet":{"ephemeralKeyPair":{"pubKey":"BUNGCdBDc4c4nEQ0wZMKZjFTdyMRzJZBhUC6DGtn9YwG","privKey":"kKO6T3rfdPjsMfbdtwE4o6AKUSrtYqupBvDZjr6wj3g="},"lastRemoteEphemeralKey":"BYtg78qf0IPHnxe5J5M+Ib9YEV+JUvUh/0EJ+ir4rqce","previousCounter":0,"rootKey":"eKsvZavASs6dCE+ibfPXopMqQD7OF1Vv6MpcevH611c="},"indexInfo":{"baseKey":"BcKCZU0HrRVXbQXqrVnO4t9yZzDKc9jKJmKW+24Wa0QH","baseKeyType":1,"closed":-1,"used":1722302915469,"created":1722302915469,"remoteIdentityKey":"BTKw3EfOavnBEOMeSjbeeREnPQP89efq4sjt0yrdHnhO"},"_chains":{"BUNGCdBDc4c4nEQ0wZMKZjFTdyMRzJZBhUC6DGtn9YwG":{"chainKey":{"counter":76,"key":"S8qSt1PK34roik0FWxK8p5QHU+EOoH5/kaQjz8CR0p8="},"chainType":1,"messageKeys":{}}},"pendingPreKey":{"signedKeyId":0,"baseKey":"BcKCZU0HrRVXbQXqrVnO4t9yZzDKc9jKJmKW+24Wa0QH"}}},"version":"v1"}