{"_sessions":{"BeoUNxx0dmzMxvEvwqq4h+EljxLnHuvOR2Tf6v+pN5cJ":{"registrationId":711849739,"currentRatchet":{"ephemeralKeyPair":{"pubKey":"BX3LfFTqLbr3/wMgeMKQI2P1Ocx//QQRXtYEC8g2hdNA","privKey":"kMOZA2ott/deSbnk86fn0cxPVDxJXaecLcDylkfnU2E="},"lastRemoteEphemeralKey":"Bb3gzh2wjOm6bA4+JrcP24rRdpzBUn5DFwMTNuNXkyE5","previousCounter":0,"rootKey":"/D3VldiHhEgwsbi/aDWNTW/E5tXEjhVVhuom8ni6yWU="},"indexInfo":{"baseKey":"BeoUNxx0dmzMxvEvwqq4h+EljxLnHuvOR2Tf6v+pN5cJ","baseKeyType":1,"closed":-1,"used":1722224748993,"created":1722224748993,"remoteIdentityKey":"Bc8hv7BFuphqe6sS3PtxxEPXKa65ZUC2vmUMQRF3omA+"},"_chains":{"BX3LfFTqLbr3/wMgeMKQI2P1Ocx//QQRXtYEC8g2hdNA":{"chainKey":{"counter":6,"key":"zFZBNYBz3tvCog6ZyBgyhmKPgfZ/QHSypa8Z+nBqWnY="},"chainType":1,"messageKeys":{}}},"pendingPreKey":{"signedKeyId":8,"baseKey":"BeoUNxx0dmzMxvEvwqq4h+EljxLnHuvOR2Tf6v+pN5cJ","preKeyId":10314225}}},"version":"v1"}