{"_sessions":{"BYK55mzoGLPSo8XXPqSpy2PsDhP8P0DmhXWCh0wKhCpb":{"registrationId":782639711,"currentRatchet":{"ephemeralKeyPair":{"pubKey":"BfoeK7XsvDnDQpYFmoUwnaCw6dszz89agmGVg8WNp5pR","privKey":"6LBlZ3Dopvrss6Ob1PfUtR5IBnzq33jQRe5hXQW5rX8="},"lastRemoteEphemeralKey":"BSeoln405+ts3ErEdgf9oqueJVwOoVUnc+9zy0TE6lE8","previousCounter":0,"rootKey":"D6tGK/BdOFebLXtIkR/9AyeIGxP6dXFd2jXqqSYy7Xs="},"indexInfo":{"baseKey":"BYK55mzoGLPSo8XXPqSpy2PsDhP8P0DmhXWCh0wKhCpb","baseKeyType":1,"closed":-1,"used":1722454512463,"created":1722454512463,"remoteIdentityKey":"BcGfc7iVABIyYF8nKV2wTwM6sDRHFoxEpLv7CdP7+DFY"},"_chains":{"BfoeK7XsvDnDQpYFmoUwnaCw6dszz89agmGVg8WNp5pR":{"chainKey":{"counter":7,"key":"u0Y3wTiapCIArvGvA9wN5sQELNjeyTjk61gCww7mGPY="},"chainType":1,"messageKeys":{}}},"pendingPreKey":{"signedKeyId":0,"baseKey":"BYK55mzoGLPSo8XXPqSpy2PsDhP8P0DmhXWCh0wKhCpb","preKeyId":9074811}}},"version":"v1"}