{"_sessions":{"BQVkIvhobQ8MuksuUEIqTYXReKSIA00rrjbjt6jYcvV5":{"registrationId":107,"currentRatchet":{"ephemeralKeyPair":{"pubKey":"BdOIP0FCHsWgPLaEx8rTyqF4ry9BYBMFCSWbMJGj8YhP","privKey":"cLgOHmTLhXAxlqtqlrbNlmzgTKUe5TGvW1odQpFX1FI="},"lastRemoteEphemeralKey":"BTs/hbYpIk6giy4ex4srJ6dOa5qDUB2gyN84F9/bcZNt","previousCounter":0,"rootKey":"Og0QwdK1vPvS1LQ4Dstr9fnBp819Yv2ct2ZXRFiZs4o="},"indexInfo":{"baseKey":"BQVkIvhobQ8MuksuUEIqTYXReKSIA00rrjbjt6jYcvV5","baseKeyType":1,"closed":-1,"used":1722302914267,"created":1722302914267,"remoteIdentityKey":"BeFiUlxqpsEKD63zRxZCpH90+QGwwGeSYL9/5Wn4WvM/"},"_chains":{"BdOIP0FCHsWgPLaEx8rTyqF4ry9BYBMFCSWbMJGj8YhP":{"chainKey":{"counter":76,"key":"JXg2x3QMt+ufs+QOfBOOe9/OOPJuzr4lGuHQUwXlcv4="},"chainType":1,"messageKeys":{}}},"pendingPreKey":{"signedKeyId":1,"baseKey":"BQVkIvhobQ8MuksuUEIqTYXReKSIA00rrjbjt6jYcvV5"}}},"version":"v1"}