{"_sessions":{"BaSRQrZyefJOkj3eOf22pCNzjlKj10XsLK//wCDbh6tY":{"registrationId":1005248827,"currentRatchet":{"ephemeralKeyPair":{"pubKey":"BTxpHigT6th3f0UHMXwOYbXcbCOqygmYXqNxUWWy1Z5A","privKey":"ILMEfJVCum41KKOQF6YdgQtjMdnlwWwcdEJX9e7ftXU="},"lastRemoteEphemeralKey":"BYAc058qjErsGmK9XDK0YPIj285J2mqZ2DcaTkQGuMM9","previousCounter":0,"rootKey":"RvnbF9AKTbrZKX20n+3ziyK/KHDgbNdIfUfQHlECIlA="},"indexInfo":{"baseKey":"BaSRQrZyefJOkj3eOf22pCNzjlKj10XsLK//wCDbh6tY","baseKeyType":1,"closed":-1,"used":1722454511472,"created":1722454511472,"remoteIdentityKey":"Bc7hSTVVqyp6uc3cTpHvFDXcOrLPN0mRr0i7sHMxg5N0"},"_chains":{"BTxpHigT6th3f0UHMXwOYbXcbCOqygmYXqNxUWWy1Z5A":{"chainKey":{"counter":7,"key":"7wbJvtHdEGV4FrXO2aubRL2uxL8MG2PuocI6MeM5ZoI="},"chainType":1,"messageKeys":{}}},"pendingPreKey":{"signedKeyId":1,"baseKey":"BaSRQrZyefJOkj3eOf22pCNzjlKj10XsLK//wCDbh6tY"}}},"version":"v1"}