{"_sessions":{"BfWQdA2E4oLDeHjFYIQCs+pkohuRl0WfBDEEeXIZIMkc":{"registrationId":1593100235,"currentRatchet":{"ephemeralKeyPair":{"pubKey":"Bc+ys+zPNBRc6y8JC/xMiJwuudyCIBzgbcuID2Bq8Usz","privKey":"aK8ogQt1diLm8PTvf2XEjphs0eMOFAiIA5C76x7xRU8="},"lastRemoteEphemeralKey":"BYAPxybbQeAlAK897y85C8CVG2wPdm7Isv56XC4MuGE/","previousCounter":0,"rootKey":"j+qOvYOCpzDR1D4YjP31RxqUcr1YCvNFPBiQi9tKHGc="},"indexInfo":{"baseKey":"BfWQdA2E4oLDeHjFYIQCs+pkohuRl0WfBDEEeXIZIMkc","baseKeyType":1,"closed":-1,"used":1722224749393,"created":1722224749393,"remoteIdentityKey":"BVe0k7jGwOE4PKmoEIp+wfLX77gvwnHimil4hjWXl29l"},"_chains":{"Bc+ys+zPNBRc6y8JC/xMiJwuudyCIBzgbcuID2Bq8Usz":{"chainKey":{"counter":6,"key":"6vDMy/ATjhN7wT5/XpU3wcVsdlpyua2TR4o99c5bi3E="},"chainType":1,"messageKeys":{}}},"pendingPreKey":{"signedKeyId":0,"baseKey":"BfWQdA2E4oLDeHjFYIQCs+pkohuRl0WfBDEEeXIZIMkc","preKeyId":568036}}},"version":"v1"}