{"_sessions":{"BVlpdMTwMFq0q6X0dTTusW/TwpHMSArJdafSSLCJuaVO":{"registrationId":372437769,"currentRatchet":{"ephemeralKeyPair":{"pubKey":"BcCKUr5hP74Hpx+cmmsHYfV1SsZTw9xElFdsmSLZGD9n","privKey":"qECqeOCWW1Of2/7K0i8+0byxAyZhSOxnU46BL00iwFc="},"lastRemoteEphemeralKey":"BaVH0ssaCGs2Z/8FeAJ/SEqeTbgTZgnfd/HKYbz4pdId","previousCounter":0,"rootKey":"hMIdc4BY9DeUTPZJAf1LVrsccijuAsOHGyDSGGipM/k="},"indexInfo":{"baseKey":"BVlpdMTwMFq0q6X0dTTusW/TwpHMSArJdafSSLCJuaVO","baseKeyType":1,"closed":-1,"used":1722454511401,"created":1722454511401,"remoteIdentityKey":"BSXpzLHJ8TP83P/undNOshPMZob8bOJ454mDG1S9n7Eo"},"_chains":{"BcCKUr5hP74Hpx+cmmsHYfV1SsZTw9xElFdsmSLZGD9n":{"chainKey":{"counter":7,"key":"LNywbsS5NytM8MEuM9YxrF2cQKzrTX9MqXPXIKL9t20="},"chainType":1,"messageKeys":{}}},"pendingPreKey":{"signedKeyId":4081125,"baseKey":"BVlpdMTwMFq0q6X0dTTusW/TwpHMSArJdafSSLCJuaVO","preKeyId":256242}}},"version":"v1"}