{"_sessions":{"BfXAnJlAcmIqn2O8j3bn1KghewJW3ewubc89AQk3NX8z":{"registrationId":6168,"currentRatchet":{"ephemeralKeyPair":{"pubKey":"BZ+XoBi80Wx94vsnRQiJqszgqDe4ntFN1Yzl1EHAk19A","privKey":"UCkMZAQKZF4ZXIdH0WrLrgksrbQeAMBShFMJgex5nXI="},"lastRemoteEphemeralKey":"BQ+YBldlw0tv1XEeSIFjmqV/jb2Sp33uQ9e9mbso1OYu","previousCounter":0,"rootKey":"WmkCJHvpAwn6x2/KeRskvu3oLb0P8K+AYLnllboDiV8="},"indexInfo":{"baseKey":"BfXAnJlAcmIqn2O8j3bn1KghewJW3ewubc89AQk3NX8z","baseKeyType":1,"closed":-1,"used":1722224746277,"created":1722224746277,"remoteIdentityKey":"BZlbN396Sx5Jj8i1CQ8nEtZmXcvl2GxohOR8qdsuCqMq"},"_chains":{"BZ+XoBi80Wx94vsnRQiJqszgqDe4ntFN1Yzl1EHAk19A":{"chainKey":{"counter":6,"key":"2H3Wa5FdvGiEdzjtLHcjEkeeVyyig7dXGGk6+qQSo1Q="},"chainType":1,"messageKeys":{}}},"pendingPreKey":{"signedKeyId":1,"baseKey":"BfXAnJlAcmIqn2O8j3bn1KghewJW3ewubc89AQk3NX8z"}}},"version":"v1"}