{"_sessions":{"BWfDYuk2V/58x+FtfzMLKK3dYKDsXxS/Ku3E0vQ3ayQ9":{"registrationId":619703886,"currentRatchet":{"ephemeralKeyPair":{"pubKey":"BTjKMa55IkmE4fTDvuIfsQrekoBDITcLBVTIc1svorwM","privKey":"KCRxwiu8bm2Qcf8BZKtEqRM2LlON1O2fZ9U9zotYZWs="},"lastRemoteEphemeralKey":"Bf4pbWvqjtw7y2IEpv3hvvc7L3VUJ2d4PxkrfSlzpyJR","previousCounter":0,"rootKey":"1G8BZiWw8qLxp3U6EkdEs3/ku9jNpGjuLdv/bKyxymM="},"indexInfo":{"baseKey":"BWfDYuk2V/58x+FtfzMLKK3dYKDsXxS/Ku3E0vQ3ayQ9","baseKeyType":1,"closed":-1,"used":1722224747804,"created":1722224747804,"remoteIdentityKey":"BTMSSOwiovDai+uoVaSw3r0nktX+IZ9eDNu1iXTG4JNE"},"_chains":{"BTjKMa55IkmE4fTDvuIfsQrekoBDITcLBVTIc1svorwM":{"chainKey":{"counter":6,"key":"TPbNp+eLasDAO9ZRteiRTcdvpdxCmpfEPfmkpzY9Abg="},"chainType":1,"messageKeys":{}}},"pendingPreKey":{"signedKeyId":1,"baseKey":"BWfDYuk2V/58x+FtfzMLKK3dYKDsXxS/Ku3E0vQ3ayQ9","preKeyId":7301060}}},"version":"v1"}