{"_sessions":{"BaNRLFnVJdNnjgnDjPDO4zjTO+NVx8ogjcygjyE84o4Q":{"registrationId":103825630,"currentRatchet":{"ephemeralKeyPair":{"pubKey":"BZIyt2w89TpcfogvIVaB7zo6OiEaZcNk83qCpq2onhwd","privKey":"CFmok6e+z9NAgBLcjcldmXKZAbA8zXydGdBeu/Rtw2Q="},"lastRemoteEphemeralKey":"BcDa5uLovxdZkYA+FtVWiB6gGjUsiW2zOmrPNwdWoTch","previousCounter":0,"rootKey":"wB5yO14kxuTm42Cwxzx53jR6Mcm3gDY+WqXmWb5gDfY="},"indexInfo":{"baseKey":"BaNRLFnVJdNnjgnDjPDO4zjTO+NVx8ogjcygjyE84o4Q","baseKeyType":1,"closed":-1,"used":1722302914772,"created":1722302914772,"remoteIdentityKey":"BQmUNXMtYM7qiJnQeuQ7ZuXdoBQjeFYyUnl8e6EZr8gB"},"_chains":{"BZIyt2w89TpcfogvIVaB7zo6OiEaZcNk83qCpq2onhwd":{"chainKey":{"counter":76,"key":"p1AUr/t96Jf/uDgkfvbVOGm151jHAQRGUgv0XgEwooc="},"chainType":1,"messageKeys":{}}},"pendingPreKey":{"signedKeyId":10,"baseKey":"BaNRLFnVJdNnjgnDjPDO4zjTO+NVx8ogjcygjyE84o4Q","preKeyId":6777756}}},"version":"v1"}