{"_sessions":{"Beyb9ZKz9IRZzcYiBCus4WFHjzdGTLlBmtAq+ATtAx9W":{"registrationId":593112319,"currentRatchet":{"ephemeralKeyPair":{"pubKey":"BSqlVt/fNupg4SDvQjbATNzCfhPgwKMLeZzRlvWhr2FW","privKey":"YEEU06bwO8kz7Nuuco/tlT73T/h0FGOlWo8TxLc49Ho="},"lastRemoteEphemeralKey":"BYYfaQ8Mrt1Q1KqMMi2PBDnQfKeEqOUeNEB/BX8rUSYX","previousCounter":0,"rootKey":"JHvUrN9ytYdLt2TRrk4Qeh6N3xpQ+dI9o5JUvxxXyyU="},"indexInfo":{"baseKey":"Beyb9ZKz9IRZzcYiBCus4WFHjzdGTLlBmtAq+ATtAx9W","baseKeyType":1,"closed":-1,"used":1722454513469,"created":1722454513469,"remoteIdentityKey":"BcdBmQX1SJy/H+DL5kpUgap67tkthf/RnMSckyxnDqEd"},"_chains":{"BSqlVt/fNupg4SDvQjbATNzCfhPgwKMLeZzRlvWhr2FW":{"chainKey":{"counter":7,"key":"Y0AMF678fa3m+ENtCu2HLN0V46bi7cIjTpl6QMDHEp0="},"chainType":1,"messageKeys":{}}},"pendingPreKey":{"signedKeyId":1,"baseKey":"Beyb9ZKz9IRZzcYiBCus4WFHjzdGTLlBmtAq+ATtAx9W"}}},"version":"v1"}