{"_sessions":{"BVJknZQYlrxqq5oTvuReg9MYJsKHWejoEJIHoxInk+lu":{"registrationId":14278,"currentRatchet":{"ephemeralKeyPair":{"pubKey":"BbfhtonfZ9APigseVwHqNLzWbhVCZVPuglt5xhpwGMd9","privKey":"YLazAMpWVw9Ii1zx2JZ9a9RrY3xSMZuuLzTHXBct3Us="},"lastRemoteEphemeralKey":"BZmLuFrQNcB/UfO7+HNTWZKwJnneq7Yl0tU2vDQD4j95","previousCounter":0,"rootKey":"b7vMMvy/8FNz99JnxkptRpEkaCvd57dsY8Kt8lRKnHo="},"indexInfo":{"baseKey":"BVJknZQYlrxqq5oTvuReg9MYJsKHWejoEJIHoxInk+lu","baseKeyType":1,"closed":-1,"used":1722224746077,"created":1722224746077,"remoteIdentityKey":"BSYBKEswJwkfrJe/wBda1VEnD7t5xfYucF+gJlAyiGou"},"_chains":{"BbfhtonfZ9APigseVwHqNLzWbhVCZVPuglt5xhpwGMd9":{"chainKey":{"counter":6,"key":"mLl0Oju27ZBklAuh39wsYjC1mUWg/PKeQLvtkB2n3Ys="},"chainType":1,"messageKeys":{}}},"pendingPreKey":{"signedKeyId":1,"baseKey":"BVJknZQYlrxqq5oTvuReg9MYJsKHWejoEJIHoxInk+lu","preKeyId":38}}},"version":"v1"}