{"_sessions":{"BbCMZs8THggdgjYcG9VAoxUhwLJXhN2xJPLHYmMws5Q8":{"registrationId":1988889777,"currentRatchet":{"ephemeralKeyPair":{"pubKey":"Ba6XWBi2Rdd2pbq/RoO4N1bTQWrqlSTSMPw/vK8BDs0U","privKey":"sL+p5frb+Qtnjfb2yP38mlm+Uzd+NDdKaVTvEEErQXg="},"lastRemoteEphemeralKey":"BaUc2pUSOny+U0NUX1FS9cnWMfM2MAHopxi82q/lXPk/","previousCounter":0,"rootKey":"mnvYwzfpcoTh3d1WbFrTB+YozaQVjrNc6RuSbY9C0dE="},"indexInfo":{"baseKey":"BbCMZs8THggdgjYcG9VAoxUhwLJXhN2xJPLHYmMws5Q8","baseKeyType":1,"closed":-1,"used":1722224748979,"created":1722224748979,"remoteIdentityKey":"BYDYvVZVpajW7mKAQW4iMd2Fmw89HBZcqTdqn87H/Gob"},"_chains":{"Ba6XWBi2Rdd2pbq/RoO4N1bTQWrqlSTSMPw/vK8BDs0U":{"chainKey":{"counter":6,"key":"8Jyyq9TQkDxXyMNyLFBLRQLAY6q7f5OOlC6BhpPGY5o="},"chainType":1,"messageKeys":{}}},"pendingPreKey":{"signedKeyId":7,"baseKey":"BbCMZs8THggdgjYcG9VAoxUhwLJXhN2xJPLHYmMws5Q8"}}},"version":"v1"}