{"_sessions":{"Bd3I3jZsx3r0XdLdBPRU7NMa4qvJJZe+6N24ICgsv3Jw":{"registrationId":2081448165,"currentRatchet":{"ephemeralKeyPair":{"pubKey":"Ba0pwbScQbAO+v4HkvIzLi+ZRP6C/C4kBnERzN8O/zBG","privKey":"uMDdOtsBmpX6mlxP9hyV4knyWPu1x7YD/3SjTC7lS3s="},"lastRemoteEphemeralKey":"BQ3wrg6xm1roC1mQaPvq5ESw6MIv74Hs953Ztlhlw60o","previousCounter":0,"rootKey":"fpqGfQTpMX8rE6XyKTwjtFTkge8YQ/A2GLcCDpk50cQ="},"indexInfo":{"baseKey":"Bd3I3jZsx3r0XdLdBPRU7NMa4qvJJZe+6N24ICgsv3Jw","baseKeyType":1,"closed":-1,"used":1722224747969,"created":1722224747969,"remoteIdentityKey":"BboDw5RuhBmT5GznyiXJkPBt8b77kyfnrD5HxehRGtB7"},"_chains":{"Ba0pwbScQbAO+v4HkvIzLi+ZRP6C/C4kBnERzN8O/zBG":{"chainKey":{"counter":6,"key":"KrXFBkMzfZjZhNsGtHnF6GCcI+v5X5DXN8Io2qlVo+8="},"chainType":1,"messageKeys":{}}},"pendingPreKey":{"signedKeyId":0,"baseKey":"Bd3I3jZsx3r0XdLdBPRU7NMa4qvJJZe+6N24ICgsv3Jw","preKeyId":9014766}}},"version":"v1"}