{"_sessions":{"BUoqlnzr5twjF2GmvOf2tUmpdIBMEiD/E3VYVLEICY1B":{"registrationId":947535372,"currentRatchet":{"ephemeralKeyPair":{"pubKey":"BXZwGuTbadl/XIBxEMhVTLOzx+Jr+ndvTUDuIZVZXzFK","privKey":"eA6wAHPr/0S64urCyw2i9lHKadxFUZS0lrQh2KBGf38="},"lastRemoteEphemeralKey":"Bb80CbUM4C9JBzVYvBZxvCoWmAtvjscRF455HmLfxlMX","previousCounter":0,"rootKey":"Crr5SR6NDsXCXjSomhAdjZenOec5tE7x6seFAT9Z90o="},"indexInfo":{"baseKey":"BUoqlnzr5twjF2GmvOf2tUmpdIBMEiD/E3VYVLEICY1B","baseKeyType":1,"closed":-1,"used":1722454513098,"created":1722454513098,"remoteIdentityKey":"BduQTTZK3FArekEh4n40G+yQe9zajt2tnIIQxw2l9xtf"},"_chains":{"BXZwGuTbadl/XIBxEMhVTLOzx+Jr+ndvTUDuIZVZXzFK":{"chainKey":{"counter":7,"key":"J28TRWL8biGN91H6LqvnSBUfflY0o53VrU3xSg1eibQ="},"chainType":1,"messageKeys":{}}},"pendingPreKey":{"signedKeyId":20,"baseKey":"BUoqlnzr5twjF2GmvOf2tUmpdIBMEiD/E3VYVLEICY1B","preKeyId":2700324}}},"version":"v1"}