{"_sessions":{"BQ85vwXg8FT8kp7yEa7c+jjR53spk6SoDmKyyAuLO3cK":{"registrationId":980186985,"currentRatchet":{"ephemeralKeyPair":{"pubKey":"BfZO7Xd/ZRWAplCwdHPvKsCHlJjDzi9kK0Tqc+EfEkBC","privKey":"iFx1l4MMtLfil9ucaWyzb1xtRWms6ufj+KeX/4QUSnI="},"lastRemoteEphemeralKey":"BXMpSBpw3htBT8vANlqx7vhyjdBIY4tCkySXHk/Lb9B/","previousCounter":0,"rootKey":"QZTd2BGMWDcPiQVit7/Cz+5BkD3ATXRODQ6ISCUWTRY="},"indexInfo":{"baseKey":"BQ85vwXg8FT8kp7yEa7c+jjR53spk6SoDmKyyAuLO3cK","baseKeyType":1,"closed":-1,"used":1722302916084,"created":1722302916084,"remoteIdentityKey":"BbuLkPa4a6LQHcIi4jAo2Qqjk6wzNXDpJ1O+NmYdFmwo"},"_chains":{"BfZO7Xd/ZRWAplCwdHPvKsCHlJjDzi9kK0Tqc+EfEkBC":{"chainKey":{"counter":76,"key":"MIjj3v6ej0KGGudtn3uS3wOgHwlSJQT3qm92KiLP5PU="},"chainType":1,"messageKeys":{}}},"pendingPreKey":{"signedKeyId":2,"baseKey":"BQ85vwXg8FT8kp7yEa7c+jjR53spk6SoDmKyyAuLO3cK","preKeyId":14430759}}},"version":"v1"}