{"_sessions":{"Bc3aRfCHoTcwixL73qMkkHfDAQ8HJKWDYyF5qAlkTUUG":{"registrationId":11240,"currentRatchet":{"ephemeralKeyPair":{"pubKey":"BVlSHH6MWbpzKU7WmSji+ILZgGMeMdpaqvcb3wd/1BwA","privKey":"WAdPDmNQqt0HPxv/+8w/iXTnqqR7VnGw8P8uQzmlglE="},"lastRemoteEphemeralKey":"Be6e0kK8BWLVy2XlrbDVrblwQCjFMnQyQbyDihJvp+IK","previousCounter":0,"rootKey":"GmiieoWQD0g53T56f9eemIsWaBRVF2C199jgNwoyKH8="},"indexInfo":{"baseKey":"Bc3aRfCHoTcwixL73qMkkHfDAQ8HJKWDYyF5qAlkTUUG","baseKeyType":1,"closed":-1,"used":1722224746374,"created":1722224746374,"remoteIdentityKey":"Bbnydbc3NOwim5uq8+P9JVfvSrx213jxJSqPaKfrIB0A"},"_chains":{"BVlSHH6MWbpzKU7WmSji+ILZgGMeMdpaqvcb3wd/1BwA":{"chainKey":{"counter":6,"key":"sE/4ta+ldCmmHtObyB4R+EOChmjG3h2arzx6Qj5/y8I="},"chainType":1,"messageKeys":{}}},"pendingPreKey":{"signedKeyId":1,"baseKey":"Bc3aRfCHoTcwixL73qMkkHfDAQ8HJKWDYyF5qAlkTUUG","preKeyId":129}}},"version":"v1"}