{"_sessions":{"BUR5s4HDPDceX5A2/ER8JaIBCGBEpwlUcxKB+B1umO1g":{"registrationId":1695374561,"currentRatchet":{"ephemeralKeyPair":{"pubKey":"BXMtgyQaZ/p0xhPe8BdhEHPJuC2/somhDRDKhcFpLLJV","privKey":"gA+gx7CEH851hqxpzK1k9sSMw4ISLAPMjQS0mnT7zFU="},"lastRemoteEphemeralKey":"BcbmybBAcAx+SVRqQusSlZQ9icfldPymEkmqg3JKwpwW","previousCounter":0,"rootKey":"J5TpAeeOCwKI7GIpf+d0hPuZ7fdav5hbLTde2kf/dtY="},"indexInfo":{"baseKey":"BUR5s4HDPDceX5A2/ER8JaIBCGBEpwlUcxKB+B1umO1g","baseKeyType":1,"closed":-1,"used":1722224745104,"created":1722224745104,"remoteIdentityKey":"BVH0lXxy9lrTRGGY57pFEbBROCFXqSsOm9J8cmN2hMUn"},"_chains":{"BXMtgyQaZ/p0xhPe8BdhEHPJuC2/somhDRDKhcFpLLJV":{"chainKey":{"counter":6,"key":"zAui+ze/PXgYl5YyawYKTfoj+k2i0zYdidnQiGftT/g="},"chainType":1,"messageKeys":{}}},"pendingPreKey":{"signedKeyId":1,"baseKey":"BUR5s4HDPDceX5A2/ER8JaIBCGBEpwlUcxKB+B1umO1g"}}},"version":"v1"}