{"_sessions":{"BR1oplqIPAA43Fkm23xokhNEUMAG1BS+4VaUOkbQD15T":{"registrationId":1391432169,"currentRatchet":{"ephemeralKeyPair":{"pubKey":"BYC5e/nNJ0Fl5K3BP2WoPMf9WntJ05NRsxwg++bwDoI1","privKey":"sASpKMEZMB8oUDA7/iSfzO+jiJLxhxRPgvDyWGrqQUU="},"lastRemoteEphemeralKey":"BdwnuYlaBMOMz1ajgucoFu1WkSWT8UOggUVxSOOxL4sg","previousCounter":0,"rootKey":"yXq/pLed12r2pLI3OLtcxFMAXBDy2ALjT3qcpnDHeOc="},"indexInfo":{"baseKey":"BR1oplqIPAA43Fkm23xokhNEUMAG1BS+4VaUOkbQD15T","baseKeyType":1,"closed":-1,"used":1722224749102,"created":1722224749102,"remoteIdentityKey":"BdPVMF6ing7nhfTYwSOUD1lMLSgKxWOmBmrZsDuw5/xW"},"_chains":{"BYC5e/nNJ0Fl5K3BP2WoPMf9WntJ05NRsxwg++bwDoI1":{"chainKey":{"counter":6,"key":"si/d6lN+1mmIk0m8Oejd3Ky6SezgWKS/cUvgIF34XL4="},"chainType":1,"messageKeys":{}}},"pendingPreKey":{"signedKeyId":6,"baseKey":"BR1oplqIPAA43Fkm23xokhNEUMAG1BS+4VaUOkbQD15T"}}},"version":"v1"}