{"_sessions":{"BSCUkVJWe1tuT1SvRkXA2DDHj+pmqiGv34C5Ws66iyJH":{"registrationId":1936063371,"currentRatchet":{"ephemeralKeyPair":{"pubKey":"BVhEjrHdI7s8DPfEvP5HwvbgunJKXMj9zZyeheJeCbAi","privKey":"sMHFxDrwWnJ3awhAMCKHhM5W350hUoiBPkuAno9IV10="},"lastRemoteEphemeralKey":"BUlCgu2ychRzwhMuTzaInpeXfI/0NCgaR+70xaR5S7dd","previousCounter":0,"rootKey":"5kcov+/+ZpfHXhGiBaZRQymhGtS5U3a3R88BB1eauPQ="},"indexInfo":{"baseKey":"BSCUkVJWe1tuT1SvRkXA2DDHj+pmqiGv34C5Ws66iyJH","baseKeyType":1,"closed":-1,"used":1722224747061,"created":1722224747061,"remoteIdentityKey":"BaMOZA4xGfxPqa+8KeZkL0JFMkrm26vGFP/+a5LQE4Ze"},"_chains":{"BVhEjrHdI7s8DPfEvP5HwvbgunJKXMj9zZyeheJeCbAi":{"chainKey":{"counter":6,"key":"3sRMOr/M4rNnRMYH0lcWwl5xPpuyaHi//mpaqbvudFw="},"chainType":1,"messageKeys":{}}},"pendingPreKey":{"signedKeyId":0,"baseKey":"BSCUkVJWe1tuT1SvRkXA2DDHj+pmqiGv34C5Ws66iyJH","preKeyId":8484963}}},"version":"v1"}