{"_sessions":{"BZjnPjcNbSv9w3SZ3rz3RZQy7ZhhguzHnTHMbV7iu8oM":{"registrationId":1521429719,"currentRatchet":{"ephemeralKeyPair":{"pubKey":"BRvysyShd3F3UOypjyJcyiO7ltONgJnZMPrqU/m+xEgX","privKey":"OJLtBNxPKSr2/vQ8sAucFjjbYJOTc4rs+JR5KsgtCEo="},"lastRemoteEphemeralKey":"BRl0NwFmI82MA42L7sMm2dZtqX4jxXmMI6G4cl95iI4P","previousCounter":0,"rootKey":"2Lrb9UTnOFufujk/VXvbn0X7/E2R1YWEGbnm4zUqTMY="},"indexInfo":{"baseKey":"BZjnPjcNbSv9w3SZ3rz3RZQy7ZhhguzHnTHMbV7iu8oM","baseKeyType":1,"closed":-1,"used":1722471718293,"created":1722454512179,"remoteIdentityKey":"BXJPOW28bMLGLYBszoNhULXYTc0haNE5lgTC8grIdxYf"},"_chains":{"BRl0NwFmI82MA42L7sMm2dZtqX4jxXmMI6G4cl95iI4P":{"chainKey":{"counter":0,"key":"/Z4wOXjmD2nRRoUCsfaQIVdMxZV5x9UIUINzrFP+TTU="},"chainType":2,"messageKeys":{}},"BRvysyShd3F3UOypjyJcyiO7ltONgJnZMPrqU/m+xEgX":{"chainKey":{"counter":6,"key":"sxV5cP3GFEh2oLL/oyFNUu3FXiUL0s6XY7MYy9AE19U="},"chainType":1,"messageKeys":{}}}}},"version":"v1"}