{"_sessions":{"BeyEIgoi/BVrO13o7iiDuYziYv5zaGgVl6DkFyNNbbYO":{"registrationId":1792331635,"currentRatchet":{"ephemeralKeyPair":{"pubKey":"BfDcnTW5DDszO/ZBvtOU+OLavEfnMtQsrctZ7ic5iMBS","privKey":"EK3b0fK2pa2OGg3TnQAwDM5vFk7v1gFXt3L4Bm9OPmw="},"lastRemoteEphemeralKey":"BbPPNeYai+/FLUUb0j1iK/kFo0WewALb7lyKtIl6/LVh","previousCounter":0,"rootKey":"ktyYLbbbnrlKPTiQ3x6Qc2YuEzGu1kQ72Y8PLi/NAyA="},"indexInfo":{"baseKey":"BeyEIgoi/BVrO13o7iiDuYziYv5zaGgVl6DkFyNNbbYO","baseKeyType":1,"closed":-1,"used":1722454512673,"created":1722454512673,"remoteIdentityKey":"BS90HyCRRSyAWqDapd1OK8x8zafurshNMDhqx1P0GrkX"},"_chains":{"BfDcnTW5DDszO/ZBvtOU+OLavEfnMtQsrctZ7ic5iMBS":{"chainKey":{"counter":7,"key":"+KiVUfo80Cihk8dXcQbcC4cx7HzKWgwCkTKY6pSmm38="},"chainType":1,"messageKeys":{}}},"pendingPreKey":{"signedKeyId":2,"baseKey":"BeyEIgoi/BVrO13o7iiDuYziYv5zaGgVl6DkFyNNbbYO","preKeyId":4808179}}},"version":"v1"}