{"_sessions":{"BeW95QwmGGCUHjOPFklxE8SspTUz7bLJ+Y2jdCAoxhkw":{"registrationId":1848498416,"currentRatchet":{"ephemeralKeyPair":{"pubKey":"BcpCcu6CR6WumDm9CzqXdU1xveVcsQkCFQXw1DNagNQC","privKey":"4DpaqepCdc1TDomJ5hL+IhvJk3C0E9ysuP2Da4NDwlE="},"lastRemoteEphemeralKey":"BbXeyzuB8lDgXfAA+V//78mrLRISFDGnwEzrxktlRkAl","previousCounter":0,"rootKey":"5uWYvfkpxV6RKgs4wVNEM2sFrwTAO67vVaVybk/zgsQ="},"indexInfo":{"baseKey":"BeW95QwmGGCUHjOPFklxE8SspTUz7bLJ+Y2jdCAoxhkw","baseKeyType":1,"closed":-1,"used":1722224747787,"created":1722224747787,"remoteIdentityKey":"BUskcDS/WGBiuw64c3PNaa+DHVuZ2DXLeNyoVomjiro8"},"_chains":{"BcpCcu6CR6WumDm9CzqXdU1xveVcsQkCFQXw1DNagNQC":{"chainKey":{"counter":6,"key":"l5kRgROsYqf/WNyEjCsYS0xHAfFqg34dFW5Iy789540="},"chainType":1,"messageKeys":{}}},"pendingPreKey":{"signedKeyId":0,"baseKey":"BeW95QwmGGCUHjOPFklxE8SspTUz7bLJ+Y2jdCAoxhkw","preKeyId":5601213}}},"version":"v1"}