{"_sessions":{"BcdCqxzZxxEPmhlIMZKRjzAbz8NZSI8ZoG9r3en/5xZf":{"registrationId":667913245,"currentRatchet":{"ephemeralKeyPair":{"pubKey":"BUgUqBjMuipraG2E1Uqp2dDP7Ihua7t4Vhr13B+NoGAh","privKey":"SDi6opO005sVKhOFPY+zxKR/eSsyhtz0MUiIJ/QvZ1A="},"lastRemoteEphemeralKey":"BbP0O3gsJra1XGHPqGRnjXdCWzikfKhSTznpVnGFPaIF","previousCounter":0,"rootKey":"3SheyoDuJgJuTQq1hPEXPlVTRXOmlMVgCTsb2ZDCxyI="},"indexInfo":{"baseKey":"BcdCqxzZxxEPmhlIMZKRjzAbz8NZSI8ZoG9r3en/5xZf","baseKeyType":1,"closed":-1,"used":1722224746559,"created":1722224746559,"remoteIdentityKey":"BTuqmzYKOR0xtnvT55Yn9lQwmis+JCfobb+Sz37DvB1O"},"_chains":{"BUgUqBjMuipraG2E1Uqp2dDP7Ihua7t4Vhr13B+NoGAh":{"chainKey":{"counter":6,"key":"zUSeXvYBrD2GXte2UjPCeFOztdc8Q2zQSnwxgguOOac="},"chainType":1,"messageKeys":{}}},"pendingPreKey":{"signedKeyId":5,"baseKey":"BcdCqxzZxxEPmhlIMZKRjzAbz8NZSI8ZoG9r3en/5xZf","preKeyId":8545487}}},"version":"v1"}