{"_sessions":{"BUnp3HwkrWVUlyeWTog4201gdI1EVzUmzxTrvOcwUr84":{"registrationId":388878370,"currentRatchet":{"ephemeralKeyPair":{"pubKey":"BUQ6mYQPaiyKHKJ/cLqMr2SxUmzBbbuOhYq9DlvGzKYj","privKey":"2ERz2J9Ps+OqRLV7HheX+CZoPE5sib/bOGUkE25c5VE="},"lastRemoteEphemeralKey":"BRproXep4We1hBbGH9du10FgvZHk/ji5P+INuwgOrRko","previousCounter":0,"rootKey":"uEL4YsMCRUoQ6LfFEC82HWFmY7lURwAMN4uGEu0qLRs="},"indexInfo":{"baseKey":"BUnp3HwkrWVUlyeWTog4201gdI1EVzUmzxTrvOcwUr84","baseKeyType":1,"closed":-1,"used":1722454512289,"created":1722454512289,"remoteIdentityKey":"BTd8jg3BUN7k1KiViCbIEPD7oQSNTRhdqFOvm2Ln9YMF"},"_chains":{"BUQ6mYQPaiyKHKJ/cLqMr2SxUmzBbbuOhYq9DlvGzKYj":{"chainKey":{"counter":7,"key":"VwlqhQNUhYdzdhG7br/MT+pvLI1e22arW0Y2NB+yMFc="},"chainType":1,"messageKeys":{}}},"pendingPreKey":{"signedKeyId":1,"baseKey":"BUnp3HwkrWVUlyeWTog4201gdI1EVzUmzxTrvOcwUr84","preKeyId":4695700}}},"version":"v1"}