{"_sessions":{"BQEZME61aeZrX7L0+S9uf8zCHnirlnshAx4UnslOEAFw":{"registrationId":162,"currentRatchet":{"ephemeralKeyPair":{"pubKey":"BRQTazeSt3AKnMACEj8txMKG+zhU/+lbN9uJckUMf1ZK","privKey":"oPnz4m+6pF3tLkwa8EkF/xnR+kXeBHxS/Fg8XvoOEU0="},"lastRemoteEphemeralKey":"BQClUP3637/lyZ+zNCiJZ/FGCfEvrqnd0d53RQ5ZPp9R","previousCounter":0,"rootKey":"teP2YPAOdYUdOucveQGf30PDe++e/UumaU4qgtoxqMw="},"indexInfo":{"baseKey":"BQEZME61aeZrX7L0+S9uf8zCHnirlnshAx4UnslOEAFw","baseKeyType":1,"closed":-1,"used":1722454511289,"created":1722454511289,"remoteIdentityKey":"BTEgM1Fhwj4CvxFieNyHa2LZfqQHFg33JkJyiDVG5YRe"},"_chains":{"BRQTazeSt3AKnMACEj8txMKG+zhU/+lbN9uJckUMf1ZK":{"chainKey":{"counter":7,"key":"xu4NeJOd7QIUYzTkpjqiwvhxZ/3SoGxgEEQrt9h6VS4="},"chainType":1,"messageKeys":{}}},"pendingPreKey":{"signedKeyId":1,"baseKey":"BQEZME61aeZrX7L0+S9uf8zCHnirlnshAx4UnslOEAFw"}}},"version":"v1"}