{"_sessions":{"BT1wRdzoRh7g6SaYdP81qoKbiCY+B7BcDqi4JFVOTnpW":{"registrationId":4020,"currentRatchet":{"ephemeralKeyPair":{"pubKey":"BYOolyHDI96gn7lf2kmRv1glSFtM60/By4UqkvmhsF50","privKey":"eKoQ5IRzBz3qYb9uR2qOM2eUVNYunCcYzfoQVBmzs1A="},"lastRemoteEphemeralKey":"BU//VAmBbteJ3DTBcLNxOh7DGG+j6fGg1kTZL09J/wkG","previousCounter":0,"rootKey":"nq+DXYBogW7aPieOTNPwK9TAlk+CLX1lcBBNIF/ZY2w="},"indexInfo":{"baseKey":"BT1wRdzoRh7g6SaYdP81qoKbiCY+B7BcDqi4JFVOTnpW","baseKeyType":1,"closed":-1,"used":1722454511385,"created":1722454511385,"remoteIdentityKey":"BRx8KAwkTrGcC4FR03bybmg3VCJVXY0V4K8Lqq0YUWZV"},"_chains":{"BYOolyHDI96gn7lf2kmRv1glSFtM60/By4UqkvmhsF50":{"chainKey":{"counter":7,"key":"7v0+g9hFBVVFhbLMpwBHrhIWwFE0DYaH8P56s5LHND0="},"chainType":1,"messageKeys":{}}},"pendingPreKey":{"signedKeyId":1,"baseKey":"BT1wRdzoRh7g6SaYdP81qoKbiCY+B7BcDqi4JFVOTnpW"}}},"version":"v1"}