{"_sessions":{"BdWy0rkt7FbLbvQuMynpvZ/bkZCwgzbZJaFHiyX39LBY":{"registrationId":740806546,"currentRatchet":{"ephemeralKeyPair":{"pubKey":"BXFYbcUiwpo+sQZ6uj9BxRE/LMYFtNZdPNungwVJOYF4","privKey":"CKHTNN+zAOZVIURHQp7lnFLJ//gQQjYR2g3U2gd9aEk="},"lastRemoteEphemeralKey":"BbaWz6pwsNikQ0mdEc6+Hej3a4PKaBJSKAOtvZ41vYYe","previousCounter":0,"rootKey":"x223Mp+XdWdels4JUzDemXlZDaic5fAFjD5hu+RZbbs="},"indexInfo":{"baseKey":"BdWy0rkt7FbLbvQuMynpvZ/bkZCwgzbZJaFHiyX39LBY","baseKeyType":1,"closed":-1,"used":1722302915356,"created":1722302915356,"remoteIdentityKey":"BXkFOszP56GDEwN3ndqCHM6UrR1t09RDJ8gogc5Da4w4"},"_chains":{"BXFYbcUiwpo+sQZ6uj9BxRE/LMYFtNZdPNungwVJOYF4":{"chainKey":{"counter":76,"key":"zZHD8xm00iEgKUYQulRRTHAipUgzuRIyuB7/LRru8vc="},"chainType":1,"messageKeys":{}}},"pendingPreKey":{"signedKeyId":7,"baseKey":"BdWy0rkt7FbLbvQuMynpvZ/bkZCwgzbZJaFHiyX39LBY","preKeyId":3917710}}},"version":"v1"}