{"_sessions":{"BWh+00I/BSQb95M6UT5FWjdHB6Q56qbzHw505H+WqK8u":{"registrationId":1066503852,"currentRatchet":{"ephemeralKeyPair":{"pubKey":"BUht3Z1SJg4AW77MmGOhna+suzobcgQJNRjZWqZxYKxt","privKey":"8Ak1LuoMOffF7xrh4w7+K7cKlD8cgyCgtVZBm0+e92M="},"lastRemoteEphemeralKey":"BW0GlZCU5rYpcdk1T7GHF43K3MqdGRJKhfX84qHNaMAI","previousCounter":0,"rootKey":"o1Q7RX6JZDH/MU7SPkNsXnQ3xhn2Q7nmF0AqYNPs2tI="},"indexInfo":{"baseKey":"BWh+00I/BSQb95M6UT5FWjdHB6Q56qbzHw505H+WqK8u","baseKeyType":1,"closed":-1,"used":1722454511468,"created":1722454511468,"remoteIdentityKey":"Bfq/ZBm6bVpcYC9NisXfNLpAeMA3mVhATv59r2DIU8Yc"},"_chains":{"BUht3Z1SJg4AW77MmGOhna+suzobcgQJNRjZWqZxYKxt":{"chainKey":{"counter":7,"key":"48I/8FwcSoVswlWwkG00e6Rmvw6TTsdjCuW/tPqY2lw="},"chainType":1,"messageKeys":{}}},"pendingPreKey":{"signedKeyId":6,"baseKey":"BWh+00I/BSQb95M6UT5FWjdHB6Q56qbzHw505H+WqK8u","preKeyId":553950}}},"version":"v1"}