{"_sessions":{"BbG6gnTpfk4+luEObZeficao+DS+5ZbeWGo7BcuSO/5o":{"registrationId":2146778346,"currentRatchet":{"ephemeralKeyPair":{"pubKey":"BWOMfTniNW0hkiy0QNTb/qmXIU9tv2mJSQ9DMOIOvNZM","privKey":"gFhYvk2FelYy+8akYDljqoqAaZ3VoOUnUh3m7kkbekM="},"lastRemoteEphemeralKey":"BfwJ794yxk5bMfw9Ncwx1Wj0Hnz8BNhnUTM1KWGATAB6","previousCounter":0,"rootKey":"DSlEJNzwXQAigBJi4d+Ni4n/lUls3RaIvJzuC536n4o="},"indexInfo":{"baseKey":"BbG6gnTpfk4+luEObZeficao+DS+5ZbeWGo7BcuSO/5o","baseKeyType":1,"closed":-1,"used":1722224747665,"created":1722224747665,"remoteIdentityKey":"BS2npnK9ZGX2MXxvalVvghpDvYTQUwBLRB4rZRkyg+cM"},"_chains":{"BWOMfTniNW0hkiy0QNTb/qmXIU9tv2mJSQ9DMOIOvNZM":{"chainKey":{"counter":6,"key":"IFPzFoiEO5aemVY2TTap6yUbvOa+64b8UUjrx4iRLwU="},"chainType":1,"messageKeys":{}}},"pendingPreKey":{"signedKeyId":1,"baseKey":"BbG6gnTpfk4+luEObZeficao+DS+5ZbeWGo7BcuSO/5o"}}},"version":"v1"}