{"_sessions":{"BSPQ9H+r2usf+XjqKGxPa5loPC1YhCX+D41T8FCJ0XE7":{"registrationId":12098,"currentRatchet":{"ephemeralKeyPair":{"pubKey":"BS3mBbWm1mr0IsiDLrzgCwTrhdtz04PJo/WWeOBcy/0d","privKey":"YL74jNcvnY7DGV8kWS159tGBjmGhsX6UaSGipWY2kEA="},"lastRemoteEphemeralKey":"BSJMHD5pcW2hDTNnuCxS3TN8/tnJTfJY5H9qhFHJ+78+","previousCounter":0,"rootKey":"eVeqoil0Yz0qjnK30qhWdbSKXs45x5WyNP8VqsiFeWw="},"indexInfo":{"baseKey":"BSPQ9H+r2usf+XjqKGxPa5loPC1YhCX+D41T8FCJ0XE7","baseKeyType":1,"closed":-1,"used":1722224745895,"created":1722224745895,"remoteIdentityKey":"BebZ6aKl8sKm/3IcaLtRLIruaZHQQpNB2OUc1g2Jn0pR"},"_chains":{"BS3mBbWm1mr0IsiDLrzgCwTrhdtz04PJo/WWeOBcy/0d":{"chainKey":{"counter":6,"key":"+Q/8fUlYIpUrBEm1TxNHpciWOfQLgxsriF4VdEdwhFE="},"chainType":1,"messageKeys":{}}},"pendingPreKey":{"signedKeyId":1,"baseKey":"BSPQ9H+r2usf+XjqKGxPa5loPC1YhCX+D41T8FCJ0XE7"}}},"version":"v1"}