{"_sessions":{"BeFlxx/n4mWB8kwBGE0L+Pg0ThpT5vcM1gj82ZUThot5":{"registrationId":2048680675,"currentRatchet":{"ephemeralKeyPair":{"pubKey":"BVt3vs7dvJWYX35KygvwacJceykmj/L4sqszU0Dex1Ni","privKey":"sAhIYips15PYrsI4HIcOtbMBWbprxazjzSYlzGi69nY="},"lastRemoteEphemeralKey":"BXsCV2XoDlynYAfoRlzJ+8CUVxPIOZb4CHW7YECK43lg","previousCounter":0,"rootKey":"vMzdV8RiU6v3kbXntHOAxW0IU3U3vU3sGYtCbDHRjzs="},"indexInfo":{"baseKey":"BeFlxx/n4mWB8kwBGE0L+Pg0ThpT5vcM1gj82ZUThot5","baseKeyType":1,"closed":-1,"used":1722302915959,"created":1722302915959,"remoteIdentityKey":"BTJmPh1DgeCnCUjCHnx5MAOYsnAZHdMsO7vL3kMMEq9n"},"_chains":{"BVt3vs7dvJWYX35KygvwacJceykmj/L4sqszU0Dex1Ni":{"chainKey":{"counter":76,"key":"g3rvBEDFQLTuB2TgtbT5tZrxbvVYsokcGo8A3JvrJcU="},"chainType":1,"messageKeys":{}}},"pendingPreKey":{"signedKeyId":5,"baseKey":"BeFlxx/n4mWB8kwBGE0L+Pg0ThpT5vcM1gj82ZUThot5"}}},"version":"v1"}