{"_sessions":{"BTkdCy+GcvbNwAQUgIt9bsLZ2+pvIoPfGvMl/HRz7vM7":{"registrationId":1875269214,"currentRatchet":{"ephemeralKeyPair":{"pubKey":"BU9s7umYxcNCzHkb6gaDi8O9FT9fN05akEiBYx+85xFF","privKey":"6P1vJ5WjtaTPa0eT4IlZNmeECMVKiRQSI8KMLrqs1X0="},"lastRemoteEphemeralKey":"BRAUUeqGc2uJFzhkAM3pwiNmTRJkC9YFPhxQ7/99GYVN","previousCounter":0,"rootKey":"qvBoqVLbCFpnLt1R6kT/HvlfN4lhQ9W2/VBQGV/AVzw="},"indexInfo":{"baseKey":"BTkdCy+GcvbNwAQUgIt9bsLZ2+pvIoPfGvMl/HRz7vM7","baseKeyType":1,"closed":-1,"used":1722224748886,"created":1722224748886,"remoteIdentityKey":"BWNOqikBboLRdEQacvALkA2qg5a2bXd/tF1eSQvX4fB2"},"_chains":{"BU9s7umYxcNCzHkb6gaDi8O9FT9fN05akEiBYx+85xFF":{"chainKey":{"counter":6,"key":"rHeoGwqbW+FKJE+T1K/Lc+TeXtrjOiKwHUYH1GLThJg="},"chainType":1,"messageKeys":{}}},"pendingPreKey":{"signedKeyId":6,"baseKey":"BTkdCy+GcvbNwAQUgIt9bsLZ2+pvIoPfGvMl/HRz7vM7","preKeyId":15228094}}},"version":"v1"}