{"_sessions":{"BaV+jKty79vEqLLKmtlyVl9OOqAxK1MwBeR6fBIne2BG":{"registrationId":162,"currentRatchet":{"ephemeralKeyPair":{"pubKey":"BeRcpmcw4K83F6HObrtG2jvn98tO7RHi6/N8Wk7lu98f","privKey":"MHBHiDKfknoBj8oQnYWe2ltD8CmolG9N/9Moi4XM7UU="},"lastRemoteEphemeralKey":"BdALmRVjRzXDmi19JEMBlGRhFeTkWVDND5hZxqfh1o4q","previousCounter":0,"rootKey":"7iBr+JqU+riXmg6UullXbbX8sI6e+gi2YpJr1PFxSsI="},"indexInfo":{"baseKey":"BaV+jKty79vEqLLKmtlyVl9OOqAxK1MwBeR6fBIne2BG","baseKeyType":1,"closed":1722221218180,"used":1722221217991,"created":1722221217991,"remoteIdentityKey":"BdM/iofJGrM9c5Ge7viYugNrNBOFcMn63ahXJw4N/XMH"},"_chains":{"BeRcpmcw4K83F6HObrtG2jvn98tO7RHi6/N8Wk7lu98f":{"chainKey":{"counter":-1,"key":"bF70uZWXHITw0gnKCj2EZd13xBKB/E6LlQyrIfY5jeo="},"chainType":1,"messageKeys":{}}},"pendingPreKey":{"signedKeyId":1,"baseKey":"BaV+jKty79vEqLLKmtlyVl9OOqAxK1MwBeR6fBIne2BG"}},"BT79Y/SVwfGxV5DA4clB1I1ftUVJ6nb12GNU/O++q3BV":{"registrationId":162,"currentRatchet":{"ephemeralKeyPair":{"pubKey":"BYbivwcUShxSl/4h0AVu1kS1xBg68/5wEYTcc2y1Q3Jl","privKey":"8JEZ+KlSwKznXDaQqOX2ycsDqjdJLow9yGzDwD2AZVk="},"lastRemoteEphemeralKey":"BdALmRVjRzXDmi19JEMBlGRhFeTkWVDND5hZxqfh1o4q","previousCounter":0,"rootKey":"LYmkG8bR+Wi3W4y0sqt+pn12M1cEWFpo4JOAVhAGseQ="},"indexInfo":{"baseKey":"BT79Y/SVwfGxV5DA4clB1I1ftUVJ6nb12GNU/O++q3BV","baseKeyType":1,"closed":-1,"used":1722221218178,"created":1722221218178,"remoteIdentityKey":"BdM/iofJGrM9c5Ge7viYugNrNBOFcMn63ahXJw4N/XMH"},"_chains":{"BYbivwcUShxSl/4h0AVu1kS1xBg68/5wEYTcc2y1Q3Jl":{"chainKey":{"counter":55,"key":"hUtcMzbLRmhQmAU6mDzB0/1obcV+UwBDA2zHVBMdhh4="},"chainType":1,"messageKeys":{}}},"pendingPreKey":{"signedKeyId":1,"baseKey":"BT79Y/SVwfGxV5DA4clB1I1ftUVJ6nb12GNU/O++q3BV"}}},"version":"v1"}