{"_sessions":{"BU7gpzS7HQvsFquqQX58KEVz6rYPwN4WDnGlBDn73C9N":{"registrationId":1395361251,"currentRatchet":{"ephemeralKeyPair":{"pubKey":"BdVeIXV3/v7dRreOq9/ycqaEh3a+jTq0BA2erJjX6OMU","privKey":"qN3MiW3YxZPVenY1dTvr0MJ8+/SZi8/5sNKYG+uHjnk="},"lastRemoteEphemeralKey":"BeNsVWj0DF14HKqr9chvzyEV0tC2/WW7vzrvnDH0xpUl","previousCounter":0,"rootKey":"w73aGPFNeFSec7kSJ6aaWXyNC0hnHWynKW+GOx59aZw="},"indexInfo":{"baseKey":"BU7gpzS7HQvsFquqQX58KEVz6rYPwN4WDnGlBDn73C9N","baseKeyType":1,"closed":-1,"used":1722224749478,"created":1722224749478,"remoteIdentityKey":"BVC3RfZOrbAkisnfChrblJ5uzbGk66UicFXElk6Odkhh"},"_chains":{"BdVeIXV3/v7dRreOq9/ycqaEh3a+jTq0BA2erJjX6OMU":{"chainKey":{"counter":6,"key":"cKg1PmT5+6Peru3wVq1pBfnwf6omR0atSDfw9RBewgE="},"chainType":1,"messageKeys":{}}},"pendingPreKey":{"signedKeyId":1,"baseKey":"BU7gpzS7HQvsFquqQX58KEVz6rYPwN4WDnGlBDn73C9N","preKeyId":15186021}}},"version":"v1"}