{"_sessions":{"BSuvVdCiuM8DvRSigdps+sEisssawF29CQz5N38jl8IG":{"registrationId":319601936,"currentRatchet":{"ephemeralKeyPair":{"pubKey":"BXoG94fRjEpuIYnyXM8rI4uloUFrVlHgsl1kvltTl5Bt","privKey":"gGkIrU2CBb0X5ievzXe6bdrxeT4UzK1iYn8m80ChzlM="},"lastRemoteEphemeralKey":"BW/QLrn5IBnmLt9IqwpftZ+Tbm6x0tky+rdwzBnZ72NI","previousCounter":0,"rootKey":"rYeJ1dxxIw6xX0vileacF/kwR1qWgUbVCv8g1wT73ng="},"indexInfo":{"baseKey":"BSuvVdCiuM8DvRSigdps+sEisssawF29CQz5N38jl8IG","baseKeyType":1,"closed":-1,"used":1722454513064,"created":1722454513064,"remoteIdentityKey":"BfhnC2GOYimF5DbBpgxTyFdiNf0O3Tj1khwznqrCBD0s"},"_chains":{"BXoG94fRjEpuIYnyXM8rI4uloUFrVlHgsl1kvltTl5Bt":{"chainKey":{"counter":7,"key":"gooAzJpGeEJRWMVD/qILKJJBKyl6a+hb+tiocOcpnRk="},"chainType":1,"messageKeys":{}}},"pendingPreKey":{"signedKeyId":0,"baseKey":"BSuvVdCiuM8DvRSigdps+sEisssawF29CQz5N38jl8IG","preKeyId":9996335}}},"version":"v1"}