{"_sessions":{"BTJ4V6xRd2z0s2olt3fqLgi95VH8dZWOH2iPZ9fjmkAf":{"registrationId":837873616,"currentRatchet":{"ephemeralKeyPair":{"pubKey":"BYcJ2UyaNJ58FAOhvLLJcWSsXwLwf4OPLiiFOIJDsJAl","privKey":"CLNMgdMX0Wk+o33D9O7n/uPmayzgS0k9OvEYU81pi1I="},"lastRemoteEphemeralKey":"Be7UbY9dtB4AOf5AQjja3g02HV5ec77ybzyqP1zs+995","previousCounter":0,"rootKey":"baLR69X5F3h8umQllelA5BI1par1rjmGkbJ9tzgZzgQ="},"indexInfo":{"baseKey":"BTJ4V6xRd2z0s2olt3fqLgi95VH8dZWOH2iPZ9fjmkAf","baseKeyType":1,"closed":-1,"used":1722454511775,"created":1722454511775,"remoteIdentityKey":"BXfmJEjPSOaBfJuza8JXMOq9dOmHMVy4lEvScQ9bS+YK"},"_chains":{"BYcJ2UyaNJ58FAOhvLLJcWSsXwLwf4OPLiiFOIJDsJAl":{"chainKey":{"counter":7,"key":"jbjdGOLCeqGls6RF8B/hqrWE+G1zMTXH8+IejYGFSw4="},"chainType":1,"messageKeys":{}}},"pendingPreKey":{"signedKeyId":1,"baseKey":"BTJ4V6xRd2z0s2olt3fqLgi95VH8dZWOH2iPZ9fjmkAf","preKeyId":691353}}},"version":"v1"}