{"_sessions":{"BcNw79JimyvuascY707tv/Lkh0lFARi6qkKG3G0JWlZL":{"registrationId":6628,"currentRatchet":{"ephemeralKeyPair":{"pubKey":"BWIoCecGNar7hwEzXYRd1tDm/SNdCES2invJ8xpexK4e","privKey":"MFjrgwUoQ7rStMYqjToIEooNVps0r8OmrTTcFcNpemY="},"lastRemoteEphemeralKey":"BTLWQq5rAVb06Q2BWgnZN/e9Mhi4FtZyDIdcQNEFaAwl","previousCounter":0,"rootKey":"yAMeqDzGOCX2u/C6APO/qeWlXht60SRoBroj5d0Nomk="},"indexInfo":{"baseKey":"BcNw79JimyvuascY707tv/Lkh0lFARi6qkKG3G0JWlZL","baseKeyType":1,"closed":-1,"used":1722302914271,"created":1722302914271,"remoteIdentityKey":"BZr9d5IwOHACDH5dnPhP8djOSrzNn4253MqbovJ8o3F8"},"_chains":{"BWIoCecGNar7hwEzXYRd1tDm/SNdCES2invJ8xpexK4e":{"chainKey":{"counter":76,"key":"2/x3/zPAZK8WyCOMGMEZHnefh5nri+0yCirEmabNfQU="},"chainType":1,"messageKeys":{}}},"pendingPreKey":{"signedKeyId":0,"baseKey":"BcNw79JimyvuascY707tv/Lkh0lFARi6qkKG3G0JWlZL"}}},"version":"v1"}