{"_sessions":{"Bat0XxSl8VMjBYBVhOeFm4u2KtdFe45vNFmYbzA8/f4/":{"registrationId":1209891802,"currentRatchet":{"ephemeralKeyPair":{"pubKey":"BUUC0zHWjCgff8YehztUEWsJmyltmaczLY9WJh0yX4ch","privKey":"UGOwxaKp55TSVz8CmznngQduTUVWcqoBcxWDbaJ4Nl8="},"lastRemoteEphemeralKey":"BfrThc75rBEqmWvV7SzfqA64NMxihqpjOcXs5Lu6rjoU","previousCounter":0,"rootKey":"fQlFd6tq7o/yYfTcL9qOKOYQbwZVSvkRdodtSvZnIs8="},"indexInfo":{"baseKey":"Bat0XxSl8VMjBYBVhOeFm4u2KtdFe45vNFmYbzA8/f4/","baseKeyType":1,"closed":-1,"used":1722224749277,"created":1722224749277,"remoteIdentityKey":"BR7r7qS4IKCj888CstYGQZ3F+Y4gKpPDdU78v8S8zG50"},"_chains":{"BUUC0zHWjCgff8YehztUEWsJmyltmaczLY9WJh0yX4ch":{"chainKey":{"counter":6,"key":"/M9l/lyCwvOPY+xNzH4O1TvEXWmuyaG4gOGEknpfzbI="},"chainType":1,"messageKeys":{}}},"pendingPreKey":{"signedKeyId":1,"baseKey":"Bat0XxSl8VMjBYBVhOeFm4u2KtdFe45vNFmYbzA8/f4/","preKeyId":10381651}}},"version":"v1"}