{"_sessions":{"BQpxRDmM7VhQsn/Z6pxcPpinIngPYNv+3ZmuWVp/aBsZ":{"registrationId":77807949,"currentRatchet":{"ephemeralKeyPair":{"pubKey":"BWjm4uVqOeU7/7voSQCbBnaoUtpaxaacxGc0xokuDPVL","privKey":"WGQflBbW+mnVPl9PU77vbc4l1tjqGPx2QZdN8ynYEGk="},"lastRemoteEphemeralKey":"BQvp3GTQacyjKpNQhm7bsvwItqxAzXDfVkugoS/mv+Vv","previousCounter":2,"rootKey":"sCUTgATUcSlRikKyDIOvtXAqmAa2d62+Yino+0h2mhc="},"indexInfo":{"baseKey":"BQpxRDmM7VhQsn/Z6pxcPpinIngPYNv+3ZmuWVp/aBsZ","baseKeyType":1,"closed":-1,"used":1722480752663,"created":1722454511587,"remoteIdentityKey":"BVu3S1KUPlM7CybPCzaWy9Y3KHt5DpHP8YbnsTE0tQUK"},"_chains":{"BdI6Xj4MEg7I/xF4vgxMs35eeT2CcMEuokrP8UAg7j0+":{"chainKey":{"counter":0},"chainType":2,"messageKeys":{}},"BQvp3GTQacyjKpNQhm7bsvwItqxAzXDfVkugoS/mv+Vv":{"chainKey":{"counter":0,"key":"mQp/IrF1ObnqBH6rhnKD2XjSL9jpxNJ67t4u+VhXNJM="},"chainType":2,"messageKeys":{}},"BWjm4uVqOeU7/7voSQCbBnaoUtpaxaacxGc0xokuDPVL":{"chainKey":{"counter":2,"key":"vHxUHKpSh+U1cVQoRhl765GeQdZNpEHMNbwlLIDotNs="},"chainType":1,"messageKeys":{}}}}},"version":"v1"}