{"_sessions":{"BRr4Hf09oocDDoWZ+u1cqGFbv+qhrnCwhj9lwZ2gAa5T":{"registrationId":14213,"currentRatchet":{"ephemeralKeyPair":{"pubKey":"Bezkc0Cd+Y1ujsc7C3fLQz4ZJbwpU+h3XXLZD256Jwom","privKey":"UB3GcYDicPEYyCgU9zSrLBrniFaNIObUOnb7ONcA9l8="},"lastRemoteEphemeralKey":"BVBpLPsWreV06dK7W6gc8harwuXmpH7TzGEQPQLnzTYb","previousCounter":0,"rootKey":"XXj5yuN295yIB3mSXWdfd/nXqE5tYrw0Wee2XBoy/Ks="},"indexInfo":{"baseKey":"BRr4Hf09oocDDoWZ+u1cqGFbv+qhrnCwhj9lwZ2gAa5T","baseKeyType":1,"closed":-1,"used":1722224746464,"created":1722224746464,"remoteIdentityKey":"Ba0zpQPBflh4DgqGdMzq3WVR8H73idlT/zlPEa6433Ur"},"_chains":{"Bezkc0Cd+Y1ujsc7C3fLQz4ZJbwpU+h3XXLZD256Jwom":{"chainKey":{"counter":6,"key":"ccYIJT+yRKOPSFBiIhrkQm1iZ3+8lP0pmh2oBTAeSrg="},"chainType":1,"messageKeys":{}}},"pendingPreKey":{"signedKeyId":1,"baseKey":"BRr4Hf09oocDDoWZ+u1cqGFbv+qhrnCwhj9lwZ2gAa5T","preKeyId":2337}}},"version":"v1"}