{"_sessions":{"BU///2v6XHO6NP1Qp6sqPCUr5meAikS5cZJSVMIBGe95":{"registrationId":4352,"currentRatchet":{"ephemeralKeyPair":{"pubKey":"BThaFptgKA7R2FfDNsh7q17bLDOgJr69GCTOm0fmsyFr","privKey":"EDbsAyk1iAR9O1EraMZAt7NmyxV6WZCAYg0stWlH9Hw="},"lastRemoteEphemeralKey":"BSZrfrx6Th42tRuok3dUfaY8PS72gBaivMyQmisPeRIz","previousCounter":0,"rootKey":"PECI+WaJlGCXs/AAh4cLzsBGLOKO7RSFvo2XZKcvrCg="},"indexInfo":{"baseKey":"BU///2v6XHO6NP1Qp6sqPCUr5meAikS5cZJSVMIBGe95","baseKeyType":1,"closed":-1,"used":1722224746002,"created":1722224746002,"remoteIdentityKey":"BevPFt5C/ivY0b4GRBEUxfaA2eufhDWE6hNDxQP0Ufxq"},"_chains":{"BThaFptgKA7R2FfDNsh7q17bLDOgJr69GCTOm0fmsyFr":{"chainKey":{"counter":6,"key":"0wc3O6bajRYRi37PYm/n9UJkNoZo9X/2W3J7VNg/HxA="},"chainType":1,"messageKeys":{}}},"pendingPreKey":{"signedKeyId":1,"baseKey":"BU///2v6XHO6NP1Qp6sqPCUr5meAikS5cZJSVMIBGe95"}}},"version":"v1"}