{"_sessions":{"BauMvtynmpopcNk618bm6+o3JLP+UKkVy6YyGgO1g+pJ":{"registrationId":1235012105,"currentRatchet":{"ephemeralKeyPair":{"pubKey":"BQglF8n2kxLWCcTh3MN4XrIR0OduRGts0EYqFHMb6n5Y","privKey":"8CtfWbCPe1DGwR3+ka+wcxIB2dcNyPmAL+eJ0ooONks="},"lastRemoteEphemeralKey":"BUDEzAjJUyNDfgXmvP7sUOZijuDbYs9tLQ21Du0jn9xx","previousCounter":0,"rootKey":"USuOO31/xyM4H/rAKnXWuRCEDVa4LuXp9hWw1KReT8A="},"indexInfo":{"baseKey":"BauMvtynmpopcNk618bm6+o3JLP+UKkVy6YyGgO1g+pJ","baseKeyType":1,"closed":-1,"used":1722454513290,"created":1722454513290,"remoteIdentityKey":"BcAIVCBlnN2MqYxpc3EtIiXF0zOn/wpSYfnZQMRNvtE6"},"_chains":{"BQglF8n2kxLWCcTh3MN4XrIR0OduRGts0EYqFHMb6n5Y":{"chainKey":{"counter":7,"key":"9TZ255lZLOaorjR9xAP05AgfiEdVXbtc3mz2eDvn1uM="},"chainType":1,"messageKeys":{}}},"pendingPreKey":{"signedKeyId":20,"baseKey":"BauMvtynmpopcNk618bm6+o3JLP+UKkVy6YyGgO1g+pJ","preKeyId":3871833}}},"version":"v1"}