{"_sessions":{"BXzUOV+dSX2nXspmpj13HUBlxfJx3dU7hBiqGU+N8f1p":{"registrationId":1396123322,"currentRatchet":{"ephemeralKeyPair":{"pubKey":"BY5hR1P7y4n28nkDvi768EIuBbOiEQuQLYXlCXReKcRx","privKey":"8MbsL6jHxRNQkoQcOK5/ct8JrsqQHtVOBtxmxejc+HU="},"lastRemoteEphemeralKey":"Bet+iwoHEdmOwT/Uv2MmEQ6rnhGlB1l8l/uye0j1xG9n","previousCounter":0,"rootKey":"DHO6YXUeBwUhDjS186sQjHCREw83RvBEJrlaTAFRTZU="},"indexInfo":{"baseKey":"BXzUOV+dSX2nXspmpj13HUBlxfJx3dU7hBiqGU+N8f1p","baseKeyType":1,"closed":-1,"used":1722302915767,"created":1722302915767,"remoteIdentityKey":"BS+maiAxjqAgNl3VWYJDkEzr5/n1AujW6GOPxHrbnNoz"},"_chains":{"BY5hR1P7y4n28nkDvi768EIuBbOiEQuQLYXlCXReKcRx":{"chainKey":{"counter":76,"key":"89gDSiD+6wM1WrjD+9lSV20uZgyleqFyI34fGXcWudo="},"chainType":1,"messageKeys":{}}},"pendingPreKey":{"signedKeyId":4,"baseKey":"BXzUOV+dSX2nXspmpj13HUBlxfJx3dU7hBiqGU+N8f1p","preKeyId":8572188}}},"version":"v1"}