{"_sessions":{"BdCUhwI0JTtiR8ojITOEVb37rPUpVCMWuPN+TUDZF21K":{"registrationId":1449958821,"currentRatchet":{"ephemeralKeyPair":{"pubKey":"BcoQ/BUlhnnbZCKgFv3zvQKNRuaxYjF0S2aVI8ChFdto","privKey":"AITV+hWunqLNqsEkRBiqttZkxgcKiMLPuGgkLzJVPE0="},"lastRemoteEphemeralKey":"BeiU6H7ocSkch66mz97d5emS40RD3i11gr2jg2vf0Fdg","previousCounter":0,"rootKey":"DwnG/XgXboRJGR8LFNeTlArCnQYr2reJlq6i1q0/rAY="},"indexInfo":{"baseKey":"BdCUhwI0JTtiR8ojITOEVb37rPUpVCMWuPN+TUDZF21K","baseKeyType":1,"closed":-1,"used":1722302916088,"created":1722302916088,"remoteIdentityKey":"BU5cWhhyIb7O2ochvHsXeTSICLu933jih+tFezepfyo0"},"_chains":{"BcoQ/BUlhnnbZCKgFv3zvQKNRuaxYjF0S2aVI8ChFdto":{"chainKey":{"counter":76,"key":"Gc3iNrMmd3VZz4Iu+ZFJhK8oFQHZOezuXR5+Ou3Xcok="},"chainType":1,"messageKeys":{}}},"pendingPreKey":{"signedKeyId":3,"baseKey":"BdCUhwI0JTtiR8ojITOEVb37rPUpVCMWuPN+TUDZF21K","preKeyId":1102243}}},"version":"v1"}