{"_sessions":{"BYGWXKo9yRbJf3dR4xjFTK0eEqvAP5Ot91zF+cU0QXYC":{"registrationId":123622246,"currentRatchet":{"ephemeralKeyPair":{"pubKey":"BWIb4fq2N1hV9q1GJmUu1s57oct+PfJo2ba3a6KX93Ua","privKey":"aJObdryqFRrCmp3F2vsoIt2+LoejLVLB6Dln4bsVMWY="},"lastRemoteEphemeralKey":"BXjsWTtE94qXVYlBJ/nw36S5fdNi3yvXMBCwh7E5WN9G","previousCounter":0,"rootKey":"LWlKEkyLHIjtuxcdx7T8eC5H40/WcLcosHjZMs8TTwM="},"indexInfo":{"baseKey":"BYGWXKo9yRbJf3dR4xjFTK0eEqvAP5Ot91zF+cU0QXYC","baseKeyType":1,"closed":-1,"used":1722224746467,"created":1722224746467,"remoteIdentityKey":"BViqOaHX6QzCb99Q5avDKBJVfdv7ocUndoLsa7IadqQ8"},"_chains":{"BWIb4fq2N1hV9q1GJmUu1s57oct+PfJo2ba3a6KX93Ua":{"chainKey":{"counter":6,"key":"XgdyTTICfLCOL+h68rK07d37G3NK74FYwMH+zO98PwA="},"chainType":1,"messageKeys":{}}},"pendingPreKey":{"signedKeyId":1,"baseKey":"BYGWXKo9yRbJf3dR4xjFTK0eEqvAP5Ot91zF+cU0QXYC"}}},"version":"v1"}