{"_sessions":{"BU/9ZSrcm9AeJdNxa9MKyOruIyP3OHf7tuqdV3z71AdR":{"registrationId":1920758516,"currentRatchet":{"ephemeralKeyPair":{"pubKey":"BSIpJjK2i7UvyQ70PXz0OcGYcLoUPLfqjqX49hLyoK5u","privKey":"UJcoJWwQOBQlHVp5YR5p1tFYLMppQ+Fc7865Hl0Y8WA="},"lastRemoteEphemeralKey":"BZFB5yfoPTGBI2nhIXmIv0o1v8v+uL4oCmNPzNleXX1W","previousCounter":0,"rootKey":"5sR/c74FewnI9CPh2xPOphuJoXpZz2Win78aGZ7WcjQ="},"indexInfo":{"baseKey":"BU/9ZSrcm9AeJdNxa9MKyOruIyP3OHf7tuqdV3z71AdR","baseKeyType":2,"closed":-1,"used":1722473616588,"created":1722473501274,"remoteIdentityKey":"BU8rxNPmNoO4pXMYqPMLJnr1pKkgbjlX8KFhsNevA8F4"},"_chains":{"BaXbSXT9eQHXv++qc8aPTiqvAyUWybQ57bdH8Dn8MsMl":{"chainKey":{"counter":0},"chainType":2,"messageKeys":{}},"BZFB5yfoPTGBI2nhIXmIv0o1v8v+uL4oCmNPzNleXX1W":{"chainKey":{"counter":0,"key":"1H2pYZdulAbvMdsCKBY66Qedwmbib8csaP8obldHFAE="},"chainType":2,"messageKeys":{}},"BSIpJjK2i7UvyQ70PXz0OcGYcLoUPLfqjqX49hLyoK5u":{"chainKey":{"counter":-1,"key":"8evyF1WbF+iZx51sVS++s2Cb21zakwosdzPCI0VCN+k="},"chainType":1,"messageKeys":{}}}}},"version":"v1"}