{"_sessions":{"BTbQgVpSpzHuuuo6QcXmssJlymvknDBy70d77xkoX3RA":{"registrationId":115386949,"currentRatchet":{"ephemeralKeyPair":{"pubKey":"BUnS9EwQvYAzFLFy2L7BmEFCrY3DPhVa4EEW6ggEs3kX","privKey":"IH8MEC/CJQCYlNwkB05HKP2xI0AXd4BG0uBKBjIQ7EI="},"lastRemoteEphemeralKey":"BRGTjLlsiW3NkrOglzlZG8jtZGtt6yIaY865wR+KOoB2","previousCounter":0,"rootKey":"osOJjnz0siypzuzPh1zhYsbvRqm2tDZ/FviCFTCcSvE="},"indexInfo":{"baseKey":"BTbQgVpSpzHuuuo6QcXmssJlymvknDBy70d77xkoX3RA","baseKeyType":1,"closed":-1,"used":1722224748892,"created":1722224748892,"remoteIdentityKey":"BQK1cmunhcfEhu6jdXEj1OPeERuwM5thSloXsGg1PfJT"},"_chains":{"BUnS9EwQvYAzFLFy2L7BmEFCrY3DPhVa4EEW6ggEs3kX":{"chainKey":{"counter":6,"key":"v+3ww0vGFTHrnEvKr+Nsuu8f7u8yqEQW/Ws3rzy5nWo="},"chainType":1,"messageKeys":{}}},"pendingPreKey":{"signedKeyId":26,"baseKey":"BTbQgVpSpzHuuuo6QcXmssJlymvknDBy70d77xkoX3RA","preKeyId":11278390}}},"version":"v1"}