{"_sessions":{"BRSEwP2KIovc4JBMaYM33cq1kGsG2e+qW7YLIIHeWyl6":{"registrationId":1796370791,"currentRatchet":{"ephemeralKeyPair":{"pubKey":"Be+GPl7SA6lr1a0roKNNkeWiqQRRI+9KBjRA87B01ARC","privKey":"kMRrgJMTrGWR52nGj3bsi8B633yClzbavco2o6w9TkA="},"lastRemoteEphemeralKey":"BRQeZ71oye9MfO+ZVr/E5RwS+OCLfHZiszQregvqXYEF","previousCounter":0,"rootKey":"zXloA+WwQYsP2s73IKOyIsc1xH5iV5G8wSAQ9kO2lJM="},"indexInfo":{"baseKey":"BRSEwP2KIovc4JBMaYM33cq1kGsG2e+qW7YLIIHeWyl6","baseKeyType":1,"closed":-1,"used":1722224747102,"created":1722224747102,"remoteIdentityKey":"BVMPO4zjzmM3Vtg8eU3ShYOafsIbbGSvt3+uyjfXH2xD"},"_chains":{"Be+GPl7SA6lr1a0roKNNkeWiqQRRI+9KBjRA87B01ARC":{"chainKey":{"counter":6,"key":"Yb+1xzGjmFbzi9kKE3+s3S498JLba5rlQZUtaknr71Y="},"chainType":1,"messageKeys":{}}},"pendingPreKey":{"signedKeyId":0,"baseKey":"BRSEwP2KIovc4JBMaYM33cq1kGsG2e+qW7YLIIHeWyl6"}}},"version":"v1"}