{"_sessions":{"BQelqhg/diw3b3jgpVGJgBG9nbsrbnzp8WjZNtS9cBQp":{"registrationId":769889349,"currentRatchet":{"ephemeralKeyPair":{"pubKey":"BfAUr08Nsod9s/MMq5eZG8RxW2PlS9lUT/oZG6mdMPRK","privKey":"WBHRAOMH74zv60C+VWqATm7jNdUo7KLgjd4dVO9GT0M="},"lastRemoteEphemeralKey":"BSm3Jh+4IjHRxSDJx5WfLsu2Mn0dkfmsiyudxjTmhf95","previousCounter":0,"rootKey":"QamI/Sj5YgQv4d5LartLFaikdYyuowa+zlSB7z5ICJs="},"indexInfo":{"baseKey":"BQelqhg/diw3b3jgpVGJgBG9nbsrbnzp8WjZNtS9cBQp","baseKeyType":1,"closed":-1,"used":1722454512190,"created":1722454512190,"remoteIdentityKey":"BfqtYpezyRy6viyNO7ksht7HsWxfZ0cyTuNMYDry7PcX"},"_chains":{"BfAUr08Nsod9s/MMq5eZG8RxW2PlS9lUT/oZG6mdMPRK":{"chainKey":{"counter":7,"key":"EVP9JA/762DbFD50h6tIUcNfI+O91VnDPHjpiMOW9Co="},"chainType":1,"messageKeys":{}}},"pendingPreKey":{"signedKeyId":9,"baseKey":"BQelqhg/diw3b3jgpVGJgBG9nbsrbnzp8WjZNtS9cBQp","preKeyId":5426742}}},"version":"v1"}