{"_sessions":{"BeMSm1ZCUuu7/WbbaJ4BfR4SSZ+XfMNzKuoZTf7tQs4b":{"registrationId":729262609,"currentRatchet":{"ephemeralKeyPair":{"pubKey":"BeGdOkf1lVg6A31PLkCDXyOL/KMlEa51bJscGA4XzyVY","privKey":"OGLdFn6qxvAwGTzvnYzSvvuaQvoHENRs+7x03pxdyHc="},"lastRemoteEphemeralKey":"BaDDM4Hm6uUeQ1W01O358hj0/J7Yq4OYUmVsQn1mpvQW","previousCounter":0,"rootKey":"93/9P0y6iLRdo+uIWE6T4baVVqvKsE7TAAdvcWaCnGo="},"indexInfo":{"baseKey":"BeMSm1ZCUuu7/WbbaJ4BfR4SSZ+XfMNzKuoZTf7tQs4b","baseKeyType":1,"closed":1722408951484,"used":1722302916373,"created":1722302916373,"remoteIdentityKey":"Be/9uMpuPtwY6LlyEi2DqIBPdTSfWLBdGBt8LGlA0swg"},"_chains":{"BeGdOkf1lVg6A31PLkCDXyOL/KMlEa51bJscGA4XzyVY":{"chainKey":{"counter":56,"key":"3RqpeSsiwrpQwWK7C+hPsFPV/HRVX0Exoit4QzVo63Q="},"chainType":1,"messageKeys":{}}},"pendingPreKey":{"signedKeyId":6,"baseKey":"BeMSm1ZCUuu7/WbbaJ4BfR4SSZ+XfMNzKuoZTf7tQs4b","preKeyId":7049085}},"BZxXcf6wlRdZQpipvcPgn8m44RhAOYyJOYJ+e+UmMFpc":{"registrationId":729262609,"currentRatchet":{"ephemeralKeyPair":{"pubKey":"BW3KvEwMBvJnjNoXwborbwk75DgxiPfM3f2y3H/3qCwO","privKey":"KAYacLmgCgPMcwV9MF0/3f7rPhh1ANNgmyq3R3BUUGw="},"lastRemoteEphemeralKey":"BaDDM4Hm6uUeQ1W01O358hj0/J7Yq4OYUmVsQn1mpvQW","previousCounter":0,"rootKey":"XW8hfB5Z90UOeYe6Uqp1zduptnGnXydqurxVM5AIxwM="},"indexInfo":{"baseKey":"BZxXcf6wlRdZQpipvcPgn8m44RhAOYyJOYJ+e+UmMFpc","baseKeyType":1,"closed":1722408954856,"used":1722408951477,"created":1722408951477,"remoteIdentityKey":"Be/9uMpuPtwY6LlyEi2DqIBPdTSfWLBdGBt8LGlA0swg"},"_chains":{"BW3KvEwMBvJnjNoXwborbwk75DgxiPfM3f2y3H/3qCwO":{"chainKey":{"counter":1,"key":"P915ip3JvcMwtT4QXiEYiwfuvVcuT7aLLV1mo3epn50="},"chainType":1,"messageKeys":{}}},"pendingPreKey":{"signedKeyId":6,"baseKey":"BZxXcf6wlRdZQpipvcPgn8m44RhAOYyJOYJ+e+UmMFpc","preKeyId":7049046}},"Bf1SuJ6SiVD4qUbNn07+ercKJ2PFvUdBRsVzUg/wlXJ3":{"registrationId":729262609,"currentRatchet":{"ephemeralKeyPair":{"pubKey":"BWkAVjQF25IitsFF5QGRQDbnlbfai01Vctu3UFRJw0RK","privKey":"CJqYv/8TioBAS0XBw+gDTAT+QL2qth01mC1iQLQ9JV0="},"lastRemoteEphemeralKey":"BaDDM4Hm6uUeQ1W01O358hj0/J7Yq4OYUmVsQn1mpvQW","previousCounter":0,"rootKey":"Ln1RwPSm9wH7u7dUUaZH0r6p/GnEpU5qbe1gERlGnlI="},"indexInfo":{"baseKey":"Bf1SuJ6SiVD4qUbNn07+ercKJ2PFvUdBRsVzUg/wlXJ3","baseKeyType":1,"closed":1722408958090,"used":1722408954795,"created":1722408954795,"remoteIdentityKey":"Be/9uMpuPtwY6LlyEi2DqIBPdTSfWLBdGBt8LGlA0swg"},"_chains":{"BWkAVjQF25IitsFF5QGRQDbnlbfai01Vctu3UFRJw0RK":{"chainKey":{"counter":1,"key":"H8sL2h6lwZgxBP5fI1ppqR/bVj4vgfOHNpa17rFuEW0="},"chainType":1,"messageKeys":{}}},"pendingPreKey":{"signedKeyId":6,"baseKey":"Bf1SuJ6SiVD4qUbNn07+ercKJ2PFvUdBRsVzUg/wlXJ3","preKeyId":7049086}},"BUdN+Ie4c9fKRif3q6H3193Wl6Ccst2niQdgRenAwd0p":{"registrationId":729262609,"currentRatchet":{"ephemeralKeyPair":{"pubKey":"BSqO9YPCToe8cZ34Kes/TCRcpNPqmN2W5VtW78+fSP42","privKey":"GCAiruLyMukT67uu2rvkJwDDJctX5JiEgcGTTV7RCl8="},"lastRemoteEphemeralKey":"BaDDM4Hm6uUeQ1W01O358hj0/J7Yq4OYUmVsQn1mpvQW","previousCounter":0,"rootKey":"7QDWtl+Jmroj4wGozwvYBdj3oDvOXqRL3luwPloxwFM="},"indexInfo":{"baseKey":"BUdN+Ie4c9fKRif3q6H3193Wl6Ccst2niQdgRenAwd0p","baseKeyType":1,"closed":-1,"used":1722408958082,"created":1722408958082,"remoteIdentityKey":"Be/9uMpuPtwY6LlyEi2DqIBPdTSfWLBdGBt8LGlA0swg"},"_chains":{"BSqO9YPCToe8cZ34Kes/TCRcpNPqmN2W5VtW78+fSP42":{"chainKey":{"counter":15,"key":"TanCR6Nrcveu2YazVmaziXBdLOI+VHpwUukYZfQXFI0="},"chainType":1,"messageKeys":{}}},"pendingPreKey":{"signedKeyId":6,"baseKey":"BUdN+Ie4c9fKRif3q6H3193Wl6Ccst2niQdgRenAwd0p","preKeyId":7048945}}},"version":"v1"}