{"_sessions":{"BYJN3Lu5T1C3IVr28N84NwDRwYeLXk3AXCZm65cGtMcy":{"registrationId":0,"currentRatchet":{"ephemeralKeyPair":{"pubKey":"BeRhVtWfBGNVv2ipSV3V0U19OBnKVa/1lM60m5GYLJY4","privKey":"AM6yZWBzkAX0hxHYHrhx05c//8DaZzIsIkVndhC4bUs="},"lastRemoteEphemeralKey":"BewY8PClFT0Ma7dRf/rJH50Rud53yz9nMCrizX7YR2pJ","previousCounter":0,"rootKey":"1JOpcCccrpc1TaIEuRuFTymwrEYVzMcXnsfy3WeQXg8="},"indexInfo":{"baseKey":"BYJN3Lu5T1C3IVr28N84NwDRwYeLXk3AXCZm65cGtMcy","baseKeyType":1,"closed":-1,"used":1722454510594,"created":1722454510594,"remoteIdentityKey":"BV/KmRSydogFXjtVBG2YWerDY12c4qekHMfufMDIprAI"},"_chains":{"BeRhVtWfBGNVv2ipSV3V0U19OBnKVa/1lM60m5GYLJY4":{"chainKey":{"counter":7,"key":"O1kPqKVCJhf8HnPafDF+vi3AAwPTXzvq0bH8oiC5ev0="},"chainType":1,"messageKeys":{}}},"pendingPreKey":{"signedKeyId":1,"baseKey":"BYJN3Lu5T1C3IVr28N84NwDRwYeLXk3AXCZm65cGtMcy"}}},"version":"v1"}