{"_sessions":{"BdXUgzrztJFKn+zv3ZMwkVxUUQMvbw6oU7c3VJzHryo2":{"registrationId":1336279824,"currentRatchet":{"ephemeralKeyPair":{"pubKey":"Ba0lJ6L5ONgJYioGGYHG3a4BKJJc/H0fFaA9DGTltEgF","privKey":"ANER4BKGD0VWaimdjALUdXsvMZBfMZ19dV047nn5iGk="},"lastRemoteEphemeralKey":"BVldOb8zzyOAp3mdwKVPHOWsyJHt2w1WHt9+XsD/QIo7","previousCounter":0,"rootKey":"kl8AWvxgcmcoK/UjR3aHCVzY7AmC1IlK9C09IzpylEY="},"indexInfo":{"baseKey":"BdXUgzrztJFKn+zv3ZMwkVxUUQMvbw6oU7c3VJzHryo2","baseKeyType":1,"closed":1722481100876,"used":1722454513184,"created":1722454513184,"remoteIdentityKey":"BUS1+0zABDCuy4yEnsDEwt1PBRo4LzxUb7lO6OdV+wcx"},"_chains":{"Ba0lJ6L5ONgJYioGGYHG3a4BKJJc/H0fFaA9DGTltEgF":{"chainKey":{"counter":4,"key":"jQqp4nNL0TdrV9oHhTkL5jUdC0WIlmgJreIoDA2ddL4="},"chainType":1,"messageKeys":{}}},"pendingPreKey":{"signedKeyId":9,"baseKey":"BdXUgzrztJFKn+zv3ZMwkVxUUQMvbw6oU7c3VJzHryo2","preKeyId":6953844}},"BUEZNxpcWu+wkeZOORiLlI8V9L0CrvvheAMEuOFrrRM2":{"registrationId":1336279824,"currentRatchet":{"ephemeralKeyPair":{"pubKey":"BdqC+jGsYfzCaTbH3nCaLtcnC7+4FV03I1zMnMy9bcJQ","privKey":"QN86fmbwtCwLXmJbN6SBLsQe5dynn7aXyH5olfxaM2c="},"lastRemoteEphemeralKey":"BVldOb8zzyOAp3mdwKVPHOWsyJHt2w1WHt9+XsD/QIo7","previousCounter":0,"rootKey":"NiyaYKfjmpWA78H+QhFZv9g26nYoU2/b5ewyOW2A/Pc="},"indexInfo":{"baseKey":"BUEZNxpcWu+wkeZOORiLlI8V9L0CrvvheAMEuOFrrRM2","baseKeyType":1,"closed":-1,"used":1722481100861,"created":1722481100861,"remoteIdentityKey":"BUS1+0zABDCuy4yEnsDEwt1PBRo4LzxUb7lO6OdV+wcx"},"_chains":{"BdqC+jGsYfzCaTbH3nCaLtcnC7+4FV03I1zMnMy9bcJQ":{"chainKey":{"counter":2,"key":"2G72BbiChNngdshs0gyeF1yJnZfoQJimwIMdAjnAXpM="},"chainType":1,"messageKeys":{}}},"pendingPreKey":{"signedKeyId":9,"baseKey":"BUEZNxpcWu+wkeZOORiLlI8V9L0CrvvheAMEuOFrrRM2","preKeyId":6953856}}},"version":"v1"}