{"_sessions":{"BbWdWQ9Q4mi96OqLJcU4fDGL4BGUsoxy9ccizh18UaAb":{"registrationId":608,"currentRatchet":{"ephemeralKeyPair":{"pubKey":"BXY8TfgZJ+mvxZAi6KvbpZX25gi3/r5AAEKZQUxqeAEm","privKey":"MCLsMdZXmlg2U9S445rkdI1RNsqU4I1OXcW8BctMrU4="},"lastRemoteEphemeralKey":"BZH14Tu+1OMtyvKm9dM3HUsJ3vedPo2jMGVLdmOiLeEW","previousCounter":0,"rootKey":"A+wN0HEf6nFoTOXIMd8TXlRnztnYrPhodpkn4/FQbT8="},"indexInfo":{"baseKey":"BbWdWQ9Q4mi96OqLJcU4fDGL4BGUsoxy9ccizh18UaAb","baseKeyType":1,"closed":-1,"used":1722224746266,"created":1722224746266,"remoteIdentityKey":"BdIGoY8UisSPwYiExVRYWybwzoJV4rWpsgqf9mx+TnJG"},"_chains":{"BXY8TfgZJ+mvxZAi6KvbpZX25gi3/r5AAEKZQUxqeAEm":{"chainKey":{"counter":6,"key":"x9w+D6Z6ypLiMVXJlS9D+wvnp4q1+vkqTtSYaX6qrRo="},"chainType":1,"messageKeys":{}}},"pendingPreKey":{"signedKeyId":1,"baseKey":"BbWdWQ9Q4mi96OqLJcU4fDGL4BGUsoxy9ccizh18UaAb"}}},"version":"v1"}