{"_sessions":{"BW0Ll1kpSMj3jUdhZ6+JRUo9fdXt9CQX5euO1DZYlsMg":{"registrationId":1127545588,"currentRatchet":{"ephemeralKeyPair":{"pubKey":"Bd+CH5AjtZxTj4oVrzVW3XgD5ziww93vJ/TwhHLOYH0A","privKey":"2OuIDoRxJKt0pu+ieDY194Eh3ZUabhTZrMKvBqvhDlg="},"lastRemoteEphemeralKey":"BTOYcyYhPvTvyPW/XAcHfy8O07ZHA96f8Z9JARjp1G9r","previousCounter":0,"rootKey":"PdK+x8irP1WLSSaEiSHKuWie/NmC0xBlv+yMjPG9qNM="},"indexInfo":{"baseKey":"BW0Ll1kpSMj3jUdhZ6+JRUo9fdXt9CQX5euO1DZYlsMg","baseKeyType":1,"closed":-1,"used":1722302914780,"created":1722302914780,"remoteIdentityKey":"BYvWd3PoRCVdJyENf8Wz+akjJKWJOCsw7uOT5TP9ld0d"},"_chains":{"Bd+CH5AjtZxTj4oVrzVW3XgD5ziww93vJ/TwhHLOYH0A":{"chainKey":{"counter":76,"key":"iJw5WSOE5UhyltzKpEHdPu87CnBDZUiyNV2jIMh7o14="},"chainType":1,"messageKeys":{}}},"pendingPreKey":{"signedKeyId":1,"baseKey":"BW0Ll1kpSMj3jUdhZ6+JRUo9fdXt9CQX5euO1DZYlsMg"}}},"version":"v1"}