{"_sessions":{"BQQXaMNmFnW8MVYIPe7E0Rk3mRXWI2GyHljxiiMkxvgV":{"registrationId":12070,"currentRatchet":{"ephemeralKeyPair":{"pubKey":"BdL18QgZs3oG8M6inmQe5PCnM7bmC/sY3DOfEjRZ4GEu","privKey":"mPjDBkC9Oljy9izPB3FHCqttuxm1S7ByWCAARr97P3o="},"lastRemoteEphemeralKey":"BUpYLFu09cQb8cIl0UEKRQFhmM4MeEjKNefY/EwyIatg","previousCounter":0,"rootKey":"fDVfphNe5914G9tjW4E8TxQpJDrYPesSbQ7OksLQSRc="},"indexInfo":{"baseKey":"BQQXaMNmFnW8MVYIPe7E0Rk3mRXWI2GyHljxiiMkxvgV","baseKeyType":1,"closed":-1,"used":1722454510901,"created":1722454510901,"remoteIdentityKey":"BY57xrGkouQj4sYNEFf26C5em7INv83d9w2o3EDDkgs3"},"_chains":{"BdL18QgZs3oG8M6inmQe5PCnM7bmC/sY3DOfEjRZ4GEu":{"chainKey":{"counter":7,"key":"fkXOjpCaG+T2oG0cnULY+wn0YW97uyWTlms+XyvDS5s="},"chainType":1,"messageKeys":{}}},"pendingPreKey":{"signedKeyId":1,"baseKey":"BQQXaMNmFnW8MVYIPe7E0Rk3mRXWI2GyHljxiiMkxvgV"}}},"version":"v1"}