{"_sessions":{"Bdtf6oh2P3tFSG9AvOgjWdjyCQdlTL8GlT4GclMUHhth":{"registrationId":1548863407,"currentRatchet":{"ephemeralKeyPair":{"pubKey":"BeWq+86oSXuwj9gVlL7IpwEhctKkwSS701jDgG5gIzUN","privKey":"2Dn5EzBgWwiuczLR6Z5oR0QiVvLOf5kEAJrb4mKqIFc="},"lastRemoteEphemeralKey":"BcivH6p+atChUlFqu7006TizE2skjwKlZQufs+DyD+VZ","previousCounter":0,"rootKey":"ZOAZWgJhShSAXS4BepwCoXe9wO4XqhwJrdeEHtNWj9M="},"indexInfo":{"baseKey":"Bdtf6oh2P3tFSG9AvOgjWdjyCQdlTL8GlT4GclMUHhth","baseKeyType":1,"closed":1722480501285,"used":1722454512693,"created":1722454512693,"remoteIdentityKey":"BV2oEac0aNgSMiSGLYlx8FRd+RKTorHrStq3cvFOTqtx"},"_chains":{"BeWq+86oSXuwj9gVlL7IpwEhctKkwSS701jDgG5gIzUN":{"chainKey":{"counter":2,"key":"SnQEwFXXAbf66k76sljo9K9ljpuLXDYRSIQN8SVW9SU="},"chainType":1,"messageKeys":{}}},"pendingPreKey":{"signedKeyId":0,"baseKey":"Bdtf6oh2P3tFSG9AvOgjWdjyCQdlTL8GlT4GclMUHhth","preKeyId":6520541}},"BQ1+4S5CFJEmmfiDJabYoib0/TQ8nQ0So4V4ynZf6A9h":{"registrationId":334061960,"currentRatchet":{"ephemeralKeyPair":{"pubKey":"BVeEQSV85ESwLpVPaRAVWA+5ILbprUH8EXAfYi+sQ70I","privKey":"gDgJ6rFwr4+YKxy+fIkhVXvgyLpDpAsI4zusTovIDnk="},"lastRemoteEphemeralKey":"BUBr3TVVN/+a4Psz+I4Jxk6Y6UXS7vj8hS8HixAfkr02","previousCounter":0,"rootKey":"VPWxaRGAPFIndMAhhzpRCQbyshzYbML+FDLvuWeGylw="},"indexInfo":{"baseKey":"BQ1+4S5CFJEmmfiDJabYoib0/TQ8nQ0So4V4ynZf6A9h","baseKeyType":1,"closed":1722480517262,"used":1722480501191,"created":1722480501191,"remoteIdentityKey":"BZkEIH1+q8OYjoUrSb872BmVrVfNnW11LCSKsGTJMuQV"},"_chains":{"BVeEQSV85ESwLpVPaRAVWA+5ILbprUH8EXAfYi+sQ70I":{"chainKey":{"counter":0,"key":"0+e82Fe8N+hMlihPEcdrqaGOoy7iLdtOhuLWWxs+pHo="},"chainType":1,"messageKeys":{}}},"pendingPreKey":{"signedKeyId":0,"baseKey":"BQ1+4S5CFJEmmfiDJabYoib0/TQ8nQ0So4V4ynZf6A9h","preKeyId":5512253}},"BYZtNUdVvp857Zha9txk6k3tydEOoP5qd3viPh9pnR96":{"registrationId":334061960,"currentRatchet":{"ephemeralKeyPair":{"pubKey":"BQDOGIOgSEKo6oQy5OMsZ6KxrRbt3fuOYaW7Rc10ycEb","privKey":"mKh5ELAcQCOzovKYDVQKBSnbQXjE6FdLbsccDDkCUEc="},"lastRemoteEphemeralKey":"BUBr3TVVN/+a4Psz+I4Jxk6Y6UXS7vj8hS8HixAfkr02","previousCounter":0,"rootKey":"Z4dS6VHqyd72d0h1nBRO1xbainsY3ZO+jCWyHR1j3jU="},"indexInfo":{"baseKey":"BYZtNUdVvp857Zha9txk6k3tydEOoP5qd3viPh9pnR96","baseKeyType":1,"closed":-1,"used":1722480517197,"created":1722480517197,"remoteIdentityKey":"BZkEIH1+q8OYjoUrSb872BmVrVfNnW11LCSKsGTJMuQV"},"_chains":{"BQDOGIOgSEKo6oQy5OMsZ6KxrRbt3fuOYaW7Rc10ycEb":{"chainKey":{"counter":3,"key":"IF2DhJ0u0zyMnPN9rfasNDgz2nfVIxKApC5TnmPEogk="},"chainType":1,"messageKeys":{}}},"pendingPreKey":{"signedKeyId":0,"baseKey":"BYZtNUdVvp857Zha9txk6k3tydEOoP5qd3viPh9pnR96","preKeyId":5513055}}},"version":"v1"}