{"_sessions":{"BcyNPiiibVIwqfzVw7A4aFv4GxL4Jtlht/9NmbRB/PN4":{"registrationId":6139,"currentRatchet":{"ephemeralKeyPair":{"pubKey":"BdUNK3jvABodC6vDsEsCLzrXo8dQ0sbUEKay4AjoOO4v","privKey":"qIYWxcmXpwzqfX8wBLSuHKuJHIR5atBhSktpuow/7Gs="},"lastRemoteEphemeralKey":"BfcY25rdKyd6PP9PPTxMiPVamClqHRc3SD8Fe29hRltH","previousCounter":0,"rootKey":"T0MtJW1ZSVtvybJ44Wn/eSK9ZirXU0HpOzHb4ZOWQKA="},"indexInfo":{"baseKey":"BcyNPiiibVIwqfzVw7A4aFv4GxL4Jtlht/9NmbRB/PN4","baseKeyType":1,"closed":-1,"used":1722302914285,"created":1722302914285,"remoteIdentityKey":"Bf928SachyvaQp6kMWiIkTmOqMNDxj3sAoot687Z9Yha"},"_chains":{"BdUNK3jvABodC6vDsEsCLzrXo8dQ0sbUEKay4AjoOO4v":{"chainKey":{"counter":76,"key":"zk+Ur8FzBW05JAxadDK150KTSFh+PWkcnUlvR4lQIzI="},"chainType":1,"messageKeys":{}}},"pendingPreKey":{"signedKeyId":1,"baseKey":"BcyNPiiibVIwqfzVw7A4aFv4GxL4Jtlht/9NmbRB/PN4"}}},"version":"v1"}