{"_sessions":{"BWToI8pVnqJdQXGtddFjhXSmcRzkp0dCyDjdJ4vH+MUe":{"registrationId":1586648760,"currentRatchet":{"ephemeralKeyPair":{"pubKey":"BRvcJ9MDkKluIfn3sOHheQTQnKRcNEXmRBvijUyiJ6RJ","privKey":"sFai5WggTtlX1gLBlniZD8Lv+9D6IWDo1w1wmULYoms="},"lastRemoteEphemeralKey":"BTgVc3IOPAnx/57jQtiVkrPQdPT+xGTPGRESvzRBvqNq","previousCounter":0,"rootKey":"7N6NWUE2RDu1I57ez9sny1gmbaE1XZImEtoz1hzOhmM="},"indexInfo":{"baseKey":"BWToI8pVnqJdQXGtddFjhXSmcRzkp0dCyDjdJ4vH+MUe","baseKeyType":1,"closed":-1,"used":1722302914881,"created":1722302914881,"remoteIdentityKey":"BRXpf0FBwIjMzAWhOsry3znEKns93TgsJxL+TgGS2kMg"},"_chains":{"BRvcJ9MDkKluIfn3sOHheQTQnKRcNEXmRBvijUyiJ6RJ":{"chainKey":{"counter":76,"key":"eSB/+9TOMcKmCqvZ0EN40+1WlUIfzYj3X1LK+HjTVzg="},"chainType":1,"messageKeys":{}}},"pendingPreKey":{"signedKeyId":8,"baseKey":"BWToI8pVnqJdQXGtddFjhXSmcRzkp0dCyDjdJ4vH+MUe","preKeyId":1282751}}},"version":"v1"}