{"_sessions":{"BQf9Vkt4U8YOGJxYtJKSQ6nFdFHHRFyl2lA4Z+HIcEBb":{"registrationId":2026500441,"currentRatchet":{"ephemeralKeyPair":{"pubKey":"Be8qx2MyElMcnHWRxaYaoz5NRyB0eohqJW9gRNYJ7hxi","privKey":"YLB9H8bVGdGEFStbNkAatFslARjQsluqChH5pjMDinE="},"lastRemoteEphemeralKey":"BaZSvxGgg3ocXpFybCuOfpa5mvKugLagtsOK5iQVSOhW","previousCounter":0,"rootKey":"+rLzgkfomc4kbkOGSmigBvDiQ5d/YBay/4e84A4yX/A="},"indexInfo":{"baseKey":"BQf9Vkt4U8YOGJxYtJKSQ6nFdFHHRFyl2lA4Z+HIcEBb","baseKeyType":1,"closed":-1,"used":1722224748063,"created":1722224748063,"remoteIdentityKey":"BZMbEPQ00Cxr+xD0Q7Uxo/+5yeJXfYvzzstt3UcA+VpQ"},"_chains":{"Be8qx2MyElMcnHWRxaYaoz5NRyB0eohqJW9gRNYJ7hxi":{"chainKey":{"counter":6,"key":"lhQDOqWOrzT0AxZ9sUeg3O6xcG0P17CacDkzw/FOAPg="},"chainType":1,"messageKeys":{}}},"pendingPreKey":{"signedKeyId":0,"baseKey":"BQf9Vkt4U8YOGJxYtJKSQ6nFdFHHRFyl2lA4Z+HIcEBb"}}},"version":"v1"}