{"_sessions":{"BU48MVg3D9XY6FFAVuGTjr05NzZufdkd2+K7p3QZSJMQ":{"registrationId":105121531,"currentRatchet":{"ephemeralKeyPair":{"pubKey":"BXJGKK5QHclXf4g8ScWNmuD22tkWjJaMJ1GPLcc7q4tw","privKey":"qNZU29ANtVpNZOKZLSDkDkWAbXrOLigRV/m/ld6pXls="},"lastRemoteEphemeralKey":"BfAE7yDJc5AYrS66BdKwT7+b56ML3rSM2ZCZ5okeI8R0","previousCounter":0,"rootKey":"wgYLp2T6KE0DrGaN6N0ZXcxTM9Vv0VxOnx8yIVttm3U="},"indexInfo":{"baseKey":"BU48MVg3D9XY6FFAVuGTjr05NzZufdkd2+K7p3QZSJMQ","baseKeyType":1,"closed":-1,"used":1722224747980,"created":1722224747980,"remoteIdentityKey":"BZ8hXZ6NPRmt5NG8x4i3LM6ppV6RwSryQS6CsJpPBYE/"},"_chains":{"BXJGKK5QHclXf4g8ScWNmuD22tkWjJaMJ1GPLcc7q4tw":{"chainKey":{"counter":6,"key":"IBKOoedgx4BwUBcLj1AFgTzwAEQKaDhiiuJHb+NPAj8="},"chainType":1,"messageKeys":{}}},"pendingPreKey":{"signedKeyId":2,"baseKey":"BU48MVg3D9XY6FFAVuGTjr05NzZufdkd2+K7p3QZSJMQ","preKeyId":15388896}}},"version":"v1"}