{"_sessions":{"BUMWmOlVSlwafc84QNTiObL3GPzZyFQRBJHVWamRepU8":{"registrationId":1363858910,"currentRatchet":{"ephemeralKeyPair":{"pubKey":"BcHEZT0GCjg9Nq3TDyb1g4d5gAXM6wcaUxB4BKjcCe05","privKey":"MG51DrwaSs6qsBCL3Ns2EQaw3e7HF+wvYE3rep3gpXA="},"lastRemoteEphemeralKey":"BcAO7jqekHHO5Bg8SUsj5jEVQBai+dY/U/DZFeXHbQBD","previousCounter":0,"rootKey":"PGDuLFd49S2w5zSa4tty4UY52wlwDgiRiWVFORntAXk="},"indexInfo":{"baseKey":"BUMWmOlVSlwafc84QNTiObL3GPzZyFQRBJHVWamRepU8","baseKeyType":1,"closed":-1,"used":1722302915088,"created":1722302915088,"remoteIdentityKey":"Bfi1Ix0B4Y9hLnLbKXrZTAvPZ3iMakQPHhOwCjgSbtp7"},"_chains":{"BcHEZT0GCjg9Nq3TDyb1g4d5gAXM6wcaUxB4BKjcCe05":{"chainKey":{"counter":76,"key":"/7Fri3Bv4aKIWwaQoE5wX4K0hZU6gQnyTK9kwb3vT24="},"chainType":1,"messageKeys":{}}},"pendingPreKey":{"signedKeyId":9,"baseKey":"BUMWmOlVSlwafc84QNTiObL3GPzZyFQRBJHVWamRepU8","preKeyId":9172008}}},"version":"v1"}