{"_sessions":{"BZ48zN650ZzvD1ZNsi9GjhgVjK3pOKGuVbOZN2ImgANQ":{"registrationId":10365,"currentRatchet":{"ephemeralKeyPair":{"pubKey":"BcA25qIUq4xEowo/GRfAQ/oak8lMTjdnseIhBWI8FsRM","privKey":"oAnze2A7VLOBRYQMDvJi2LsAEcXYaWiHV4Uvv7DLVWI="},"lastRemoteEphemeralKey":"BdzzV31gBldNmiT9xi6jn9UiSJYAaYGlDXjlDmZOvXdz","previousCounter":0,"rootKey":"2b5p2253+C9uxX7yqNCUm4HBvOt+M7A2gkgBj3368pM="},"indexInfo":{"baseKey":"BZ48zN650ZzvD1ZNsi9GjhgVjK3pOKGuVbOZN2ImgANQ","baseKeyType":1,"closed":-1,"used":1722224745972,"created":1722224745972,"remoteIdentityKey":"BSUNaQR+tHPy/c+jfCs3yK8geNELrDfbRta9Ava5NGtS"},"_chains":{"BcA25qIUq4xEowo/GRfAQ/oak8lMTjdnseIhBWI8FsRM":{"chainKey":{"counter":6,"key":"oESk5lNgIbE/6wz0doPCfoBgSD1dJ5l+Kubnt7t6LnE="},"chainType":1,"messageKeys":{}}},"pendingPreKey":{"signedKeyId":1,"baseKey":"BZ48zN650ZzvD1ZNsi9GjhgVjK3pOKGuVbOZN2ImgANQ"}}},"version":"v1"}