{"_sessions":{"BcZvso0Vt62/5bj546dCZftsXTQlyLB679GaDcba82I7":{"registrationId":489331650,"currentRatchet":{"ephemeralKeyPair":{"pubKey":"BWCbLNWOFK1dldtdRItVQFcfZxGghGaiKDDs+W3Nbu44","privKey":"+NfS2QPdznSHMSaoZn0ozUG9im8nH0UrDNbEizNeL2I="},"lastRemoteEphemeralKey":"BQZ/mtAVluRnQebGFLzLSj7HkNiMXzOb0IDVC5mSM0kh","previousCounter":0,"rootKey":"MOuyX3EcYhL8j0hC7P3H69R4fJWe/jiVbxOZGu6S8Fg="},"indexInfo":{"baseKey":"BcZvso0Vt62/5bj546dCZftsXTQlyLB679GaDcba82I7","baseKeyType":1,"closed":-1,"used":1722224749260,"created":1722224749260,"remoteIdentityKey":"Bdro8MOsKh//UaptfE9H1jGnqAcP//c53+xD+XclrjMM"},"_chains":{"BWCbLNWOFK1dldtdRItVQFcfZxGghGaiKDDs+W3Nbu44":{"chainKey":{"counter":6,"key":"1nz8mWCIH960pcDYGceDjqOtludOSDSyF2XMJ85I2ks="},"chainType":1,"messageKeys":{}}},"pendingPreKey":{"signedKeyId":0,"baseKey":"BcZvso0Vt62/5bj546dCZftsXTQlyLB679GaDcba82I7","preKeyId":14383851}}},"version":"v1"}