{"_sessions":{"BfVJnSJsR/71eMU0CYlmujGc2NlxozBHx0XubvoeGL03":{"registrationId":356575834,"currentRatchet":{"ephemeralKeyPair":{"pubKey":"BTCjkEkUzczb2c47p9nGqhXjGkBwCrQX8R5pTZB8hzdN","privKey":"IFHUSyJnhdYIdqb6ShtGZiGt5nbrXgL6GTY1OqbKVFo="},"lastRemoteEphemeralKey":"BXXedbnE1tHT7onpR2uKXctdh6Pr/pbOklGq5p1GG28X","previousCounter":0,"rootKey":"Q+bMDszdp9MR/Z8Rq1ga96TYNhy5rjQkOLuYs2sUjGk="},"indexInfo":{"baseKey":"BfVJnSJsR/71eMU0CYlmujGc2NlxozBHx0XubvoeGL03","baseKeyType":1,"closed":-1,"used":1722224747165,"created":1722224747165,"remoteIdentityKey":"BSG84kSEdBxq8FwVglbvTw2eGmrMtpdzvTlDQ4pzkQFE"},"_chains":{"BTCjkEkUzczb2c47p9nGqhXjGkBwCrQX8R5pTZB8hzdN":{"chainKey":{"counter":6,"key":"a+kK2Pqyu4ZfYb3U0/NnUP3qIkExmeCJFjapshUy6Hs="},"chainType":1,"messageKeys":{}}},"pendingPreKey":{"signedKeyId":2,"baseKey":"BfVJnSJsR/71eMU0CYlmujGc2NlxozBHx0XubvoeGL03"}}},"version":"v1"}