{"_sessions":{"BZqyu7sr0nhHB9x1Paiqg0c/Pt+UNQqmUC3yxv0xzYIz":{"registrationId":1893802024,"currentRatchet":{"ephemeralKeyPair":{"pubKey":"BWZ7uzO7utPMcg/p85LDg380ZgxS7UKCDC9H5P81Ph0K","privKey":"+KwNHvoqXn1PMAsh5Vqo+KXDOOo8mdEd8qXvh5A8nG8="},"lastRemoteEphemeralKey":"BT54rcJcf2OdKOl7oFac734+FdXhykweIveIflvC+JNX","previousCounter":0,"rootKey":"WdNrW01J0MlDXixdL2YnklM5K0JVg1ra/DgXswsyOxQ="},"indexInfo":{"baseKey":"BZqyu7sr0nhHB9x1Paiqg0c/Pt+UNQqmUC3yxv0xzYIz","baseKeyType":1,"closed":-1,"used":1722224746666,"created":1722224746666,"remoteIdentityKey":"BSceFW6ybwN5FFum9ythAV3x6Dz9Xu1Qi7iwL7mx1NAE"},"_chains":{"BWZ7uzO7utPMcg/p85LDg380ZgxS7UKCDC9H5P81Ph0K":{"chainKey":{"counter":6,"key":"p8/bdw5/al9L4Q+xKPTPW+jr61r/bJ78tIG8sywqnCM="},"chainType":1,"messageKeys":{}}},"pendingPreKey":{"signedKeyId":7,"baseKey":"BZqyu7sr0nhHB9x1Paiqg0c/Pt+UNQqmUC3yxv0xzYIz","preKeyId":5418023}}},"version":"v1"}