{"_sessions":{"BUsmQ6hQFA9MBSROecht+CO/cU7fpSAiNdUNyIl+oHkR":{"registrationId":610211580,"currentRatchet":{"ephemeralKeyPair":{"pubKey":"BRYnNyF40PTpU2SMr7C5cLe9KzQx/Y+RLAraBqyg3bET","privKey":"kCKhxSgslAj2pZ5sX5Pm+nsxtK8Str11R0UhiuVQ8HI="},"lastRemoteEphemeralKey":"BcAFcw4X0zQVyUx4ZXjIK93Ev+P4yvHBl4rvRB8Tk8gP","previousCounter":0,"rootKey":"CLk1cwExCQJO1aEq0HXkCyeW8TN6NkgQJkG/9zbP2Tk="},"indexInfo":{"baseKey":"BUsmQ6hQFA9MBSROecht+CO/cU7fpSAiNdUNyIl+oHkR","baseKeyType":1,"closed":-1,"used":1722224746698,"created":1722224746698,"remoteIdentityKey":"BaNbLe6ny3GLvLVdRWQPeNiI0mxyvOd2b8Bya6p8N65z"},"_chains":{"BRYnNyF40PTpU2SMr7C5cLe9KzQx/Y+RLAraBqyg3bET":{"chainKey":{"counter":6,"key":"apV+0F9q3TnE/My2XZ07u+shE+/7/Hv2cBrAfPRMcqo="},"chainType":1,"messageKeys":{}}},"pendingPreKey":{"signedKeyId":1,"baseKey":"BUsmQ6hQFA9MBSROecht+CO/cU7fpSAiNdUNyIl+oHkR","preKeyId":850513}}},"version":"v1"}