{"_sessions":{"BQvaHQqSuGrfwmJWtGI+joY8oF9zwqHT2rwXAeO0F7RD":{"registrationId":492915742,"currentRatchet":{"ephemeralKeyPair":{"pubKey":"Bcf0srSg0La7mt70Nltp7uMQPYw3G/anC+jXYgoQsDNt","privKey":"8IzF2XzJmxU3DfF1qR3N4t25JY0DIuHtyTr7ZCToZ2U="},"lastRemoteEphemeralKey":"BbFWuRoCggoelGej/lLXPTf+YgUF/Dqb3wr3SWzfDvM3","previousCounter":0,"rootKey":"1apWof1r2iCjkN2fMfVI1XUPH/49Nhaxx5t+7pyZ5qA="},"indexInfo":{"baseKey":"BQvaHQqSuGrfwmJWtGI+joY8oF9zwqHT2rwXAeO0F7RD","baseKeyType":1,"closed":-1,"used":1722224748694,"created":1722224748694,"remoteIdentityKey":"BbsnKTONmd2y5S5EcShjH4q6idt3Iwtgr+LURmel5E4C"},"_chains":{"Bcf0srSg0La7mt70Nltp7uMQPYw3G/anC+jXYgoQsDNt":{"chainKey":{"counter":6,"key":"XE+MsAKCl6BMSFqg2XmyzzE+wFQxXvc+WUfJUtX9DXQ="},"chainType":1,"messageKeys":{}}},"pendingPreKey":{"signedKeyId":1,"baseKey":"BQvaHQqSuGrfwmJWtGI+joY8oF9zwqHT2rwXAeO0F7RD"}}},"version":"v1"}