{"_sessions":{"Be+lHpZG6x6K1OPS3NS3PCmdym4YCXOiJZBXZpQnX5Ns":{"registrationId":1837803003,"currentRatchet":{"ephemeralKeyPair":{"pubKey":"BfhaM5eJh1+u6yBdEI9UM3SpcXQ7B0vbu/k33BK31vdY","privKey":"GLftlL+VN8bDwwsY/LsKX5sXpQHob5pFKtYzDsHSHVA="},"lastRemoteEphemeralKey":"BSaYm2jUSuA+Gy3ZnvKdYchblb0ML1UdxkrzO+h4wD0N","previousCounter":0,"rootKey":"h3ngtyCKlVAj4zSeU4upMZHwi1D7Yx9E5o7LYAxQQPY="},"indexInfo":{"baseKey":"Be+lHpZG6x6K1OPS3NS3PCmdym4YCXOiJZBXZpQnX5Ns","baseKeyType":1,"closed":-1,"used":1722224747582,"created":1722224747582,"remoteIdentityKey":"BZCTVUtvLw2+pMC48wx3s3fHSZmYitbQ1gwalS5t2G4r"},"_chains":{"BfhaM5eJh1+u6yBdEI9UM3SpcXQ7B0vbu/k33BK31vdY":{"chainKey":{"counter":6,"key":"1vbsNVWQEnoc7drYCU6LZI7EBlZ6M8lEZ5JjEjWebP0="},"chainType":1,"messageKeys":{}}},"pendingPreKey":{"signedKeyId":0,"baseKey":"Be+lHpZG6x6K1OPS3NS3PCmdym4YCXOiJZBXZpQnX5Ns"}}},"version":"v1"}