{"_sessions":{"BWQ7Lrdq91aqupz9PZq3BY3ydJQyx+fTsnf3uarEaLdM":{"registrationId":2052252878,"currentRatchet":{"ephemeralKeyPair":{"pubKey":"BVJSe65vCQRq6cCCPg/HRn070rObnrsOGXj2KHUlSXwh","privKey":"KNmm4LP7shL5UeHNqJDWIRFmuqZd0d+X9U4/96fS80Y="},"lastRemoteEphemeralKey":"BYKtp0dyk8mDE/IM04KRk4q6egxaHhe1aEQy3ib55pIr","previousCounter":0,"rootKey":"XBOzAluaVN/jodOyEPTiRtEJF6Rhmgse4nBaFfKmXpk="},"indexInfo":{"baseKey":"BWQ7Lrdq91aqupz9PZq3BY3ydJQyx+fTsnf3uarEaLdM","baseKeyType":1,"closed":-1,"used":1722224749301,"created":1722224749301,"remoteIdentityKey":"BYysmEgoDim1kD1WYHItxjgBKErF3Eq7j5wi6FJI90dy"},"_chains":{"BVJSe65vCQRq6cCCPg/HRn070rObnrsOGXj2KHUlSXwh":{"chainKey":{"counter":6,"key":"WPatT6p9fYli3T+aYJ/u82YBjlicyFKKaOfGyEziprU="},"chainType":1,"messageKeys":{}}},"pendingPreKey":{"signedKeyId":13,"baseKey":"BWQ7Lrdq91aqupz9PZq3BY3ydJQyx+fTsnf3uarEaLdM","preKeyId":6796902}}},"version":"v1"}