{"_sessions":{"BSghxmtBvfY96Y6zRZcmkIaezZbV8oudOy9XYVFbkqcS":{"registrationId":1521429719,"currentRatchet":{"ephemeralKeyPair":{"pubKey":"Bfo4sC1g1ygFrLu8oxLyEBa+b5OF9yYGKR8AdUEUrxFM","privKey":"sJtuYfBQw2vF7D4NimiVaNl9FJd9PhjZBUr+A7cLi2g="},"lastRemoteEphemeralKey":"BV6yyU0zeJNQajudKDVSHPCFdehfmMm+CBjHATRSdGQ0","previousCounter":21,"rootKey":"XkNomJfZwgsAsHZ1wQIKcy++K4MnQwAR7Bjh/NCmsrY="},"indexInfo":{"baseKey":"BSghxmtBvfY96Y6zRZcmkIaezZbV8oudOy9XYVFbkqcS","baseKeyType":1,"closed":-1,"used":1722417931076,"created":1722302915288,"remoteIdentityKey":"BXJPOW28bMLGLYBszoNhULXYTc0haNE5lgTC8grIdxYf"},"_chains":{"BWJnLOaDDL3T/nsHUCcpzL74N5miGQlN+UwF9Bt75bpA":{"chainKey":{"counter":0},"chainType":2,"messageKeys":{}},"BXLcgW63aiE1OUVnMy4kB/ktvnjaTwf3rL1jzTsoewpm":{"chainKey":{"counter":0},"chainType":2,"messageKeys":{}},"BQs5LoOBWYUWGfXyoK/Yn8ff/gC0Z5sCKA27tHcuTRlN":{"chainKey":{"counter":2},"chainType":2,"messageKeys":{}},"BT2E+WpdvAiD7NB7b+vXMB0zla7TEHDb0RYmK7eh5BVA":{"chainKey":{"counter":0},"chainType":2,"messageKeys":{}},"BUxpLG9q/6vHNbbxmyCL7YgUMqgI0CQ+IUaMs3/Q6S5e":{"chainKey":{"counter":0},"chainType":2,"messageKeys":{}},"BV6yyU0zeJNQajudKDVSHPCFdehfmMm+CBjHATRSdGQ0":{"chainKey":{"counter":1,"key":"iiG+gA1QWerJmyJDMyFFqey0E82pM4ju10oYZ8zTdL4="},"chainType":2,"messageKeys":{}},"Bfo4sC1g1ygFrLu8oxLyEBa+b5OF9yYGKR8AdUEUrxFM":{"chainKey":{"counter":9,"key":"Mtevt+JspkzYwX/3kiRzy1YiszpEakc0cEaj0CFrXpA="},"chainType":1,"messageKeys":{}}}}},"version":"v1"}