{"_sessions":{"BZBr5X2wYrhKSKIC8t0Aw9Ybbq9WX4IEqLu6H7vL8llM":{"registrationId":1611251729,"currentRatchet":{"ephemeralKeyPair":{"pubKey":"BfxNzg9NWo84IwCwUgc56TnKThLykjThoGv1qECWH9kj","privKey":"SIiqlJ4CpIzbWj6gfZ2QF8vRaXJt09fOX7xD+mGtXXA="},"lastRemoteEphemeralKey":"BdUtrPwJ9OSWKg9iDz3sTvI0IxukbzFtXzPx2K61N98Y","previousCounter":0,"rootKey":"GeAGP0sUn//C6SqyAjGjAuTuK5elkRWTvHMyhg47eeE="},"indexInfo":{"baseKey":"BZBr5X2wYrhKSKIC8t0Aw9Ybbq9WX4IEqLu6H7vL8llM","baseKeyType":1,"closed":-1,"used":1722224747574,"created":1722224747574,"remoteIdentityKey":"BYm/BEMu2zf2PyS6hHd0EG25b9hiuv0BqxJ3xR/+nxRV"},"_chains":{"BfxNzg9NWo84IwCwUgc56TnKThLykjThoGv1qECWH9kj":{"chainKey":{"counter":6,"key":"6EoEntKWNxRXhkb/M5nSHDkA6rplMy6GybQyKFryrQ0="},"chainType":1,"messageKeys":{}}},"pendingPreKey":{"signedKeyId":0,"baseKey":"BZBr5X2wYrhKSKIC8t0Aw9Ybbq9WX4IEqLu6H7vL8llM","preKeyId":11108607}}},"version":"v1"}