{"_sessions":{"BfI++P8R9qLl9BIHTyG6yxGXTqXlzLptVOqbdqsyhdUP":{"registrationId":1363858910,"currentRatchet":{"ephemeralKeyPair":{"pubKey":"BZGCeXcjeHPVCySqfeXcDc8eiQEE9KvwMrr3TqTmMCMB","privKey":"SNs5nJCYJracIi1ZpscKbmlSO9uu0L5LItJ35xEgDno="},"lastRemoteEphemeralKey":"BcAO7jqekHHO5Bg8SUsj5jEVQBai+dY/U/DZFeXHbQBD","previousCounter":0,"rootKey":"6T+cj4aHVwS0xDlS7JP+52GZ2ZpeSyqTHesrsK2ppnc="},"indexInfo":{"baseKey":"BfI++P8R9qLl9BIHTyG6yxGXTqXlzLptVOqbdqsyhdUP","baseKeyType":1,"closed":-1,"used":1722454511865,"created":1722454511865,"remoteIdentityKey":"Bfi1Ix0B4Y9hLnLbKXrZTAvPZ3iMakQPHhOwCjgSbtp7"},"_chains":{"BZGCeXcjeHPVCySqfeXcDc8eiQEE9KvwMrr3TqTmMCMB":{"chainKey":{"counter":7,"key":"PwErXS/pkviSZ6ZaX8+40v2QYnaJDnrrReuj3c/pA/c="},"chainType":1,"messageKeys":{}}},"pendingPreKey":{"signedKeyId":9,"baseKey":"BfI++P8R9qLl9BIHTyG6yxGXTqXlzLptVOqbdqsyhdUP","preKeyId":9173396}}},"version":"v1"}