{"_sessions":{"BTk1FJG4r8pCnGK0kbPgKQhNkJmJeuBHBdmcX47yFu8H":{"registrationId":1514982341,"currentRatchet":{"ephemeralKeyPair":{"pubKey":"BV4MDQ3q8y14oTpEdRj97tKFAZkev/L+ovVVPrSefN12","privKey":"MDSFkKW9Z7NH830AwYSfZlXOvL3fUGWW2MZYtuqOaXY="},"lastRemoteEphemeralKey":"BXL7dC1PR3WSJJTJIukg+oEHrJlZA+b+QsODhqFk5zUK","previousCounter":0,"rootKey":"P09YXxcPOWi96IfIxlqqLXBu7aWX1a4W6uUNaszaumU="},"indexInfo":{"baseKey":"BTk1FJG4r8pCnGK0kbPgKQhNkJmJeuBHBdmcX47yFu8H","baseKeyType":1,"closed":-1,"used":1722454511695,"created":1722454511695,"remoteIdentityKey":"BToxIx7J6kwRZnnVDnttaBQHVlrKnAyZONqH+bQ8foU3"},"_chains":{"BV4MDQ3q8y14oTpEdRj97tKFAZkev/L+ovVVPrSefN12":{"chainKey":{"counter":7,"key":"S97JUBLTnPUmKxjvEjp/+NwnsE1fQgg8QTPbVqhlBaU="},"chainType":1,"messageKeys":{}}},"pendingPreKey":{"signedKeyId":53,"baseKey":"BTk1FJG4r8pCnGK0kbPgKQhNkJmJeuBHBdmcX47yFu8H","preKeyId":4053495}}},"version":"v1"}