{"_sessions":{"BaMF1+X2/mr9Z4uLKbcz0GxIftzUUWKmXjmFa1k9iKww":{"registrationId":201,"currentRatchet":{"ephemeralKeyPair":{"pubKey":"BYyIEaSM/h4pxFgUdEUIS9Z4Vq3hIWda71fhz5x/YH0l","privKey":"qL36GT+S5Kdwg6LH8X/HxJOMXiXYrDhP183KHnxtW3M="},"lastRemoteEphemeralKey":"Bd8Vca/7WOFvEF5+VWV0OKu31z5u9pUsbLvsBmsrt+9M","previousCounter":0,"rootKey":"XoHJmvayXPaavUgnSvqiSh4Or2kzEiEqqGeALFO1Djc="},"indexInfo":{"baseKey":"BaMF1+X2/mr9Z4uLKbcz0GxIftzUUWKmXjmFa1k9iKww","baseKeyType":1,"closed":-1,"used":1722224745765,"created":1722224745765,"remoteIdentityKey":"BUO41GqEsiD+GfsFRQ0RfanZfglWpBoikx0wWySOxHoQ"},"_chains":{"BYyIEaSM/h4pxFgUdEUIS9Z4Vq3hIWda71fhz5x/YH0l":{"chainKey":{"counter":6,"key":"srF8SZzb8VH4c5rK8P0EAbERuIXhvJ4W76f48pQLDmw="},"chainType":1,"messageKeys":{}}},"pendingPreKey":{"signedKeyId":1,"baseKey":"BaMF1+X2/mr9Z4uLKbcz0GxIftzUUWKmXjmFa1k9iKww","preKeyId":3978}}},"version":"v1"}