{"_sessions":{"BbEI2WLhEpdpw/m8D8B5+ZYe8oU40v3opbzs+3UbX+dx":{"registrationId":1653830630,"currentRatchet":{"ephemeralKeyPair":{"pubKey":"BQQqgRj/DJNEf0klvQAlvNexWaX8wttcCK8R66INumY+","privKey":"+INMdeAE7CUvAm7XiUD2aZH26ZDFOBvwVJ1oGKT9C3o="},"lastRemoteEphemeralKey":"Ba2cSZql1IMhZ8MAuSV1No+19Ssu+4k75soayfgzvvIg","previousCounter":0,"rootKey":"hNKDV6adHgrYQgp9vdaOo41v9lwg/IzMqBErMk1s4qw="},"indexInfo":{"baseKey":"BbEI2WLhEpdpw/m8D8B5+ZYe8oU40v3opbzs+3UbX+dx","baseKeyType":1,"closed":-1,"used":1722302915164,"created":1722302915164,"remoteIdentityKey":"BQsHvqLVErfQMK1z6PMUlYhlPHMIy2rvqaYQnwOzcPB9"},"_chains":{"BQQqgRj/DJNEf0klvQAlvNexWaX8wttcCK8R66INumY+":{"chainKey":{"counter":76,"key":"O9EJliFhsBguch6tlseevhsboSH//bv9aD2glVE3XAc="},"chainType":1,"messageKeys":{}}},"pendingPreKey":{"signedKeyId":7,"baseKey":"BbEI2WLhEpdpw/m8D8B5+ZYe8oU40v3opbzs+3UbX+dx","preKeyId":5595599}}},"version":"v1"}