{"_sessions":{"BWtSm7JM0wyYgeh8hDDmsRpoyDDBsV16Xxjxjd82mcwO":{"registrationId":709,"currentRatchet":{"ephemeralKeyPair":{"pubKey":"BQ0JmxyRx2MfR3omZi/RQmT/84BYBaXwDiebf6XVhxFu","privKey":"YPJyhK1uzkdzpEMIUKGfAfz5diZt2tzNEHVql+9nBU0="},"lastRemoteEphemeralKey":"BaX0aSyog3tkiu1JDX9MnB/ext6fiMA5YgRG/HthEKN7","previousCounter":0,"rootKey":"2r/G8YZLD2ofOA4lFktaGitMHPSEnF5d69G2yP+9EJE="},"indexInfo":{"baseKey":"BWtSm7JM0wyYgeh8hDDmsRpoyDDBsV16Xxjxjd82mcwO","baseKeyType":1,"closed":-1,"used":1722224745968,"created":1722224745968,"remoteIdentityKey":"BUvQ6Uxc2Z3YP7QWZ+o/wIWd5Vg4eTvq6yvgA/vOnYNZ"},"_chains":{"BQ0JmxyRx2MfR3omZi/RQmT/84BYBaXwDiebf6XVhxFu":{"chainKey":{"counter":6,"key":"27jyAkZFPbXlOcXE3Z8jEl/csC3Uqg3Jz5F4lr1G3js="},"chainType":1,"messageKeys":{}}},"pendingPreKey":{"signedKeyId":1,"baseKey":"BWtSm7JM0wyYgeh8hDDmsRpoyDDBsV16Xxjxjd82mcwO"}}},"version":"v1"}