{"_sessions":{"BSR45EElIAy4jt6wxxamxFXMrjQTPc37zTwEk6fLUgws":{"registrationId":1179824030,"currentRatchet":{"ephemeralKeyPair":{"pubKey":"BXlCAGr3SWB78u9C2NAXpcDQ7mHWcj7wTL6s1p07H4Ni","privKey":"MAovaLcG/bCoicX+OkxNmaQ4QQKfgVMwzFFFDRil92s="},"lastRemoteEphemeralKey":"BekvSqBkPLQ2AookkPhX7KygJHuqARWp1SNSUEfomhkt","previousCounter":0,"rootKey":"wLMwwNjJobI3Z/SZIcl/PjkfK891135hlFUD7S8oo2M="},"indexInfo":{"baseKey":"BSR45EElIAy4jt6wxxamxFXMrjQTPc37zTwEk6fLUgws","baseKeyType":1,"closed":-1,"used":1722224747070,"created":1722224747070,"remoteIdentityKey":"BR7vwpvg20s9J9tlZ22kzOTGFYF+ct05sYRlO3k1YLgl"},"_chains":{"BXlCAGr3SWB78u9C2NAXpcDQ7mHWcj7wTL6s1p07H4Ni":{"chainKey":{"counter":6,"key":"Ih42fLXNOmx4xNYclZlEzHecPz0QpK/6DeY+fnPa+FQ="},"chainType":1,"messageKeys":{}}},"pendingPreKey":{"signedKeyId":0,"baseKey":"BSR45EElIAy4jt6wxxamxFXMrjQTPc37zTwEk6fLUgws"}}},"version":"v1"}