{"_sessions":{"BcmWOSSiZvzBHflJ/NtwRx64rseCtMmBXg98ohT7j+tn":{"registrationId":1608308777,"currentRatchet":{"ephemeralKeyPair":{"pubKey":"BXWuc6aimVuTC0oHI84Z8WjVjjoKjnk1k3CVdBxasV4v","privKey":"2J4ww6Sbu31YjnYYmcHYeNOY+2oy9V9NosnTjHvpn3A="},"lastRemoteEphemeralKey":"BVsKlV4vZVjEBj1CaSfBY48QPyi0GhEnzdzcVOWw1Vc2","previousCounter":0,"rootKey":"jtcudnPICiY1eAsK1/CgzyRiZ1ImD+aSpAYV3VkI9ic="},"indexInfo":{"baseKey":"BcmWOSSiZvzBHflJ/NtwRx64rseCtMmBXg98ohT7j+tn","baseKeyType":1,"closed":-1,"used":1722224748567,"created":1722224748567,"remoteIdentityKey":"BYT98hgridWkqakDQlQbxoFFZZqsiaUoYmMkWPyWVvJ7"},"_chains":{"BXWuc6aimVuTC0oHI84Z8WjVjjoKjnk1k3CVdBxasV4v":{"chainKey":{"counter":6,"key":"1B58Pt5zQWVTjGrgSisX+kOStOl1NPC4IY9jEde5izM="},"chainType":1,"messageKeys":{}}},"pendingPreKey":{"signedKeyId":0,"baseKey":"BcmWOSSiZvzBHflJ/NtwRx64rseCtMmBXg98ohT7j+tn","preKeyId":3175118}}},"version":"v1"}