{"_sessions":{"BW25OaFCGlulsPt/9ilYF/EA4QFrZ6i3APntlqQNTj8j":{"registrationId":2139051989,"currentRatchet":{"ephemeralKeyPair":{"pubKey":"BSr9d5YEpv4AR/L135YYRcZCGpyiVushdO1RYnAMJ291","privKey":"wBMCk2bLvLSfIo83qgBkUKVdObVjAcdhAJVLXpYVdEw="},"lastRemoteEphemeralKey":"BekXBPYaPFeruXp87DhmJaDrODs8Qgzr5loXrGuR3bEM","previousCounter":0,"rootKey":"ZiCmsDsvMfLv6sWC4fefvxsb9Ohq0PgMYEh5RaUFpsM="},"indexInfo":{"baseKey":"BW25OaFCGlulsPt/9ilYF/EA4QFrZ6i3APntlqQNTj8j","baseKeyType":1,"closed":-1,"used":1722224749205,"created":1722224749205,"remoteIdentityKey":"BQ5onCu9wfUFVG+paUNTBrN2PhDTBhtXuHBf7F+HjG47"},"_chains":{"BSr9d5YEpv4AR/L135YYRcZCGpyiVushdO1RYnAMJ291":{"chainKey":{"counter":6,"key":"uCpW8FnQdlScxdhNb5cWRs+NxdO83eHZ0mcYT42+iBU="},"chainType":1,"messageKeys":{}}},"pendingPreKey":{"signedKeyId":0,"baseKey":"BW25OaFCGlulsPt/9ilYF/EA4QFrZ6i3APntlqQNTj8j","preKeyId":15841855}}},"version":"v1"}