{"_sessions":{"BaeYcoUUEhLgHkSFjaU0lE+RPa+pkl2kf74FqkGIk0JD":{"registrationId":720719945,"currentRatchet":{"ephemeralKeyPair":{"pubKey":"BR5Rg+gWscxTJkeHyzYYmZliGf9OdrZ5PHMbcAJObZc3","privKey":"aAcRh0LCn9wj6nbNMLN4H0JG3YJPnkxpcaW46hO1v1Y="},"lastRemoteEphemeralKey":"BUWq3Srmz2bv8TGJyo4SPQ05t0Xc1gttCfS3yDyim8ll","previousCounter":0,"rootKey":"y71nQCbhtuINvyi2g3EkuQiU4GFJHeLQI5ggSJI6gXY="},"indexInfo":{"baseKey":"BaeYcoUUEhLgHkSFjaU0lE+RPa+pkl2kf74FqkGIk0JD","baseKeyType":1,"closed":-1,"used":1722224747371,"created":1722224747371,"remoteIdentityKey":"BVb/zTsUbp2xKqXe8kkZcuLzKwpxbEfiYKvh2+A2UBUk"},"_chains":{"BR5Rg+gWscxTJkeHyzYYmZliGf9OdrZ5PHMbcAJObZc3":{"chainKey":{"counter":6,"key":"KCqHyRhZ2VnNAp/ArFXt1ecqSk/cC1IzdHjTNqfxkXo="},"chainType":1,"messageKeys":{}}},"pendingPreKey":{"signedKeyId":0,"baseKey":"BaeYcoUUEhLgHkSFjaU0lE+RPa+pkl2kf74FqkGIk0JD","preKeyId":123978}}},"version":"v1"}