{"_sessions":{"Bdy61g0jWl5nRfq4mEwy/F7tlNjNVLMuH10PcyrZjFIl":{"registrationId":1655614973,"currentRatchet":{"ephemeralKeyPair":{"pubKey":"BSfQ+7ZLPBPylAVAOHejQsKcPxM6FCbKj+0Kgg3neQEp","privKey":"OMPNxTxNXXn6uQ2Pq/kmlp8M8G6e25GgDHeMuYyAAFc="},"lastRemoteEphemeralKey":"BT1AHMM2LFr6E0D1DqofjxpIjmzH/BSDFVJzwEWN5Utq","previousCounter":0,"rootKey":"ZI3bM/aYpuNb5mgqKI318nO0QvF9+fKxl6dAUqVzsP8="},"indexInfo":{"baseKey":"Bdy61g0jWl5nRfq4mEwy/F7tlNjNVLMuH10PcyrZjFIl","baseKeyType":1,"closed":-1,"used":1722224749461,"created":1722224749461,"remoteIdentityKey":"BXtngtWjU9JIwpbEak4vu9u4id2q0ArvxwxfFM3b6aY4"},"_chains":{"BSfQ+7ZLPBPylAVAOHejQsKcPxM6FCbKj+0Kgg3neQEp":{"chainKey":{"counter":6,"key":"VE8eC/qh4jF06nbvtH9wKoZsxN8Qh6xBGXUcyzM3Oyw="},"chainType":1,"messageKeys":{}}},"pendingPreKey":{"signedKeyId":1,"baseKey":"Bdy61g0jWl5nRfq4mEwy/F7tlNjNVLMuH10PcyrZjFIl","preKeyId":3874632}}},"version":"v1"}