{"_sessions":{"BUtFanc51lhZgf7qjq/HHur5HpNGLfxVK2jIkibellQZ":{"registrationId":869444478,"currentRatchet":{"ephemeralKeyPair":{"pubKey":"BYycKnH4SBykwtfzr8hKqh/tpDN6P4FxcZjHLjVc5PEt","privKey":"cLxdZByFQzhnqUq0YqKruNUIAoHLxO0LR7aTnIjKlno="},"lastRemoteEphemeralKey":"BW/il1UdEKV9UvpLGwopNiReaVaL/6iCwzyQx8UJ/MlB","previousCounter":0,"rootKey":"znKawC+51Clw077U6unmkRDp83zivKQBYjbmwsULqM8="},"indexInfo":{"baseKey":"BUtFanc51lhZgf7qjq/HHur5HpNGLfxVK2jIkibellQZ","baseKeyType":1,"closed":-1,"used":1722302916296,"created":1722302916296,"remoteIdentityKey":"BUmlXU94zzQ3IiJJNKi+7LkCgpi4Cfsg5UwItFfXGu8R"},"_chains":{"BYycKnH4SBykwtfzr8hKqh/tpDN6P4FxcZjHLjVc5PEt":{"chainKey":{"counter":76,"key":"5Z/T919cnE/3e4eUky9BKK2M+yb4gCvb4/VaRgsHfB0="},"chainType":1,"messageKeys":{}}},"pendingPreKey":{"signedKeyId":17,"baseKey":"BUtFanc51lhZgf7qjq/HHur5HpNGLfxVK2jIkibellQZ","preKeyId":2216325}}},"version":"v1"}