{"_sessions":{"Bc4zAG+7dMPsqBaDwK2s0kyRd2+2+tvLgaUgAlTFccFs":{"registrationId":104390931,"currentRatchet":{"ephemeralKeyPair":{"pubKey":"Bb7Q+YLfBbAXL8PmMU3fKCAjq9VrA9oglMpS8aVb5tYq","privKey":"6DHqf2pGjprUvaoSBn4jtr+Nl+Yg36gizKg6WQ/W9E0="},"lastRemoteEphemeralKey":"BRCFYEWSLCzjRgDF0i77g9NCAB2h/6G4Biiu9yuyLr85","previousCounter":0,"rootKey":"Pe29kGsrFmPcYxUBvjhaCyyAqVsZI4mzWKzoYdnqUNs="},"indexInfo":{"baseKey":"Bc4zAG+7dMPsqBaDwK2s0kyRd2+2+tvLgaUgAlTFccFs","baseKeyType":1,"closed":-1,"used":1722224748789,"created":1722224748789,"remoteIdentityKey":"BfwUYwWTl09V4isPlMHYOZALlnxLU77J8kQL+rxwmvAC"},"_chains":{"Bb7Q+YLfBbAXL8PmMU3fKCAjq9VrA9oglMpS8aVb5tYq":{"chainKey":{"counter":6,"key":"C/LrNRDq7f8o+dObvksARMOqcFU4GJFLj8GUe3GiTdk="},"chainType":1,"messageKeys":{}}},"pendingPreKey":{"signedKeyId":7,"baseKey":"Bc4zAG+7dMPsqBaDwK2s0kyRd2+2+tvLgaUgAlTFccFs","preKeyId":14391228}}},"version":"v1"}