{"_sessions":{"BQ06Y69euNgE9lmLh2jlisl3SbilYXYVBSU4fyaVH410":{"registrationId":0,"currentRatchet":{"ephemeralKeyPair":{"pubKey":"BU9KB9MWgenw0LIIbzUQK5Wc1vCHozwN5fzIk/OK9QIj","privKey":"uKa9vW0CADuQQ5QjUYs4YtBd8iWyMeaYHTXrRGV9t1s="},"lastRemoteEphemeralKey":"BewY8PClFT0Ma7dRf/rJH50Rud53yz9nMCrizX7YR2pJ","previousCounter":0,"rootKey":"jKKO5xbKFkUqrWhQuHh81B7i950J+PKHgPF/driTbTg="},"indexInfo":{"baseKey":"BQ06Y69euNgE9lmLh2jlisl3SbilYXYVBSU4fyaVH410","baseKeyType":1,"closed":-1,"used":1722302914293,"created":1722302914293,"remoteIdentityKey":"BV/KmRSydogFXjtVBG2YWerDY12c4qekHMfufMDIprAI"},"_chains":{"BU9KB9MWgenw0LIIbzUQK5Wc1vCHozwN5fzIk/OK9QIj":{"chainKey":{"counter":76,"key":"tJ/cyzLFf6xLwn20Wy1z47YIthH37l8OxzMBYTXjqE8="},"chainType":1,"messageKeys":{}}},"pendingPreKey":{"signedKeyId":1,"baseKey":"BQ06Y69euNgE9lmLh2jlisl3SbilYXYVBSU4fyaVH410"}}},"version":"v1"}