{"_sessions":{"BcKzicztnUR3KZW4O7KD+rEmxb6WDSpvib9QdrytVzZe":{"registrationId":2012693128,"currentRatchet":{"ephemeralKeyPair":{"pubKey":"BSelmBUegjnjjb/EwJyBcJYQVEuUG8ntzzo9XR/HKPBE","privKey":"sP9w8aYD5R90AnMqRsXbX5UZcjzGg+caCOTg1JhjNGg="},"lastRemoteEphemeralKey":"BSbT6Pmlsw4Hefzzs1udNZbzrBLbvFGJqITIDeBfdkhE","previousCounter":0,"rootKey":"d7LedPvBkL0nCMXPnBjI6QksKq4cOAzMwrgxH4RGw6c="},"indexInfo":{"baseKey":"BcKzicztnUR3KZW4O7KD+rEmxb6WDSpvib9QdrytVzZe","baseKeyType":1,"closed":-1,"used":1722454512082,"created":1722454512082,"remoteIdentityKey":"BVTTpfpPVlu3iZejPs3tYJFNOLmZl9YiMS515CEYzvgT"},"_chains":{"BSelmBUegjnjjb/EwJyBcJYQVEuUG8ntzzo9XR/HKPBE":{"chainKey":{"counter":7,"key":"JBSlgjc6vMxPTDgZmDDleRB4XM7m1PDYo4QTmcihpP8="},"chainType":1,"messageKeys":{}}},"pendingPreKey":{"signedKeyId":1,"baseKey":"BcKzicztnUR3KZW4O7KD+rEmxb6WDSpvib9QdrytVzZe"}}},"version":"v1"}