{"_sessions":{"BVau7RPigvEyKGzGXgc4qVGN4T66ZVMeya0TKat2Cw1A":{"registrationId":231,"currentRatchet":{"ephemeralKeyPair":{"pubKey":"BSr9GAwXEIK/YAHojpF2cqSXbD4NEAi/1pipRAEkRWhG","privKey":"yPaWKUOb68FczUzKqkS0U2p6PguKSZGgTQHP8YrrPXI="},"lastRemoteEphemeralKey":"BdGf+0nWvk7CU78KO+KAj8+j7a7M5S+qY7bMzpjMuqtQ","previousCounter":0,"rootKey":"uVbRJQoB1ftA1uEZcVgy3snbzprZ0S0reqPxBY2RvNQ="},"indexInfo":{"baseKey":"BVau7RPigvEyKGzGXgc4qVGN4T66ZVMeya0TKat2Cw1A","baseKeyType":1,"closed":-1,"used":1722302914355,"created":1722302914355,"remoteIdentityKey":"BZaXAF3UpRvQAsfwFxz7rIQ6EPUrKMS+TycDjtQ/RrQK"},"_chains":{"BSr9GAwXEIK/YAHojpF2cqSXbD4NEAi/1pipRAEkRWhG":{"chainKey":{"counter":76,"key":"nhiJgwSoEnO9lRwsqhTYtidbFbua6rnrwOPfoFZ6ueg="},"chainType":1,"messageKeys":{}}},"pendingPreKey":{"signedKeyId":1,"baseKey":"BVau7RPigvEyKGzGXgc4qVGN4T66ZVMeya0TKat2Cw1A"}}},"version":"v1"}