{"_sessions":{"BWkXiJa7676Os4zPr3wnrmRXBtsQNLVUuO9IxUFCTY0U":{"registrationId":505973449,"currentRatchet":{"ephemeralKeyPair":{"pubKey":"BYzq8W49NmQWA1ZGcIgpmadteKuhbh2QX/1i0Cg67XoH","privKey":"iGmjtdBXp/3r51XontkLdKtUJu8QYzT99K+uANa/Kk0="},"lastRemoteEphemeralKey":"Bd9aOgxPTMWdYreSjEIrocAOfeQKfPbjoAYZiXmh/1pz","previousCounter":0,"rootKey":"55X+E49tMTHISrMXuo58ca+u3hCwqw3dVDQ70s0VZ6g="},"indexInfo":{"baseKey":"BWkXiJa7676Os4zPr3wnrmRXBtsQNLVUuO9IxUFCTY0U","baseKeyType":1,"closed":-1,"used":1722302915183,"created":1722302915183,"remoteIdentityKey":"BXnVHLcwkcmSBVjX4P8zGpo85U9JNgGDdSELEtD2Zvkb"},"_chains":{"BYzq8W49NmQWA1ZGcIgpmadteKuhbh2QX/1i0Cg67XoH":{"chainKey":{"counter":76,"key":"d+7uUYOt/z93A6q+ruHAI00Cxaj4d63F/P9gBBS7twQ="},"chainType":1,"messageKeys":{}}},"pendingPreKey":{"signedKeyId":1,"baseKey":"BWkXiJa7676Os4zPr3wnrmRXBtsQNLVUuO9IxUFCTY0U","preKeyId":9453093}}},"version":"v1"}