{"_sessions":{"BZQjt1C0ZdBQjFkxzVMiT7F6qE7ejIbjzmEe2PBW+jw3":{"registrationId":2044375645,"currentRatchet":{"ephemeralKeyPair":{"pubKey":"BSQGURYXGCe8HkHIzvLrxRur4W0PzM0Nv89oWR14G7sU","privKey":"aBHmo+Iheb/tRkMG4B4v4fKJJx2mJnu2eA2FQetofWY="},"lastRemoteEphemeralKey":"BaOk58L+Sqfq07I42qLpHxDywiVzL1Ddm821fQMQfC1d","previousCounter":0,"rootKey":"+2lHe0wyyzhHo8Axh0Yte2YHQsx+k0oqRTHUpcpwlps="},"indexInfo":{"baseKey":"BZQjt1C0ZdBQjFkxzVMiT7F6qE7ejIbjzmEe2PBW+jw3","baseKeyType":1,"closed":-1,"used":1722454510485,"created":1722454510485,"remoteIdentityKey":"BXNStzJMU04C9wYuqwMJiuR7uEVpI5qiHlGb7nfhReda"},"_chains":{"BSQGURYXGCe8HkHIzvLrxRur4W0PzM0Nv89oWR14G7sU":{"chainKey":{"counter":7,"key":"ivHlr1Qqw15fxlxG0saqx9jlL55x1OyPn/UTHgI8ohk="},"chainType":1,"messageKeys":{}}},"pendingPreKey":{"signedKeyId":0,"baseKey":"BZQjt1C0ZdBQjFkxzVMiT7F6qE7ejIbjzmEe2PBW+jw3"}}},"version":"v1"}