{"_sessions":{"BW2de7QFwu8ie9t8ENg3QRvB5G5XErIzGK2eSFUca6kL":{"registrationId":2101936358,"currentRatchet":{"ephemeralKeyPair":{"pubKey":"BUQfgOu1G3YFRCOiNqK49wkBcd9qzrlNGvXR8EFSabU7","privKey":"cIfK9IbPHs5moYkNMQhUwj+UZ29ts4uRr9gyJs8ZT1k="},"lastRemoteEphemeralKey":"BTXOJTSzHEAYBUBxRhR3M0NLwcIXptQ87palBZMp+DMB","previousCounter":0,"rootKey":"sCdT/0eQ3X6YzggBvi2Ou0O8B8sO3Ui23F+YHRptsBU="},"indexInfo":{"baseKey":"BW2de7QFwu8ie9t8ENg3QRvB5G5XErIzGK2eSFUca6kL","baseKeyType":1,"closed":-1,"used":1722224746495,"created":1722224746495,"remoteIdentityKey":"BT6r2E7dtXQdABGPEeK5I822r6lBOqHbmGyd2BK8wkZB"},"_chains":{"BUQfgOu1G3YFRCOiNqK49wkBcd9qzrlNGvXR8EFSabU7":{"chainKey":{"counter":6,"key":"sU7nSxIx7hU5B2ly1V4wBpYzc45TUlPIr2zUMVm9sQ0="},"chainType":1,"messageKeys":{}}},"pendingPreKey":{"signedKeyId":1,"baseKey":"BW2de7QFwu8ie9t8ENg3QRvB5G5XErIzGK2eSFUca6kL"}}},"version":"v1"}