{"_sessions":{"BaJyaIDkE7svVVVxg4zevDD93tbtmis0KFK06ZBIlodn":{"registrationId":299146619,"currentRatchet":{"ephemeralKeyPair":{"pubKey":"BXHer4gevbnsQOljFYn5RT8cg5R7yABCozdnIiOAsXJU","privKey":"IGljF0avO3B5FcFNR7bbQ1JOZ38MKE/KmSh0uCk0v3c="},"lastRemoteEphemeralKey":"BSz/ogNLpfpC7sWAbyxq5xbb98eKKsE+PMru3qkMA+dk","previousCounter":0,"rootKey":"irhfWEwPmteTXDsUYEgyVo5Gq+1YWANf7HMeZCkbdgs="},"indexInfo":{"baseKey":"BaJyaIDkE7svVVVxg4zevDD93tbtmis0KFK06ZBIlodn","baseKeyType":1,"closed":-1,"used":1722302916065,"created":1722302916065,"remoteIdentityKey":"BfJ8n8VHKrlD2k4IMtNzmsGXIab5dB3tkDm4h0BFResS"},"_chains":{"BXHer4gevbnsQOljFYn5RT8cg5R7yABCozdnIiOAsXJU":{"chainKey":{"counter":76,"key":"pxOcBzVjHFsHzhO1b+hZ3cKlBNeD8m4zwwcnzwCe//o="},"chainType":1,"messageKeys":{}}},"pendingPreKey":{"signedKeyId":20,"baseKey":"BaJyaIDkE7svVVVxg4zevDD93tbtmis0KFK06ZBIlodn","preKeyId":14491272}}},"version":"v1"}