{"_sessions":{"BZ1Km+TSEvSNmoXW14mR5ShdO6rpY2/F9FFGc1/SLKR7":{"registrationId":1001159784,"currentRatchet":{"ephemeralKeyPair":{"pubKey":"Bdjbb5Ql1q5Af7u/PBLexuOpwXTzjLN88OjXZ/lAvs9t","privKey":"4EuGkJa3ffyshEJUe+iUoFjWNZGVmFv8gNsQ3P9SU1Y="},"lastRemoteEphemeralKey":"BSeDmS/RXN/ob5rpyZHhVNNmKOuAX8T2zP44so/S8pth","previousCounter":0,"rootKey":"hWfydFvD0S6w0hYhxtYmBzXmgSKJFiojyzOC+o7p1ck="},"indexInfo":{"baseKey":"BZ1Km+TSEvSNmoXW14mR5ShdO6rpY2/F9FFGc1/SLKR7","baseKeyType":1,"closed":-1,"used":1722454512385,"created":1722454512385,"remoteIdentityKey":"BQ8IU44iX0sR3ZyC9eId5qGzyoOHQnuX36mBGB/O7lxz"},"_chains":{"Bdjbb5Ql1q5Af7u/PBLexuOpwXTzjLN88OjXZ/lAvs9t":{"chainKey":{"counter":7,"key":"Q+1StFUmemGL9ilGsw1kWaMGo6PdoYiZkibc2ZRv8DQ="},"chainType":1,"messageKeys":{}}},"pendingPreKey":{"signedKeyId":0,"baseKey":"BZ1Km+TSEvSNmoXW14mR5ShdO6rpY2/F9FFGc1/SLKR7","preKeyId":11774554}}},"version":"v1"}