{"_sessions":{"BVW7Pe659CibPaBEAFZZAHQhDESVs6mLz68gVa5UlzEB":{"registrationId":2119889265,"currentRatchet":{"ephemeralKeyPair":{"pubKey":"BeuuORtmRNkBVcpvDf2fvJXo56p0iQt2eVcGdOQc721R","privKey":"iOrAD755TXAQX44tA8uWEzZ6qcn8nNc6IrQP3tAUY1w="},"lastRemoteEphemeralKey":"BfQv0PrYeDWwUFnUNvhgzgOLAF6a7PKuc4yzshgLyqRW","previousCounter":0,"rootKey":"aCF4uCDo83kdtMJ1SkkNP2zgF7g61T9qQpDan3CieUA="},"indexInfo":{"baseKey":"BVW7Pe659CibPaBEAFZZAHQhDESVs6mLz68gVa5UlzEB","baseKeyType":1,"closed":-1,"used":1722302916108,"created":1722302916108,"remoteIdentityKey":"BXIiLEmNHcVIlCvAMmHMZPEbhvcblplZF/IWGOUYLchF"},"_chains":{"BeuuORtmRNkBVcpvDf2fvJXo56p0iQt2eVcGdOQc721R":{"chainKey":{"counter":76,"key":"yjPTHraAeLGXhemzMbDybvha+mQ8GXyEAhjPBSV3zRQ="},"chainType":1,"messageKeys":{}}},"pendingPreKey":{"signedKeyId":3,"baseKey":"BVW7Pe659CibPaBEAFZZAHQhDESVs6mLz68gVa5UlzEB","preKeyId":9549697}}},"version":"v1"}