{"_sessions":{"BVVF2FgSVBvCk+aXR32P+0oy0POakOg8rOTzbIQqm/1G":{"registrationId":1684988675,"currentRatchet":{"ephemeralKeyPair":{"pubKey":"BZlRFUDJTePYWz0CWkcMpkB2AYNLDwbWjkXdQj5iVYUM","privKey":"KG9kVYVWmHPkvy3Ofnsyr+vN3EYF9LcdR/OMaTmZAGY="},"lastRemoteEphemeralKey":"Bbk+BuE67LBJ1IHIsq5qAEAGOobhCd3LtrK7PxsF1bcX","previousCounter":0,"rootKey":"ZHHi9JG3zcA7rQnKxs8eGk8BTymK2Y25/xebrHx/2js="},"indexInfo":{"baseKey":"BVVF2FgSVBvCk+aXR32P+0oy0POakOg8rOTzbIQqm/1G","baseKeyType":1,"closed":-1,"used":1722224749094,"created":1722224749094,"remoteIdentityKey":"Baod1+dIrlaPMWC4krhhgmxXSe3mCY7N8TAk6b/Uk0tH"},"_chains":{"BZlRFUDJTePYWz0CWkcMpkB2AYNLDwbWjkXdQj5iVYUM":{"chainKey":{"counter":6,"key":"dUL0IPzaLpQytV9IbPzeUKpJNYqY9EkVuQ3fF9CHYEI="},"chainType":1,"messageKeys":{}}},"pendingPreKey":{"signedKeyId":0,"baseKey":"BVVF2FgSVBvCk+aXR32P+0oy0POakOg8rOTzbIQqm/1G","preKeyId":5699220}}},"version":"v1"}