{"_sessions":{"BXMZfvl9HnV4lLAhuvlpeE2jLsKj+7/iTHgv3/SHLbRx":{"registrationId":22,"currentRatchet":{"ephemeralKeyPair":{"pubKey":"BUk+ilcWcvGWmeglqPoCIqBtoXBaAUaLjUZaydPyDCYH","privKey":"iKgvKxKtRUWx7XCtOA9FxVHXOfXuVQMwuLbBgY/gd0g="},"lastRemoteEphemeralKey":"Be6v3IJLYPTW2PFVWg4xiscue3mA56lqYBuOwSU51Loh","previousCounter":0,"rootKey":"XN6QmPzH0MDfMm9cymkBoyFyINEBCDNv1UzonVpN2FY="},"indexInfo":{"baseKey":"BXMZfvl9HnV4lLAhuvlpeE2jLsKj+7/iTHgv3/SHLbRx","baseKeyType":1,"closed":-1,"used":1722454510982,"created":1722454510982,"remoteIdentityKey":"BcaBp10WkndWU9ZVZfjiTylamS3GYfz+pQjn2KaG03c+"},"_chains":{"BUk+ilcWcvGWmeglqPoCIqBtoXBaAUaLjUZaydPyDCYH":{"chainKey":{"counter":7,"key":"I+uoa6eCZteMK2u34KYQ7AFkbMTt8f8UKC4Kg1nIeJM="},"chainType":1,"messageKeys":{}}},"pendingPreKey":{"signedKeyId":1,"baseKey":"BXMZfvl9HnV4lLAhuvlpeE2jLsKj+7/iTHgv3/SHLbRx"}}},"version":"v1"}