{"_sessions":{"BTtp7vs1OYuT2ZJkpuvZ9AmNVFT12A9bUDzxOF7Wy1EO":{"registrationId":449477326,"currentRatchet":{"ephemeralKeyPair":{"pubKey":"BRgyUSnJtiJ/s9dX17OG4DlvcHM4GIGn20vG4HEi6Z0j","privKey":"MIEfkkXnceRREGLBiM6+GD37fQtSIXutEcHS8IO/BnM="},"lastRemoteEphemeralKey":"BZphYc0HR5O5ASlPUNy2wH2xSemVWRUct850sil2L5EN","previousCounter":0,"rootKey":"QMCwxmrWJ/5n5KN5uiwSFi+23Odx47fBPy8m3iDwYD4="},"indexInfo":{"baseKey":"BTtp7vs1OYuT2ZJkpuvZ9AmNVFT12A9bUDzxOF7Wy1EO","baseKeyType":1,"closed":-1,"used":1722454512284,"created":1722454512284,"remoteIdentityKey":"BaCBoLnqbUTsGOCiMT+VVIntk/1TPnyzKK6+SkgsdfED"},"_chains":{"BRgyUSnJtiJ/s9dX17OG4DlvcHM4GIGn20vG4HEi6Z0j":{"chainKey":{"counter":7,"key":"/Emqxpwifu+bcncrv7OMyuRiGccoGah/0PQq8yUfoxI="},"chainType":1,"messageKeys":{}}},"pendingPreKey":{"signedKeyId":4,"baseKey":"BTtp7vs1OYuT2ZJkpuvZ9AmNVFT12A9bUDzxOF7Wy1EO","preKeyId":2676952}}},"version":"v1"}