{"_sessions":{"BVjvbJzAOongg63r2bSPKtjao08fXeEdz5i1dy6UyNRD":{"registrationId":191108032,"currentRatchet":{"ephemeralKeyPair":{"pubKey":"BYMWucWxXcSKI5+IiXf+Zv3utUpHBeEaYI7SRyXUYYlJ","privKey":"kM8pbXIn48WEhEcEpmAdvRnBtl9oTeDLycReGGgefEY="},"lastRemoteEphemeralKey":"BTmzxLrxp4GQcMW/lYkl9+L6hMoJAGeU0xxrEQUOOLcs","previousCounter":0,"rootKey":"NZZkGw2O2yIgH0AOTNapzggZ94unr2KPF/7kYse49lI="},"indexInfo":{"baseKey":"BVjvbJzAOongg63r2bSPKtjao08fXeEdz5i1dy6UyNRD","baseKeyType":1,"closed":-1,"used":1722454512379,"created":1722454512379,"remoteIdentityKey":"BbBrSqurMj4JSQ3LoAj+HtRtytd6+PyH69lhJf0P3LAs"},"_chains":{"BYMWucWxXcSKI5+IiXf+Zv3utUpHBeEaYI7SRyXUYYlJ":{"chainKey":{"counter":7,"key":"dIG1TWOYn6DgBrPxpaEX9RkuG8RXLESine+v3ckeGg8="},"chainType":1,"messageKeys":{}}},"pendingPreKey":{"signedKeyId":10,"baseKey":"BVjvbJzAOongg63r2bSPKtjao08fXeEdz5i1dy6UyNRD","preKeyId":14605569}}},"version":"v1"}