{"_sessions":{"BdMNH6z5aoDedrsqXb8E1r9l1C2jOVo06TYS+cmA9+F/":{"registrationId":8399,"currentRatchet":{"ephemeralKeyPair":{"pubKey":"BSsb+nsdVwNQWf3xT70UtG1/xG2CW3/5r1I7aDmvqjZt","privKey":"QMNR4w3LPbfcYQy/d6ubpcewSFJyNOEib2Mk1ODokUo="},"lastRemoteEphemeralKey":"BXKlv3K/XFnqzMLrRfv7wOcTXbHtqiQtR+Ols5WM8dol","previousCounter":0,"rootKey":"95yNH34ogdN+zlGJZtw3sminah9HxFU1EISF1ZKXlcg="},"indexInfo":{"baseKey":"BdMNH6z5aoDedrsqXb8E1r9l1C2jOVo06TYS+cmA9+F/","baseKeyType":1,"closed":-1,"used":1722224745757,"created":1722224745757,"remoteIdentityKey":"BRTP0OsUMcVltMGRIa7adcyBOOB/1Rg04coysRWcBtEb"},"_chains":{"BSsb+nsdVwNQWf3xT70UtG1/xG2CW3/5r1I7aDmvqjZt":{"chainKey":{"counter":6,"key":"bSMMxENdx/grRx9iHv0VmEKnuGM7zn6rxCznu0Fd17E="},"chainType":1,"messageKeys":{}}},"pendingPreKey":{"signedKeyId":1,"baseKey":"BdMNH6z5aoDedrsqXb8E1r9l1C2jOVo06TYS+cmA9+F/","preKeyId":1661}}},"version":"v1"}