{"_sessions":{"BWtASazWDs2GulRConbk33qi/VVnsgf2e9u/0TonfCoa":{"registrationId":15400,"currentRatchet":{"ephemeralKeyPair":{"pubKey":"BS947QFlSV72EZ9GZ+DzOZZ0RuJR1aoJbkdOrDNJcjsK","privKey":"wLYxto/WsZj6cKtOWrfnrtgJLs29JBhmrn8vsa+fAUQ="},"lastRemoteEphemeralKey":"BZ6dyaFSC9kuYtbLpD4rtfd2yzWPsjIsXZo9y4Vt0TUH","previousCounter":0,"rootKey":"auPhzWVsp1ziBojN8pE9hgfFLjC45MEW9gbb5MeD8lI="},"indexInfo":{"baseKey":"BWtASazWDs2GulRConbk33qi/VVnsgf2e9u/0TonfCoa","baseKeyType":1,"closed":-1,"used":1722224745883,"created":1722224745883,"remoteIdentityKey":"BTJC2aQiiNGgSHldbFqZgOx2eE1uHBBGAcn2LgY03LYf"},"_chains":{"BS947QFlSV72EZ9GZ+DzOZZ0RuJR1aoJbkdOrDNJcjsK":{"chainKey":{"counter":6,"key":"oI8NTIJh1KLUoP+qI149tYvYOLka1M+ukGHsWf/7tQM="},"chainType":1,"messageKeys":{}}},"pendingPreKey":{"signedKeyId":1,"baseKey":"BWtASazWDs2GulRConbk33qi/VVnsgf2e9u/0TonfCoa"}}},"version":"v1"}