{"_sessions":{"BVXMAv6R9xzltUF4VR2QygLOXZW8U8V7Rbw19D9yHd1K":{"registrationId":627202631,"currentRatchet":{"ephemeralKeyPair":{"pubKey":"BRSQzuwKQn/VcL9Qh2vrQ84oQVaEC0a9fKdQfNN9F8hW","privKey":"4AhOuvJvA6llZ90vTEWwSO++PfHRrMISG1jHH+bsYkI="},"lastRemoteEphemeralKey":"BftNmgrCW8+TjP9DZUKAAdbKqS2vsAjZWXP+EW8tWRN5","previousCounter":0,"rootKey":"CH2j3gr1Dk7EhaNLEtGFlnkBmaZI/Pu9+QOgq4Tq+hE="},"indexInfo":{"baseKey":"BVXMAv6R9xzltUF4VR2QygLOXZW8U8V7Rbw19D9yHd1K","baseKeyType":1,"closed":-1,"used":1722224746771,"created":1722224746771,"remoteIdentityKey":"BSePVh1RooFM3fsarhGRZ1S9MHzOHKrcWoXD3sN2mpF+"},"_chains":{"BRSQzuwKQn/VcL9Qh2vrQ84oQVaEC0a9fKdQfNN9F8hW":{"chainKey":{"counter":6,"key":"e7wchiHoUW1xO0U4ksyGKBrTk5yJb7exK3FpczICf2k="},"chainType":1,"messageKeys":{}}},"pendingPreKey":{"signedKeyId":0,"baseKey":"BVXMAv6R9xzltUF4VR2QygLOXZW8U8V7Rbw19D9yHd1K","preKeyId":11315980}}},"version":"v1"}