{"_sessions":{"BYW1aSS0Q+cG6egNej6jCKCJswUgR2CmRrFB0ZjABgB6":{"registrationId":3256,"currentRatchet":{"ephemeralKeyPair":{"pubKey":"BTe7MOefeh/DhfQryla/+GDkdeOj4CWFgyLrseVMVapc","privKey":"OLbF3Tu28Es6zbOu51gWaDW64MnjY/hUxg6dXhQboUo="},"lastRemoteEphemeralKey":"BQSPWI9WD185yld5Vvv0eGmR2MgIgZuchsTykd5n9oE7","previousCounter":0,"rootKey":"jgDzf65+ynkA8qGCci3HMEx4hcLUQhl32eftTtLyNtw="},"indexInfo":{"baseKey":"BYW1aSS0Q+cG6egNej6jCKCJswUgR2CmRrFB0ZjABgB6","baseKeyType":1,"closed":-1,"used":1722224745990,"created":1722224745990,"remoteIdentityKey":"Bf6AQtDmH3Fp+2hArXHO62Y066Z4wBJYbeyWuohxOU9W"},"_chains":{"BTe7MOefeh/DhfQryla/+GDkdeOj4CWFgyLrseVMVapc":{"chainKey":{"counter":6,"key":"RA6r91UV7Y0g+AdZy+p+Q9zdn12mtcVr101CjAkyY1M="},"chainType":1,"messageKeys":{}}},"pendingPreKey":{"signedKeyId":1,"baseKey":"BYW1aSS0Q+cG6egNej6jCKCJswUgR2CmRrFB0ZjABgB6","preKeyId":2821}}},"version":"v1"}