{"_sessions":{"BVBodzz9IErI657AJ53WmJwttYNz2eoaPtyuoThV4IIV":{"registrationId":117274821,"currentRatchet":{"ephemeralKeyPair":{"pubKey":"BVxUc2iX4THFbqaa0QywqNAr3IGss21rXwf0Y2y0AN1i","privKey":"EOUKQj1QEgdysgFx3ZWhmqX2PgDh/xgzouL/iXgY3XI="},"lastRemoteEphemeralKey":"BUzMPzvIm/d+p0wPwQ/EILpeQ7t9d8AnGGixG+0lcKZY","previousCounter":0,"rootKey":"MUGQwXV8iuDCPu6QmzlvUmfpC8MfUTTX9anT5YRf+ok="},"indexInfo":{"baseKey":"BVBodzz9IErI657AJ53WmJwttYNz2eoaPtyuoThV4IIV","baseKeyType":1,"closed":-1,"used":1722454511786,"created":1722454511786,"remoteIdentityKey":"BZ65tWVd8Po0Vtk4JcW75rHzjL66XHuwmuyWbl8lWN9s"},"_chains":{"BVxUc2iX4THFbqaa0QywqNAr3IGss21rXwf0Y2y0AN1i":{"chainKey":{"counter":7,"key":"0A/0AAvzXkiepAXPb6UlkJJ/hs1isQouYmg0cVXJ6t4="},"chainType":1,"messageKeys":{}}},"pendingPreKey":{"signedKeyId":4,"baseKey":"BVBodzz9IErI657AJ53WmJwttYNz2eoaPtyuoThV4IIV","preKeyId":5175928}}},"version":"v1"}