{"_sessions":{"BfubQ7AfY5xxY/0PT+FpRr1Vg6IDFhVKxh5NBvN5kgMI":{"registrationId":1591794552,"currentRatchet":{"ephemeralKeyPair":{"pubKey":"BXG+omouKHJ9tJjMV8BiLnufCmeFSXoUV6rE3pUBPtIj","privKey":"0DnaC4UWCjSTIAhAZGhg0rc1r59PVKUUNaP/5vCXDm0="},"lastRemoteEphemeralKey":"BXMqNXmrZbZiBOOlE0ScHxskudiJWEzw1Us6wanxc4AG","previousCounter":0,"rootKey":"37L2TJ+huaU62l+oZ/Zyt2fMvZPMa4Eszp1nGoM+A0U="},"indexInfo":{"baseKey":"BfubQ7AfY5xxY/0PT+FpRr1Vg6IDFhVKxh5NBvN5kgMI","baseKeyType":1,"closed":-1,"used":1722302915381,"created":1722302915381,"remoteIdentityKey":"BTKFTZIVi3tPgdPRcp1CtqaBBzB7hi1ownIi0GoxbrRk"},"_chains":{"BXG+omouKHJ9tJjMV8BiLnufCmeFSXoUV6rE3pUBPtIj":{"chainKey":{"counter":76,"key":"oL5GQpOTYzAvRB80WrfeiXKa1Yoaq2okghqsS/O0IYI="},"chainType":1,"messageKeys":{}}},"pendingPreKey":{"signedKeyId":0,"baseKey":"BfubQ7AfY5xxY/0PT+FpRr1Vg6IDFhVKxh5NBvN5kgMI","preKeyId":12446443}}},"version":"v1"}