{"_sessions":{"BfOSdsji0Swqq+qfizfWVbeziqBBAlcy2j+1j6gEPhIR":{"registrationId":1691669082,"currentRatchet":{"ephemeralKeyPair":{"pubKey":"BQ7JgN770UFRHeL38TQM/7JnOoYKYLwJmsln5WQlUGEy","privKey":"eDpSodgesQI2CFC86ktZ1TiA998yIF2W9sXuA8rHK0s="},"lastRemoteEphemeralKey":"BaVRqeNaftVLIG6W9NY+gZ+1il/Gtfb3FTnqOWIMOQs2","previousCounter":0,"rootKey":"U/gh0Wry6WZdMrU8iuaNsQLNqSsabBzlzbbAkTPltcI="},"indexInfo":{"baseKey":"BfOSdsji0Swqq+qfizfWVbeziqBBAlcy2j+1j6gEPhIR","baseKeyType":1,"closed":-1,"used":1722454511763,"created":1722454511763,"remoteIdentityKey":"BXhV2ynS4Zf3lIkSfYD1W78pTCZEt9neGuS1vMGpnX0D"},"_chains":{"BQ7JgN770UFRHeL38TQM/7JnOoYKYLwJmsln5WQlUGEy":{"chainKey":{"counter":7,"key":"y/WlCePgIEKXyFSuBVN836I5pR2C2SWFDncz0703d7g="},"chainType":1,"messageKeys":{}}},"pendingPreKey":{"signedKeyId":3,"baseKey":"BfOSdsji0Swqq+qfizfWVbeziqBBAlcy2j+1j6gEPhIR","preKeyId":9329607}}},"version":"v1"}