{"_sessions":{"BS5BW3ha8THCRO8/h/6eNpWYAPkk/mlb2a4anRZtQ8BU":{"registrationId":1396123322,"currentRatchet":{"ephemeralKeyPair":{"pubKey":"BZP84hKwsdsl5srnyEremXmuQdrq63tb233Y0eQNfdtv","privKey":"sKxCVxt1F50gkzihqT9lair4iCnFiGCCxHfOHVT/9ko="},"lastRemoteEphemeralKey":"Bet+iwoHEdmOwT/Uv2MmEQ6rnhGlB1l8l/uye0j1xG9n","previousCounter":0,"rootKey":"feydxx6Zslpry9b8Keqa0P1mMX8/1tawpGjGN+keqwI="},"indexInfo":{"baseKey":"BS5BW3ha8THCRO8/h/6eNpWYAPkk/mlb2a4anRZtQ8BU","baseKeyType":1,"closed":-1,"used":1722454512595,"created":1722454512595,"remoteIdentityKey":"BS+maiAxjqAgNl3VWYJDkEzr5/n1AujW6GOPxHrbnNoz"},"_chains":{"BZP84hKwsdsl5srnyEremXmuQdrq63tb233Y0eQNfdtv":{"chainKey":{"counter":7,"key":"fEY1k3xIkePVwYrjZufQOrjwtFmK7cO4jvtE4im1ws8="},"chainType":1,"messageKeys":{}}},"pendingPreKey":{"signedKeyId":4,"baseKey":"BS5BW3ha8THCRO8/h/6eNpWYAPkk/mlb2a4anRZtQ8BU","preKeyId":8572512}}},"version":"v1"}