{"_sessions":{"BeMKA00RDbMAcjldOtaiizGYf4kdudJNg36iUtQUgf8P":{"registrationId":2028538157,"currentRatchet":{"ephemeralKeyPair":{"pubKey":"BdjVGUZrtMQ6SwWaMr5jKe5RhRjhHbMQC8BIHHUVZllu","privKey":"2F2SOkeVEyls3n9zA+F/cegSLNVvDDo8L+mz057wkX8="},"lastRemoteEphemeralKey":"BR7WOYSOKQ98W9jdd/yJ1b3NkKBiOhA7DgUBE6N9VCoY","previousCounter":0,"rootKey":"TlyPGnlTf3g2rBRUX+nIo1UHTIexz5ObVAh1Ok5tTsg="},"indexInfo":{"baseKey":"BeMKA00RDbMAcjldOtaiizGYf4kdudJNg36iUtQUgf8P","baseKeyType":1,"closed":-1,"used":1722224747681,"created":1722224747681,"remoteIdentityKey":"BT3kCdaYX6tuj7pCuifWIFN8VFf6EJpt8w4+v/LUl+Z0"},"_chains":{"BdjVGUZrtMQ6SwWaMr5jKe5RhRjhHbMQC8BIHHUVZllu":{"chainKey":{"counter":6,"key":"QX9ZIB6bgtarXGWy2zQGgOo54z2HVUea8XIBzEgkrmU="},"chainType":1,"messageKeys":{}}},"pendingPreKey":{"signedKeyId":1,"baseKey":"BeMKA00RDbMAcjldOtaiizGYf4kdudJNg36iUtQUgf8P","preKeyId":6396495}}},"version":"v1"}