{"_sessions":{"BVArSmPypGhYi8Nxw3NclYxnwhFr6RXiJD/a8cHPf0w1":{"registrationId":872990032,"currentRatchet":{"ephemeralKeyPair":{"pubKey":"Bd3H2VlrR1srqSF0Zhj4PeD68IvMk739yLA2/oagdndz","privKey":"SIc4JveqRAmuGU1XEZweTP3G1AuT+sMraZ6qgzaUbm8="},"lastRemoteEphemeralKey":"BWZ54SiiN37pg/l7rOGhKga8oQ8gGzZ3zrO47aBkqqQ6","previousCounter":0,"rootKey":"sFYJ3oHoeMREQa6gcu4ll1GUNSVSoGZM0ihBkVKUsOI="},"indexInfo":{"baseKey":"BVArSmPypGhYi8Nxw3NclYxnwhFr6RXiJD/a8cHPf0w1","baseKeyType":1,"closed":-1,"used":1722302915082,"created":1722302915082,"remoteIdentityKey":"BdUC3FXKJwCJOHcBNYbIvnnccNRjEj9kUjLF5CCer0ZS"},"_chains":{"Bd3H2VlrR1srqSF0Zhj4PeD68IvMk739yLA2/oagdndz":{"chainKey":{"counter":76,"key":"7TyDp0OSj8RYJiL3d9p8wMiShmSc8/uUMa64+nOLz5U="},"chainType":1,"messageKeys":{}}},"pendingPreKey":{"signedKeyId":4,"baseKey":"BVArSmPypGhYi8Nxw3NclYxnwhFr6RXiJD/a8cHPf0w1","preKeyId":14433159}}},"version":"v1"}