{"_sessions":{"BUNEu07rlRfZ0lyzm4hRmZBojh3hlenmSYnCB536NRIG":{"registrationId":13795,"currentRatchet":{"ephemeralKeyPair":{"pubKey":"BXPDoAlUPruvcfTZ0bYMahyvxe5IUHHZsAk8w19ODjtJ","privKey":"EKsWH1HvCAAQ0kN3NGPZCBw8RSC7thr+mY7KwcFK1kI="},"lastRemoteEphemeralKey":"BXqwnpspRkIJ0cLoy+oUrpVwFsJXIex0kRJ7aArrYZ02","previousCounter":0,"rootKey":"8mjADSvlKkrSqbYNOoxcUbp601Wn06+/yyijD1q60w4="},"indexInfo":{"baseKey":"BUNEu07rlRfZ0lyzm4hRmZBojh3hlenmSYnCB536NRIG","baseKeyType":1,"closed":-1,"used":1722224745888,"created":1722224745888,"remoteIdentityKey":"Bffq3ctxh1F8ZOcC9JUPjZ6Ee1g9vbUlcWtIAByskG43"},"_chains":{"BXPDoAlUPruvcfTZ0bYMahyvxe5IUHHZsAk8w19ODjtJ":{"chainKey":{"counter":6,"key":"7ykmV0Buc/HFwk0TzO132Kcz+71nVpDPS/2G7PY5FO4="},"chainType":1,"messageKeys":{}}},"pendingPreKey":{"signedKeyId":1,"baseKey":"BUNEu07rlRfZ0lyzm4hRmZBojh3hlenmSYnCB536NRIG","preKeyId":2293}}},"version":"v1"}