{"_sessions":{"BT42JjfcCYlr8iXYF81LDBlRvbDIDf6nuponXGiXnvcb":{"registrationId":1274829594,"currentRatchet":{"ephemeralKeyPair":{"pubKey":"BfgOI9rpZsDxXkbAniHNzYGmWGZOwT6D8J56ArWtucIq","privKey":"GNkP6TF+KLs+gEc9KezfENJQiDGg/SoQB8gM7vbIq2Q="},"lastRemoteEphemeralKey":"BZfSBrTa/5x1MVE0XxP1bAG79VbJCtmXgF0LJyy9pDFa","previousCounter":0,"rootKey":"FG74/Bqs3zXFbd8MvM2JSdHica+lmOuMcrkNNu70B78="},"indexInfo":{"baseKey":"BT42JjfcCYlr8iXYF81LDBlRvbDIDf6nuponXGiXnvcb","baseKeyType":1,"closed":-1,"used":1722224748487,"created":1722224748487,"remoteIdentityKey":"BYjO3BQfDvP9MGgnyp7+YuUCqA3VZC0unxs1xHL2Ojhy"},"_chains":{"BfgOI9rpZsDxXkbAniHNzYGmWGZOwT6D8J56ArWtucIq":{"chainKey":{"counter":6,"key":"PCMVmWDFN/TNnpMZ5WZLH4DtrfVfesEFP9L4tH97K/s="},"chainType":1,"messageKeys":{}}},"pendingPreKey":{"signedKeyId":0,"baseKey":"BT42JjfcCYlr8iXYF81LDBlRvbDIDf6nuponXGiXnvcb","preKeyId":10322666}}},"version":"v1"}