{"_sessions":{"BTXb0E+n9r+SaK8ka0aBuNTsgPSjBmm+LjpVvlAF53tt":{"registrationId":7751,"currentRatchet":{"ephemeralKeyPair":{"pubKey":"BYfsm7ZPlAuU9QVrmpP3YTB58+aF8GLo0ukY4qu0/WYd","privKey":"aN3DGUaRBJTFAP7kq8MU5wv5yoHFa2ymuglZ1xUjk3w="},"lastRemoteEphemeralKey":"BRABPg6gW38jhPiAzbPeZnlRMSD6Aqp2Nhy0/mL5o9My","previousCounter":0,"rootKey":"yCW1gb/8JSWV89HXQ/rHBTTLWXFbRnonir8KxTHgEt0="},"indexInfo":{"baseKey":"BTXb0E+n9r+SaK8ka0aBuNTsgPSjBmm+LjpVvlAF53tt","baseKeyType":1,"closed":-1,"used":1722224746188,"created":1722224746188,"remoteIdentityKey":"BQCnnT6kixT7/GphsToHsdggWVd3pLtDJaj3SDi0XK1J"},"_chains":{"BYfsm7ZPlAuU9QVrmpP3YTB58+aF8GLo0ukY4qu0/WYd":{"chainKey":{"counter":6,"key":"pzUcXdHV8aCJ7dWgqkU/QGd9voK4Zdmhaeve9kS+Yl4="},"chainType":1,"messageKeys":{}}},"pendingPreKey":{"signedKeyId":1,"baseKey":"BTXb0E+n9r+SaK8ka0aBuNTsgPSjBmm+LjpVvlAF53tt"}}},"version":"v1"}