{"_sessions":{"BRKHzeh2ufN9h2wyxK9hr0tZG3qJgyw9ZsN9WcKw2qwV":{"registrationId":3329,"currentRatchet":{"ephemeralKeyPair":{"pubKey":"BV/1dGjJqwD2pJ+Hno6xX4dyggVJQhlQrjuD9rnWsZgO","privKey":"sDQnNXL4kWo8oi1QnM5K+EH3qrJDCWaXivVy42IKjk4="},"lastRemoteEphemeralKey":"BQTPW//3423DYyGxgEB60tWkG+DJo+ic6kBZijJEIFoq","previousCounter":0,"rootKey":"mFQNCGlAuvybx3qYXSgE7nnk/jIvNZJ623TqX4sjxj0="},"indexInfo":{"baseKey":"BRKHzeh2ufN9h2wyxK9hr0tZG3qJgyw9ZsN9WcKw2qwV","baseKeyType":1,"closed":-1,"used":1722224746203,"created":1722224746203,"remoteIdentityKey":"BYRkpcp2MfiFbnpukyJjA6Cg+WXzwqh1Jt0NstoosiIx"},"_chains":{"BV/1dGjJqwD2pJ+Hno6xX4dyggVJQhlQrjuD9rnWsZgO":{"chainKey":{"counter":6,"key":"aE+16aQ4k3mMtLe2sgp4dGVi5Axpt3nBEqPLCSRUFhM="},"chainType":1,"messageKeys":{}}},"pendingPreKey":{"signedKeyId":1,"baseKey":"BRKHzeh2ufN9h2wyxK9hr0tZG3qJgyw9ZsN9WcKw2qwV"}}},"version":"v1"}