{"_sessions":{"BdEYk0jCHkW+g87gv34ESsgQR34hNzQewg36g9HgQi49":{"registrationId":96,"currentRatchet":{"ephemeralKeyPair":{"pubKey":"BarRP7oYIeUPOP+6pIaibAExQkYvfowOo+heNAK0ucoD","privKey":"aD/Xguxl90ieKbmsZkfBGxIyFZQVmIgaCgbML1NUtlk="},"lastRemoteEphemeralKey":"BbzQ7DePvQFxgXuWUh9AQUsiJaQYp2HXe/kLUdYZoS8x","previousCounter":0,"rootKey":"UG2Up8KALMUq+O3S7R0PuqQ4Q/HbdIlmdsXkor1Q8Uo="},"indexInfo":{"baseKey":"BdEYk0jCHkW+g87gv34ESsgQR34hNzQewg36g9HgQi49","baseKeyType":1,"closed":-1,"used":1722454510870,"created":1722454510870,"remoteIdentityKey":"BXylp8enCRXVNR6EO2Oxc8PP7QNDZl5HhIBICgvF2EFm"},"_chains":{"BarRP7oYIeUPOP+6pIaibAExQkYvfowOo+heNAK0ucoD":{"chainKey":{"counter":7,"key":"ETeZ7WEMHfTtXc6YTthhl/OMkdhrGaT9RoaHb4cFpDA="},"chainType":1,"messageKeys":{}}},"pendingPreKey":{"signedKeyId":1,"baseKey":"BdEYk0jCHkW+g87gv34ESsgQR34hNzQewg36g9HgQi49"}}},"version":"v1"}