{"_sessions":{"BSy6tra8O2coi0V1vrVUjj2haYyRFB2rrY2CIScyFI9b":{"registrationId":535816293,"currentRatchet":{"ephemeralKeyPair":{"pubKey":"BcpGctFet0ZHUOHslyznTHYNtaf8XTFgFIwnuZa4+od+","privKey":"KNSd07F1AJ9UeTFSazg7UbedW/RvfQzS3q7Uuee/1mQ="},"lastRemoteEphemeralKey":"BWF6OoB6LRufUEzcdQ1Ysk+lVLi897Ei2/y470DtMM9n","previousCounter":0,"rootKey":"TEikxC0yrMjG5Sz72z9869dZZj/e306da1d6PkbqpBQ="},"indexInfo":{"baseKey":"BSy6tra8O2coi0V1vrVUjj2haYyRFB2rrY2CIScyFI9b","baseKeyType":1,"closed":-1,"used":1722454512354,"created":1722454512354,"remoteIdentityKey":"BdvCXPDQvmFVal4pzhs9zRbC8pPT17kz0uyCCuzjccVZ"},"_chains":{"BcpGctFet0ZHUOHslyznTHYNtaf8XTFgFIwnuZa4+od+":{"chainKey":{"counter":7,"key":"pFEpSwThlLglZvhnNEXnrPLb4+veBB8AkTTysSuLwhk="},"chainType":1,"messageKeys":{}}},"pendingPreKey":{"signedKeyId":3,"baseKey":"BSy6tra8O2coi0V1vrVUjj2haYyRFB2rrY2CIScyFI9b","preKeyId":6041393}}},"version":"v1"}