{"_sessions":{"BS5L0PDVqGILTDjedh3yuuHcXaP3sCMXXAak7BetYQde":{"registrationId":779277684,"currentRatchet":{"ephemeralKeyPair":{"pubKey":"BXVFP1LTt9HEDqA/3mILtxOl95/Gs/SF4cU+maus+394","privKey":"iOaguHvudVKWixpe2Jmd0lVP3lzO/ty38TutejGnCnM="},"lastRemoteEphemeralKey":"BS8NzsVenGYPOHjYyURu7liTT8NMLV7E9PmlKf/8//5n","previousCounter":0,"rootKey":"LE9vhh52CShZ3ZlDJOfjF4ILGyQ4GuR9Hordc22ZHlc="},"indexInfo":{"baseKey":"BS5L0PDVqGILTDjedh3yuuHcXaP3sCMXXAak7BetYQde","baseKeyType":1,"closed":-1,"used":1722224748170,"created":1722224748170,"remoteIdentityKey":"BcendiUZN6MMbVVQz5IDO6mBbWa2nmKl1vVJW7xFKPpL"},"_chains":{"BXVFP1LTt9HEDqA/3mILtxOl95/Gs/SF4cU+maus+394":{"chainKey":{"counter":6,"key":"SnTWkz3Um2t4IEEIJCBYRXZVft94o9Zik5k9mENfJ5g="},"chainType":1,"messageKeys":{}}},"pendingPreKey":{"signedKeyId":0,"baseKey":"BS5L0PDVqGILTDjedh3yuuHcXaP3sCMXXAak7BetYQde"}}},"version":"v1"}