{"_sessions":{"BbOVNk6RdyCMyBBDqwSR2JSH0rpm23GObqBacUDozI9v":{"registrationId":2024221518,"currentRatchet":{"ephemeralKeyPair":{"pubKey":"Bd+mlnTjKlPA5/sDbSuBZ6K0BHVlFDYsn+AkPIWNlXNu","privKey":"mPpY0Hna5j74m0USyD6LIeu3fQ35Or8Hi+TIAVGqZ3w="},"lastRemoteEphemeralKey":"BTvo8npqCJp1fpiTQvjeqDVFppOLcPRkKfLXG5+/r7p0","previousCounter":0,"rootKey":"ejMVCu4OKMIa7YiyaVW0mVt2z02A84i4jkgLOSJkVuw="},"indexInfo":{"baseKey":"BbOVNk6RdyCMyBBDqwSR2JSH0rpm23GObqBacUDozI9v","baseKeyType":1,"closed":-1,"used":1722224748782,"created":1722224748782,"remoteIdentityKey":"BZYwlqzAMrNS/wJdi2zkfenTh+g8nVlW/fEU3lfs4GE6"},"_chains":{"Bd+mlnTjKlPA5/sDbSuBZ6K0BHVlFDYsn+AkPIWNlXNu":{"chainKey":{"counter":6,"key":"f5LnRDlptVVz70rUfWT6MSvP1WyMPGTRRx1dsxf1aYA="},"chainType":1,"messageKeys":{}}},"pendingPreKey":{"signedKeyId":4,"baseKey":"BbOVNk6RdyCMyBBDqwSR2JSH0rpm23GObqBacUDozI9v","preKeyId":2149938}}},"version":"v1"}