{"_sessions":{"BXHiIczq1zk8t8Ea//TOQ4InFT9xATDNwPvVQXIykSZC":{"registrationId":4913,"currentRatchet":{"ephemeralKeyPair":{"pubKey":"BY0uPVMYvDPDRbWPa17sSyM6C13MXLME5Oh67BrkMchz","privKey":"oGr6+qxeJANGihHhSqRgks8pJ1/omq4FHu04YXm95Hs="},"lastRemoteEphemeralKey":"BYoOebvqCUu3tL4SvQARvnBooG39hmFrU5fBWRxWnKNC","previousCounter":0,"rootKey":"cqAx0OshN0Ft/v+Pmy6d3Swb8q722UhWrTtDMaRWQe4="},"indexInfo":{"baseKey":"BXHiIczq1zk8t8Ea//TOQ4InFT9xATDNwPvVQXIykSZC","baseKeyType":1,"closed":-1,"used":1722454511166,"created":1722454511166,"remoteIdentityKey":"BU0HMSS84DlRNOzh3IG+Lyk2j5+op2vTr0vlmwAOWjIh"},"_chains":{"BY0uPVMYvDPDRbWPa17sSyM6C13MXLME5Oh67BrkMchz":{"chainKey":{"counter":7,"key":"uK1uTrvSjNr+izW9SzMDMVgFqWq5YdT53MVZYodn0eQ="},"chainType":1,"messageKeys":{}}},"pendingPreKey":{"signedKeyId":1,"baseKey":"BXHiIczq1zk8t8Ea//TOQ4InFT9xATDNwPvVQXIykSZC"}}},"version":"v1"}