{"_sessions":{"BTwfa0pT9ZGdhxXAbrOwL5f6tyby0FPLjeQsJ15LQXAh":{"registrationId":130400667,"currentRatchet":{"ephemeralKeyPair":{"pubKey":"BR37lCNy/MvsdW5YSvqmn6dd3puFuwSadn5qUxhixKRW","privKey":"OOYl9xR2eDfHPLYAM9L75lmYSKjiekLk0wdfD44YsVE="},"lastRemoteEphemeralKey":"BUtsi6cMkeaAOAiKLNBvvHaxPKjrmOF9t6Pg2c0p5UBi","previousCounter":0,"rootKey":"XWbfqH9eF2EnUrG2hBcGsgKW12Ke1MiUzilQ5MN5yfE="},"indexInfo":{"baseKey":"BTwfa0pT9ZGdhxXAbrOwL5f6tyby0FPLjeQsJ15LQXAh","baseKeyType":1,"closed":-1,"used":1722224748394,"created":1722224748394,"remoteIdentityKey":"BeMFVgUhw6ploJdg4V4Msfha4bfu0OnZAc1rG3l9+Foq"},"_chains":{"BR37lCNy/MvsdW5YSvqmn6dd3puFuwSadn5qUxhixKRW":{"chainKey":{"counter":6,"key":"xRfidJJ2AWqNzzVTuZZ42jbczYwbCtWUHFVJZoosETc="},"chainType":1,"messageKeys":{}}},"pendingPreKey":{"signedKeyId":0,"baseKey":"BTwfa0pT9ZGdhxXAbrOwL5f6tyby0FPLjeQsJ15LQXAh","preKeyId":12520600}}},"version":"v1"}