{"_sessions":{"BSF+Fgi+fyWAqdoOHDyxPEWdfFfal72oenlGR3W4sVEz":{"registrationId":170985483,"currentRatchet":{"ephemeralKeyPair":{"pubKey":"BT0Z6Io2iSqyZkw2F1nIs9u851XRJhYdp0FYnSj4DNgr","privKey":"MOW1T5y9xP7KBAiblMr+yzATyA4/dsf2rw34/siKXWY="},"lastRemoteEphemeralKey":"BdeO7xOBUGXaPf+63rtSDOKuzIfFRp1P3ATs8sb1SQ95","previousCounter":38,"rootKey":"Apst2+It5CfpRTKYpLQe8Bop7G+OqZotOSlzFsOm2IE="},"indexInfo":{"baseKey":"BSF+Fgi+fyWAqdoOHDyxPEWdfFfal72oenlGR3W4sVEz","baseKeyType":1,"closed":-1,"used":1722348900566,"created":1722302916365,"remoteIdentityKey":"BWo4mAjt6u3R6dm6diu/t8mzijSW+FI2+bZ8lzaPXQAb"},"_chains":{"BdeO7xOBUGXaPf+63rtSDOKuzIfFRp1P3ATs8sb1SQ95":{"chainKey":{"counter":1,"key":"igDE5gN8x4pYhxVJ6azUEpiD4snM9MzHT1xWYPAMqoA="},"chainType":2,"messageKeys":{}},"BT0Z6Io2iSqyZkw2F1nIs9u851XRJhYdp0FYnSj4DNgr":{"chainKey":{"counter":37,"key":"RP6CuCaE7J2GlZnRKgtdxoZlYcNlD5+c6UJxeLek++c="},"chainType":1,"messageKeys":{}}}}},"version":"v1"}