{"_sessions":{"BfU0kMJ1xKh9JXl/KHr3J0+RMkIDx6hXRgtKfbArzwwq":{"registrationId":80634989,"currentRatchet":{"ephemeralKeyPair":{"pubKey":"Bb+adDBiBKS0e8X5ltg0L50mP55eNwfPKT2qGVhmidMv","privKey":"4GVLb1NuIwP0VHSubgos4ktAOVv5b4xFW88OSZUFc1o="},"lastRemoteEphemeralKey":"BWxobsRuLhgpG3z96KQVelfAC4/5pRClXz4/rNuStI4A","previousCounter":0,"rootKey":"Wjx+mG7jCXq7C1qfWGhPcWNVG/9ztaQaPjZ7T1G+IcU="},"indexInfo":{"baseKey":"BfU0kMJ1xKh9JXl/KHr3J0+RMkIDx6hXRgtKfbArzwwq","baseKeyType":1,"closed":-1,"used":1722302916191,"created":1722302916191,"remoteIdentityKey":"BQuGMyc95R2m6TrIchvQ7Ilhm6S+ic0xZH0aMkQ6vnxz"},"_chains":{"Bb+adDBiBKS0e8X5ltg0L50mP55eNwfPKT2qGVhmidMv":{"chainKey":{"counter":76,"key":"grbWyarcoq667JDP63UjDqmIbIScerbG5QvafxYzeMI="},"chainType":1,"messageKeys":{}}},"pendingPreKey":{"signedKeyId":1,"baseKey":"BfU0kMJ1xKh9JXl/KHr3J0+RMkIDx6hXRgtKfbArzwwq","preKeyId":10761728}}},"version":"v1"}