{"_sessions":{"Bcy01m6Thb822bbP1tRajqHz56AYVmkfI8+ZpWHpm08B":{"registrationId":1625879491,"currentRatchet":{"ephemeralKeyPair":{"pubKey":"BSigw8zN/IqR34YXWVpizTVjIZJKQbXdTaYDqgdKc9QS","privKey":"6OkxZiNoCq5flbMnXIORz4WCfLiBcOgBWe1iPem9h38="},"lastRemoteEphemeralKey":"BTMfyjtK/ZXJ0MyAY8vb2YiWhe71owpAED3tBaaCt8pe","previousCounter":0,"rootKey":"nc2ZXI6uHotKS3r6h+mh7LrY6+E8E5CyIhn6M2r//mg="},"indexInfo":{"baseKey":"Bcy01m6Thb822bbP1tRajqHz56AYVmkfI8+ZpWHpm08B","baseKeyType":1,"closed":-1,"used":1722224749465,"created":1722224749465,"remoteIdentityKey":"BRZv4r3wX0Lv1gDUdOiqhdm06ZzfVff/8Srbsmp3KnAs"},"_chains":{"BSigw8zN/IqR34YXWVpizTVjIZJKQbXdTaYDqgdKc9QS":{"chainKey":{"counter":6,"key":"5BVA4B8LS5riBp8gdo6wDU4WUKl/Nsa+OONbwtkcjSA="},"chainType":1,"messageKeys":{}}},"pendingPreKey":{"signedKeyId":0,"baseKey":"Bcy01m6Thb822bbP1tRajqHz56AYVmkfI8+ZpWHpm08B"}}},"version":"v1"}