{"_sessions":{"BQKp+OHtlke3G+IpL7dYpyVNR9S6mxNpvB33bYHUkGZD":{"registrationId":25616922,"currentRatchet":{"ephemeralKeyPair":{"pubKey":"BZoGwS5ltId9AkajoTyW3q737l2m+l0RUE6qAZ7jHNhQ","privKey":"oG3DLQyu+3PQFJX7oLrjoc0idlcRgKzc8NJXO5slb2Y="},"lastRemoteEphemeralKey":"BUVCFuBfifYT9VBdxjyvD+7mnbnqtT227qu8l8U0HCZi","previousCounter":3,"rootKey":"FKcqfePS6AO92R7DHKE1RkdS3COfEKTLN7Ag7k4bCIs="},"indexInfo":{"baseKey":"BQKp+OHtlke3G+IpL7dYpyVNR9S6mxNpvB33bYHUkGZD","baseKeyType":2,"closed":1722245431999,"used":1722244837369,"created":1722244771480,"remoteIdentityKey":"BaWySaelSVjGLw1hgSAZW7tj0ZstEoyqLdDGKaLpHl09"},"_chains":{"BSerUtaNIyCuFgWjQfdV0zN8AJJ7qAt1sEQd+ZYwz6BO":{"chainKey":{"counter":2},"chainType":2,"messageKeys":{}},"BaE1nriisJ4/TIvvAVGxsZfEPvA4+t4Z7i4y1c7Gv14g":{"chainKey":{"counter":4},"chainType":2,"messageKeys":{}},"Berysu9op9DK/R0RpdlP2eDDkenwNx0Mu6gVmx4MNkBH":{"chainKey":{"counter":0},"chainType":2,"messageKeys":{}},"BUVCFuBfifYT9VBdxjyvD+7mnbnqtT227qu8l8U0HCZi":{"chainKey":{"counter":0,"key":"392/7EFZVnxdOy6Fz6Wg+BZh/RDy8dp9XEldNOpyIi8="},"chainType":2,"messageKeys":{}},"BZoGwS5ltId9AkajoTyW3q737l2m+l0RUE6qAZ7jHNhQ":{"chainKey":{"counter":1,"key":"2oFZU8Wi2X4dla/38W3EP1OfTs8uUb8DLR5P/1Uvy+w="},"chainType":1,"messageKeys":{}}}},"BV7HaAacbxBxKrep6sN0UlZzn3BuzhXPsuTfQy2/un5N":{"registrationId":25616922,"currentRatchet":{"ephemeralKeyPair":{"pubKey":"BXqYQFWMNABsGOom2US9eYmXP6LAX9bC72D/XMX+NFV9","privKey":"mBOndSiWjtpFOTpo6TqV47e6ryp0m+9+Y0lXNbzVcV4="},"lastRemoteEphemeralKey":"BV4AHSdzfprKFraaEZvnn8fQ/ffBLnd98y2RBgrnAd9K","previousCounter":1,"rootKey":"2C716jPLk2sxaRkm7VkG9lmN9ktKMxvwIg8fPdTlBlU="},"indexInfo":{"baseKey":"BV7HaAacbxBxKrep6sN0UlZzn3BuzhXPsuTfQy2/un5N","baseKeyType":2,"closed":1722302832070,"used":1722245443071,"created":1722245432286,"remoteIdentityKey":"BaWySaelSVjGLw1hgSAZW7tj0ZstEoyqLdDGKaLpHl09"},"_chains":{"BYxOaOy1nB2ZIeQ51DcMOfm33opJEGqxNJKIdgN8ClZs":{"chainKey":{"counter":1},"chainType":2,"messageKeys":{}},"BexUv9PQS2dNwTeydADwa8emzQcb9lmrCycDd2vDvosp":{"chainKey":{"counter":0},"chainType":2,"messageKeys":{}},"BQvzeSwTDQsVyjSTLVhTp6rJuxVPDSfisetGBWY2WTQS":{"chainKey":{"counter":0},"chainType":2,"messageKeys":{}},"BV4AHSdzfprKFraaEZvnn8fQ/ffBLnd98y2RBgrnAd9K":{"chainKey":{"counter":0,"key":"+bG8c9K9POqzcEicudxz58KHlAJAyTuEHeob+1eNIk0="},"chainType":2,"messageKeys":{}},"BXqYQFWMNABsGOom2US9eYmXP6LAX9bC72D/XMX+NFV9":{"chainKey":{"counter":1,"key":"48S+A2IUF+0CzhF2Pe1C0X0Mnxy+w40wYvvEr8GaoK4="},"chainType":1,"messageKeys":{}}}},"BZ7T+eE0OUEjkFIkng02WtVHhz8tHrJ7URrzOPYJYm5C":{"registrationId":25616922,"currentRatchet":{"ephemeralKeyPair":{"pubKey":"BeHx5JJHisw19/M9XiLV4gogUb/xprFX5n7t2V4Anq84","privKey":"eCJOtTLqc+Baj42vh+yxvEgp2z36QAO/4VCWAhv9FVU="},"lastRemoteEphemeralKey":"BQhENcbGhQyHAGsy/hAVFstvss+bb+FBqo+ya6h73YZ9","previousCounter":1,"rootKey":"lxzN81PnZ1NVqp74pXwhVjnpoKNnxPYAo7sdL2RH5Ig="},"indexInfo":{"baseKey":"BZ7T+eE0OUEjkFIkng02WtVHhz8tHrJ7URrzOPYJYm5C","baseKeyType":2,"closed":1722302917975,"used":1722303133432,"created":1722302832075,"remoteIdentityKey":"BaWySaelSVjGLw1hgSAZW7tj0ZstEoyqLdDGKaLpHl09"},"_chains":{"Ba1eYhP5qSxKNTk6h6LCFVxHUSJgjeiYHOFSrWQMDjNg":{"chainKey":{"counter":0},"chainType":2,"messageKeys":{}},"BeFJ4pAndPY5y6HtJHdUU4D8vkrfuI77uxWYHKbhX/1N":{"chainKey":{"counter":0},"chainType":2,"messageKeys":{}},"BfN41DaqI4q63ROpUmPdBiYnDD4QCkd7VPazdYjwrNxw":{"chainKey":{"counter":0},"chainType":2,"messageKeys":{}},"Bb8dbaZvrZp5LqXiZrZDAXM5dfx744tnz+fNrtgmdTUv":{"chainKey":{"counter":0},"chainType":2,"messageKeys":{}},"BdZncGNU3liFqw8agcCSMZTji4ez9vIUOtoPJEZVuLMl":{"chainKey":{"counter":1},"chainType":2,"messageKeys":{}},"BQhENcbGhQyHAGsy/hAVFstvss+bb+FBqo+ya6h73YZ9":{"chainKey":{"counter":2,"key":"Xna6Dn71Dsdo0KMSdrMTgX47igkkdeIIqT0tBgLsDVQ="},"chainType":2,"messageKeys":{}},"BeHx5JJHisw19/M9XiLV4gogUb/xprFX5n7t2V4Anq84":{"chainKey":{"counter":0,"key":"+J9WfZ+NdKhRFxfDSYKbQy+W0jCqZ96Pmx9U5XZBRXA="},"chainType":1,"messageKeys":{}}}},"BUdiY58vgMb9RJA1UUNPCFmktTrdn2SQbfmT9LydfBBG":{"registrationId":25616922,"currentRatchet":{"ephemeralKeyPair":{"pubKey":"BSOdLPBJUm2psqKiw9W5yTsiiG2mh8Ey8+vDGFRk4yg7","privKey":"QFc8JoxxElGeu+C9Z3jyr4FJ8/7/Iu0DeWy/gncZWmI="},"lastRemoteEphemeralKey":"BQhENcbGhQyHAGsy/hAVFstvss+bb+FBqo+ya6h73YZ9","previousCounter":2,"rootKey":"0DfF26OLNfWx+C/bXcckfERMdW2Mq75eqNTbvg/Pnss="},"indexInfo":{"baseKey":"BUdiY58vgMb9RJA1UUNPCFmktTrdn2SQbfmT9LydfBBG","baseKeyType":1,"closed":1722303080118,"used":1722302917970,"created":1722302917970,"remoteIdentityKey":"BaWySaelSVjGLw1hgSAZW7tj0ZstEoyqLdDGKaLpHl09"},"_chains":{"BQhENcbGhQyHAGsy/hAVFstvss+bb+FBqo+ya6h73YZ9":{"chainKey":{"counter":1,"key":"r2V7yBCcCXli7jAe+E58ArgCKFoQSX9UPXy76ql7j9E="},"chainType":2,"messageKeys":{"0":"fLesAXv633lfktkMfDLADJQxZBJguWCPDtMwYvCNIyA="}},"BSOdLPBJUm2psqKiw9W5yTsiiG2mh8Ey8+vDGFRk4yg7":{"chainKey":{"counter":-1,"key":"5w4P8vioXFOQiuY7cTGZi9vFmMknUI/0Kx2Hw3Etr0M="},"chainType":1,"messageKeys":{}}},"pendingPreKey":{"signedKeyId":1,"baseKey":"BUdiY58vgMb9RJA1UUNPCFmktTrdn2SQbfmT9LydfBBG","preKeyId":10468692}},"BSuTO+eGAZiGjWa8GzYM8v5i9hPcXopE4NIUtdrgpGh6":{"registrationId":25616922,"currentRatchet":{"ephemeralKeyPair":{"pubKey":"BacJ8fJRHHfqc0mau2xVmKLQH7gcKsYrPDt5FVvvk3ZE","privKey":"8K1P9miSksKEyaq4krG4RVhY2eAVYfLT8ej/2Jo/eVs="},"lastRemoteEphemeralKey":"BQhENcbGhQyHAGsy/hAVFstvss+bb+FBqo+ya6h73YZ9","previousCounter":0,"rootKey":"6oQLVDWj14956p965sT+3EPXY0KDklj5tLtMWM0AZb0="},"indexInfo":{"baseKey":"BSuTO+eGAZiGjWa8GzYM8v5i9hPcXopE4NIUtdrgpGh6","baseKeyType":1,"closed":1722303131293,"used":1722303080115,"created":1722303080115,"remoteIdentityKey":"BaWySaelSVjGLw1hgSAZW7tj0ZstEoyqLdDGKaLpHl09"},"_chains":{"BQhENcbGhQyHAGsy/hAVFstvss+bb+FBqo+ya6h73YZ9":{"chainKey":{"counter":1,"key":"rJxod8GuojGJQVKvl+Qb4Rx4ocQevKFTtRwaNoIhRhI="},"chainType":2,"messageKeys":{"0":"Ue7yTfhdHyIVXv9kVeDL2FijA6PufpqjC9ccyUK1LSo="}},"BacJ8fJRHHfqc0mau2xVmKLQH7gcKsYrPDt5FVvvk3ZE":{"chainKey":{"counter":0,"key":"PAUZJVIQWn38V4fHd1/fWrAmNUAPOgTmJtocpXFUNJE="},"chainType":1,"messageKeys":{}}},"pendingPreKey":{"signedKeyId":1,"baseKey":"BSuTO+eGAZiGjWa8GzYM8v5i9hPcXopE4NIUtdrgpGh6","preKeyId":10468136}},"BRvampCUwqsLa1RKQJ5ycm6Hh0mKu/6Jn+lGFfmfGV8x":{"registrationId":25616922,"currentRatchet":{"ephemeralKeyPair":{"pubKey":"BZqeyjlkJCNbtxKcLXf8g3rYbpm4gSgH5kuzCp/FqAJD","privKey":"YKvCM6Ign3vO88NJlj+XbyjXvFg+wWtDLScCg75pdW4="},"lastRemoteEphemeralKey":"BQhENcbGhQyHAGsy/hAVFstvss+bb+FBqo+ya6h73YZ9","previousCounter":0,"rootKey":"0ObNCt5Gob4V5fMU6H+vwtdsiyWCZRbSQt5wqytYSno="},"indexInfo":{"baseKey":"BRvampCUwqsLa1RKQJ5ycm6Hh0mKu/6Jn+lGFfmfGV8x","baseKeyType":1,"closed":1722303134433,"used":1722303131290,"created":1722303131290,"remoteIdentityKey":"BaWySaelSVjGLw1hgSAZW7tj0ZstEoyqLdDGKaLpHl09"},"_chains":{"BQhENcbGhQyHAGsy/hAVFstvss+bb+FBqo+ya6h73YZ9":{"chainKey":{"counter":2,"key":"WtBrrKkxfBB3vmPjxModuJzmLZmWGVCIjhlLD9HuvIw="},"chainType":2,"messageKeys":{"0":"pQl7kwItt2Ft58kGtvmFYtbv2tmIzLU/59+kV5TobdM=","1":"b/Wrm0lBbqjYE49r5TcC7vvTfws83QV1afQQ5Ma8DXc="}},"BZqeyjlkJCNbtxKcLXf8g3rYbpm4gSgH5kuzCp/FqAJD":{"chainKey":{"counter":0,"key":"+2BfMQKfGo64JQQ62Y+cZdE+JiHzP4pEy8xlTWGcINA="},"chainType":1,"messageKeys":{}}},"pendingPreKey":{"signedKeyId":1,"baseKey":"BRvampCUwqsLa1RKQJ5ycm6Hh0mKu/6Jn+lGFfmfGV8x","preKeyId":10468804}},"BeBTr1o0m/Sw0aA7lcPIbCQva0klisoMve6nM+wC7b9Z":{"registrationId":25616922,"currentRatchet":{"ephemeralKeyPair":{"pubKey":"BQ+8Q0AMrjfDrKIK6m+3HF7Wae4gfMw3s5shlvEFZQAY","privKey":"0N+2uAhS97W2ebnkZ5VxkktFIYN/IzyF6U1mUdVIIVw="},"lastRemoteEphemeralKey":"Bf6ucoSzVZnC77KBBuYA2JO90ccDJr9dSOS2mh5FHoET","previousCounter":3,"rootKey":"KI1s7n3JLiBY14PHvEMHUEi1LEQ6I15r553KzCpayh0="},"indexInfo":{"baseKey":"BeBTr1o0m/Sw0aA7lcPIbCQva0klisoMve6nM+wC7b9Z","baseKeyType":1,"closed":1722303427654,"used":1722303159441,"created":1722303134431,"remoteIdentityKey":"BaWySaelSVjGLw1hgSAZW7tj0ZstEoyqLdDGKaLpHl09"},"_chains":{"BcIsNbK4c0pTMtjyQ6W87uibDUMeRszGKxNYAeGeh1go":{"chainKey":{"counter":0},"chainType":2,"messageKeys":{}},"Bf6ucoSzVZnC77KBBuYA2JO90ccDJr9dSOS2mh5FHoET":{"chainKey":{"counter":0,"key":"ZVV2hMvXuVESyXBvQ2ozRyHYhbgw3Oq2SlU5NXF/MjI="},"chainType":2,"messageKeys":{}},"BQ+8Q0AMrjfDrKIK6m+3HF7Wae4gfMw3s5shlvEFZQAY":{"chainKey":{"counter":2,"key":"8F9nF4gXFYkpHJ94ylD9D3Pf0V7CnYnW4Vxf5PjdqlU="},"chainType":1,"messageKeys":{}}}},"Bbl4Mj63DVkpxfAmcYQdvAv9jMBFKQ0rLaAi9zXXtbZE":{"registrationId":25616922,"currentRatchet":{"ephemeralKeyPair":{"pubKey":"BX8sed85AsKtDuUfpZzLeqTFnprYx8rpGmd0P7iNO+0S","privKey":"MAq6PkDfjJQ7/DJdWvcqpsbY3qEjot0/Jm9ZzZrKr0Q="},"lastRemoteEphemeralKey":"Bbl0xP9HbpG7CMILhPLlD45yHVcvcH/a2gRCXP58/CQI","previousCounter":0,"rootKey":"daJYilEuj7jIKUWO1bj9CiqbRcfScH5ZFSziOKqC6bk="},"indexInfo":{"baseKey":"Bbl4Mj63DVkpxfAmcYQdvAv9jMBFKQ0rLaAi9zXXtbZE","baseKeyType":1,"closed":1722303435569,"used":1722303427595,"created":1722303427595,"remoteIdentityKey":"BaWySaelSVjGLw1hgSAZW7tj0ZstEoyqLdDGKaLpHl09"},"_chains":{"BX8sed85AsKtDuUfpZzLeqTFnprYx8rpGmd0P7iNO+0S":{"chainKey":{"counter":1,"key":"WP7d+NrbLJU2+JVTSiYJmmVPwW/J/zvDX7tQFQn7150="},"chainType":1,"messageKeys":{}}},"pendingPreKey":{"signedKeyId":1,"baseKey":"Bbl4Mj63DVkpxfAmcYQdvAv9jMBFKQ0rLaAi9zXXtbZE","preKeyId":10468174}},"BZ0Ai+w1IeG+8GmKEabTvbn/d2OaKAifyRDDydEi7j9U":{"registrationId":25616922,"currentRatchet":{"ephemeralKeyPair":{"pubKey":"BUXzF+UG8XkErryNkyvn4Q4WtuT87jp8aoqbGTGAMrp+","privKey":"oClJwORdbQRGXN7MBzeV1BD/Q7xYDn9MHKjCHHXYLn0="},"lastRemoteEphemeralKey":"Bbl0xP9HbpG7CMILhPLlD45yHVcvcH/a2gRCXP58/CQI","previousCounter":0,"rootKey":"vlImgnbSU8m/+UA15FBD9ziffuV6Pa0JseSFuEO3YfQ="},"indexInfo":{"baseKey":"BZ0Ai+w1IeG+8GmKEabTvbn/d2OaKAifyRDDydEi7j9U","baseKeyType":1,"closed":1722303439297,"used":1722303435567,"created":1722303435567,"remoteIdentityKey":"BaWySaelSVjGLw1hgSAZW7tj0ZstEoyqLdDGKaLpHl09"},"_chains":{"BUXzF+UG8XkErryNkyvn4Q4WtuT87jp8aoqbGTGAMrp+":{"chainKey":{"counter":1,"key":"6ZYEck3RatsLzkwDaZp2mv1d4gs43laZPWbyQ+y9hjs="},"chainType":1,"messageKeys":{}}},"pendingPreKey":{"signedKeyId":1,"baseKey":"BZ0Ai+w1IeG+8GmKEabTvbn/d2OaKAifyRDDydEi7j9U","preKeyId":10468677}},"BYYD6kYekoNjqJiWgXH23c8q0WN/Pv8cxBUMdkM7pT44":{"registrationId":25616922,"currentRatchet":{"ephemeralKeyPair":{"pubKey":"BYlsINfWmCep4xDO5xB8iVSj9swdJx+HN7swvh3Yh9Yu","privKey":"SAfamoSDxmn/xuttKWENxytJ3EzcYuX/S0sydbdronM="},"lastRemoteEphemeralKey":"Bbl0xP9HbpG7CMILhPLlD45yHVcvcH/a2gRCXP58/CQI","previousCounter":0,"rootKey":"IJ0+KFD/gEiFiF+4A/YwuwTp5d3bhmIgPpg8iA6+NOM="},"indexInfo":{"baseKey":"BYYD6kYekoNjqJiWgXH23c8q0WN/Pv8cxBUMdkM7pT44","baseKeyType":1,"closed":1722303443553,"used":1722303439289,"created":1722303439289,"remoteIdentityKey":"BaWySaelSVjGLw1hgSAZW7tj0ZstEoyqLdDGKaLpHl09"},"_chains":{"BYlsINfWmCep4xDO5xB8iVSj9swdJx+HN7swvh3Yh9Yu":{"chainKey":{"counter":1,"key":"CmQgoxgk8BQHhjRWCNhW+yWqoYXSdlEzG9tIKnXhqik="},"chainType":1,"messageKeys":{}}},"pendingPreKey":{"signedKeyId":1,"baseKey":"BYYD6kYekoNjqJiWgXH23c8q0WN/Pv8cxBUMdkM7pT44","preKeyId":10468843}},"BfQpO/+5i5CgEGLUt+mSOdH3hlux1PYo231LQtFeC/0Z":{"registrationId":25616922,"currentRatchet":{"ephemeralKeyPair":{"pubKey":"BQ0g1/whmqJH6fIvDq06WT8sMj+nYty9KHy/9NULxPYM","privKey":"MF3DMTjLB9B3OuuU8eHAhOJNeaAI+PiKt4QZUsGYWUY="},"lastRemoteEphemeralKey":"BU3auvBYrN7jLiY3C7IXYDPR8Juat/KYEJZB463y5Np4","previousCounter":0,"rootKey":"CIGh6XnmBJE/Lu6u3f+OxLzcnkpLe5HHAR6VPQZS1PU="},"indexInfo":{"baseKey":"BfQpO/+5i5CgEGLUt+mSOdH3hlux1PYo231LQtFeC/0Z","baseKeyType":1,"closed":1722349803375,"used":1722349800464,"created":1722303443494,"remoteIdentityKey":"BaWySaelSVjGLw1hgSAZW7tj0ZstEoyqLdDGKaLpHl09"},"_chains":{"BRJMW9YY2V9cAmEt87ZDsbmJmzC704LQNJ8sXk6U7JtE":{"chainKey":{"counter":0},"chainType":2,"messageKeys":{}},"BUoAzRi13g6NmkY3TjC7COnIkeX1acutTmdSL4GbEJ58":{"chainKey":{"counter":0},"chainType":2,"messageKeys":{}},"Bb4qqwpMFWqo6mjVfU4XmhLorfnlswKI4Y6JzD5ahHZg":{"chainKey":{"counter":2},"chainType":2,"messageKeys":{}},"BWgyXJtIc4ITU0ERn9abOqVOr0Dhp6pGCLqDdSAh96QE":{"chainKey":{"counter":0},"chainType":2,"messageKeys":{}},"BVzo+rWUNVGidqC2UuU8AwYSWl0qXQuQd4afPqEHwKQi":{"chainKey":{"counter":0},"chainType":2,"messageKeys":{}},"BQKWxFuEbVSAOKeSHfu20L7RD/uaQN03GDOKNmr84Htd":{"chainKey":{"counter":0},"chainType":2,"messageKeys":{}},"BdakkOzH5KNzCoRbpj6dY4i5lGoLv7jinNo3FlURWSpk":{"chainKey":{"counter":0},"chainType":2,"messageKeys":{}},"BdQF6NharLXvgbJKgOmuk5ud1SR9E9h4EgYYjN8Kr7ZC":{"chainKey":{"counter":0},"chainType":2,"messageKeys":{}},"BaPnt7LL+dtx49A/LySLhTyrZCvqwztKK5LbJaDoEAVa":{"chainKey":{"counter":0},"chainType":2,"messageKeys":{}},"BS1ud1SN31r+DYZsTCZF3PnrENvkxn+uslSjfRTPKLsx":{"chainKey":{"counter":0},"chainType":2,"messageKeys":{}},"BQqJ6f0dDNO6j7UIYqQoNUpUgMF+0Kz1jSwgBWRCvYR/":{"chainKey":{"counter":0},"chainType":2,"messageKeys":{}},"BVR5/IHFQWkiqOUONR3IiwVfHrx1PdTwbE54Mgxhhh83":{"chainKey":{"counter":0},"chainType":2,"messageKeys":{}},"BcWZzuSaRKaJGznN5ZADhBBtlZzsa5/dcD3OgwNz95An":{"chainKey":{"counter":1},"chainType":2,"messageKeys":{}},"BY9vv+s6BWO/1iGwbORze2PQItKZd6/EgHNLWXhSB185":{"chainKey":{"counter":0},"chainType":2,"messageKeys":{}},"BYCuvlDogg1CLPc+jTxeRLMeh/y5grbRkwnYroFfIWhr":{"chainKey":{"counter":0},"chainType":2,"messageKeys":{}},"Ba//SZD0Fu+qEnOOyx4oI1QeQ0ogdGutmFTipTmhrJ9y":{"chainKey":{"counter":0},"chainType":2,"messageKeys":{}},"BQg+FsKws2RX/oXB8JiI67wqoje9oo+AbbzBUgRDBRZj":{"chainKey":{"counter":1},"chainType":2,"messageKeys":{}},"BQS7VOsqVreQpOjLqq4HVY8c2z36/7+xTg+jpTqol9Bf":{"chainKey":{"counter":0},"chainType":2,"messageKeys":{}},"BVK2bT6OcrW23YEMY762Dyt+wEYoKvrl+oLUFgKOehxZ":{"chainKey":{"counter":1},"chainType":2,"messageKeys":{}},"BYbwerCNsNNvBe9h/NxNWiahsvpszaPtkFXa5DAHoXJB":{"chainKey":{"counter":1},"chainType":2,"messageKeys":{}},"BW3UzNk+V48utvNb0QICh95QGLEFjxRoPw3Px2LHX9QI":{"chainKey":{"counter":0},"chainType":2,"messageKeys":{}},"BXmgRPUY0bW3EBmm7xR8M3cBprnR9vMTqcG271Qka3pD":{"chainKey":{"counter":0},"chainType":2,"messageKeys":{}},"Bf88VKicJsFrclpmw+XTOZGnzZlod2AiXlJprEMMReMy":{"chainKey":{"counter":0},"chainType":2,"messageKeys":{}},"BQMs12e/JMGXSrSVSrRuZFpLYoLyARITcHNatnkc8NF3":{"chainKey":{"counter":0},"chainType":2,"messageKeys":{}},"BS/Xqat1udZhESWUGPgZJJP6pUhKKoAMj9lOuj9JbUs4":{"chainKey":{"counter":0},"chainType":2,"messageKeys":{}},"Be0LurQE+ZYzyI1JRd9sd2xJD4jwk79XzDpxQXn60Wgw":{"chainKey":{"counter":0},"chainType":2,"messageKeys":{}},"BRpVzZwf/mFDRbId/O6u/uBcCISEpPV0H1Y/NqfO8khH":{"chainKey":{"counter":0},"chainType":2,"messageKeys":{}},"BZyM5LfafmNi8qKSKz9jP3vytcSBgXekkrAvlRdvE0Il":{"chainKey":{"counter":1},"chainType":2,"messageKeys":{}},"BQIBEGz8OZkLJMAYWcypr9hn79XsWq1RV0QVdttiS8Y2":{"chainKey":{"counter":0},"chainType":2,"messageKeys":{}},"BYZpecsRSxWDO1Xtv3jjpZCa6O8lR1ru1CYy7dhxABBx":{"chainKey":{"counter":0},"chainType":2,"messageKeys":{}},"BdAH3ZzaZDUxv3yjnZThZWwgN2YY+BmyjnVSiLg2HHcc":{"chainKey":{"counter":0},"chainType":2,"messageKeys":{}},"BUbg8rOO5CeAs7kq+jtMCL7aY45XY99kHxpCDENSt2kv":{"chainKey":{"counter":1},"chainType":2,"messageKeys":{}},"BXmzBv/XGR8U3PFFkEBx/0GfCVBA5EmR0GMMLXlstehr":{"chainKey":{"counter":0},"chainType":2,"messageKeys":{}},"BRrPzzYZs7rHmTl0EOnf2C860xkgfx4zuJe3Yueu6c1M":{"chainKey":{"counter":0},"chainType":2,"messageKeys":{}},"Bc7x9E5O7hg9Czsf6FphMuMI4Ce3BtD59V2D4MM4LgN4":{"chainKey":{"counter":0},"chainType":2,"messageKeys":{}},"BexysydLfop3QlN50dZh9cQlD7foxyczl6MEnRwHs/B8":{"chainKey":{"counter":0},"chainType":2,"messageKeys":{}},"BT3ujIdMDgJsQJa/Ib503+tbdJ6UntpQ4H6w7ke63lpl":{"chainKey":{"counter":0},"chainType":2,"messageKeys":{}},"BUWr9Tjm/Jil9wR6NtVsoZmTaFBHQBXY648ZsDFRzjJY":{"chainKey":{"counter":0},"chainType":2,"messageKeys":{}},"BX9zu59RQiI0yn1u93dXOPdereFrR0nKkp7Y111VNzFJ":{"chainKey":{"counter":0},"chainType":2,"messageKeys":{}},"BXoQ1t6SqeD8iFO46J9HZkuPTGCyAfqIyviQ5EYO0r4A":{"chainKey":{"counter":0},"chainType":2,"messageKeys":{}},"BVKQ17X2gHh0teAqaZ4L9oeZXAu7PVSKSXB7q/IWawtP":{"chainKey":{"counter":0},"chainType":2,"messageKeys":{}},"BSRyu3nK5v5NJzo8T/1ubL3kLPbJbGih+kY1L+nHh9wy":{"chainKey":{"counter":0},"chainType":2,"messageKeys":{}},"BS/A2bNZrYNgxeE8J6mnY1KDSf/GbLkdA4P8bRaCXx0E":{"chainKey":{"counter":0},"chainType":2,"messageKeys":{}},"BQYGXE/oAXINqx9JyaKNCeY3jxT2iVBfS2z47fyeOf8P":{"chainKey":{"counter":0},"chainType":2,"messageKeys":{}},"BVv1xOaNi9rSRtg4CYeHds7BzK1s4d4ZmV9TRgRzhJ5s":{"chainKey":{"counter":0},"chainType":2,"messageKeys":{}},"Bf3pwea0+yc1HBYo0M2EVy1/xCUUVOgsR7nYJOEfblVV":{"chainKey":{"counter":0},"chainType":2,"messageKeys":{}},"BWi5SPRPz+5x/syEXrD2uue53adsVKzkmbUCYU1a8yhd":{"chainKey":{"counter":0},"chainType":2,"messageKeys":{}},"BRp7h15m60W7IxD1sB+++wvMVO8SzK6di3lHBZ9fRTJ+":{"chainKey":{"counter":1},"chainType":2,"messageKeys":{}},"BQvHgFgHHNJBAswY+Bkjr1vwUMoXBnXDq2XfKm/1zJMe":{"chainKey":{"counter":0},"chainType":2,"messageKeys":{}},"BUcg6UHHu0S49DdvDs9ZbRQ1U5kEz8tkB4ePPzoKyGU4":{"chainKey":{"counter":0},"chainType":2,"messageKeys":{}},"Bb2GB3r1cBoxy/t9dtZDKNJ3wixUyWxuVslPvUmPL20S":{"chainKey":{"counter":0},"chainType":2,"messageKeys":{}},"BZIRPh0j0mVtVYGe1tGVi0cqM3uFcWciwIfMlRoMyeEl":{"chainKey":{"counter":0},"chainType":2,"messageKeys":{}},"BeyCPVbiQd1ckkhJPJ5cBptXkBWOsAH0SHalDC69IxBL":{"chainKey":{"counter":0},"chainType":2,"messageKeys":{}},"Ba16OQvZurFr+O9k6TfC6NCPsLnO1/dUoYD/5cUVN21q":{"chainKey":{"counter":0},"chainType":2,"messageKeys":{}},"BYpb4A41TX8nTc3mBUYFY6Bz3lieUVmK7CdrGIYipTcb":{"chainKey":{"counter":0},"chainType":2,"messageKeys":{}},"BV7EnfBMu5KJYKNoM/nbbKBHUAXhD4e8YmKB1W27V+1Y":{"chainKey":{"counter":0},"chainType":2,"messageKeys":{}},"BSeFPLbjx4/xTkzzwP76gbUzJFO6CS1QfhvDzECcBhw7":{"chainKey":{"counter":0},"chainType":2,"messageKeys":{}},"Be+T02472cpaqZHeJo2LCkTyld9OhX8Z1UD+LrF36+t6":{"chainKey":{"counter":1},"chainType":2,"messageKeys":{}},"BRXGn6wILqEaihckngxOyuaDfM412WtyhwVfWCQSVrYa":{"chainKey":{"counter":0},"chainType":2,"messageKeys":{}},"BfCuhUx3sT2nqy13FGtrmGkI7kaNwEJPq27ApdWwE2RA":{"chainKey":{"counter":0},"chainType":2,"messageKeys":{}},"BdoqkvUxPZ/P9AxNVnAnUE+mk2PTK/7dqzTDl3wdQOlJ":{"chainKey":{"counter":0},"chainType":2,"messageKeys":{}},"BSunOqnS3QlOGxCbKZl1UkLW1iLvNMtOnEKtmR394tUT":{"chainKey":{"counter":0},"chainType":2,"messageKeys":{}},"BeXzV9pWdaWwhJIxQMEWW26HLWgOEnzvoEXKYJlOLtJi":{"chainKey":{"counter":0},"chainType":2,"messageKeys":{}},"BTyBSg3aBZBOPKn/NTMoCB1mxI3f/KmV5RNkhBYbgZIu":{"chainKey":{"counter":0},"chainType":2,"messageKeys":{}},"Bd/d45e58Uwu0zWcyZ4Qz3U0rr9LudV1/lvvhZM6RYBk":{"chainKey":{"counter":0},"chainType":2,"messageKeys":{}},"Bdsi5QA5RCgd+eUEFE+bMdKIFOkXYopwDmoWQsfSNtRu":{"chainKey":{"counter":0},"chainType":2,"messageKeys":{}},"BWz/hHS/yv0V7l6EkeE+vZykSHRbKm5c1a3EJuBTOLQQ":{"chainKey":{"counter":0},"chainType":2,"messageKeys":{}},"BYiMccgQffjKdRhIEyw9EZW7Uba3G7V6leNvzSwrDN1N":{"chainKey":{"counter":0},"chainType":2,"messageKeys":{}},"BfPPch3xF6z4QObcePsZ7dsrPKRyUXox5xNVcQbCm45m":{"chainKey":{"counter":0},"chainType":2,"messageKeys":{}},"BYFWXNiJKR8b+jlhNoYKJ9hBVVQ44waNQtGjPw73hNJ0":{"chainKey":{"counter":0},"chainType":2,"messageKeys":{}},"BV3RZqG9YVNUXegRG7s17nfBEW+bWQbgS95nH7v+0l8Q":{"chainKey":{"counter":0},"chainType":2,"messageKeys":{}},"BdQekowSnV9nmMbvT/O0SKNp9WjHdmoLhqWMrmTgj3dI":{"chainKey":{"counter":0},"chainType":2,"messageKeys":{}},"BVKCX7UPqQAvBtN9Q4wYRq5DWyr4B9/yETqKkRj/BZoc":{"chainKey":{"counter":1},"chainType":2,"messageKeys":{}},"BTbAIa0hi2vA3PufIbBwjEMYpszTSLSLOaDbjGs/wnQS":{"chainKey":{"counter":0},"chainType":2,"messageKeys":{}},"BaFsQve9oqH8IyOOmZf7fBUfJ0SonWAPneFx6eRe8PED":{"chainKey":{"counter":0},"chainType":2,"messageKeys":{}},"BdM7wYYlXOOy2+RA/Jg37v54+NRhFzIKCwpkxLgogBZe":{"chainKey":{"counter":0},"chainType":2,"messageKeys":{}},"BT+2KnEyS/Ds0clPqh3SPTyOb/6PtoxasryyU0RD641H":{"chainKey":{"counter":0},"chainType":2,"messageKeys":{}},"BecwuMTEPkNZn8DbAoSwhj1VdajNYgJYffVvMMo4YbY8":{"chainKey":{"counter":0},"chainType":2,"messageKeys":{}},"BYEb0GeRS0k8xFITY4roHZz1uoKmqxx8UN6Af83uiPhX":{"chainKey":{"counter":0},"chainType":2,"messageKeys":{}},"BWqlZ+wEsEQOouZGWSpTMO0OBo3dNwcg4FCd/VPpCiNn":{"chainKey":{"counter":0},"chainType":2,"messageKeys":{}},"BW94mMZZwwHdZTwI8KX11msXy4LfdIQ1fKE12supVT47":{"chainKey":{"counter":0},"chainType":2,"messageKeys":{}},"BVYOq3E6NyM7HWmaj2ik7cmvzxsiIhUOCVoc4n92sIdT":{"chainKey":{"counter":0},"chainType":2,"messageKeys":{}},"Bcdpu51O7RN9eVT0WqVNia1e/W1w9JGWSSyQMIaORSpZ":{"chainKey":{"counter":0},"chainType":2,"messageKeys":{}},"BdvbFen+QoGzH/LBW7J8wA14JL3hv+0kOUpizJaluTsm":{"chainKey":{"counter":0},"chainType":2,"messageKeys":{}},"BXHemniMtOC1+DS1wqxHZ08nwxm/5o2jwe/zpK3+z8s8":{"chainKey":{"counter":1},"chainType":2,"messageKeys":{}},"Ba3E7iA5tw2R9myjuF2n7HDf15O1eeYmvDNpQ0XefXQo":{"chainKey":{"counter":0},"chainType":2,"messageKeys":{}},"BUx0eiBQSBaXxH9yo4vgaUAaex2P8REGs+ftlvsOIeAn":{"chainKey":{"counter":0},"chainType":2,"messageKeys":{}},"BZ8YAkHtDuaQQvu4f7PY6wNxAsTeJkv2trKVSwD8aEZR":{"chainKey":{"counter":0},"chainType":2,"messageKeys":{}},"BUduS1B8mUjcGreG7ut81dJ6hZldLdsyOyad00FFSAZa":{"chainKey":{"counter":0},"chainType":2,"messageKeys":{}},"BYx8Eq5hT/TCbyNuS2tpijA9wRlVUPdYAV19HV0lKQNY":{"chainKey":{"counter":1},"chainType":2,"messageKeys":{}},"BaXau6Aq41Lm8/StKG49iDPFbvzhi/RYSZXqq+h6ltsw":{"chainKey":{"counter":0},"chainType":2,"messageKeys":{}},"BUp2bY7qdv2MLYTog955ep2dHLrQnyDgNCJCrBlkkfoc":{"chainKey":{"counter":0},"chainType":2,"messageKeys":{}},"BVpk+gw4WugKCWF5Kf0GPK4agxW4VUILU2jNlNBIq1dV":{"chainKey":{"counter":0},"chainType":2,"messageKeys":{}},"BUuTjHGc5M5SRaXu7mjq6VXveb0AszPknqjINnw99wd7":{"chainKey":{"counter":0},"chainType":2,"messageKeys":{}},"BfBD3iTlb0SQ5G2K+8ITJMYFSKDKsdEL/nqJIbAe7d5s":{"chainKey":{"counter":0},"chainType":2,"messageKeys":{}},"BbkkBVrqeM4zyiewQEQy6dkwSao1KCmyyiMwSXHuO3Rv":{"chainKey":{"counter":0},"chainType":2,"messageKeys":{}},"BaeQ5mZ9gd2Ow7Z8bq256+iFHgrsAeXc5YvwKjudURAU":{"chainKey":{"counter":0},"chainType":2,"messageKeys":{}},"BccVL9G4KcQ9RKKkdyAWKCEG/pVUPUAduPG/HGG5pA5j":{"chainKey":{"counter":0},"chainType":2,"messageKeys":{}},"BQRWkmlIt0u4sIzrwZA24E7Nw9NtFgmOS83p2haVY18B":{"chainKey":{"counter":0},"chainType":2,"messageKeys":{}},"BfKPdGnmMsfsKUydHDHpn5bBvL4OPBs1uq6ZJPt2yq4x":{"chainKey":{"counter":1},"chainType":2,"messageKeys":{}},"BTCWlwh1e2HQuG8S0w29QGNOizV8wN+JAodUYIB5Wp0J":{"chainKey":{"counter":0},"chainType":2,"messageKeys":{}},"BW0UFRm+Nmfm+7O+0Hvels8zL5QwN3jHEMn43wgSgJZR":{"chainKey":{"counter":1},"chainType":2,"messageKeys":{}},"Bbchw6f1cHrF+T7UxbjysBm5qFre7+4qIc1Y91mMbmwx":{"chainKey":{"counter":0},"chainType":2,"messageKeys":{}},"BU3auvBYrN7jLiY3C7IXYDPR8Juat/KYEJZB463y5Np4":{"chainKey":{"counter":0,"key":"aHW0Rkb7wqNFTAtVrqbpbMNnPpEyw1jcNU2wRBfUBAI="},"chainType":2,"messageKeys":{}},"BQ0g1/whmqJH6fIvDq06WT8sMj+nYty9KHy/9NULxPYM":{"chainKey":{"counter":1,"key":"aU77iLsZQ7TKKhjJEf76OMf3NiNc6WP9mQKfmlGf6Eo="},"chainType":1,"messageKeys":{}}}},"BbVcG2pIfFZ5jQXgwq9YuN9x9LPmtuBHUjdSV0QDu8lP":{"registrationId":25616922,"currentRatchet":{"ephemeralKeyPair":{"pubKey":"BUusTwZyM5RMYhw+4BtP7zn+auTHL7qdCo2ptiBiNh5X","privKey":"KDA3hve5QxRUCvhDSL6XOrM7QjHdpuW5riroopOgOGY="},"lastRemoteEphemeralKey":"Bbl0xP9HbpG7CMILhPLlD45yHVcvcH/a2gRCXP58/CQI","previousCounter":0,"rootKey":"LLJIlOSQvQkwyE0S0YUPwtYKXKctDga8RSDTv8FmEAQ="},"indexInfo":{"baseKey":"BbVcG2pIfFZ5jQXgwq9YuN9x9LPmtuBHUjdSV0QDu8lP","baseKeyType":1,"closed":1722349804102,"used":1722349803296,"created":1722349803296,"remoteIdentityKey":"BaWySaelSVjGLw1hgSAZW7tj0ZstEoyqLdDGKaLpHl09"},"_chains":{"BUusTwZyM5RMYhw+4BtP7zn+auTHL7qdCo2ptiBiNh5X":{"chainKey":{"counter":0,"key":"R42NWWNIBM2To6S6f2sCwI3L0TwZ576VmXO+hrE05B0="},"chainType":1,"messageKeys":{}}},"pendingPreKey":{"signedKeyId":1,"baseKey":"BbVcG2pIfFZ5jQXgwq9YuN9x9LPmtuBHUjdSV0QDu8lP","preKeyId":10468124}},"BY4Sg7Lfw1m5sHJtUU78FNhYkfwDkh6TF7+odolOp+Ig":{"registrationId":25616922,"currentRatchet":{"ephemeralKeyPair":{"pubKey":"BTM9Lf+mPXZVpyuBUKSrZ9/4f1lhPZjB8qpODqgLZH43","privKey":"aC+gsQZJLi3+rOq4jZZ9brR6ts9A9JjFvNPFoWdN+H8="},"lastRemoteEphemeralKey":"BTKSdwpf80IzRa3ux0u2SzZbuePV4ugtM4q32ghsp91w","previousCounter":1,"rootKey":"0ZyTwJjax25Dcc+hJuNOabvMhT6hmWk9DmZ5Zvu07OU="},"indexInfo":{"baseKey":"BY4Sg7Lfw1m5sHJtUU78FNhYkfwDkh6TF7+odolOp+Ig","baseKeyType":1,"closed":-1,"used":1722418564268,"created":1722349804097,"remoteIdentityKey":"BaWySaelSVjGLw1hgSAZW7tj0ZstEoyqLdDGKaLpHl09"},"_chains":{"BQ2w/Wa53iCS4VitixlAYyIZ8Y4pQZH2B5195vXqTxED":{"chainKey":{"counter":0},"chainType":2,"messageKeys":{}},"BaONVEMaCTXuQnzDF8HpvapTLszYGBLN26RvQtKfL6p6":{"chainKey":{"counter":0},"chainType":2,"messageKeys":{}},"BQKIGaYAIP+dtontMCgOdahLIKiqF4EmyC9JQmpwj81j":{"chainKey":{"counter":1},"chainType":2,"messageKeys":{}},"BWnwddwTjMe3s8tsXFdtN6l1AIGnBjqp5JkKH+kKJvEU":{"chainKey":{"counter":1},"chainType":2,"messageKeys":{}},"BSSNkUz9Stb5IYRJBpg8+7vu7PJcQ/WpzA85esbfQoJ0":{"chainKey":{"counter":0},"chainType":2,"messageKeys":{}},"BXPib7bU1Ejmt9SZP20708uistWDtxzsEiqvGeigj5ID":{"chainKey":{"counter":1},"chainType":2,"messageKeys":{}},"BbIIs+FY/XjZnV9fFbo5X6+x6M3w/DOEBH1wziguRE9k":{"chainKey":{"counter":0},"chainType":2,"messageKeys":{}},"BfI5fAxtwqsqoF2jHYDzsJ8ZTzI5dvn4sgjaPWtBOZkc":{"chainKey":{"counter":0},"chainType":2,"messageKeys":{}},"BSsFn8wBxiViV9SPwwadPr4Xu6Pw9RJ0lWf9bjRgxusO":{"chainKey":{"counter":0},"chainType":2,"messageKeys":{}},"BWtV9dkaaecvWHAGa24Toc8vpVOsJIM00afRPoMuNgIu":{"chainKey":{"counter":0},"chainType":2,"messageKeys":{}},"Bd7imwPqgBJ4HnH31aql855y5wCtWzkqqKp4ktvGa+Jr":{"chainKey":{"counter":0},"chainType":2,"messageKeys":{}},"BUHxq1iBzGshB1VXEbWeGLUAuds7HlqPNo3z3WkvehsP":{"chainKey":{"counter":0},"chainType":2,"messageKeys":{}},"BeAzqUJ1QiUdAAsh513+3OAqWrCgCRzLH3OAU7xQltBe":{"chainKey":{"counter":0},"chainType":2,"messageKeys":{}},"BYjAOcxeYucNWQQEmdDstRr2FlV4YriKUNtRH5gJDcFC":{"chainKey":{"counter":1},"chainType":2,"messageKeys":{}},"BUGHgt7MptQDM+f7uDuru8ylG4MnBPLSJXqDYjpQhFM2":{"chainKey":{"counter":0},"chainType":2,"messageKeys":{}},"BdcdPSw9Mt0JpiSTncQwnZVqjKIQgc9IvZyzojd6okAv":{"chainKey":{"counter":0},"chainType":2,"messageKeys":{}},"BRUbsC0OMPlCtmx11sHTizonTCJ/uspRIXA64n2ncPg5":{"chainKey":{"counter":0},"chainType":2,"messageKeys":{}},"BVG6iGsuchLuuTdDfzL3zMB5e1R9TTL5MLVkTh8rUREQ":{"chainKey":{"counter":0},"chainType":2,"messageKeys":{}},"BbYCFRkufJpfFAOr0u01tMrrpyApFoAfay3MQIB37nU2":{"chainKey":{"counter":1},"chainType":2,"messageKeys":{}},"BUFtP699IaWypaYyXGfbC84SeYf2FopVIwem6aino1Aw":{"chainKey":{"counter":0},"chainType":2,"messageKeys":{}},"BW46wG2MLMdN2WXAiaDoCNQg8AF5xcVYKf2tOrS9kfRA":{"chainKey":{"counter":1},"chainType":2,"messageKeys":{}},"BaBuKHEaPXznK7IQpS8ks0VvT2G65TszH7ZMlzzdJrR6":{"chainKey":{"counter":0},"chainType":2,"messageKeys":{}},"BUTImIyGk/WCbnY8IVZvE+Ly6HnBbhbDCQd5HWwM4ydq":{"chainKey":{"counter":0},"chainType":2,"messageKeys":{}},"BYZGtC6nhSQe0IYlPfnl7vcWr8okZ7daFPY8qI7k1a4I":{"chainKey":{"counter":0},"chainType":2,"messageKeys":{}},"BdY2sZ9RDzTnEw79SNx/wEcie7dg592Wfck7POGHY9hd":{"chainKey":{"counter":0},"chainType":2,"messageKeys":{}},"Be6/trs2nSAopzd5fPLGXyhyUarmiAHYILFQ/OBCfyRF":{"chainKey":{"counter":0},"chainType":2,"messageKeys":{}},"BVFExILfsEKSC3pJnUNjFH3QdkF0/MMZEhXGkwGHxxRK":{"chainKey":{"counter":0},"chainType":2,"messageKeys":{}},"BULW1OBi03Yf9+y2PqRsG/iih1NPehbv6PWZONWpcbQj":{"chainKey":{"counter":0},"chainType":2,"messageKeys":{}},"BdJJDgnpxbf8MO5dN554TKtlKDQZYf3E0a/3Tiu6JGMc":{"chainKey":{"counter":0},"chainType":2,"messageKeys":{}},"BdbWWJ0FlX2S9tpuks6KhzQTvTaDyh+Jd8kYEmAn5fNz":{"chainKey":{"counter":1},"chainType":2,"messageKeys":{}},"Bd/FI2N2lhmYJsQuogGshAK61a/MSVCqcfy2sNYrGI8p":{"chainKey":{"counter":0},"chainType":2,"messageKeys":{}},"BSvHIhwD0CZPKa97leTwGBSCU2uCIQXdpVa0lXAth60l":{"chainKey":{"counter":0},"chainType":2,"messageKeys":{}},"Bcirv4szIrG7ijRBaLwviYwLbE+rlxBnWvxhtcUdn/lh":{"chainKey":{"counter":0},"chainType":2,"messageKeys":{}},"BaDQenGxanyUdsDO/3eUJbkUJISzT4m29AFPih+Bkec1":{"chainKey":{"counter":0},"chainType":2,"messageKeys":{}},"BfnlZfrQnc7CtnJm4niGwOn+/gvi2Ken3QoAGwC8gcM1":{"chainKey":{"counter":0},"chainType":2,"messageKeys":{}},"BSZiJgOSLIbGj0bNjGsDD1VFbcITOwIg/n704f8GlEoC":{"chainKey":{"counter":2},"chainType":2,"messageKeys":{}},"BWW3/4IxdSUcB8HxFf/ASeS8sXftfuVbwEsqnWbR3NxP":{"chainKey":{"counter":0},"chainType":2,"messageKeys":{}},"BZsqOga/tzgtjxXUA3MuzxMGb6tLXh+JyE2bPfO0lp93":{"chainKey":{"counter":0},"chainType":2,"messageKeys":{}},"BTkVS8/PDKunDprUGAplE7GyMsTfVGhNHFWVSKzUA94U":{"chainKey":{"counter":1},"chainType":2,"messageKeys":{}},"Bdi3DHWFn3qbYQhWW/JkFg3SP4br+265fwGvyg8qr4w0":{"chainKey":{"counter":0},"chainType":2,"messageKeys":{}},"BaCBiXsN28FLyFYJ6rAozMebGtTbxUbFwToH9KAO92A+":{"chainKey":{"counter":0},"chainType":2,"messageKeys":{}},"BbQXPMVhLo33wHpDGk7gg9Glq+8FB+W6JxY9OGf/KFwJ":{"chainKey":{"counter":0},"chainType":2,"messageKeys":{}},"BZyPTFbhPzuALEMaik9ogHkkyIFOjc+1Bc6HVdT8759s":{"chainKey":{"counter":0},"chainType":2,"messageKeys":{}},"BaFhJ3HUgsm2Xd/ib3wjdpjXKF/f2hGhqXN4+WvvGZUW":{"chainKey":{"counter":0},"chainType":2,"messageKeys":{}},"BQ7blx18/GdPidUBQAazQ2IaAPc4gp4NNCLTTRpPsgQz":{"chainKey":{"counter":0},"chainType":2,"messageKeys":{}},"BTFjjT69Ep6udvViOhAwEudaR53hpGiSqjv1IuCBWa47":{"chainKey":{"counter":0},"chainType":2,"messageKeys":{}},"BRrHYZ7g5+p/DPXhpi2MkRll7/0q4yWT24gbPmaEQz8e":{"chainKey":{"counter":1},"chainType":2,"messageKeys":{}},"BeE/1wteIw+GKNXWBeKUZc/d0f0fii0p5tQWyXNWdIBu":{"chainKey":{"counter":0},"chainType":2,"messageKeys":{}},"Bd+h+jvUuMlnAFJPR2YqXg36PEuQtlRdLmiyPDeeahl+":{"chainKey":{"counter":0},"chainType":2,"messageKeys":{}},"BZ2QLYRPZpfC1mdMrtgFj5KNUjW3JCG+r78ClpX0tQ4d":{"chainKey":{"counter":0},"chainType":2,"messageKeys":{}},"BUZYnHJzDLfbf46XQ/FI134mV8XCzdsVscsnwlLlBRsY":{"chainKey":{"counter":0},"chainType":2,"messageKeys":{}},"BYkFUm+DpTOWI5pNzm0rJgPMYitryf2Lp4AwsOLjR3IM":{"chainKey":{"counter":0},"chainType":2,"messageKeys":{}},"BeyAypBpK3zcwjayJyDA/axIGb4EyT7sS3T+8up0ggAG":{"chainKey":{"counter":0},"chainType":2,"messageKeys":{}},"BVmKimcRIutLAUg7Ng+G4jPuynw7+dHNpvt6ii+tiycn":{"chainKey":{"counter":0},"chainType":2,"messageKeys":{}},"BcB69KQhLP830cVHhw79BbR7pcBp7xkplttC4fACS9Fr":{"chainKey":{"counter":0},"chainType":2,"messageKeys":{}},"BYMN5b/EbPGkrdzoIbWZt5fkNgygqtMEbvYaa/WKHO97":{"chainKey":{"counter":0},"chainType":2,"messageKeys":{}},"BTR18bieEwVeJC3IFEQIAziNibDHbpzaGvrONIyELd1L":{"chainKey":{"counter":0},"chainType":2,"messageKeys":{}},"BWiOsvLQ33sI9FQ2f4Nt/E15Evcon1Q/TiadxWEoLOIM":{"chainKey":{"counter":0},"chainType":2,"messageKeys":{}},"BR+zXjwOO+Dy3eul0Agvn+1QShEKs0ZYQNXmmbbOhwxE":{"chainKey":{"counter":0},"chainType":2,"messageKeys":{}},"BeLFnv1J05P+AE8f/zkVimCxnK4NimWDUUPvFTFkIcw4":{"chainKey":{"counter":0},"chainType":2,"messageKeys":{}},"BX+/8PREJK8DgCmOHTDeitP2kcN2e+O1WUIfM/uEqYsj":{"chainKey":{"counter":0},"chainType":2,"messageKeys":{}},"BSqAtaGoMjTw9l8BH1taz/01j7OOJSEbj6NuNqInif0J":{"chainKey":{"counter":0},"chainType":2,"messageKeys":{}},"BTGjQBK32TKboGsYTUZcy9UHwrCdJTRi9ub+sP6rvtlj":{"chainKey":{"counter":0},"chainType":2,"messageKeys":{}},"BW3jnouezVVIsnnbC8xH9TPL4W/zTQifAJXGQKimM75U":{"chainKey":{"counter":1},"chainType":2,"messageKeys":{}},"BdL3yndIuUSq+RkV02uoUF1CIv2aNxqHegkyRLNCO1Jj":{"chainKey":{"counter":1},"chainType":2,"messageKeys":{}},"BXTDw8utM3sK683rZ9OTV4g5Vb/Z73Osf4BojhSaXFF6":{"chainKey":{"counter":1},"chainType":2,"messageKeys":{}},"BfO1rAh0oUqoVqKBz2/hdhf2VQLDrWnNM+lEhT1aZlIQ":{"chainKey":{"counter":2},"chainType":2,"messageKeys":{}},"BahTEep90WXJYQCpgUCwHA7Xxevg9UFV49+uiIEwx9ZX":{"chainKey":{"counter":0},"chainType":2,"messageKeys":{}},"BZlvQubqKgwgAkaOBtrM0xX8Jw7fNxyI31U7QGDbCWdN":{"chainKey":{"counter":0},"chainType":2,"messageKeys":{}},"BRMxXaPdvgef0cj5RiCSAMsGxMbuqtyTIjc8F2MwvZF0":{"chainKey":{"counter":0},"chainType":2,"messageKeys":{}},"BTnBa6Y3TwFskFuRLP9YJA34KPfyKXjA6v+xVK6N6Ps1":{"chainKey":{"counter":0},"chainType":2,"messageKeys":{}},"BbXMXRZjHi7L0o032Y/5H75YzILo8sUbI7gr0nR6GqRr":{"chainKey":{"counter":1},"chainType":2,"messageKeys":{"0":"K+f0jp/icv6hphUDNs4hbGq/Wdhb+e9f+vFc4oxzdM8="}},"BVus48Fo7YBdgY344B/15s91RnBC4fZZbH6db+jRoDEF":{"chainKey":{"counter":0},"chainType":2,"messageKeys":{}},"BeY3gPYVozFlb2IuQhuW1qEZ5m3UKbePNx9ykR9G8kc5":{"chainKey":{"counter":0},"chainType":2,"messageKeys":{}},"Bc6J2OVjBJwvM19Es45S6MNaqs54oy4M2ZvAwBEfdekJ":{"chainKey":{"counter":1},"chainType":2,"messageKeys":{}},"BbpQmb37x9vtRvx52iwARED+47pTEukkCXDsFtb3m/Y/":{"chainKey":{"counter":1},"chainType":2,"messageKeys":{}},"BV22CD+w0IL9lG58XFrXZqZ/vJLq1hj6hgdypiixPkNi":{"chainKey":{"counter":1},"chainType":2,"messageKeys":{}},"BbDUkKWGnF9sFarSz0XKBdRQISxtZiG9tgJEvywgUtM3":{"chainKey":{"counter":0},"chainType":2,"messageKeys":{}},"BYS65zKhdstsh39dTyb1mz4dodhDO1EcmVLpV/1LPmFm":{"chainKey":{"counter":0},"chainType":2,"messageKeys":{}},"BQJe5uhobIS/Vptxs/uVOemiJyjttvtnqIVTKIQzG6g1":{"chainKey":{"counter":2},"chainType":2,"messageKeys":{}},"BccRAhpJov1O81hfA1rQHvJYQO1qf22cA+wS78PjdKAJ":{"chainKey":{"counter":0},"chainType":2,"messageKeys":{}},"BUJfeELgIf2Sevv9So4yHnZ4eMFhNgqA7tXXVHOpZ4N9":{"chainKey":{"counter":0},"chainType":2,"messageKeys":{}},"BeNnsfIY3Pf6bD0D4BKz5xHEsjRyuL2zgNz3GCs0fkd5":{"chainKey":{"counter":0},"chainType":2,"messageKeys":{}},"BRNXZykajB4KAji29uyKZHCkSKEJ0klz+yey+YTGTbAk":{"chainKey":{"counter":1},"chainType":2,"messageKeys":{}},"BY1mRnyt4PzkyOrLjg+MK4GNPbpoGdNoKGyMiZDxDMco":{"chainKey":{"counter":0},"chainType":2,"messageKeys":{}},"BU9la6GEi40llu6XYMLq047VEkoXNOprgFa/I4PFcMgz":{"chainKey":{"counter":1},"chainType":2,"messageKeys":{"0":"8xdj48tZg4ekkKPsYirvwdrOVHmGo0xUqyeSbmAcK/0="}},"BcXJzENQF9yPsTUz9t+DwLEZBkagY85gLnYM7kyjo9Jg":{"chainKey":{"counter":0},"chainType":2,"messageKeys":{}},"BU1DsfYFbK3U6/L1mR2xqj2+J7IlHHjwDvKqT0li+a0L":{"chainKey":{"counter":1},"chainType":2,"messageKeys":{"0":"U4hHQpsr2zzgg3IrUo+3PFF03G07aIA703ESS7jchV4="}},"BbFZpZYwCUIsnMXqTv2fyAfHILDavk+8L8NNZZvQB04d":{"chainKey":{"counter":0},"chainType":2,"messageKeys":{}},"BUNjC/JhyskGiURLARWPdJG7HNPwE1/IrLSVA2GMhdFQ":{"chainKey":{"counter":0},"chainType":2,"messageKeys":{}},"BSfBiAmRRxGRCDOdR/SmifgEgVk7lYsjCQ3m/jCanNZy":{"chainKey":{"counter":0},"chainType":2,"messageKeys":{}},"BdEOGojgnT85DwY40wtMG/8HNHhjTknDt4q+vIIyGLtG":{"chainKey":{"counter":0},"chainType":2,"messageKeys":{}},"BdxUuM+e6aRUJ8tJsFTr6alI8OaDIDpWhgh3jiQzngF8":{"chainKey":{"counter":0},"chainType":2,"messageKeys":{}},"BdaIU6C8/g4Y+HRm7Yg5e/b16oUya1YxR43wza1JWhsK":{"chainKey":{"counter":0},"chainType":2,"messageKeys":{}},"BeJkEVVbytYKG6PbPUfqENHLtZKAR7dDPOO25XuPSZEr":{"chainKey":{"counter":0},"chainType":2,"messageKeys":{}},"BfItUYnZDyRayFBNZZyzDUUqCJvKJ28MqS/zOYsZHK8q":{"chainKey":{"counter":0},"chainType":2,"messageKeys":{}},"BcdWJiJNqniWvsLQ8NMBdjSJstz5+pbg9FzV8DH2MaMs":{"chainKey":{"counter":0},"chainType":2,"messageKeys":{}},"BRYIwu+MY6kTngwjCGtWuXvWT6d21J9oE5MpEnWUMtp3":{"chainKey":{"counter":0},"chainType":2,"messageKeys":{}},"BcEsnwwmZaR4UaKHsboMvfXSJlIH1Y6ubyWXUOCFqrR3":{"chainKey":{"counter":0},"chainType":2,"messageKeys":{}},"BTMhgnl7dx0z265JV5MsuyDc8VdvmDlZmScdkxVc8sR6":{"chainKey":{"counter":0},"chainType":2,"messageKeys":{}},"BQtDVbtMxvTCpWgsSdcFuFCPS+O53+3Fi4rNnNVlhTx3":{"chainKey":{"counter":0},"chainType":2,"messageKeys":{}},"BSpcwlL57EaiMrNHA1sB+ENt/HsvsfXy6fVLBFTpkMUA":{"chainKey":{"counter":0},"chainType":2,"messageKeys":{}},"Bc96oHU06MlVKMv31CgbmPz5Rwhm0ZEP7NpK9dXTJQ5x":{"chainKey":{"counter":0},"chainType":2,"messageKeys":{}},"BfNLp1ORl2UHRcGXMauBOtCjb+NKhM2lZYsct1wdJY9o":{"chainKey":{"counter":0},"chainType":2,"messageKeys":{}},"BYFSarkHn9Rvhit//Zo6vULcnvpNOGrNrCeOjzEuUmoa":{"chainKey":{"counter":1},"chainType":2,"messageKeys":{}},"Betf2nA7npEYqUXrkPl2OGJrItifrBZbbwNlUjvhrYJJ":{"chainKey":{"counter":0},"chainType":2,"messageKeys":{}},"BY490vKWHERxXWKVOCozLjZm+1DKo1s+GKEWbaiHwwNO":{"chainKey":{"counter":0},"chainType":2,"messageKeys":{}},"BZZ1dewiDszAdUf2iXLIOKnFDOxn1HUpsWl1LK4i+8Fz":{"chainKey":{"counter":0},"chainType":2,"messageKeys":{}},"BQYsVrxxdtTnoUUfGKHcA0qh9dpGQqOQtSgz1832fE8B":{"chainKey":{"counter":0},"chainType":2,"messageKeys":{}},"BT8Ws+N46knky6neX2bvPmuDpNd1mFEy9G4wqEwt8h9L":{"chainKey":{"counter":0},"chainType":2,"messageKeys":{}},"BTzYmdGED6DyHgTpCsWpVVxgBh8PzSC6QRUuHvwULyQf":{"chainKey":{"counter":0},"chainType":2,"messageKeys":{}},"BUy6Zeo2jl17bMjZYjwcfXa5YRUJ8di2syd6n+MrGahh":{"chainKey":{"counter":1},"chainType":2,"messageKeys":{}},"Bf9EyXfusGP6Z8EZKGx628BPUGfCXYiwoyVAodupNepH":{"chainKey":{"counter":0},"chainType":2,"messageKeys":{}},"BTTxkENOCgIhw6BCeEpcYRh7qMOtJGA99DRQUt+XhUga":{"chainKey":{"counter":0},"chainType":2,"messageKeys":{}},"BV3oHxeo0c+UpMSuuYFJiiRpRzg6su0MMGSo4uHIVKoE":{"chainKey":{"counter":0},"chainType":2,"messageKeys":{}},"BY9WoF4WvhPLE0M16Oxk1bgHx5ZDcNvuWmRjsoBlxlEn":{"chainKey":{"counter":0},"chainType":2,"messageKeys":{}},"BSwFUQdtca1mAfqf275HIF2K9TSS9UJSyFEBvNeyNnk6":{"chainKey":{"counter":0},"chainType":2,"messageKeys":{}},"BQc53PxeKVZ1vwJfJVFrmQGSKnqBB0biCvtteQJtQe5U":{"chainKey":{"counter":0},"chainType":2,"messageKeys":{}},"Bdq25wsrEdNu0gqDzCCcrhtnfzE7pcsmvbAAd84x7vFj":{"chainKey":{"counter":0},"chainType":2,"messageKeys":{}},"BaZribq6CB6pnPDRNBuoZhoHqdd0qhzizztcGm57Ifxm":{"chainKey":{"counter":0},"chainType":2,"messageKeys":{}},"BXWcDh5oYfVK+QlvPsK1OzudZDZ7zftZrx+KITfJu7Ah":{"chainKey":{"counter":0},"chainType":2,"messageKeys":{}},"BQc4r7UtXTTtAYBaHwJ7JaqdQJPXGQ8cRAAya6dvIZ1Z":{"chainKey":{"counter":0},"chainType":2,"messageKeys":{}},"BYalxMR/gG3ecBboq8IaebeqiDxop/30CtAIqb4LJZ8Z":{"chainKey":{"counter":0},"chainType":2,"messageKeys":{}},"BUGsK/Aapmgbb+648mqu/Q7/6hjuRCM95e1Bz/iQxIVr":{"chainKey":{"counter":0},"chainType":2,"messageKeys":{}},"BXmoUHDJejvcWsLmfpA5PsT95rbdTd8Vz0m3+5pV7WtW":{"chainKey":{"counter":0},"chainType":2,"messageKeys":{}},"BV2W6qpEWedArHZc3q21llThx2NwlujDF2yWc0L9EZI1":{"chainKey":{"counter":0},"chainType":2,"messageKeys":{}},"BdpsM5wN3COqHoICSmvWpsiaH/YFl2Bp1seLr2d8ifpx":{"chainKey":{"counter":0},"chainType":2,"messageKeys":{}},"BeB3hYKttIvRHF7mdDqZoJKK/qasXkruQbGcJSBPHcUZ":{"chainKey":{"counter":2},"chainType":2,"messageKeys":{}},"BZZrV7S1qNSbOmWESLNw3nOeaTyiu5tWH/bEDNq4v4N7":{"chainKey":{"counter":1},"chainType":2,"messageKeys":{}},"BdbIAKJJQKE7tLiUB+hy+7UEbGK/izZP+hhNWn0MFal1":{"chainKey":{"counter":0},"chainType":2,"messageKeys":{}},"BeAQPLJHXqhVQrtFQFV3DxlUZVKhN2gv1JbEhbu8FJYL":{"chainKey":{"counter":0},"chainType":2,"messageKeys":{}},"BWdT1n9yCyRbbU7tE/RFkuo9vr6rQz6YBQfaYcPCNAUw":{"chainKey":{"counter":0},"chainType":2,"messageKeys":{}},"BU2Ln6b4Nif4clVQdSBk0K1mkvBP07GP+O5lFzS2dlMt":{"chainKey":{"counter":2},"chainType":2,"messageKeys":{}},"BYW52CQa/3I3OiX5kB6LF4R8RXLZxBQKlb6CjpqMY44i":{"chainKey":{"counter":0},"chainType":2,"messageKeys":{}},"Bcm+K8BW1M0geGMdP8oSh1IGSb9Ct7w1UIp5dC6pm4YF":{"chainKey":{"counter":0},"chainType":2,"messageKeys":{}},"BU1LVfFObOR+XI3Mot0jHV565J7AytvDswT86ea6s0Ms":{"chainKey":{"counter":1},"chainType":2,"messageKeys":{}},"BYWepT6xbwAaiGa1F2dGGYj0bNCSmsrh8E/29prVH+Eh":{"chainKey":{"counter":0},"chainType":2,"messageKeys":{}},"BVp/k4NYBQWtnOmtZOLZcEpBB9lYJazCJnpcQ4/3VwQ6":{"chainKey":{"counter":0},"chainType":2,"messageKeys":{}},"BZ/pXS/ei88T1hGNXl6xIN2g1xvC7ZxXEuTXSm2FwMh9":{"chainKey":{"counter":1},"chainType":2,"messageKeys":{}},"BTKSdwpf80IzRa3ux0u2SzZbuePV4ugtM4q32ghsp91w":{"chainKey":{"counter":0,"key":"x8cohctzpvPu3F2Zfu5R8Vvi+gbtbQ2+URQyjIz/eNs="},"chainType":2,"messageKeys":{}},"BTM9Lf+mPXZVpyuBUKSrZ9/4f1lhPZjB8qpODqgLZH43":{"chainKey":{"counter":3,"key":"BoOE/NTK8JtaJM7PtgMKD4m8kufJutwzEsPZe3Acbhw="},"chainType":1,"messageKeys":{}}}}},"version":"v1"}