{"_sessions":{"BVYp7dRyXZrbBIZimw6iw5lLw2OsyPHp3S0Sv0RiHkwx":{"registrationId":455611668,"currentRatchet":{"ephemeralKeyPair":{"pubKey":"BdBaE100wFo8fDjGIjLGlI24VA/tpc0rCK/laNHj5SJw","privKey":"uC4zjq3+WIqKRgwdXboQFd8261r1IVXOEqH0DPLa02M="},"lastRemoteEphemeralKey":"BUd330aRGhq074xygbSODIJp6G4MY03SYD3wBeRFOwgB","previousCounter":0,"rootKey":"XnpXx+GyZV80snh3ipK3S/ulAjd0GTC8Iw5jz5HAvVY="},"indexInfo":{"baseKey":"BVYp7dRyXZrbBIZimw6iw5lLw2OsyPHp3S0Sv0RiHkwx","baseKeyType":1,"closed":-1,"used":1722302914975,"created":1722302914975,"remoteIdentityKey":"BcpZyYM7tigea1NhLwavzEQNj08EykE0+Cavd3lNqIAM"},"_chains":{"BdBaE100wFo8fDjGIjLGlI24VA/tpc0rCK/laNHj5SJw":{"chainKey":{"counter":76,"key":"Io+RNRN8LjP56v2bXZSIhhy3g2GYQiPTW/iw/qhvjWc="},"chainType":1,"messageKeys":{}}},"pendingPreKey":{"signedKeyId":2,"baseKey":"BVYp7dRyXZrbBIZimw6iw5lLw2OsyPHp3S0Sv0RiHkwx"}}},"version":"v1"}