{"_sessions":{"BcUI7V0XangiCzBOs7mwMNEzygrNxGHT4aqbJUWticZ2":{"registrationId":418583400,"currentRatchet":{"ephemeralKeyPair":{"pubKey":"BaEUG9WksP27OGGeBe7SkD3VntKQ8VGj80vgBP9+pIom","privKey":"YIHKOp++CVj3qqVNcouL6lix/L1qqWNZ3Q1ZmbvPd14="},"lastRemoteEphemeralKey":"BXjR9huDw6g7CuacE5o4wqKt/hNGMlAuC9modV3ePFMh","previousCounter":0,"rootKey":"Hbhd3z68OQsLS/2M4vxjfOBf+7ynqbHQ9DM9RYX4WBo="},"indexInfo":{"baseKey":"BcUI7V0XangiCzBOs7mwMNEzygrNxGHT4aqbJUWticZ2","baseKeyType":1,"closed":-1,"used":1722454513286,"created":1722454513286,"remoteIdentityKey":"BZsgjlLOeT569x0TRvOV2BIXzJe+wcNhrneV6mqeMdxS"},"_chains":{"BaEUG9WksP27OGGeBe7SkD3VntKQ8VGj80vgBP9+pIom":{"chainKey":{"counter":7,"key":"ZhzCBdiW7C6bYbAc9bA9/OISkcmhraSyd/oKqJuleig="},"chainType":1,"messageKeys":{}}},"pendingPreKey":{"signedKeyId":20,"baseKey":"BcUI7V0XangiCzBOs7mwMNEzygrNxGHT4aqbJUWticZ2","preKeyId":14765460}}},"version":"v1"}