{"_sessions":{"BcI+PNQEK43THret1iRBzturpU8KuaWUZ/3WfPaOxmta":{"registrationId":1549082456,"currentRatchet":{"ephemeralKeyPair":{"pubKey":"BYO5XA3Vs4cyhH24p6WoKcSnFuYxZcMpTKKdEMtsYkYk","privKey":"iEjAmZxFT3xAi+9i0XstPZ5aZB4jTU0APf4v1V0Z13I="},"lastRemoteEphemeralKey":"BWxZavGuh+431XtsgD+4ZmFOpA5I0t0Zu6WhXY4w6E1r","previousCounter":0,"rootKey":"UYV8QOEgNqgcP2dDtUNS1dvffVN7HeeeJUsdB8UN7vo="},"indexInfo":{"baseKey":"BcI+PNQEK43THret1iRBzturpU8KuaWUZ/3WfPaOxmta","baseKeyType":1,"closed":-1,"used":1722224749509,"created":1722224749509,"remoteIdentityKey":"BTbRjYrr8nPMavJugOOKIrejTaJKtF/V6yfvtTuP1XsT"},"_chains":{"BYO5XA3Vs4cyhH24p6WoKcSnFuYxZcMpTKKdEMtsYkYk":{"chainKey":{"counter":6,"key":"7tLWDWk4vIGCiKHWpp0YXjMuc/2O1fE5lJNjAsuAGro="},"chainType":1,"messageKeys":{}}},"pendingPreKey":{"signedKeyId":2,"baseKey":"BcI+PNQEK43THret1iRBzturpU8KuaWUZ/3WfPaOxmta","preKeyId":13885245}}},"version":"v1"}