{"_sessions":{"BYFE7UF6efT1QlCtIH10sGpdH65+in4vu+evw+psB1sx":{"registrationId":1336279824,"currentRatchet":{"ephemeralKeyPair":{"pubKey":"BYd/zJJChooMrPujMTfw+vkk63gwN4h8zEQW3XiKzLJ8","privKey":"mM+49LK5dZP5xH3/B2aceLqYq7k5wctiK8flaJvL30k="},"lastRemoteEphemeralKey":"BVldOb8zzyOAp3mdwKVPHOWsyJHt2w1WHt9+XsD/QIo7","previousCounter":0,"rootKey":"wZELDrJirlg0Iv+5G75h8vHPgMsb/YvcTfijM6qzEFc="},"indexInfo":{"baseKey":"BYFE7UF6efT1QlCtIH10sGpdH65+in4vu+evw+psB1sx","baseKeyType":1,"closed":-1,"used":1722302916104,"created":1722302916104,"remoteIdentityKey":"BUS1+0zABDCuy4yEnsDEwt1PBRo4LzxUb7lO6OdV+wcx"},"_chains":{"BYd/zJJChooMrPujMTfw+vkk63gwN4h8zEQW3XiKzLJ8":{"chainKey":{"counter":76,"key":"DRX8xRSF0jeyrqBaa08jL+ACToJN/SXSHsdDrzlePKg="},"chainType":1,"messageKeys":{}}},"pendingPreKey":{"signedKeyId":9,"baseKey":"BYFE7UF6efT1QlCtIH10sGpdH65+in4vu+evw+psB1sx","preKeyId":6954111}}},"version":"v1"}