{"_sessions":{"BbeNZTXFVmJfHalSTRi3xPy2zzxlpvo4i+B74Ag3oIUp":{"registrationId":1748392801,"currentRatchet":{"ephemeralKeyPair":{"pubKey":"BbbqYl2Jq6JNYRhk8A/i+y+EENpwObf7n89aDzCVyF1I","privKey":"gOpWzPEyPgam30tjEI6DCU19GDpQxIUp+6iirB6ow0Y="},"lastRemoteEphemeralKey":"BeCHGMO1xTa7nr2PWxfTyJy8+j6LwwKMXQ0v2zaDp2Yx","previousCounter":0,"rootKey":"Hc7XRhXpMpnF+wrlx3TK8EHPIileg4ksX2LoWOFloho="},"indexInfo":{"baseKey":"BbeNZTXFVmJfHalSTRi3xPy2zzxlpvo4i+B74Ag3oIUp","baseKeyType":1,"closed":-1,"used":1722302915396,"created":1722302915396,"remoteIdentityKey":"BfSQvKjZSsqWLZcOmNtYKbjUShl5RcgSI07ujFZvgvgy"},"_chains":{"BbbqYl2Jq6JNYRhk8A/i+y+EENpwObf7n89aDzCVyF1I":{"chainKey":{"counter":76,"key":"LG2ksWkbAuVcspZiGmSe00pqKdJ2IJOLXWT5rsyhM0E="},"chainType":1,"messageKeys":{}}},"pendingPreKey":{"signedKeyId":8,"baseKey":"BbeNZTXFVmJfHalSTRi3xPy2zzxlpvo4i+B74Ag3oIUp","preKeyId":3940553}}},"version":"v1"}