{"_sessions":{"BRc1a8RXsNv0qRhYk7afTuI3u689WRNXoiw2j6n7vtoH":{"registrationId":251,"currentRatchet":{"ephemeralKeyPair":{"pubKey":"BdqDslOwbKvctRdys2Tf1QGlWZEuC2WEHlRAmJme5Wgk","privKey":"uOZ12cstanroltXym2U+IzgbV6nk1Ne91L4uRgpftl4="},"lastRemoteEphemeralKey":"BVTPqXGGyZxDAQeQszN5VPbnEwARV4AhjpZg+SUFzSJg","previousCounter":0,"rootKey":"S0cE/pVlBI19DioG6Em3udAQ0fWG6FGbfabSWOZHwew="},"indexInfo":{"baseKey":"BRc1a8RXsNv0qRhYk7afTuI3u689WRNXoiw2j6n7vtoH","baseKeyType":1,"closed":1722418087904,"used":1722418074075,"created":1722418074075,"remoteIdentityKey":"BSdHnwpcDIlY4X9gXVfsNYZMMuplUpBFoLEs3boInzsC"},"_chains":{"BdqDslOwbKvctRdys2Tf1QGlWZEuC2WEHlRAmJme5Wgk":{"chainKey":{"counter":1,"key":"w99sDMrCHIoS40JKnwwIQgcB65/3Z8t7e4c5s9oiEU0="},"chainType":1,"messageKeys":{}}},"pendingPreKey":{"signedKeyId":1,"baseKey":"BRc1a8RXsNv0qRhYk7afTuI3u689WRNXoiw2j6n7vtoH","preKeyId":28}},"BTiFN68IBbTlibRamEDGkydbBuLzuQsJeZZn6AgnCD8T":{"registrationId":251,"currentRatchet":{"ephemeralKeyPair":{"pubKey":"BREV+WDKfYJ8OQgBe+7QaQtGnAKpqgSLBWXPZ15hRmRI","privKey":"8E2NsNvpmUGtXNBZvh0aS2CdIhW8afzaGSJJRq22AVk="},"lastRemoteEphemeralKey":"BVTPqXGGyZxDAQeQszN5VPbnEwARV4AhjpZg+SUFzSJg","previousCounter":0,"rootKey":"wvUG8cLLnF3tWyU9HswelYyWu2U4XWZE3xlR65p2gH4="},"indexInfo":{"baseKey":"BTiFN68IBbTlibRamEDGkydbBuLzuQsJeZZn6AgnCD8T","baseKeyType":1,"closed":1722418095892,"used":1722418087891,"created":1722418087891,"remoteIdentityKey":"BSdHnwpcDIlY4X9gXVfsNYZMMuplUpBFoLEs3boInzsC"},"_chains":{"BREV+WDKfYJ8OQgBe+7QaQtGnAKpqgSLBWXPZ15hRmRI":{"chainKey":{"counter":0,"key":"v0lrvUxm60k0btY3Y1G4/MFjeOsCO4/G2U30BnhVx0g="},"chainType":1,"messageKeys":{}}},"pendingPreKey":{"signedKeyId":1,"baseKey":"BTiFN68IBbTlibRamEDGkydbBuLzuQsJeZZn6AgnCD8T","preKeyId":9}},"BV2IQKT6yqOwSBRgIEZ8SnznRpKJ1DnfVX8sMIi0kQt9":{"registrationId":251,"currentRatchet":{"ephemeralKeyPair":{"pubKey":"BaOVULP4VSyi3QrNbpLNxz4meve8ITnCHNByg819cCYY","privKey":"QCzOnfJbNqL5ScI5nKWHtsBj+0b4pKdES9PSAyc0yHA="},"lastRemoteEphemeralKey":"BVTPqXGGyZxDAQeQszN5VPbnEwARV4AhjpZg+SUFzSJg","previousCounter":0,"rootKey":"brrKFqREyrZIESB5BEYkOymnA1nae5rySsMdXBdFpZ0="},"indexInfo":{"baseKey":"BV2IQKT6yqOwSBRgIEZ8SnznRpKJ1DnfVX8sMIi0kQt9","baseKeyType":1,"closed":1722418108580,"used":1722418095890,"created":1722418095890,"remoteIdentityKey":"BSdHnwpcDIlY4X9gXVfsNYZMMuplUpBFoLEs3boInzsC"},"_chains":{"BaOVULP4VSyi3QrNbpLNxz4meve8ITnCHNByg819cCYY":{"chainKey":{"counter":0,"key":"jAVLm+KgpbeeHhkVObiI+16h/SAIH5zvzL8u3Cd7bV8="},"chainType":1,"messageKeys":{}}},"pendingPreKey":{"signedKeyId":1,"baseKey":"BV2IQKT6yqOwSBRgIEZ8SnznRpKJ1DnfVX8sMIi0kQt9","preKeyId":10}},"BQtOQDa956GESpCdUfd1LL63dfR0M4NDxLHHFChlcNEt":{"registrationId":251,"currentRatchet":{"ephemeralKeyPair":{"pubKey":"BWxJgKfWr4vQY3mdFlUiRLWUgmmnls3EiO/8qNuboc5v","privKey":"sEUpA1w5mBo/SKaQAglXvY9RUjM5su6BPkHKZZVnyUA="},"lastRemoteEphemeralKey":"BVTPqXGGyZxDAQeQszN5VPbnEwARV4AhjpZg+SUFzSJg","previousCounter":0,"rootKey":"tCBypDdt+fClq/JPj3+116GhzpuyXaLWSqT1jkp8tvw="},"indexInfo":{"baseKey":"BQtOQDa956GESpCdUfd1LL63dfR0M4NDxLHHFChlcNEt","baseKeyType":1,"closed":1722418109364,"used":1722418108497,"created":1722418108497,"remoteIdentityKey":"BSdHnwpcDIlY4X9gXVfsNYZMMuplUpBFoLEs3boInzsC"},"_chains":{"BWxJgKfWr4vQY3mdFlUiRLWUgmmnls3EiO/8qNuboc5v":{"chainKey":{"counter":0,"key":"7voP46MxZhEb11/2JZjNdmQsFYvBjdhavsdctW2q8+4="},"chainType":1,"messageKeys":{}}},"pendingPreKey":{"signedKeyId":1,"baseKey":"BQtOQDa956GESpCdUfd1LL63dfR0M4NDxLHHFChlcNEt","preKeyId":22}},"BcF2ATcwpZBMRT3sIfLWgR6PuF0pNBa7Az+4kMtSZzVR":{"registrationId":251,"currentRatchet":{"ephemeralKeyPair":{"pubKey":"Bb9FgPqdCmHLkd0dNhUhdW/RowrzvAX98iPloofRJUED","privKey":"mNEPTcHKZ8Wr6VDB71xtLynk/zr0K3jinU+XIJ8fm1g="},"lastRemoteEphemeralKey":"BVTPqXGGyZxDAQeQszN5VPbnEwARV4AhjpZg+SUFzSJg","previousCounter":0,"rootKey":"ZX5yJfOsuVrEsQ19Yts+Ph/D6ahz/eBqVs6O/zqSlqk="},"indexInfo":{"baseKey":"BcF2ATcwpZBMRT3sIfLWgR6PuF0pNBa7Az+4kMtSZzVR","baseKeyType":1,"closed":1722418295574,"used":1722418109298,"created":1722418109298,"remoteIdentityKey":"BSdHnwpcDIlY4X9gXVfsNYZMMuplUpBFoLEs3boInzsC"},"_chains":{"Bb9FgPqdCmHLkd0dNhUhdW/RowrzvAX98iPloofRJUED":{"chainKey":{"counter":0,"key":"Ty4yFRExOcK5uw+f/Nuk0tHKtGOUVwvm7JSBS6tHeTE="},"chainType":1,"messageKeys":{}}},"pendingPreKey":{"signedKeyId":1,"baseKey":"BcF2ATcwpZBMRT3sIfLWgR6PuF0pNBa7Az+4kMtSZzVR","preKeyId":27}},"BWjp++DS6o9BscsAqZTr11EPm80N9vccBZI5yCEeSv1+":{"registrationId":251,"currentRatchet":{"ephemeralKeyPair":{"pubKey":"BX5hC62o7phtr1HfoCq5x0eOrVmvbGV/aDVsAA7g9qsa","privKey":"cInwchOrHrfMP9J+GwXivZIjjWTk7m2Q29riu2IGdHQ="},"lastRemoteEphemeralKey":"BVTPqXGGyZxDAQeQszN5VPbnEwARV4AhjpZg+SUFzSJg","previousCounter":0,"rootKey":"eMvwnKWLGrvQu3jmTfRmHDleLeiLG7JllYitzAVzgpI="},"indexInfo":{"baseKey":"BWjp++DS6o9BscsAqZTr11EPm80N9vccBZI5yCEeSv1+","baseKeyType":1,"closed":1722418304557,"used":1722418295567,"created":1722418295567,"remoteIdentityKey":"BSdHnwpcDIlY4X9gXVfsNYZMMuplUpBFoLEs3boInzsC"},"_chains":{"BX5hC62o7phtr1HfoCq5x0eOrVmvbGV/aDVsAA7g9qsa":{"chainKey":{"counter":0,"key":"34zxVmlEqfZYEa/blGEfglkdXhPEpcTIQYididpCctM="},"chainType":1,"messageKeys":{}}},"pendingPreKey":{"signedKeyId":1,"baseKey":"BWjp++DS6o9BscsAqZTr11EPm80N9vccBZI5yCEeSv1+","preKeyId":1}},"BSN1pIB6vPvnw9LPy0teEIckzXEqGk9F5Y4i/F7BcSc8":{"registrationId":251,"currentRatchet":{"ephemeralKeyPair":{"pubKey":"BQrSLHwdo9sIseg1707q7cEhgkvptBPWDJatYdJPs+1E","privKey":"qAoNc4h+lwA0ARq9Ta0Us9JDR0+tBu5Om7SJq3Cbpns="},"lastRemoteEphemeralKey":"BVTPqXGGyZxDAQeQszN5VPbnEwARV4AhjpZg+SUFzSJg","previousCounter":0,"rootKey":"q0tTgzrJjjO6jMf/Rut4XrisLHcVWK8JJUVySDz55L0="},"indexInfo":{"baseKey":"BSN1pIB6vPvnw9LPy0teEIckzXEqGk9F5Y4i/F7BcSc8","baseKeyType":1,"closed":1722418403492,"used":1722418304496,"created":1722418304496,"remoteIdentityKey":"BSdHnwpcDIlY4X9gXVfsNYZMMuplUpBFoLEs3boInzsC"},"_chains":{"BQrSLHwdo9sIseg1707q7cEhgkvptBPWDJatYdJPs+1E":{"chainKey":{"counter":0,"key":"jHETrW4M4oV74vHi48xb4vU0sV69ZiF8NBVzwOGMf3Q="},"chainType":1,"messageKeys":{}}},"pendingPreKey":{"signedKeyId":1,"baseKey":"BSN1pIB6vPvnw9LPy0teEIckzXEqGk9F5Y4i/F7BcSc8","preKeyId":12}},"BTFpraspzBHeLPfvWa/92D8seRwalx6F6JWKLSvINoRF":{"registrationId":251,"currentRatchet":{"ephemeralKeyPair":{"pubKey":"BWYJXiWVAkSKwC60TFZKPRcXYXVzvfHKIj5bmKuUFsdL","privKey":"sAq8jpu9JQSmAf0NyrEw0LNbsqqSIdJ0SdOvTqeZS0c="},"lastRemoteEphemeralKey":"BVTPqXGGyZxDAQeQszN5VPbnEwARV4AhjpZg+SUFzSJg","previousCounter":0,"rootKey":"kybo3LZRji9slc6vtY+G2r7THrbWZj8gf3S2x9aZwFI="},"indexInfo":{"baseKey":"BTFpraspzBHeLPfvWa/92D8seRwalx6F6JWKLSvINoRF","baseKeyType":1,"closed":1722418409759,"used":1722418403481,"created":1722418403481,"remoteIdentityKey":"BSdHnwpcDIlY4X9gXVfsNYZMMuplUpBFoLEs3boInzsC"},"_chains":{"BWYJXiWVAkSKwC60TFZKPRcXYXVzvfHKIj5bmKuUFsdL":{"chainKey":{"counter":0,"key":"xjHu7nXHHAKtshPnHkKJdL6SQsQY+pwlViqecE0uOHo="},"chainType":1,"messageKeys":{}}},"pendingPreKey":{"signedKeyId":1,"baseKey":"BTFpraspzBHeLPfvWa/92D8seRwalx6F6JWKLSvINoRF","preKeyId":4}},"BSpZrIwgLRxgq7UuZeUadudHlZLWlv2LKr9buaYF2A9D":{"registrationId":251,"currentRatchet":{"ephemeralKeyPair":{"pubKey":"Be3bN9oIpMwB04q228pIBhhwrvy0ne8veovPGylYdUJu","privKey":"AKrQpdDAFWphMWhE6WfHiNtdbHsZVZPlkyV306LKQ28="},"lastRemoteEphemeralKey":"BVTPqXGGyZxDAQeQszN5VPbnEwARV4AhjpZg+SUFzSJg","previousCounter":0,"rootKey":"o0llNfiaQ4f1Yk/gWAP17tImMwSEIN/Ff43cgxECiIQ="},"indexInfo":{"baseKey":"BSpZrIwgLRxgq7UuZeUadudHlZLWlv2LKr9buaYF2A9D","baseKeyType":1,"closed":1722418416984,"used":1722418409756,"created":1722418409756,"remoteIdentityKey":"BSdHnwpcDIlY4X9gXVfsNYZMMuplUpBFoLEs3boInzsC"},"_chains":{"Be3bN9oIpMwB04q228pIBhhwrvy0ne8veovPGylYdUJu":{"chainKey":{"counter":0,"key":"GIg4vwUMjRCoSwe6TW0aqo4EPgo+6wxtvLR3iX6jNdA="},"chainType":1,"messageKeys":{}}},"pendingPreKey":{"signedKeyId":1,"baseKey":"BSpZrIwgLRxgq7UuZeUadudHlZLWlv2LKr9buaYF2A9D","preKeyId":7}},"BYDBodL4X9IA/UHq6lLc91qCHI4ad2gfbjcrtBpvzDUn":{"registrationId":251,"currentRatchet":{"ephemeralKeyPair":{"pubKey":"BWJHYhpAgfW3wAfafNLRx3tfMEDdG5wTE9QH2AQqKAYt","privKey":"8MqeFOhUN2CShT5zEsOMCo5cYyL9ly9zBT2hcpO0cW4="},"lastRemoteEphemeralKey":"BVTPqXGGyZxDAQeQszN5VPbnEwARV4AhjpZg+SUFzSJg","previousCounter":0,"rootKey":"OACpTsdVUtF1ZdSxdPRqrVzVhjdSKDtrAp53y15WYog="},"indexInfo":{"baseKey":"BYDBodL4X9IA/UHq6lLc91qCHI4ad2gfbjcrtBpvzDUn","baseKeyType":1,"closed":-1,"used":1722418416978,"created":1722418416978,"remoteIdentityKey":"BSdHnwpcDIlY4X9gXVfsNYZMMuplUpBFoLEs3boInzsC"},"_chains":{"BWJHYhpAgfW3wAfafNLRx3tfMEDdG5wTE9QH2AQqKAYt":{"chainKey":{"counter":0,"key":"fk7Vwday2vxGSA5WtG80NhZrzBin0r+7eAiEbc9p+Xg="},"chainType":1,"messageKeys":{}}},"pendingPreKey":{"signedKeyId":1,"baseKey":"BYDBodL4X9IA/UHq6lLc91qCHI4ad2gfbjcrtBpvzDUn","preKeyId":14}}},"version":"v1"}