{"_sessions":{"BZBEUpqmDbrXFJbSLuxwIyBetCxaA+rvzErLLmahPhs5":{"registrationId":851356410,"currentRatchet":{"ephemeralKeyPair":{"pubKey":"BR4Ti1Q2T6R2fuD7W9vbAxjgb+Hp5u1tDOEigEoii2cR","privKey":"QIfqVT2PojxQUQSXFeGPLfg767mRJ2M8RqTiwsqrRWE="},"lastRemoteEphemeralKey":"BaMWXF5h9KWIFO4fKoDDGw8rhScNGIUcKrMqh38jNXsx","previousCounter":0,"rootKey":"5j4tFgwlE3Vj3a5wJw0DNSkjEzBtXbFgir1IpiPOIIY="},"indexInfo":{"baseKey":"BZBEUpqmDbrXFJbSLuxwIyBetCxaA+rvzErLLmahPhs5","baseKeyType":1,"closed":-1,"used":1722224749591,"created":1722224749591,"remoteIdentityKey":"BWLUjtEHs9O3nu8Ks5g33ZXFXaDo0TGbr4anbzhCLHU7"},"_chains":{"BR4Ti1Q2T6R2fuD7W9vbAxjgb+Hp5u1tDOEigEoii2cR":{"chainKey":{"counter":6,"key":"UDG0GgKdPbV49rmyOeM+hQS5HsK+Svhz5VS8AOiS1n4="},"chainType":1,"messageKeys":{}}},"pendingPreKey":{"signedKeyId":7,"baseKey":"BZBEUpqmDbrXFJbSLuxwIyBetCxaA+rvzErLLmahPhs5","preKeyId":8444809}}},"version":"v1"}