{"_sessions":{"BT6Ngt9DXdrcKVkTvFi1a9y4dwsTAhAe4E1dqSxOUDtB":{"registrationId":692361240,"currentRatchet":{"ephemeralKeyPair":{"pubKey":"BenIFp6vhVaVrDqWG5WQE3HFQnJFxkzsuJf4VRD6okAj","privKey":"eOEIKPmNkhzYkHtxdGjzUrFjztrp1sDBI26MvAFspkY="},"lastRemoteEphemeralKey":"BbOs+fOQg8EnUC81W0LT/1NgdH9kBF/Pdn4xCga/ffkt","previousCounter":0,"rootKey":"lRWH44RpIXeiEsqaLOZIXgeW7ZsvUzZ0LkXWDOBeli0="},"indexInfo":{"baseKey":"BT6Ngt9DXdrcKVkTvFi1a9y4dwsTAhAe4E1dqSxOUDtB","baseKeyType":1,"closed":-1,"used":1722224747974,"created":1722224747974,"remoteIdentityKey":"BUTxBX7mtr0h5LJNeLh1TjZOJ6+sECMbl/dq+CzO72c3"},"_chains":{"BenIFp6vhVaVrDqWG5WQE3HFQnJFxkzsuJf4VRD6okAj":{"chainKey":{"counter":6,"key":"rRNLuGdeN4DMU1OD30BnKcku2VuJnES0D/kobRX1jco="},"chainType":1,"messageKeys":{}}},"pendingPreKey":{"signedKeyId":0,"baseKey":"BT6Ngt9DXdrcKVkTvFi1a9y4dwsTAhAe4E1dqSxOUDtB","preKeyId":15904301}}},"version":"v1"}