{"_sessions":{"BVU6wvCFHAIYva/5oAV0K/nmwyKMOuev6FPmxCiO5y5o":{"registrationId":2011315333,"currentRatchet":{"ephemeralKeyPair":{"pubKey":"BSrCXm2APZbZnPVptJJ/JKDyiqigh6nE1j3k2SrxNdRW","privKey":"eIxRu0NGRP1D4sWqMMnU/h60onGyIJ86hFxF/k5bGlk="},"lastRemoteEphemeralKey":"BU+I07yRcfoCup8VubuTyqbxpJLpHN1ENbnOjnonfh1G","previousCounter":0,"rootKey":"5j1dIEsARRzGSd6VgF0IF28UuY7WtVyZ9lKhfHbnPkM="},"indexInfo":{"baseKey":"BVU6wvCFHAIYva/5oAV0K/nmwyKMOuev6FPmxCiO5y5o","baseKeyType":1,"closed":-1,"used":1722454512567,"created":1722454512567,"remoteIdentityKey":"BbY9HVM7fKmbvU7qtGQrJ30JLsbl3ttoZzPEYf9TuwlP"},"_chains":{"BSrCXm2APZbZnPVptJJ/JKDyiqigh6nE1j3k2SrxNdRW":{"chainKey":{"counter":7,"key":"M4OVMGkp1FGy6thyLtUfD+BAvunLObrIYN4iN4SYcIQ="},"chainType":1,"messageKeys":{}}},"pendingPreKey":{"signedKeyId":1,"baseKey":"BVU6wvCFHAIYva/5oAV0K/nmwyKMOuev6FPmxCiO5y5o","preKeyId":9301903}}},"version":"v1"}