{"_sessions":{"BUCWCf+fv2fd/vgZU282GfiYgHZcGHdTqSnID4bMRWoP":{"registrationId":1046807418,"currentRatchet":{"ephemeralKeyPair":{"pubKey":"BVOX8h8mrK+32VB0MduqZ+z5jqVLEhH4AeLxOE5lG6oF","privKey":"oLxKUIf/c1qa9BUCfc6EfCrj6CDt6b7cKUD2Cmjo/Vs="},"lastRemoteEphemeralKey":"BdzE4Tvqu4Ni7eBT5F0uhMUyoXNO/RplLuVMXdqGY1xg","previousCounter":0,"rootKey":"f48eslOnDx5cvibWahjXUGo1h7/JrgPhD8kG0q5OxG0="},"indexInfo":{"baseKey":"BUCWCf+fv2fd/vgZU282GfiYgHZcGHdTqSnID4bMRWoP","baseKeyType":1,"closed":-1,"used":1722224746991,"created":1722224746991,"remoteIdentityKey":"BU71N1LYArSETuXKsaiAf+uaBXADMZfUdXIVTQUs5h8f"},"_chains":{"BVOX8h8mrK+32VB0MduqZ+z5jqVLEhH4AeLxOE5lG6oF":{"chainKey":{"counter":6,"key":"p1THjj8XRIRf1paSW65CrbJI29iBigmfjBBF0EmCn0M="},"chainType":1,"messageKeys":{}}},"pendingPreKey":{"signedKeyId":8,"baseKey":"BUCWCf+fv2fd/vgZU282GfiYgHZcGHdTqSnID4bMRWoP"}}},"version":"v1"}