{"_sessions":{"BTnP6tT9wHlZE+DN58NoM8GBKiK2TZTVJOx3z8S9u3Rq":{"registrationId":12515,"currentRatchet":{"ephemeralKeyPair":{"pubKey":"BYAeP4MENN97eCOTmPFB6HNZDUsLyo9hyUv9mn45loAl","privKey":"KC7tK2UDChbL3HpI7ouagF9iQfaOJ/e6BgPenhIpyWk="},"lastRemoteEphemeralKey":"BdOkoy2uNprPodNx60XN+qy2jqp4Aa41J+fqTC5IKGh0","previousCounter":0,"rootKey":"rlmzHNhvxYrClkw+DfmwBLFUNyTbb88rDNCbqvc9/Dk="},"indexInfo":{"baseKey":"BTnP6tT9wHlZE+DN58NoM8GBKiK2TZTVJOx3z8S9u3Rq","baseKeyType":1,"closed":-1,"used":1722224745773,"created":1722224745773,"remoteIdentityKey":"BbthARr3OGVPHFZ3d4l3UunpVc4tn6ePGQDKQFxgAoh6"},"_chains":{"BYAeP4MENN97eCOTmPFB6HNZDUsLyo9hyUv9mn45loAl":{"chainKey":{"counter":6,"key":"RJWDhn+Ho7aHJopDg/3etuzIPBIynZxoWMawe3/MBSw="},"chainType":1,"messageKeys":{}}},"pendingPreKey":{"signedKeyId":1,"baseKey":"BTnP6tT9wHlZE+DN58NoM8GBKiK2TZTVJOx3z8S9u3Rq","preKeyId":545}}},"version":"v1"}