{"_sessions":{"BS4Up2bWr/8ngMdJMj8F07HVomPm4Wchh1xt5yX7vGc/":{"registrationId":16006,"currentRatchet":{"ephemeralKeyPair":{"pubKey":"BRB+ncqPQSP+bsgc73hCBsLEjDcetb74+H4OchMgp61S","privKey":"WDueyISEgaUTNCK2g6x3nG8nrExYQNSjDX9M1Rv4Jnw="},"lastRemoteEphemeralKey":"BfWh5SLKfqTrTE8RPcrXUfy1kiPbnCnkxpP6AtITCGZE","previousCounter":0,"rootKey":"t5VRiWILbdy7454rQU0aj7smOblprUbJ1foC87pDWsY="},"indexInfo":{"baseKey":"BS4Up2bWr/8ngMdJMj8F07HVomPm4Wchh1xt5yX7vGc/","baseKeyType":1,"closed":-1,"used":1722224746472,"created":1722224746472,"remoteIdentityKey":"BX0lJrpYQ4Xzmhemwc2exE+Q5L1Jc89BylU1UQ7dtlM6"},"_chains":{"BRB+ncqPQSP+bsgc73hCBsLEjDcetb74+H4OchMgp61S":{"chainKey":{"counter":6,"key":"B9HddRTQsFEni55BhnDT6XjOGzoDMg/jHYIvcBNQCwc="},"chainType":1,"messageKeys":{}}},"pendingPreKey":{"signedKeyId":2,"baseKey":"BS4Up2bWr/8ngMdJMj8F07HVomPm4Wchh1xt5yX7vGc/","preKeyId":1801}}},"version":"v1"}