{"_sessions":{"BfUC4SsFDSs9kxNUMebCrCkEYD7xrPA90l9FWs6FP6gb":{"registrationId":1889441431,"currentRatchet":{"ephemeralKeyPair":{"pubKey":"BReBdY1c65bZBNgpqiYyKBmru+UycSKSWNJGbBiBZmIz","privKey":"MGb6EBePWBTZtvu+/VJ9jRNoWkM7gkbEOrhHGCRA51w="},"lastRemoteEphemeralKey":"BUQYplitZHSuuBKDgCv1fapXfcKENLsn/BW3vf6qlSAM","previousCounter":0,"rootKey":"NEqoudoIfCfLGrokQ+tz7IwVBNpfR1ajTg0qEmEcCCU="},"indexInfo":{"baseKey":"BfUC4SsFDSs9kxNUMebCrCkEYD7xrPA90l9FWs6FP6gb","baseKeyType":1,"closed":-1,"used":1722224748078,"created":1722224748078,"remoteIdentityKey":"BSjrpoLpHHuZFe4wdR7OofxLC3oQN/zwt6z2+8cH1MkY"},"_chains":{"BReBdY1c65bZBNgpqiYyKBmru+UycSKSWNJGbBiBZmIz":{"chainKey":{"counter":6,"key":"//VDQBwC0iacZ0j8h5ZjHi4NaeyZBZ8Y1g64L/dVy1Q="},"chainType":1,"messageKeys":{}}},"pendingPreKey":{"signedKeyId":4,"baseKey":"BfUC4SsFDSs9kxNUMebCrCkEYD7xrPA90l9FWs6FP6gb","preKeyId":10735096}}},"version":"v1"}