{"_sessions":{"BdOPCeK9VjmDHGeV0S8M2vj5HWaAGtyOGq8EIQyTBnhP":{"registrationId":1646371454,"currentRatchet":{"ephemeralKeyPair":{"pubKey":"Bb8zX6xlh9NRUKSIStobpRu7Td1xl2/+VGDZPghN0rE4","privKey":"uF1ScX7UpNFWpbZ25mfbAaoYAchJD14yDB7fNF6or1U="},"lastRemoteEphemeralKey":"Be69odu2Bsq/SYNrhhZ1/LX1/ScSWjeQ5C6aou3lEdMg","previousCounter":0,"rootKey":"xkSG1iurLydmia/xi8QeTu+EY75vU2YIWu41/SqNCLo="},"indexInfo":{"baseKey":"BdOPCeK9VjmDHGeV0S8M2vj5HWaAGtyOGq8EIQyTBnhP","baseKeyType":1,"closed":-1,"used":1722454513464,"created":1722454513464,"remoteIdentityKey":"Bf3sNJvdJ7rsGXsQHVoS/AfjJgGoY/7y2P16Fhop64Qs"},"_chains":{"Bb8zX6xlh9NRUKSIStobpRu7Td1xl2/+VGDZPghN0rE4":{"chainKey":{"counter":7,"key":"4NAaLXHPbj2gSeAUVPAktb0lD7Db3zJ02XCxvgYV2vI="},"chainType":1,"messageKeys":{}}},"pendingPreKey":{"signedKeyId":0,"baseKey":"BdOPCeK9VjmDHGeV0S8M2vj5HWaAGtyOGq8EIQyTBnhP"}}},"version":"v1"}