{"_sessions":{"BYsxpwKCe/8QBtUtCfi3fJK2rmo3417BBRq3lRfk9pBv":{"registrationId":920664186,"currentRatchet":{"ephemeralKeyPair":{"pubKey":"BctmEJNOYNFaSK9wAj6oku1mgQKO8ieq/qumLix27hsC","privKey":"iNJORw01YGxkzOx6So3KnrSC8XL8y4DvTYa67lapjWg="},"lastRemoteEphemeralKey":"BQxW4KaEhrXywJ6NFhnGmE4so0V2JIhDtkKjDolCqFl9","previousCounter":0,"rootKey":"pmk8kjVV+fOloRsk5dcHOxrxmfnybwz54TzR/cMBfWY="},"indexInfo":{"baseKey":"BYsxpwKCe/8QBtUtCfi3fJK2rmo3417BBRq3lRfk9pBv","baseKeyType":1,"closed":-1,"used":1722224746503,"created":1722224746503,"remoteIdentityKey":"BQW98f98HSJNsB3F6rf+HDZvjo68nH/ghCvCjGsjO9NN"},"_chains":{"BctmEJNOYNFaSK9wAj6oku1mgQKO8ieq/qumLix27hsC":{"chainKey":{"counter":6,"key":"RAOybb28kDFiXgdrjGP5fbufxEqPv2+Wk0D4Lbiz3cc="},"chainType":1,"messageKeys":{}}},"pendingPreKey":{"signedKeyId":0,"baseKey":"BYsxpwKCe/8QBtUtCfi3fJK2rmo3417BBRq3lRfk9pBv","preKeyId":9158205}}},"version":"v1"}