{"_sessions":{"BcsJLcQvye3bTt7wSex9IGUaMJzwt50xu8h9YeNsuclT":{"registrationId":2027324137,"currentRatchet":{"ephemeralKeyPair":{"pubKey":"BeB7aK8mU9KX32dwR8bTeDw4MoYFr+N4eTepsC/aDSpS","privKey":"gGOvwixCcRPio/HTmo24/jTnMl/eg5DICr6nU87kjk4="},"lastRemoteEphemeralKey":"Bap4K0H52aQ8WY5f3oDTxzwOzTjmybuIBF17PjhWjcEr","previousCounter":0,"rootKey":"eTTF1/ftW2Dp3jKqPXIrKWYXgq0azF5WPw6cRfzwrSA="},"indexInfo":{"baseKey":"BcsJLcQvye3bTt7wSex9IGUaMJzwt50xu8h9YeNsuclT","baseKeyType":1,"closed":-1,"used":1722224749405,"created":1722224749405,"remoteIdentityKey":"BcOobR6RRycCaNsneZ7ZlGDZ8kK6/FKoGg6WA24di99r"},"_chains":{"BeB7aK8mU9KX32dwR8bTeDw4MoYFr+N4eTepsC/aDSpS":{"chainKey":{"counter":6,"key":"dVeV8k6I+BRf2mQz8Tnk/HxOcS8nZL26Q7OflZCF7Zg="},"chainType":1,"messageKeys":{}}},"pendingPreKey":{"signedKeyId":5,"baseKey":"BcsJLcQvye3bTt7wSex9IGUaMJzwt50xu8h9YeNsuclT","preKeyId":8810559}}},"version":"v1"}