{"_sessions":{"BSDk0NjZ4V02mn7QEnk7rZa0/lmIRM1srpxFhYRPnIJ9":{"registrationId":1534472119,"currentRatchet":{"ephemeralKeyPair":{"pubKey":"BRQkXefnLUQ91IY5uWtKfxHSZfove2NuQlmV5RbmXd0X","privKey":"mM2OE2iG8Mhb4lKYyhrckCKHrkNvewygGUuM/ozpyEg="},"lastRemoteEphemeralKey":"BWbc9M7+ioQ+Ch0ov69XboJD3NKdU1lDMWtZFzTmzolv","previousCounter":0,"rootKey":"AO5+I+Fi54bUXLuWfiUES8D11j99gvnCgNCDwlwtMuM="},"indexInfo":{"baseKey":"BSDk0NjZ4V02mn7QEnk7rZa0/lmIRM1srpxFhYRPnIJ9","baseKeyType":1,"closed":-1,"used":1722224749577,"created":1722224749577,"remoteIdentityKey":"BRxju8b6fEWBQ5Okq+Y4QCnyYGO9NoiIDYpYyvNShKZI"},"_chains":{"BRQkXefnLUQ91IY5uWtKfxHSZfove2NuQlmV5RbmXd0X":{"chainKey":{"counter":6,"key":"LyMIwD6GoqoiyXrR9ncH1El+4fHknUMj2RwG9mTr22M="},"chainType":1,"messageKeys":{}}},"pendingPreKey":{"signedKeyId":8,"baseKey":"BSDk0NjZ4V02mn7QEnk7rZa0/lmIRM1srpxFhYRPnIJ9","preKeyId":154125}}},"version":"v1"}