{"_sessions":{"BSQih7O75Y0HfAHTEMZWZaYC205siEEhwCfZJ6WnQiRv":{"registrationId":222,"currentRatchet":{"ephemeralKeyPair":{"pubKey":"BdNj/h5vhuOT3UouWlSlLiAwJYrSVe+5U7T03U1UoMcs","privKey":"SKk6n2sS50UN2bKWTo1g6h5+AWJ0m6EqewWyIh6io3E="},"lastRemoteEphemeralKey":"BWbRixWiExcBAyL+ub2u5af7waBzUN9KNF+rOWcsQChV","previousCounter":0,"rootKey":"uN3Jh1t57sD+rb7ZnWmJ25bWVhl/j9yFA1lQcRtMo3o="},"indexInfo":{"baseKey":"BSQih7O75Y0HfAHTEMZWZaYC205siEEhwCfZJ6WnQiRv","baseKeyType":1,"closed":-1,"used":1722224745761,"created":1722224745761,"remoteIdentityKey":"BUGaPSor+g9MQ2Fqkk2fcHy/mo1dbu46lKT7NqAbGddX"},"_chains":{"BdNj/h5vhuOT3UouWlSlLiAwJYrSVe+5U7T03U1UoMcs":{"chainKey":{"counter":6,"key":"lWYC35bte1DRURo8j+lcEJicyWhI6b1YINP+jB2/6rM="},"chainType":1,"messageKeys":{}}},"pendingPreKey":{"signedKeyId":1,"baseKey":"BSQih7O75Y0HfAHTEMZWZaYC205siEEhwCfZJ6WnQiRv","preKeyId":1861}}},"version":"v1"}