{"_sessions":{"BcNE6nf+8c7KeMt3w/COVz2L+qKpvCZRRCa984GA25N9":{"registrationId":1204752114,"currentRatchet":{"ephemeralKeyPair":{"pubKey":"BaWTLsJSchkq2NpvXf8rRuPFRkzo15duZg/ZLWsfDB0j","privKey":"uEONT1Pco/YO9bN0pQaLbicLmtzvr8hh/Im9ypX2XW0="},"lastRemoteEphemeralKey":"BTEYR2hTwUXMYy0k+0ExJfwuuY1HSAwUogXBOKJhFdtw","previousCounter":0,"rootKey":"7z4YJgZOKvdinylXZ+ju+eddaQ1LH63cSs6/iTsktO4="},"indexInfo":{"baseKey":"BcNE6nf+8c7KeMt3w/COVz2L+qKpvCZRRCa984GA25N9","baseKeyType":1,"closed":-1,"used":1722302914875,"created":1722302914875,"remoteIdentityKey":"BXZsw4RVOstiyU3W2Idc6+EXiVAB9qfT3TNAxuaisOIz"},"_chains":{"BaWTLsJSchkq2NpvXf8rRuPFRkzo15duZg/ZLWsfDB0j":{"chainKey":{"counter":76,"key":"Fz4L+XsdrPE5dhiZUAzNOYNWGpV1r0HEgfJLKBVv/CA="},"chainType":1,"messageKeys":{}}},"pendingPreKey":{"signedKeyId":1,"baseKey":"BcNE6nf+8c7KeMt3w/COVz2L+qKpvCZRRCa984GA25N9","preKeyId":16597419}}},"version":"v1"}