{"_sessions":{"BerlPWd1f8r3W3zo40cqXMw9b8XI1ZsYjOPOr+Cb3Z1V":{"registrationId":1680457191,"currentRatchet":{"ephemeralKeyPair":{"pubKey":"BQer3lqkuIQ0KMMmRg3qmtlIHQ+GaMcGI/QwjcefmLlu","privKey":"ECWoF3DZCJU+gL1cfYhtFnTLeM5R7M2KT5N3gx6gWm0="},"lastRemoteEphemeralKey":"BX72rugKNpy9PBfmeTX4UlHPMb9FFKTVgGrRxayEpdN+","previousCounter":0,"rootKey":"oT/pfF6tymvHiHqp0bgptUy2N6gcDAIOTZOJXtjRV1o="},"indexInfo":{"baseKey":"BerlPWd1f8r3W3zo40cqXMw9b8XI1ZsYjOPOr+Cb3Z1V","baseKeyType":1,"closed":-1,"used":1722454512203,"created":1722454512203,"remoteIdentityKey":"BRvX+oq6Zk+idQ587+wZ9N6rmRDoZFD4GLppRAaLzVgk"},"_chains":{"BQer3lqkuIQ0KMMmRg3qmtlIHQ+GaMcGI/QwjcefmLlu":{"chainKey":{"counter":7,"key":"mWi2t7zUQ7lh05EZvkeh0oScym4cZnE9r/EeNu5rRCg="},"chainType":1,"messageKeys":{}}},"pendingPreKey":{"signedKeyId":5,"baseKey":"BerlPWd1f8r3W3zo40cqXMw9b8XI1ZsYjOPOr+Cb3Z1V","preKeyId":13405653}}},"version":"v1"}