{"_sessions":{"BdJbap34awtTnUgHk3Nzbbq+VSkDlfMasEeTDoxlG8NS":{"registrationId":1283073750,"currentRatchet":{"ephemeralKeyPair":{"pubKey":"BVFly8sqPTkVGKqDWGval6WwWRLNAiZTSCxYwQkQEFAz","privKey":"qO2f2cG/rC/soMxHi1oyCvmVRYiPzkGvf48YHejP/0s="},"lastRemoteEphemeralKey":"BZGJLXCWQUdtidbNJkwUfoosHl23szz9KuVnjTFM4IJo","previousCounter":0,"rootKey":"D/lLs15EsrcD8F+euWbxTQcWEO1JKFaq6/pUoV0qTxU="},"indexInfo":{"baseKey":"BdJbap34awtTnUgHk3Nzbbq+VSkDlfMasEeTDoxlG8NS","baseKeyType":1,"closed":-1,"used":1722454512166,"created":1722454512166,"remoteIdentityKey":"BXRksXtpnRigYzMsCS5wT5cFfDHL7DzcWdSf4wyqZGo1"},"_chains":{"BVFly8sqPTkVGKqDWGval6WwWRLNAiZTSCxYwQkQEFAz":{"chainKey":{"counter":7,"key":"MOZqz2zsmp5/Vd/xefId475CTB1SxygundCAcub0sKs="},"chainType":1,"messageKeys":{}}},"pendingPreKey":{"signedKeyId":0,"baseKey":"BdJbap34awtTnUgHk3Nzbbq+VSkDlfMasEeTDoxlG8NS"}}},"version":"v1"}