{"_sessions":{"BdQ5+SvhV+l4FHLiHcroMuqQ9RQp9UnZi5HM3GJHtnRE":{"registrationId":2140355426,"currentRatchet":{"ephemeralKeyPair":{"pubKey":"Bbokh4tGXOoKgFlO6sKKt0/y0RsdlbQiKrKiG7MmlUcP","privKey":"WC+loZEt4HB730+JMzWb/CnAf/dw7tlrUjjXajbGIUc="},"lastRemoteEphemeralKey":"BWGJ4zr6YI5ltHSQWCHvvi9AKgUTZWGxHfyiE9HcxwVi","previousCounter":0,"rootKey":"CwYeJmngBQlGVL4Npqf5tMMKuqIyfBT0exEzM/xuhoE="},"indexInfo":{"baseKey":"BdQ5+SvhV+l4FHLiHcroMuqQ9RQp9UnZi5HM3GJHtnRE","baseKeyType":1,"closed":-1,"used":1722454512185,"created":1722454512185,"remoteIdentityKey":"BUUhbP6YW9LPfOL9ptWKoTjmTjRnc8Ex35QA0aq8e+cY"},"_chains":{"Bbokh4tGXOoKgFlO6sKKt0/y0RsdlbQiKrKiG7MmlUcP":{"chainKey":{"counter":7,"key":"QOSPgEAMkAnJ5CxyQzv2aZj6glpenpB+kG7VugEy8mc="},"chainType":1,"messageKeys":{}}},"pendingPreKey":{"signedKeyId":0,"baseKey":"BdQ5+SvhV+l4FHLiHcroMuqQ9RQp9UnZi5HM3GJHtnRE","preKeyId":6935407}}},"version":"v1"}