{"_sessions":{"BeB0E/8nOeId1+nekMwCNfNuQIUmD00CPAzGO6TPlEN+":{"registrationId":2145879895,"currentRatchet":{"ephemeralKeyPair":{"pubKey":"Bdnu7oKlm5XIuCwTWjSVD2vY+ZaijaBIWHNCLC2kgUR+","privKey":"oP0dJtWgl5ZyuzK8h2qQ8aQjAkkRv/xhU2GD5XcdJlg="},"lastRemoteEphemeralKey":"Be6fPfVUodw1cH7cr+J9OAP5itIHORGQ11XQFV+vy151","previousCounter":1,"rootKey":"n3NtoNO2tW3dTJ7KfFJ1MgwquO9WJsIi1oCMknhQR7I="},"indexInfo":{"baseKey":"BeB0E/8nOeId1+nekMwCNfNuQIUmD00CPAzGO6TPlEN+","baseKeyType":1,"closed":-1,"used":1722468148880,"created":1722450555972,"remoteIdentityKey":"BcfmVkxNY/sFyexGfCglzaA9fkPJ8gD6b/h8jAHybWEo"},"_chains":{"Bao+paG5AsufjWF3r/fVzEvzU0HpUzFrkNa1iXR7XztE":{"chainKey":{"counter":1},"chainType":2,"messageKeys":{}},"Be6fPfVUodw1cH7cr+J9OAP5itIHORGQ11XQFV+vy151":{"chainKey":{"counter":0,"key":"yMDarZ95BqzEaQg5GIO6HvFtGbvFtdvJcBcY9vtMzJc="},"chainType":2,"messageKeys":{}},"Bdnu7oKlm5XIuCwTWjSVD2vY+ZaijaBIWHNCLC2kgUR+":{"chainKey":{"counter":5,"key":"0f3DU/CTKXGidZ2s5KiPpUAd9XBEa0iSdV1XTf+Tgto="},"chainType":1,"messageKeys":{}}}}},"version":"v1"}