{"_sessions":{"BR11353dS0EbHUZnE5RkZUHM8jSkxIQXIFXeYUK3rl9t":{"registrationId":964644312,"currentRatchet":{"ephemeralKeyPair":{"pubKey":"BbFZ8IN9AbGHmgXs3eI0qF1Jyno6lofTLvWGJU2tRck9","privKey":"oLJwgxR1+4/QrIOyTfBMQOdS/1t40MBoQI6DnrgoQks="},"lastRemoteEphemeralKey":"BTStVh6LmA0IjG+swrdjtJEqYH4BbFkcmfayRhahmkwj","previousCounter":0,"rootKey":"VTWD/6sqR4VFY1VWw5be/oYYC/e1tprLWg+AZk8CqXA="},"indexInfo":{"baseKey":"BR11353dS0EbHUZnE5RkZUHM8jSkxIQXIFXeYUK3rl9t","baseKeyType":1,"closed":-1,"used":1722302916275,"created":1722302916275,"remoteIdentityKey":"Bds3VEZQRzrW5Zaup8x3zKbJkJ1jEvsshttWFXsr3vJT"},"_chains":{"BbFZ8IN9AbGHmgXs3eI0qF1Jyno6lofTLvWGJU2tRck9":{"chainKey":{"counter":76,"key":"60QY90H0FX8oscfMG19FRunrWEx2o+laGSxJXQjsXX8="},"chainType":1,"messageKeys":{}}},"pendingPreKey":{"signedKeyId":0,"baseKey":"BR11353dS0EbHUZnE5RkZUHM8jSkxIQXIFXeYUK3rl9t","preKeyId":3729043}}},"version":"v1"}