{"_sessions":{"BZK2BJCt2sO/I0/zvpP7Gplr5pzrtmjVquqs56IMlrVN":{"registrationId":872990032,"currentRatchet":{"ephemeralKeyPair":{"pubKey":"BftveAJv4m2CZ8uM7VLR1ws3ebPLkPPRYd8P6I99GbgW","privKey":"AI9GMAQ7cuACuN8X/9Zv8pmkj0ghxmt61LrR0kXc+U4="},"lastRemoteEphemeralKey":"BWZ54SiiN37pg/l7rOGhKga8oQ8gGzZ3zrO47aBkqqQ6","previousCounter":0,"rootKey":"z772EaWM2KE4FbLhf3hO84EDfqzabgx+1duHe83QRis="},"indexInfo":{"baseKey":"BZK2BJCt2sO/I0/zvpP7Gplr5pzrtmjVquqs56IMlrVN","baseKeyType":1,"closed":-1,"used":1722454511860,"created":1722454511860,"remoteIdentityKey":"BdUC3FXKJwCJOHcBNYbIvnnccNRjEj9kUjLF5CCer0ZS"},"_chains":{"BftveAJv4m2CZ8uM7VLR1ws3ebPLkPPRYd8P6I99GbgW":{"chainKey":{"counter":7,"key":"8/Ny+Vd3ZaxUIWQMLPCgZX+a/TFl+dOSIvSthcOCrpk="},"chainType":1,"messageKeys":{}}},"pendingPreKey":{"signedKeyId":4,"baseKey":"BZK2BJCt2sO/I0/zvpP7Gplr5pzrtmjVquqs56IMlrVN","preKeyId":14432544}}},"version":"v1"}