{"_sessions":{"BSf3a90fRFMth8wDvruBC+UBnXwR399QHFIlvZLhQKN0":{"registrationId":290374299,"currentRatchet":{"ephemeralKeyPair":{"pubKey":"BQkb5EafjoptjyAnY2bNMtdOI/3sAp6NbCf2QCOIeRgn","privKey":"mIu7DZvz7si9SZjxIAWg6UiLvby2NA5jMBSzKBtlwEk="},"lastRemoteEphemeralKey":"BVluC6sIyg9ceiuPGh5m2hwq8/4BCfAiMapCEIb+/K8u","previousCounter":0,"rootKey":"O+br6IH6DH7HrN9ZPmxExLpUMgbD78onHCmrpF4cBYM="},"indexInfo":{"baseKey":"BSf3a90fRFMth8wDvruBC+UBnXwR399QHFIlvZLhQKN0","baseKeyType":2,"closed":1722245411955,"used":1722244825571,"created":1722244763166,"remoteIdentityKey":"BeMqfVN6CYzBIgI3VD3ZeK43dx4rWv/14vZ/mzvVhaNK"},"_chains":{"BRDUO4yieBMbSA7ptikjRo/xR+gvY3IYpzqewrMX4PlE":{"chainKey":{"counter":6},"chainType":2,"messageKeys":{}},"BVluC6sIyg9ceiuPGh5m2hwq8/4BCfAiMapCEIb+/K8u":{"chainKey":{"counter":2,"key":"4kvH9K2aQY5yS71JzwphAb+SE5JREDGEejftaha4HGE="},"chainType":2,"messageKeys":{}},"BQkb5EafjoptjyAnY2bNMtdOI/3sAp6NbCf2QCOIeRgn":{"chainKey":{"counter":6,"key":"77UPhFGidyb9of6nyMaj/ajRmPf255EYJjam0x7Otk8="},"chainType":1,"messageKeys":{}}}},"BeBTbtXxbUCbpuM3HxXPb6ZcRtHZ3QeG/aGK532Ny5Vv":{"registrationId":290374299,"currentRatchet":{"ephemeralKeyPair":{"pubKey":"BaXOIBbAP7ZifPt9nIUvKYs/yXufyIGzNdLjvRdAap9B","privKey":"cA9VhLK9bXsQlezSBTP1KDVTo5k3BFa6Q2SGiwr5Ml0="},"lastRemoteEphemeralKey":"BZu0nksFHvdq0zv3XmEliQDcqHBaXgp5BHWnjpGFgBQd","previousCounter":0,"rootKey":"zVyjDOv1wspuZNI8KwKkpZGckvW2DzADTJXi1BfkyNo="},"indexInfo":{"baseKey":"BeBTbtXxbUCbpuM3HxXPb6ZcRtHZ3QeG/aGK532Ny5Vv","baseKeyType":2,"closed":-1,"used":1722245411978,"created":1722245411978,"remoteIdentityKey":"BeMqfVN6CYzBIgI3VD3ZeK43dx4rWv/14vZ/mzvVhaNK"},"_chains":{"BZu0nksFHvdq0zv3XmEliQDcqHBaXgp5BHWnjpGFgBQd":{"chainKey":{"counter":6,"key":"Q9xtx731pZnOJqpp/YIgT2sU0RWOZI9YsJhP4LscAZ4="},"chainType":2,"messageKeys":{}},"BaXOIBbAP7ZifPt9nIUvKYs/yXufyIGzNdLjvRdAap9B":{"chainKey":{"counter":5,"key":"Mj7ozOF2ephUJiIH/CVf9cjogVF2cz0IcK6e+PlU+AY="},"chainType":1,"messageKeys":{}}}}},"version":"v1"}