{"_sessions":{"BVPx2qUDbTrC4L1Uj05yAbfneujeRKzxeDOursTvFLgH":{"registrationId":127889055,"currentRatchet":{"ephemeralKeyPair":{"pubKey":"BbLcFZTWFwyYoaX4w0n+APiPFa+KRC0kLXNbfIWxhPpW","privKey":"qJ4UaCheFjiZftls7c7eA1ZmePnZj7MW4pGkrKE2h3k="},"lastRemoteEphemeralKey":"BdMpTH5CgmgsDLFSW68OvzfS3OKEADaT/TcFiQFBqntx","previousCounter":0,"rootKey":"jVs51/pTZvqe+aQRMXEYsc3BZtJNxKOBm4y2fHLCqQ0="},"indexInfo":{"baseKey":"BVPx2qUDbTrC4L1Uj05yAbfneujeRKzxeDOursTvFLgH","baseKeyType":1,"closed":-1,"used":1722454513267,"created":1722454513267,"remoteIdentityKey":"BTeIMZnpp1LkWz/EvnvstFi/4XXWmIdLGWH1MBuYWYsg"},"_chains":{"BbLcFZTWFwyYoaX4w0n+APiPFa+KRC0kLXNbfIWxhPpW":{"chainKey":{"counter":7,"key":"+QlmTtyELwcQHQiT91qigY4ETJx4NDhDEsKyK2L3WEs="},"chainType":1,"messageKeys":{}}},"pendingPreKey":{"signedKeyId":4,"baseKey":"BVPx2qUDbTrC4L1Uj05yAbfneujeRKzxeDOursTvFLgH","preKeyId":6068020}}},"version":"v1"}