{"_sessions":{"BRMJuVXPqnGsDvwa1ahfhBPT8SinDAHe99xz2l3Gy99N":{"registrationId":256043577,"currentRatchet":{"ephemeralKeyPair":{"pubKey":"BSJa6La7WeNY9mJIEtFsEyEx3GXCO3QQ+8/MycOxI5Rj","privKey":"IFcUi1x7V2YqEutu2EhbZrmKsRlGIhALpmPvzU9YFkE="},"lastRemoteEphemeralKey":"BZh/UeGAbhgwbJ5t4naqUVanWbx3E8Du676MpbZlOBFa","previousCounter":42,"rootKey":"diggMVYJOnLfQpRAsUGA218s3R9sQ/XYxtSfWhpLNoU="},"indexInfo":{"baseKey":"BRMJuVXPqnGsDvwa1ahfhBPT8SinDAHe99xz2l3Gy99N","baseKeyType":1,"closed":-1,"used":1722365745672,"created":1722302914802,"remoteIdentityKey":"BQCxt8061aR1zTjNuMRssaTFz7ybyAVUG2zEomC1fhoK"},"_chains":{"BZh/UeGAbhgwbJ5t4naqUVanWbx3E8Du676MpbZlOBFa":{"chainKey":{"counter":0,"key":"ibWzWsyyZbNaQ1LRwxM8we6EPPXOsTsIZK8V4Y3bE9M="},"chainType":2,"messageKeys":{}},"BSJa6La7WeNY9mJIEtFsEyEx3GXCO3QQ+8/MycOxI5Rj":{"chainKey":{"counter":33,"key":"voXJWHzg4B1jQZ4Z/8yLXZxc+ZTqBkMrbtXNoeqBwxU="},"chainType":1,"messageKeys":{}}}}},"version":"v1"}