{"_sessions":{"BXVzXlWP8IA0tGPlajX77btB9qhBTy7U079k3nVdLKod":{"registrationId":1514982341,"currentRatchet":{"ephemeralKeyPair":{"pubKey":"BVTiBowjs2ZwdQC0Aq3mQoUWFdKW/QMCHaGBCYhgulFB","privKey":"APEYGu23UqA/egy96nTbVBuaJhW3suE36JRBmCZVu1g="},"lastRemoteEphemeralKey":"BXL7dC1PR3WSJJTJIukg+oEHrJlZA+b+QsODhqFk5zUK","previousCounter":0,"rootKey":"G7GDOL4rSIVFVyGL2MLDyNnHE/ZLS/pBL4r6EamCZaw="},"indexInfo":{"baseKey":"BXVzXlWP8IA0tGPlajX77btB9qhBTy7U079k3nVdLKod","baseKeyType":1,"closed":-1,"used":1722302914968,"created":1722302914968,"remoteIdentityKey":"BToxIx7J6kwRZnnVDnttaBQHVlrKnAyZONqH+bQ8foU3"},"_chains":{"BVTiBowjs2ZwdQC0Aq3mQoUWFdKW/QMCHaGBCYhgulFB":{"chainKey":{"counter":76,"key":"gdSeFqhTH0qie8N0tLWWMYWk/fczCR1bjgv1UY1nwlw="},"chainType":1,"messageKeys":{}}},"pendingPreKey":{"signedKeyId":53,"baseKey":"BXVzXlWP8IA0tGPlajX77btB9qhBTy7U079k3nVdLKod","preKeyId":4053602}}},"version":"v1"}