{"_sessions":{"Bf5Kn2tjxpOp+nKUJWJshKcuu+b0AAaAqWfL7pgiDhdO":{"registrationId":1766152769,"currentRatchet":{"ephemeralKeyPair":{"pubKey":"BbRwCztTeNdxNesYavAT8DEhTanVBJz/ZinnjDZM8Y9D","privKey":"iBSaWzVYm95T/OPNs5uQ+RJpQeyoKjWj/9LrvjpgHkI="},"lastRemoteEphemeralKey":"BZYWzo+TY2Y1ACe/JN7XRyRn1nfj0r8Zxn7ZLGmhKZRg","previousCounter":0,"rootKey":"SA0qMsY3QxzSbEq2A6VW/QY8eDEDlr+hmcM5oeJRD48="},"indexInfo":{"baseKey":"Bf5Kn2tjxpOp+nKUJWJshKcuu+b0AAaAqWfL7pgiDhdO","baseKeyType":1,"closed":-1,"used":1722224749474,"created":1722224749474,"remoteIdentityKey":"BVA4vV3zfYJTjDVRx5yhk1IcE1BHkQ8xDQlcDWLLYaJ8"},"_chains":{"BbRwCztTeNdxNesYavAT8DEhTanVBJz/ZinnjDZM8Y9D":{"chainKey":{"counter":6,"key":"MDnGTgZq1umRwMbJnx4dZM+oV3zvF5yEOGSEQ+7PncE="},"chainType":1,"messageKeys":{}}},"pendingPreKey":{"signedKeyId":0,"baseKey":"Bf5Kn2tjxpOp+nKUJWJshKcuu+b0AAaAqWfL7pgiDhdO","preKeyId":16763158}}},"version":"v1"}