{"_sessions":{"BWa3DRJbX1yXxkRVKxRyVSJfisEEQxn6q+TY7VPs27Uz":{"registrationId":1170750976,"currentRatchet":{"ephemeralKeyPair":{"pubKey":"BYAA8iKIiBstF2m1MhnEAEBLV9iapiAfPQ3VBLYWlVF7","privKey":"2IXlwZdG83wimcWnIxHCTLfy2+C4j6avkQf9Mas6vFk="},"lastRemoteEphemeralKey":"Bedzw3u7Bz0r+ZQT3WCT3SLircg3aq1t7KS7+Jd+bDtP","previousCounter":0,"rootKey":"gno9sE0YCdTavwKkmwl8h/n3E0S7V8uUFMvi4ED9LEM="},"indexInfo":{"baseKey":"BWa3DRJbX1yXxkRVKxRyVSJfisEEQxn6q+TY7VPs27Uz","baseKeyType":1,"closed":-1,"used":1722454513373,"created":1722454513373,"remoteIdentityKey":"BesCk2DcUS4zVt+QQ1Btd8rbHnMaxw+nlpo/e++Mk/BL"},"_chains":{"BYAA8iKIiBstF2m1MhnEAEBLV9iapiAfPQ3VBLYWlVF7":{"chainKey":{"counter":7,"key":"RGAhH0UEG9zv02p4aYjt3uwsbePK7f7HTEoqVDiEXXc="},"chainType":1,"messageKeys":{}}},"pendingPreKey":{"signedKeyId":1,"baseKey":"BWa3DRJbX1yXxkRVKxRyVSJfisEEQxn6q+TY7VPs27Uz","preKeyId":16086512}}},"version":"v1"}