{"_sessions":{"BdVJZTt2oI+rWv4c4rVMy4bWMH7p7rrYdCFWavUC2NQf":{"registrationId":12779,"currentRatchet":{"ephemeralKeyPair":{"pubKey":"BebxKQLvIKJLDTUc5MqML4T6zsN0gfKNCqypuhFfx+5Y","privKey":"eHaGkiA3UlSJ5b7dMTCWcFCQW9LVJIeGEKCYUJ/pk38="},"lastRemoteEphemeralKey":"BVk5Z7gGmP0gpQnUXS/3I5Jo5nCK8t2gKFVuNTtUBUAV","previousCounter":0,"rootKey":"crO20+PWMM+zUCQ6aubAIeXiT/g+prY5I7Y6fCciSBI="},"indexInfo":{"baseKey":"BdVJZTt2oI+rWv4c4rVMy4bWMH7p7rrYdCFWavUC2NQf","baseKeyType":1,"closed":-1,"used":1722224745768,"created":1722224745768,"remoteIdentityKey":"BdzXZ2/HWFtg5GoyNgor/4EF244ValZYkcH5CzUlCsZx"},"_chains":{"BebxKQLvIKJLDTUc5MqML4T6zsN0gfKNCqypuhFfx+5Y":{"chainKey":{"counter":6,"key":"B8UO0iSRTwzuP2tUi9gqOpYHzVIluzQUgxgt7DWewNM="},"chainType":1,"messageKeys":{}}},"pendingPreKey":{"signedKeyId":1,"baseKey":"BdVJZTt2oI+rWv4c4rVMy4bWMH7p7rrYdCFWavUC2NQf"}}},"version":"v1"}