{"_sessions":{"BWsP7I/rJILTzL8WoRA4ZlCq0FwZ6QpzLC1uBX1ZUpcW":{"registrationId":869444478,"currentRatchet":{"ephemeralKeyPair":{"pubKey":"BWPBhSRsPJFhMlCR793wpWFN3PwfVGakobEXwGf7PFhL","privKey":"2MA9QOwYhC7Q6HVJ/+4v4ksiSVmy/tJm/kMIJNuRX3E="},"lastRemoteEphemeralKey":"BW/il1UdEKV9UvpLGwopNiReaVaL/6iCwzyQx8UJ/MlB","previousCounter":0,"rootKey":"kDAtgxv9spi+RzW5TxMOY1Urtr0tIebgr2lXu5j4VJw="},"indexInfo":{"baseKey":"BWsP7I/rJILTzL8WoRA4ZlCq0FwZ6QpzLC1uBX1ZUpcW","baseKeyType":1,"closed":-1,"used":1722454513368,"created":1722454513368,"remoteIdentityKey":"BUmlXU94zzQ3IiJJNKi+7LkCgpi4Cfsg5UwItFfXGu8R"},"_chains":{"BWPBhSRsPJFhMlCR793wpWFN3PwfVGakobEXwGf7PFhL":{"chainKey":{"counter":7,"key":"u+lAbGH6T4B99A6bzWSVj/pl+oLzvz2/hCqbOfSuQfk="},"chainType":1,"messageKeys":{}}},"pendingPreKey":{"signedKeyId":17,"baseKey":"BWsP7I/rJILTzL8WoRA4ZlCq0FwZ6QpzLC1uBX1ZUpcW","preKeyId":2216344}}},"version":"v1"}