{"_sessions":{"BUqhrDd8nT9E1W1uuYICoK2ioTvHcihq5c2/Ppr+nCR9":{"registrationId":24,"currentRatchet":{"ephemeralKeyPair":{"pubKey":"BexYLqgZNTkXF2KnDKmbU4k8RB5COkBgYnbS20TCwfUa","privKey":"WD546oRgv0bsvLajW0DLJBlmRsN2k4b/Uu1FBISk2FU="},"lastRemoteEphemeralKey":"BefLoNtd/AtSSKBi2FqLprcKls5doqvY1jLx6XE/9pY8","previousCounter":0,"rootKey":"IyiSA7jIk2Ald5yXau0PXAyoBXoID3O3jcy1lydi3G4="},"indexInfo":{"baseKey":"BUqhrDd8nT9E1W1uuYICoK2ioTvHcihq5c2/Ppr+nCR9","baseKeyType":1,"closed":-1,"used":1722416432403,"created":1722416432403,"remoteIdentityKey":"BahmJbNIAul5HjYW/ziDZCfEbHf9hcVJhFixllhHRY4m"},"_chains":{"BexYLqgZNTkXF2KnDKmbU4k8RB5COkBgYnbS20TCwfUa":{"chainKey":{"counter":10,"key":"5xWRA9fpRvclqT/z3g/M/4DEAKIyxxkUYwz6q7EXNIA="},"chainType":1,"messageKeys":{}}},"pendingPreKey":{"signedKeyId":1,"baseKey":"BUqhrDd8nT9E1W1uuYICoK2ioTvHcihq5c2/Ppr+nCR9","preKeyId":43}}},"version":"v1"}