{"_sessions":{"BVKZ174uw0OahP2Gu3nbOZYBdGL733IiU6uD6OZ9lZMu":{"registrationId":1959901166,"currentRatchet":{"ephemeralKeyPair":{"pubKey":"BfMK0VTjagAPaptgu0vzpYnm+tYPr0UWQ2X8ZBY1XiNc","privKey":"cGeUI/rFo7BRURrlc7AnQ/SF4jJynDMnEywHd8D9dUI="},"lastRemoteEphemeralKey":"BToSpWbyosq162W86x21bklWRufyzGX1il7qksmBLF4N","previousCounter":0,"rootKey":"k/kJ2GuDqe+Ao4rJySpmAC25436zRHK3MfdcUJUbORI="},"indexInfo":{"baseKey":"BVKZ174uw0OahP2Gu3nbOZYBdGL733IiU6uD6OZ9lZMu","baseKeyType":1,"closed":-1,"used":1722224748685,"created":1722224748685,"remoteIdentityKey":"BQPm4U40zluOoiub0z7oCuBMAdEpbxEuvAoKeajmfvY+"},"_chains":{"BfMK0VTjagAPaptgu0vzpYnm+tYPr0UWQ2X8ZBY1XiNc":{"chainKey":{"counter":6,"key":"UdgMtkF4pIrvf9NCMxxLFTBFOcDNdKI/DcbG19JFp84="},"chainType":1,"messageKeys":{}}},"pendingPreKey":{"signedKeyId":1,"baseKey":"BVKZ174uw0OahP2Gu3nbOZYBdGL733IiU6uD6OZ9lZMu"}}},"version":"v1"}