{"_sessions":{"BWyvfLZzgsarZTv4PwzVqvFYdSNuwkFrR9I6qr+OP9Uw":{"registrationId":3467,"currentRatchet":{"ephemeralKeyPair":{"pubKey":"BTRLCmIGzn2xF2NT3Un4VGPrSDagdznxtZE6zNKmq6AJ","privKey":"iIXPJz6hQ6iLnkFaDxuYvZet+cdMSQ2tw4BSsjNP9F4="},"lastRemoteEphemeralKey":"BdkdMELW6t00H7PcqHInnJTWsfvah3RilCfEkRrFgCJ7","previousCounter":0,"rootKey":"0XEh/+WOLEG5izTjgcjds1IR4GHOH+5p8Zggd2Q2+1Y="},"indexInfo":{"baseKey":"BWyvfLZzgsarZTv4PwzVqvFYdSNuwkFrR9I6qr+OP9Uw","baseKeyType":1,"closed":-1,"used":1722224746069,"created":1722224746069,"remoteIdentityKey":"BZB70ZFF+yLJtxsXN6ysIXQkRhOa6+XJ/gN0wWF77t4W"},"_chains":{"BTRLCmIGzn2xF2NT3Un4VGPrSDagdznxtZE6zNKmq6AJ":{"chainKey":{"counter":6,"key":"E+VxjWSlETy3r6X8Sju5cwSpyWXH1jB3HVcgu7yEprE="},"chainType":1,"messageKeys":{}}},"pendingPreKey":{"signedKeyId":1,"baseKey":"BWyvfLZzgsarZTv4PwzVqvFYdSNuwkFrR9I6qr+OP9Uw"}}},"version":"v1"}