{"_sessions":{"BUEngNcWPE4Bi28MzTYt4OwwoeIi55k8wXSEAy1umvwB":{"registrationId":1719908670,"currentRatchet":{"ephemeralKeyPair":{"pubKey":"BciTBz/DnNopEelAPDOEMhVf2kF7tkTdYCXuNgMJUsdX","privKey":"aLEKoA/KQyyM+vrQbQNRObPeLRIotkW6oeyS6vXavHE="},"lastRemoteEphemeralKey":"Bf4YiulVj89uitTaMPpGhzf8lT+9uR/EED6DdqjSnLNQ","previousCounter":0,"rootKey":"6g656dsKAcHUmjGOcC1dR4/4Yf8G7Fv49UEzSciGD9c="},"indexInfo":{"baseKey":"BUEngNcWPE4Bi28MzTYt4OwwoeIi55k8wXSEAy1umvwB","baseKeyType":1,"closed":-1,"used":1722454511797,"created":1722454511797,"remoteIdentityKey":"BUazCp4jmwUDYWBPVSxKZPkAXBprcpb/Z+kgqmbw2q4n"},"_chains":{"BciTBz/DnNopEelAPDOEMhVf2kF7tkTdYCXuNgMJUsdX":{"chainKey":{"counter":7,"key":"dnnqdwEmU9SlDLes1cN2WoL5PFw9SOzc3uvo7Gvroc4="},"chainType":1,"messageKeys":{}}},"pendingPreKey":{"signedKeyId":2,"baseKey":"BUEngNcWPE4Bi28MzTYt4OwwoeIi55k8wXSEAy1umvwB","preKeyId":6222650}}},"version":"v1"}