{"_sessions":{"BTmhf3xAliIaMEzxl2DlcJZrCOyi4A/J/YLdqcgybowg":{"registrationId":548088862,"currentRatchet":{"ephemeralKeyPair":{"pubKey":"BQ2PiUliREI/JRgTHDX1VOQSwrd1/ZoPdHEIXes8r2Q5","privKey":"EP+s/K/7fJZikWnsocmV55185s3gsegsOkq8wdU6TF0="},"lastRemoteEphemeralKey":"BStkkmik4EgKgRP30BAagrazYDBoEnksIsxl6MQEME5h","previousCounter":0,"rootKey":"RjKsYJsLgfsMSQSr40XbcM2PvYhevVgnvBvzE/Qhn5w="},"indexInfo":{"baseKey":"BTmhf3xAliIaMEzxl2DlcJZrCOyi4A/J/YLdqcgybowg","baseKeyType":1,"closed":-1,"used":1722454512103,"created":1722454512103,"remoteIdentityKey":"BSNmuj1yOONFu0/7juRh3rCE5iZcj0i9NVfAdQ+RpFsO"},"_chains":{"BQ2PiUliREI/JRgTHDX1VOQSwrd1/ZoPdHEIXes8r2Q5":{"chainKey":{"counter":7,"key":"zZ/ggjCYaCey4nZccZFLWFP6na85lAWL2+V4u5hGnv8="},"chainType":1,"messageKeys":{}}},"pendingPreKey":{"signedKeyId":6,"baseKey":"BTmhf3xAliIaMEzxl2DlcJZrCOyi4A/J/YLdqcgybowg","preKeyId":8084775}}},"version":"v1"}