{"_sessions":{"BSEt9WPSWTBFUx/dkONqAVOQbdPxLFgJPClN/C0HxdEy":{"registrationId":1276113025,"currentRatchet":{"ephemeralKeyPair":{"pubKey":"Be0rjRMxcaW4j+UUSQ8K7n0F0Rpwc95GOR+T8vxKALsk","privKey":"AFTX9cEMeGeBKxPnup5VdzxNrXPg2Viq2mSEE83l6Xk="},"lastRemoteEphemeralKey":"BcME/ZLwoQlV4qKBXanbHtmorhEXFspttyqeVfrPiIUt","previousCounter":0,"rootKey":"rM6qZUp/S1FGCXJdCs0En4t5j268W2MAJtTGUxx6iLc="},"indexInfo":{"baseKey":"BSEt9WPSWTBFUx/dkONqAVOQbdPxLFgJPClN/C0HxdEy","baseKeyType":1,"closed":-1,"used":1722454511979,"created":1722454511979,"remoteIdentityKey":"BX7LMznbdzB3glf490y8VI9RDSPn/2TSiScHdS1iKwAl"},"_chains":{"Be0rjRMxcaW4j+UUSQ8K7n0F0Rpwc95GOR+T8vxKALsk":{"chainKey":{"counter":7,"key":"mI0nV4Hfj8sjuJek81Dpxqkl4ytQUmn+GZUBPqR5N40="},"chainType":1,"messageKeys":{}}},"pendingPreKey":{"signedKeyId":0,"baseKey":"BSEt9WPSWTBFUx/dkONqAVOQbdPxLFgJPClN/C0HxdEy","preKeyId":5770669}}},"version":"v1"}