{"_sessions":{"BRJvJnN3MFxXbk6Dzu15UbenYaYGzR7oE5CQj4zj1ktZ":{"registrationId":1802700975,"currentRatchet":{"ephemeralKeyPair":{"pubKey":"BeFloaOz4JYfCaps1XAHZDF/aUIG4L2L7e9xUUtoNcR2","privKey":"iBpjjVDrYJVnlO5irSj7elIV302XLZxYINSqkD1MfWw="},"lastRemoteEphemeralKey":"BU7UbkCEbvG0yAbrgesV3UbuAw/0kbVhEMlRwnz1iFpk","previousCounter":0,"rootKey":"aES2K/E/erh8aeBfFH2wLaZEzzR+qpjWVFMPfKdfxiQ="},"indexInfo":{"baseKey":"BRJvJnN3MFxXbk6Dzu15UbenYaYGzR7oE5CQj4zj1ktZ","baseKeyType":1,"closed":-1,"used":1722302914680,"created":1722302914680,"remoteIdentityKey":"BV0EkYB3IB2hJNf/m5ZZpSgtAtFPaAmeGDqwoOH7ffh4"},"_chains":{"BeFloaOz4JYfCaps1XAHZDF/aUIG4L2L7e9xUUtoNcR2":{"chainKey":{"counter":76,"key":"wqFEQwq/duSKbD/MD5T/DJ8fbM4dMZbz0QnClpoGR0M="},"chainType":1,"messageKeys":{}}},"pendingPreKey":{"signedKeyId":8,"baseKey":"BRJvJnN3MFxXbk6Dzu15UbenYaYGzR7oE5CQj4zj1ktZ","preKeyId":5499990}}},"version":"v1"}