{"_sessions":{"BYPssQSWzLKHxV9XEvInworBN6okW5m3KYapTkSYtbFq":{"registrationId":1051345324,"currentRatchet":{"ephemeralKeyPair":{"pubKey":"Bb6SAhKl76nYBy8Ivrjtd8cN77BO51EKTNfoecdmgWEM","privKey":"qE+CjERKUxft8vBUzvleHuLR2fCUIkg2ebUyQI5D8lw="},"lastRemoteEphemeralKey":"BQSbOtLToerpzWpc81Zvmr0mpEemNYIFF15pr4g/dZFo","previousCounter":0,"rootKey":"dWzt+Hhj5hGwN9IFMuRcp0Gkz1m/sRNUKUIX629NmGg="},"indexInfo":{"baseKey":"BYPssQSWzLKHxV9XEvInworBN6okW5m3KYapTkSYtbFq","baseKeyType":1,"closed":-1,"used":1722302915891,"created":1722302915891,"remoteIdentityKey":"BTxi9r88YwTYitAzDEzRqQzodyZiZx66ot6as0Fmi6td"},"_chains":{"Bb6SAhKl76nYBy8Ivrjtd8cN77BO51EKTNfoecdmgWEM":{"chainKey":{"counter":76,"key":"OAt4xEFFQYOeluhuKyMh40fetprnWh9p6g/jEJ65QlI="},"chainType":1,"messageKeys":{}}},"pendingPreKey":{"signedKeyId":1,"baseKey":"BYPssQSWzLKHxV9XEvInworBN6okW5m3KYapTkSYtbFq","preKeyId":8384074}}},"version":"v1"}