{"_sessions":{"BeN1PK4ec0+oNTz9XXMowJG92/oyiDNaZBBHzjLABawH":{"registrationId":13860,"currentRatchet":{"ephemeralKeyPair":{"pubKey":"BSytCKjf769Eivn8z3Tn3yqSnDpLjlryZZX9ihJCTPU2","privKey":"YKo2nsUhPzFGEletIHMB52kbsIurR7Snjeu51Bx6GFI="},"lastRemoteEphemeralKey":"BZTiVmu5f/1kBDBcstoSDGcSVIQzenOfygiwbJ3961s+","previousCounter":0,"rootKey":"Uhfcq+PzNadKiLR2dlSj3qQb+m6UYC1tut2hxpyQclU="},"indexInfo":{"baseKey":"BeN1PK4ec0+oNTz9XXMowJG92/oyiDNaZBBHzjLABawH","baseKeyType":1,"closed":-1,"used":1722224745902,"created":1722224745902,"remoteIdentityKey":"BUs8czANon6wtovcvEgtI9aJcUKaSFP88GMcWECQUR5c"},"_chains":{"BSytCKjf769Eivn8z3Tn3yqSnDpLjlryZZX9ihJCTPU2":{"chainKey":{"counter":6,"key":"cP2aYLwypcGeFqEQ3MyQTdXXmaU5ZQDJNqm07rQe9HY="},"chainType":1,"messageKeys":{}}},"pendingPreKey":{"signedKeyId":1,"baseKey":"BeN1PK4ec0+oNTz9XXMowJG92/oyiDNaZBBHzjLABawH"}}},"version":"v1"}