{"_sessions":{"BVFSUkA1zRHyiQ8k/YGUCCA1fPQqCQqbPb2tSwMgmUgm":{"registrationId":164,"currentRatchet":{"ephemeralKeyPair":{"pubKey":"BYv15XxRjR77tErCI3UaVafeIbEXsNjI+vxsGz2X0yF9","privKey":"0KtCqqXmQT2mhEsBOX6Lrs7iUYrB34IlSDnE0AhE6FU="},"lastRemoteEphemeralKey":"BZNO5ChCwmY7che+VmZk3zRFGn1P6DrMAVRV7FOslkhO","previousCounter":0,"rootKey":"iZkCTElLru+frv5Pzv3g1IYO2ytpgQ2SxXfEO9+Ndsc="},"indexInfo":{"baseKey":"BVFSUkA1zRHyiQ8k/YGUCCA1fPQqCQqbPb2tSwMgmUgm","baseKeyType":2,"closed":-1,"used":1722493324676,"created":1722493324676,"remoteIdentityKey":"BWOX0Fe+Z5bLyU4Sjrpau9IgeRlBM1bgNwhgLD2z/0sG"},"_chains":{"BZNO5ChCwmY7che+VmZk3zRFGn1P6DrMAVRV7FOslkhO":{"chainKey":{"counter":1,"key":"T176L62SnFSZQ0EH+48sCWEFG9XiLEH1Y1Y2NDWf9Ac="},"chainType":2,"messageKeys":{}},"BYv15XxRjR77tErCI3UaVafeIbEXsNjI+vxsGz2X0yF9":{"chainKey":{"counter":-1,"key":"pWsG1TDh9/VbXi/rmYy0IHHF71lWNg0Fw6i5adZSqLI="},"chainType":1,"messageKeys":{}}}}},"version":"v1"}