{"_sessions":{"BeuzZoiqJF/wGO6sGezZ4K4t00VXsb6kUR+ud0oPz/UX":{"registrationId":1638215845,"currentRatchet":{"ephemeralKeyPair":{"pubKey":"BZEDuQ6EnT+q3pFkFbZ/47S4OnsIhqyZQYS/1lwJg7g1","privKey":"qJSK9NeX1WM5odzV6TBOS5kL/8j+sIpwTcnusmu9xkQ="},"lastRemoteEphemeralKey":"BbqV0MWh06QUKk4TdXuoj0GoWqrj/Qpl/SaW3RwhV2dx","previousCounter":0,"rootKey":"GwnerDz3KSqMJNcJfu4k4YlWWwS2yYISNsSiDmo/pWw="},"indexInfo":{"baseKey":"BeuzZoiqJF/wGO6sGezZ4K4t00VXsb6kUR+ud0oPz/UX","baseKeyType":1,"closed":-1,"used":1722224748659,"created":1722224748659,"remoteIdentityKey":"BTGOMIrA/f2o4LH+zO1Ew5PbfHfjSVUxyexdMQStWYp7"},"_chains":{"BZEDuQ6EnT+q3pFkFbZ/47S4OnsIhqyZQYS/1lwJg7g1":{"chainKey":{"counter":6,"key":"DBvjx0MFJ9AqKBhoH8PUShQONp8PX1GXusALNS2eevY="},"chainType":1,"messageKeys":{}}},"pendingPreKey":{"signedKeyId":2,"baseKey":"BeuzZoiqJF/wGO6sGezZ4K4t00VXsb6kUR+ud0oPz/UX","preKeyId":14853338}}},"version":"v1"}