{"_sessions":{"BQJ4g85GXpZj+uDGVQ8Aj2ZO0vePEFhLkCB5itBRccJP":{"registrationId":1630616975,"currentRatchet":{"ephemeralKeyPair":{"pubKey":"BZJiB6GtRWsMfCXsPHGDknj58l3ReuH4O49iY1Bq+AkU","privKey":"OHj9zj6DhzItcJNjQEUmhuojHCAYF4XOcI3oun1cb10="},"lastRemoteEphemeralKey":"BZb/1HZA5PmnI+yHSpBRvfpv3M3iSWwmJJFxfCb3WyRu","previousCounter":0,"rootKey":"mNMNis7h/A2BwEH7Cdm62IkgHAjOcXpkvfTgOxRBmtY="},"indexInfo":{"baseKey":"BQJ4g85GXpZj+uDGVQ8Aj2ZO0vePEFhLkCB5itBRccJP","baseKeyType":1,"closed":-1,"used":1722454512209,"created":1722454512209,"remoteIdentityKey":"BeM3uttfgYaWfM1e3q1AMsQ07/s6wnpwf+VbLZ4got93"},"_chains":{"BZJiB6GtRWsMfCXsPHGDknj58l3ReuH4O49iY1Bq+AkU":{"chainKey":{"counter":7,"key":"BQbdwtGe93EWL0UNwvE6cHcgdjYM1JWXo1Ee++gdfUo="},"chainType":1,"messageKeys":{}}},"pendingPreKey":{"signedKeyId":4,"baseKey":"BQJ4g85GXpZj+uDGVQ8Aj2ZO0vePEFhLkCB5itBRccJP","preKeyId":6327541}}},"version":"v1"}