{"_sessions":{"BahkuRR50IVUER6/zFHAnbSPNdjVmExQkVsij6afTcYe":{"registrationId":97015161,"currentRatchet":{"ephemeralKeyPair":{"pubKey":"Bfpi+lU04nzvHaH5388NGgtnVYSuR6qEExpxALIUC+JW","privKey":"GIhYv35QLE+NQOChmghe5gy5vJ24v58GoVx2k/KfMms="},"lastRemoteEphemeralKey":"BXQZxbxaVgXDrs+z0fLAXQ82lx+iGLYg7kyLEuqBFhRX","previousCounter":0,"rootKey":"WsvopVWrSZEp3diBYKQf4va6fZ0vjQ82nDZ37GjtZsE="},"indexInfo":{"baseKey":"BahkuRR50IVUER6/zFHAnbSPNdjVmExQkVsij6afTcYe","baseKeyType":1,"closed":-1,"used":1722224748186,"created":1722224748186,"remoteIdentityKey":"Be3QOyWdaU6v2AW0bOympytvswyn+lqRUp6WDjTQE4sy"},"_chains":{"Bfpi+lU04nzvHaH5388NGgtnVYSuR6qEExpxALIUC+JW":{"chainKey":{"counter":6,"key":"+1N9ai6oNMaUPFimAF0lfbG4DWjW4U4JOcNsPwAPaMA="},"chainType":1,"messageKeys":{}}},"pendingPreKey":{"signedKeyId":0,"baseKey":"BahkuRR50IVUER6/zFHAnbSPNdjVmExQkVsij6afTcYe"}}},"version":"v1"}