{"_sessions":{"BU4Rz/nqDHXv1vs1SXrLmqFoC/2Ejzh7Bs8Z5NdqkKsI":{"registrationId":2049351664,"currentRatchet":{"ephemeralKeyPair":{"pubKey":"BSuyAI4xmGy8f9qdioAu3LrqmtDc7mjiuI2O18kGfyYV","privKey":"eNc3rsehzBkGII6TD0c3r9WGP5Z41G1jtjc2gtlHfX0="},"lastRemoteEphemeralKey":"BYtg78qf0IPHnxe5J5M+Ib9YEV+JUvUh/0EJ+ir4rqce","previousCounter":0,"rootKey":"a8YVopfTXoXRubma8Ke0WRQZuvUBeWb9Lla7CZSJMUM="},"indexInfo":{"baseKey":"BU4Rz/nqDHXv1vs1SXrLmqFoC/2Ejzh7Bs8Z5NdqkKsI","baseKeyType":1,"closed":-1,"used":1722454512303,"created":1722454512303,"remoteIdentityKey":"BTKw3EfOavnBEOMeSjbeeREnPQP89efq4sjt0yrdHnhO"},"_chains":{"BSuyAI4xmGy8f9qdioAu3LrqmtDc7mjiuI2O18kGfyYV":{"chainKey":{"counter":7,"key":"ccSbtojX3f4VuGBmr/WmESzlimwY8YUUKsePmYcQyXg="},"chainType":1,"messageKeys":{}}},"pendingPreKey":{"signedKeyId":0,"baseKey":"BU4Rz/nqDHXv1vs1SXrLmqFoC/2Ejzh7Bs8Z5NdqkKsI"}}},"version":"v1"}