{"_sessions":{"BQbYYSxwkSsVKFpZdFUkWsVEIUF0x1pMZzuz5ksUfVsg":{"registrationId":49264635,"currentRatchet":{"ephemeralKeyPair":{"pubKey":"BXGTj0khBZBv8HqZJUp3rsO3m75AKd9fF1HV1rYjOwRm","privKey":"WKI4rxZKoSA6PosvIeptEHBBuGZiD0SjXg8O7i0gvnI="},"lastRemoteEphemeralKey":"BZ4RcJJb/EpksKnAKkySQHqfbZksnT+feWjfetlt4nZg","previousCounter":0,"rootKey":"OJSoaflmkiHtE1CTMUhOuz0fuplrdM7zySg05oglMIw="},"indexInfo":{"baseKey":"BQbYYSxwkSsVKFpZdFUkWsVEIUF0x1pMZzuz5ksUfVsg","baseKeyType":1,"closed":-1,"used":1722224747510,"created":1722224747510,"remoteIdentityKey":"Bca+qNyehzD8fTIohZu7nvn1iWvY+VNz+76AkxYGMcRV"},"_chains":{"BXGTj0khBZBv8HqZJUp3rsO3m75AKd9fF1HV1rYjOwRm":{"chainKey":{"counter":6,"key":"LGC8Z7Oo7UlLUKXMKXcDlc1u2zLxJLuSK7mmW+l0vKw="},"chainType":1,"messageKeys":{}}},"pendingPreKey":{"signedKeyId":0,"baseKey":"BQbYYSxwkSsVKFpZdFUkWsVEIUF0x1pMZzuz5ksUfVsg","preKeyId":3342819}}},"version":"v1"}