{"_sessions":{"BSkknD1KszWrBGD4wQN3/HKCfyLuZoLl1z7MYlBa8pkW":{"registrationId":1454419001,"currentRatchet":{"ephemeralKeyPair":{"pubKey":"BS2gmBTgP43woLZsq/jmZNOswkY+A1kSymN4hk2iYv4n","privKey":"gP4/btOVcgPyDEExsSZ5juFH3duafWaHCLTenVzb+V4="},"lastRemoteEphemeralKey":"BSibiYi0Saz5SamxLatDgu/QdGHP4XUaTTnLpSISeF0e","previousCounter":38,"rootKey":"82eDFDeEfp3JQsGd+3IhtIpv2ezp8mq622SAUdLGlGc="},"indexInfo":{"baseKey":"BSkknD1KszWrBGD4wQN3/HKCfyLuZoLl1z7MYlBa8pkW","baseKeyType":1,"closed":-1,"used":1722343507173,"created":1722302914890,"remoteIdentityKey":"BXQQkljav1kKM/uK7fLZA3fNIKm+ZjF9kkxGKf5kMHAl"},"_chains":{"BSibiYi0Saz5SamxLatDgu/QdGHP4XUaTTnLpSISeF0e":{"chainKey":{"counter":0,"key":"rPRVnh9bfmmI0zV2GUsEYNnKU9lqtxhrclwiXb7sKOs="},"chainType":2,"messageKeys":{}},"BS2gmBTgP43woLZsq/jmZNOswkY+A1kSymN4hk2iYv4n":{"chainKey":{"counter":37,"key":"z65kqVPOxNBdCROI64HzRVKUsvH6R1/DW/ejsaIc7ew="},"chainType":1,"messageKeys":{}}}}},"version":"v1"}