{"_sessions":{"BQVVnA/pk7HAJQzSkAU1n3kBJfQt4uq5z7N+7ZxTS+ww":{"registrationId":176,"currentRatchet":{"ephemeralKeyPair":{"pubKey":"BXm68v6QqXuOB1kWwiv2PUm245pdW4q3fbIg5qnR0Mhw","privKey":"kLXJwfOsoq9uYrzrEf9zFV40erHVWXPBW78anP4w2l4="},"lastRemoteEphemeralKey":"Bet7a4p3MCh+FL3WEkO9c4vXAcEYWbUjsaS8nVI7ydct","previousCounter":0,"rootKey":"2iB8+daQ/dLMkgPgoRA4INy5OG70liFlKkPgJeTJbSg="},"indexInfo":{"baseKey":"BQVVnA/pk7HAJQzSkAU1n3kBJfQt4uq5z7N+7ZxTS+ww","baseKeyType":1,"closed":-1,"used":1722302914367,"created":1722302914367,"remoteIdentityKey":"Bat325yfzMcNP5PW7ROpnK++nTmoz3isKifOydbtmitk"},"_chains":{"BXm68v6QqXuOB1kWwiv2PUm245pdW4q3fbIg5qnR0Mhw":{"chainKey":{"counter":76,"key":"YWgjkiScWC0UjVJqgCDoY2BUMHi6lTWSFRe+6d5OV9o="},"chainType":1,"messageKeys":{}}},"pendingPreKey":{"signedKeyId":1,"baseKey":"BQVVnA/pk7HAJQzSkAU1n3kBJfQt4uq5z7N+7ZxTS+ww"}}},"version":"v1"}