{"_sessions":{"BbPqWXiB07eirmtEKjjvnRcLBR+/uHrHASAlFnsLzh1E":{"registrationId":2050794652,"currentRatchet":{"ephemeralKeyPair":{"pubKey":"BfwobfI4GsxDgMXTJX7M/fjBA76DxYCRCpDhR0npR5xu","privKey":"qF5EtqG8xeOzAqF5tbkGzEGZdX9FvYek9JwYjx0B91Q="},"lastRemoteEphemeralKey":"BT1KEN89NNa9hZacEkJJdCg65A5J/p4q0YtZ5ZEBf5J+","previousCounter":0,"rootKey":"dj7GkwjOKFtbWK902cmbD6odEdKvbFcP4ddX5byXJ/s="},"indexInfo":{"baseKey":"BbPqWXiB07eirmtEKjjvnRcLBR+/uHrHASAlFnsLzh1E","baseKeyType":1,"closed":1722341963396,"used":1722302915900,"created":1722302915900,"remoteIdentityKey":"BQUsC4Tdcs9GFORjb16b9GqGEtpFqBnbQviLRE/be48t"},"_chains":{"BfwobfI4GsxDgMXTJX7M/fjBA76DxYCRCpDhR0npR5xu":{"chainKey":{"counter":34,"key":"HSKPtbCaOPjm7qqpo31XT261/trlHOTGScFLJMN6ZBA="},"chainType":1,"messageKeys":{}}},"pendingPreKey":{"signedKeyId":0,"baseKey":"BbPqWXiB07eirmtEKjjvnRcLBR+/uHrHASAlFnsLzh1E","preKeyId":1175052}},"BaPLDnw7WbhJdIbGcid4cqHeJDs6FP+GT+Z0SCRfn0Z7":{"registrationId":212259958,"currentRatchet":{"ephemeralKeyPair":{"pubKey":"BUjQQKymE6XoPbw0UqDFJkmTO1WiOrIGSkbDVdQVQKl6","privKey":"gP75tzDksoQ8gGvrV3H7MkLMMJssvTPGtMb4G5rUmE8="},"lastRemoteEphemeralKey":"Ba6X7g+TkWa+7tOOfLTliQABzdF/ThiLMxTJWStB2VED","previousCounter":0,"rootKey":"gZKNAKxLa+MY30vo27Jj2m8RwBUQv8xz4vW/CF/3A7s="},"indexInfo":{"baseKey":"BaPLDnw7WbhJdIbGcid4cqHeJDs6FP+GT+Z0SCRfn0Z7","baseKeyType":1,"closed":1722341978882,"used":1722341963387,"created":1722341963387,"remoteIdentityKey":"BTmalxs4f9wKV0rzLwsS5dGxJggFqOB2UGgZ8gp9vQA+"},"_chains":{"BUjQQKymE6XoPbw0UqDFJkmTO1WiOrIGSkbDVdQVQKl6":{"chainKey":{"counter":0,"key":"GPFISUePXnx97HUW/BR1VLnU+yOkfkCMi3QZkR5fR8g="},"chainType":1,"messageKeys":{}}},"pendingPreKey":{"signedKeyId":0,"baseKey":"BaPLDnw7WbhJdIbGcid4cqHeJDs6FP+GT+Z0SCRfn0Z7","preKeyId":5303548}},"BZ7TZ1XdGGE0x1DyKhqvS1lmx2FEIBpse81hgpyibZJY":{"registrationId":212259958,"currentRatchet":{"ephemeralKeyPair":{"pubKey":"BZSx8DfwSYJZtchCBCX3LP6tGEiFjNBu+k5IJXTBQ+MD","privKey":"ANhBQwO7aq5x9S844SpFvvOQIzPpcLGRikXtbMoFOl4="},"lastRemoteEphemeralKey":"Ba6X7g+TkWa+7tOOfLTliQABzdF/ThiLMxTJWStB2VED","previousCounter":0,"rootKey":"y5Vb5bdMUTMkYC7BP85ApAnhcsOrHSs6T6+L4tbgDkg="},"indexInfo":{"baseKey":"BZ7TZ1XdGGE0x1DyKhqvS1lmx2FEIBpse81hgpyibZJY","baseKeyType":1,"closed":1722341989959,"used":1722341978879,"created":1722341978879,"remoteIdentityKey":"BTmalxs4f9wKV0rzLwsS5dGxJggFqOB2UGgZ8gp9vQA+"},"_chains":{"BZSx8DfwSYJZtchCBCX3LP6tGEiFjNBu+k5IJXTBQ+MD":{"chainKey":{"counter":0,"key":"sXveAmQDcxPxSgdRxPSo8UI1wDCR38kLptYTx+EktcE="},"chainType":1,"messageKeys":{}}},"pendingPreKey":{"signedKeyId":0,"baseKey":"BZ7TZ1XdGGE0x1DyKhqvS1lmx2FEIBpse81hgpyibZJY","preKeyId":5303418}},"BeF/RHc+SSP56q0ZMzwoqg+5EOv9Q3ecEsP1pThSX7lm":{"registrationId":212259958,"currentRatchet":{"ephemeralKeyPair":{"pubKey":"BUNGf1Cxh1woYFZoLiueCuBwbER47fb+X/intNmTIgRO","privKey":"SBxBECi7s+sPdoxPYjEDMti9UtK5lpcF7QAENvbiq3c="},"lastRemoteEphemeralKey":"Ba6X7g+TkWa+7tOOfLTliQABzdF/ThiLMxTJWStB2VED","previousCounter":0,"rootKey":"bN2LaCL7lwA6cnGwWjd39YtGvnimt3cYVYbW59USXr0="},"indexInfo":{"baseKey":"BeF/RHc+SSP56q0ZMzwoqg+5EOv9Q3ecEsP1pThSX7lm","baseKeyType":1,"closed":1722341991261,"used":1722341989958,"created":1722341989958,"remoteIdentityKey":"BTmalxs4f9wKV0rzLwsS5dGxJggFqOB2UGgZ8gp9vQA+"},"_chains":{"BUNGf1Cxh1woYFZoLiueCuBwbER47fb+X/intNmTIgRO":{"chainKey":{"counter":0,"key":"w/d87+/yoml5bDyYYz1NofSR7mF02mkqQZ6ZnucUZuQ="},"chainType":1,"messageKeys":{}}},"pendingPreKey":{"signedKeyId":0,"baseKey":"BeF/RHc+SSP56q0ZMzwoqg+5EOv9Q3ecEsP1pThSX7lm","preKeyId":5303034}},"BZTqQgfsDxRP0jXNNm/4tpWgap67xVAAEOFQnB/7biMS":{"registrationId":212259958,"currentRatchet":{"ephemeralKeyPair":{"pubKey":"BZyIfYQX3G0wSObDycSTN6nsbVE7q7kyerrvqEEMt5Q6","privKey":"6DHdPbHLcI9Z2f22WnkTUUy3KMneeHTDUJJ2sntfbXo="},"lastRemoteEphemeralKey":"BXfMqnZRTGZXy5ku2jZng+1JwKWDXzHXNrdjHK18U3Bu","previousCounter":14,"rootKey":"TEUcp45Hdt2gvJkFd+hl2j4ToUhFqh6UokWcU42I8h0="},"indexInfo":{"baseKey":"BZTqQgfsDxRP0jXNNm/4tpWgap67xVAAEOFQnB/7biMS","baseKeyType":1,"closed":-1,"used":1722402243365,"created":1722341991259,"remoteIdentityKey":"BTmalxs4f9wKV0rzLwsS5dGxJggFqOB2UGgZ8gp9vQA+"},"_chains":{"BXfMqnZRTGZXy5ku2jZng+1JwKWDXzHXNrdjHK18U3Bu":{"chainKey":{"counter":0,"key":"4JLwpgBDnPlzIXzsKBU3xoQF6sKO8zNWkBH0I4tctlg="},"chainType":2,"messageKeys":{}},"BZyIfYQX3G0wSObDycSTN6nsbVE7q7kyerrvqEEMt5Q6":{"chainKey":{"counter":23,"key":"dxO1GAMEemUOgqlYkUImMIHs96CJtilSinavyYD54gM="},"chainType":1,"messageKeys":{}}}}},"version":"v1"}