{"_sessions":{"BVWqSRZSXwJIM3Ue0nWTDL/HWnFRDDkwdAHJzq/SYMYO":{"registrationId":1544215597,"currentRatchet":{"ephemeralKeyPair":{"pubKey":"BaIE6V3NYQj8LyBsFX5x0rZAbqDP9GzSy3H7NTxtW6Fe","privKey":"COHgtpTIk6uBy9oi6lUSZwTb+G/dVmysGoCvXpCoN2A="},"lastRemoteEphemeralKey":"BbUl1AZ+g4h7rOiugpwKR317JyR0V7FhS0b8H8bCGuQS","previousCounter":0,"rootKey":"ewUb5Er8OqX/Zrmy7VvBRfuWZw6pQTnuq83ic5kOMRk="},"indexInfo":{"baseKey":"BVWqSRZSXwJIM3Ue0nWTDL/HWnFRDDkwdAHJzq/SYMYO","baseKeyType":1,"closed":-1,"used":1722302915100,"created":1722302915100,"remoteIdentityKey":"BZL5NRZE7HxlKhPonkPT6GdBAUoZoWW4MXBi0UhRna82"},"_chains":{"BaIE6V3NYQj8LyBsFX5x0rZAbqDP9GzSy3H7NTxtW6Fe":{"chainKey":{"counter":76,"key":"BtoioJ9Q1wUs+MlRgL5IDjmnFxWrfkCP/uIe1PFBA/Y="},"chainType":1,"messageKeys":{}}},"pendingPreKey":{"signedKeyId":5,"baseKey":"BVWqSRZSXwJIM3Ue0nWTDL/HWnFRDDkwdAHJzq/SYMYO","preKeyId":1040906}}},"version":"v1"}