{"_sessions":{"BeH56RQC6IyYqE9Ktp6Vy0DtHIUPp6vVU4iuRPB+A807":{"registrationId":607745345,"currentRatchet":{"ephemeralKeyPair":{"pubKey":"BVKWnfX6kCN9/1arOEtpLVuqrDFxXzlNz/zYrgV4DBdp","privKey":"sGMXEjMTSsc5PciR20R6Mh46yYuJlYSjK3IySbD/Ok0="},"lastRemoteEphemeralKey":"BVciFvpBlGOMjTjwAxM3YU+9N77OpHbbaa8XWjzqQT8B","previousCounter":0,"rootKey":"DV8Hwn0/S8U65gYscAtyFRCX5Ol7yk4yJEWnulanE3A="},"indexInfo":{"baseKey":"BeH56RQC6IyYqE9Ktp6Vy0DtHIUPp6vVU4iuRPB+A807","baseKeyType":1,"closed":-1,"used":1722454512173,"created":1722454512173,"remoteIdentityKey":"BR+X6UZQJJ1C4AAHTEeIPr8YXzE19hiL/wA8uiD+mPQr"},"_chains":{"BVKWnfX6kCN9/1arOEtpLVuqrDFxXzlNz/zYrgV4DBdp":{"chainKey":{"counter":7,"key":"u10zrMJ7pYL4mU2Vey845L/VW32QK/pvF/Th5TKKgtg="},"chainType":1,"messageKeys":{}}},"pendingPreKey":{"signedKeyId":8,"baseKey":"BeH56RQC6IyYqE9Ktp6Vy0DtHIUPp6vVU4iuRPB+A807","preKeyId":9181772}}},"version":"v1"}