{"_sessions":{"BaETTTl2l/egqqNM7DOoHMC/34AtCAlxhUSKxXVUhroH":{"registrationId":6259,"currentRatchet":{"ephemeralKeyPair":{"pubKey":"BSVJwWxkOkX6awziCyeH089ByUrLB4da/IFnCy2h4uJV","privKey":"CJL8wMfNO5aRbpeerRHgQhCsaM53mLHRRRivHfHO82s="},"lastRemoteEphemeralKey":"Ba/u+eLUuEstWgvb5db3rP2ZAUi9rK+y/K5ruFouUNsT","previousCounter":0,"rootKey":"ELLrfQcPavTXCpUKoxJ2D0vrdql2wa/W8s8zVVV2y2s="},"indexInfo":{"baseKey":"BaETTTl2l/egqqNM7DOoHMC/34AtCAlxhUSKxXVUhroH","baseKeyType":1,"closed":-1,"used":1722224746475,"created":1722224746475,"remoteIdentityKey":"BVAxyp733oGV0Z/PVJ+aNIjOTDgYVNSsG9vFn5hkQ6gj"},"_chains":{"BSVJwWxkOkX6awziCyeH089ByUrLB4da/IFnCy2h4uJV":{"chainKey":{"counter":6,"key":"UqVFrDgoE0f10CLl1GsXmUMLhxMHkoeTauTmEqieGLY="},"chainType":1,"messageKeys":{}}},"pendingPreKey":{"signedKeyId":1,"baseKey":"BaETTTl2l/egqqNM7DOoHMC/34AtCAlxhUSKxXVUhroH"}}},"version":"v1"}