{"_sessions":{"BQxwFR3iGImtZZoKmVY/A2X169fUKCACvyIdFKqtt9Z9":{"registrationId":15791,"currentRatchet":{"ephemeralKeyPair":{"pubKey":"BRADgteJr5TCaItLBWkNVwROeWx0/Hh26dS6m3Zb5a1m","privKey":"MDbv8j763U+sbJzkKhp+Rv6b6k8buKzGxxDbCyM0ElE="},"lastRemoteEphemeralKey":"BcfvjR3Azr/sOOcyYzxoiat/kmMmU5atpv32c9dJSrsM","previousCounter":0,"rootKey":"+OIpokaBT0Z29bltQnPhKFNnUl2RKS20D4GGGy7rNLI="},"indexInfo":{"baseKey":"BQxwFR3iGImtZZoKmVY/A2X169fUKCACvyIdFKqtt9Z9","baseKeyType":1,"closed":-1,"used":1722224745876,"created":1722224745876,"remoteIdentityKey":"BaCxhDIIplvryPXOfsa5VVdbWk2mWiLnUw86fjdOcE0m"},"_chains":{"BRADgteJr5TCaItLBWkNVwROeWx0/Hh26dS6m3Zb5a1m":{"chainKey":{"counter":6,"key":"M+nBcxu+UnHe7Lq38fexwQWr1NERjmHc1NWW3EZmEJs="},"chainType":1,"messageKeys":{}}},"pendingPreKey":{"signedKeyId":1,"baseKey":"BQxwFR3iGImtZZoKmVY/A2X169fUKCACvyIdFKqtt9Z9"}}},"version":"v1"}