{"_sessions":{"BeOO1NMXHIN3vgXmM+IH9C35ZGgQfKvGlRXGfOLI1C5/":{"registrationId":67536277,"currentRatchet":{"ephemeralKeyPair":{"pubKey":"BYRXqPh8IT6Qr7xzkreFLM3MUu24Nqc3+u70FVZtM+d4","privKey":"QHzL6P4IYBYXMV/YzkVsqa5r5if6sDoNy7lFoPKloE4="},"lastRemoteEphemeralKey":"BSA+fOhWphyy3WxnCSMRnB/ROKXjJTijpQeUjB/KIaor","previousCounter":0,"rootKey":"dzhODNnwQJ4qbjZ4im+Y1FjCzY7Hf6BByoyUgUkIQNQ="},"indexInfo":{"baseKey":"BeOO1NMXHIN3vgXmM+IH9C35ZGgQfKvGlRXGfOLI1C5/","baseKeyType":1,"closed":-1,"used":1722224748299,"created":1722224748299,"remoteIdentityKey":"BfkhI2l4jggunVHM9mpNkHcy5f+Xc4EY+pE0FJlfZn8Z"},"_chains":{"BYRXqPh8IT6Qr7xzkreFLM3MUu24Nqc3+u70FVZtM+d4":{"chainKey":{"counter":6,"key":"1xdUi8cZjpKZf683C+NWdJq7Uz53CrjVqglIb/15ybM="},"chainType":1,"messageKeys":{}}},"pendingPreKey":{"signedKeyId":1,"baseKey":"BeOO1NMXHIN3vgXmM+IH9C35ZGgQfKvGlRXGfOLI1C5/"}}},"version":"v1"}