{"_sessions":{"BWJsAfxPUdJecS3oAzaco0uG+72CuCNVL8e0ICq87Gtg":{"registrationId":236802601,"currentRatchet":{"ephemeralKeyPair":{"pubKey":"BVWzRB+Gb2HkO1+3u5KIjy/VGi/1Bg4I1sHK/bMYxFZh","privKey":"iNSaoI8YTgYKovw5vqlsKQsA+kIhgEUSsBRW1eqxgks="},"lastRemoteEphemeralKey":"Bb36pwTri8RaT0NY7KzLAKwemZntVoP1Yq2klB9lLdpy","previousCounter":0,"rootKey":"XrgHFul4ouC8d5khw8JYE0AZRozYZ4i4U5HKgUm/z3Q="},"indexInfo":{"baseKey":"BWJsAfxPUdJecS3oAzaco0uG+72CuCNVL8e0ICq87Gtg","baseKeyType":1,"closed":-1,"used":1722224747506,"created":1722224747506,"remoteIdentityKey":"BS8cdsYhJgmqzhNuri2fTUueY9tawhU0O8Vpl5wNvm5C"},"_chains":{"BVWzRB+Gb2HkO1+3u5KIjy/VGi/1Bg4I1sHK/bMYxFZh":{"chainKey":{"counter":6,"key":"tQ5/wC4tck7YkuhEPP0avhUZcQ2XKAqtCiJAjRj2r8k="},"chainType":1,"messageKeys":{}}},"pendingPreKey":{"signedKeyId":1,"baseKey":"BWJsAfxPUdJecS3oAzaco0uG+72CuCNVL8e0ICq87Gtg","preKeyId":16373106}}},"version":"v1"}