{"_sessions":{"BV0Rmb/TKA3MEpUMhLAvA8ahV/0BIDcVOS5HFzfFxC8X":{"registrationId":15450,"currentRatchet":{"ephemeralKeyPair":{"pubKey":"BW7DB6BIMS6SGbV5/4E1BUl1MhxDX8/OmPyG0EfBdzRO","privKey":"yLAaQYpE3p7e5+z2JwxAJRrPH8iPZ4X1QgaUxGv2hV0="},"lastRemoteEphemeralKey":"Bb1LGRm4F/9/fw9ASJ0GfVd6rKfVxbEmHf6x1AEIaqRR","previousCounter":0,"rootKey":"YgB+fi+Ef98fXp+XBazh4AHWAyFEPxYxhUSLH0dWdJY="},"indexInfo":{"baseKey":"BV0Rmb/TKA3MEpUMhLAvA8ahV/0BIDcVOS5HFzfFxC8X","baseKeyType":1,"closed":-1,"used":1722224746300,"created":1722224746300,"remoteIdentityKey":"BebO0kmY/QPIPj1AH9o/PQNOuneToyOkP9r22CqNatcQ"},"_chains":{"BW7DB6BIMS6SGbV5/4E1BUl1MhxDX8/OmPyG0EfBdzRO":{"chainKey":{"counter":6,"key":"tiyLoIAYBFIZhT5d3UWD1AZAKFSCfZDFII3eJKwTxQo="},"chainType":1,"messageKeys":{}}},"pendingPreKey":{"signedKeyId":1,"baseKey":"BV0Rmb/TKA3MEpUMhLAvA8ahV/0BIDcVOS5HFzfFxC8X","preKeyId":2564}}},"version":"v1"}