{"_sessions":{"BQ9Qpc2L9NLKpddyB6Q35+OseMQ+Eoyy8/TotqH8ZCgm":{"registrationId":2030027823,"currentRatchet":{"ephemeralKeyPair":{"pubKey":"BWYYlBFCGrViF9SuIImk/SVr497gdaszR33psFNgV38O","privKey":"4Ay/yFbGY5ga0kpDTsXlfQPaHMw0Nh1uyC/jfY5cLGw="},"lastRemoteEphemeralKey":"BVaMy/22Lzw8jy9BtP/IXWEC9YF2CX+UsPrykmtdSEhS","previousCounter":0,"rootKey":"HEQn9MRY3+PSngKfM3BMLkr3+P5zV0sILduFaV3ZfVI="},"indexInfo":{"baseKey":"BQ9Qpc2L9NLKpddyB6Q35+OseMQ+Eoyy8/TotqH8ZCgm","baseKeyType":1,"closed":-1,"used":1722224748274,"created":1722224748274,"remoteIdentityKey":"BUebcbqsiIHyzbN+dh5yYaH2eMMphHK6pPqHnhA8+hQ2"},"_chains":{"BWYYlBFCGrViF9SuIImk/SVr497gdaszR33psFNgV38O":{"chainKey":{"counter":6,"key":"A7V9Nlzb2ANFufg7cJ7gPl6DiDUhn9heM3xz5JJn9KM="},"chainType":1,"messageKeys":{}}},"pendingPreKey":{"signedKeyId":2,"baseKey":"BQ9Qpc2L9NLKpddyB6Q35+OseMQ+Eoyy8/TotqH8ZCgm","preKeyId":15105023}}},"version":"v1"}