{"_sessions":{"BeKMQZCvxHUU807M9TRDt8RiR8Zx8DQQTPADi/c6TL1v":{"registrationId":893866553,"currentRatchet":{"ephemeralKeyPair":{"pubKey":"BXbJZacBeq9L6BK62I0v5zwakW/Q2BJ8hHgtJRtTFf19","privKey":"kJWEw9+BTVNA6jhmYCwRY+i7GKjt50ZTygJjXM13NUE="},"lastRemoteEphemeralKey":"BSJeoiWl8A4AN0ZB43qQAGwwr1Gxezq+RNl2XLtdVVkw","previousCounter":0,"rootKey":"bcwKKq2x6hQtggvIAJjtWxaSfmCp2JzUMdJjHmc42r0="},"indexInfo":{"baseKey":"BeKMQZCvxHUU807M9TRDt8RiR8Zx8DQQTPADi/c6TL1v","baseKeyType":1,"closed":-1,"used":1722224747280,"created":1722224747280,"remoteIdentityKey":"BefPRcDHfCq/utiR4ri1I7acqf9Pn71C/DjJqDxf3lAL"},"_chains":{"BXbJZacBeq9L6BK62I0v5zwakW/Q2BJ8hHgtJRtTFf19":{"chainKey":{"counter":6,"key":"cqbnFtDF8RDPmq4KMYGSMG0Dj+GtLMFDmaBV069SotU="},"chainType":1,"messageKeys":{}}},"pendingPreKey":{"signedKeyId":0,"baseKey":"BeKMQZCvxHUU807M9TRDt8RiR8Zx8DQQTPADi/c6TL1v"}}},"version":"v1"}