{"_sessions":{"BRlSiY87YhmImMFD7sFX9kKzwVgk+ipAQaCnGDEYjT8f":{"registrationId":917919314,"currentRatchet":{"ephemeralKeyPair":{"pubKey":"BZPy8EYDD7TVcg9lRGg3m6LWZZjRbvy3QG2z81+4TyA+","privKey":"QIX+e9i0P/X4IwOgcDajJo1+TjvDZTOoBXLowJYkOWA="},"lastRemoteEphemeralKey":"BUFlUs+sUKOyf/yxyc630QZbVXkwOVUaYCyj1W6UqhRT","previousCounter":0,"rootKey":"G6rxCzBC9FvKuVEmRZ7pbGh3JXiO+LKD4qgR4Oj3ahc="},"indexInfo":{"baseKey":"BRlSiY87YhmImMFD7sFX9kKzwVgk+ipAQaCnGDEYjT8f","baseKeyType":1,"closed":-1,"used":1722224749281,"created":1722224749281,"remoteIdentityKey":"BTEeH3qKEqp4vDPa490F9sgJpTu0H/4mNgKtBOE0jpQo"},"_chains":{"BZPy8EYDD7TVcg9lRGg3m6LWZZjRbvy3QG2z81+4TyA+":{"chainKey":{"counter":6,"key":"5xAFO/iPRCfBCPFBeNzqT3WoFXS+qTLtYWtX7pLVl6U="},"chainType":1,"messageKeys":{}}},"pendingPreKey":{"signedKeyId":2,"baseKey":"BRlSiY87YhmImMFD7sFX9kKzwVgk+ipAQaCnGDEYjT8f","preKeyId":7036339}}},"version":"v1"}