{"_sessions":{"BYuUhsOi+rI6b1TkfP+KfcYQGBLlgCWtA+3q95VABXk4":{"registrationId":870451844,"currentRatchet":{"ephemeralKeyPair":{"pubKey":"BQY0YAwQiysitIMamB53+47Pn+UD6HcjKcbNoWtG894u","privKey":"KFvblR6I3Vg0jQCaphtXavQPDG97FVBiq+6buKFfaUw="},"lastRemoteEphemeralKey":"BWxpRz0HUzlAwUKjQpuUztlhKsMDwc/V66R5j+YdrYot","previousCounter":0,"rootKey":"H3GW8HXIjQa5AtwyuWBFQxMNTIEeHx5queY2V8/4BRk="},"indexInfo":{"baseKey":"BYuUhsOi+rI6b1TkfP+KfcYQGBLlgCWtA+3q95VABXk4","baseKeyType":1,"closed":-1,"used":1722224748285,"created":1722224748285,"remoteIdentityKey":"BXaXox8wXSYehkQrTUJfseIo0mbH9BF7vZsImmn07Dhr"},"_chains":{"BQY0YAwQiysitIMamB53+47Pn+UD6HcjKcbNoWtG894u":{"chainKey":{"counter":6,"key":"joDMPMxYmJNHEuH6kR+hW/P3St5TIuNHsnBs5g25z0k="},"chainType":1,"messageKeys":{}}},"pendingPreKey":{"signedKeyId":0,"baseKey":"BYuUhsOi+rI6b1TkfP+KfcYQGBLlgCWtA+3q95VABXk4"}}},"version":"v1"}