{"_sessions":{"BTy2oE+bLvBKWILloLt8RHS7awq2rRYRrZBMaFv1+eZt":{"registrationId":2061919623,"currentRatchet":{"ephemeralKeyPair":{"pubKey":"BUlg2KU8bA20L88nJnSNgj4+y6X1GDBJyhxvz0kX1/kI","privKey":"qCOB+zKY7eGRQdF6w1njLe5yE6OtjdSycvaUpzU4E28="},"lastRemoteEphemeralKey":"BXwBmmoiMOhAyjb0jUrGG/1vIOBSbqKHLXM3dSCFJi1Q","previousCounter":0,"rootKey":"2bllBAAhL2ISG82zFde6DjACEyG09xJBpTA5Y2TUEX4="},"indexInfo":{"baseKey":"BTy2oE+bLvBKWILloLt8RHS7awq2rRYRrZBMaFv1+eZt","baseKeyType":1,"closed":-1,"used":1722224746982,"created":1722224746982,"remoteIdentityKey":"BYq/kXC43ZrNTAMzcZW92NoqY2/WMDZoq6Km3J7VEEgo"},"_chains":{"BUlg2KU8bA20L88nJnSNgj4+y6X1GDBJyhxvz0kX1/kI":{"chainKey":{"counter":6,"key":"bW7ANKaKGWMVJfzdArFoKW4nQ7Q2Q1qhVVerjd4goM0="},"chainType":1,"messageKeys":{}}},"pendingPreKey":{"signedKeyId":1,"baseKey":"BTy2oE+bLvBKWILloLt8RHS7awq2rRYRrZBMaFv1+eZt"}}},"version":"v1"}