{"_sessions":{"BaULUARXE7r/5lBjU25928/3ON9F9ZJxQ8USGIGKWSIR":{"registrationId":1001159784,"currentRatchet":{"ephemeralKeyPair":{"pubKey":"Bc/n8mzYIYw3aAN4opoPLbAfx9IJ+kL7c28555r793dA","privKey":"2PqiK6VcFOx/rgaAhCy82ZDh2V1mMQxzWK/A4LqD824="},"lastRemoteEphemeralKey":"BSeDmS/RXN/ob5rpyZHhVNNmKOuAX8T2zP44so/S8pth","previousCounter":0,"rootKey":"CCgg5eBkKhiQS3ELWsitT8vDN27OwmE6G8/INMjuoVw="},"indexInfo":{"baseKey":"BaULUARXE7r/5lBjU25928/3ON9F9ZJxQ8USGIGKWSIR","baseKeyType":1,"closed":-1,"used":1722302915566,"created":1722302915566,"remoteIdentityKey":"BQ8IU44iX0sR3ZyC9eId5qGzyoOHQnuX36mBGB/O7lxz"},"_chains":{"Bc/n8mzYIYw3aAN4opoPLbAfx9IJ+kL7c28555r793dA":{"chainKey":{"counter":76,"key":"kXzaVR4OSqGcCjns8mBkssKV38hq/sGBRVMAlEgF7qE="},"chainType":1,"messageKeys":{}}},"pendingPreKey":{"signedKeyId":0,"baseKey":"BaULUARXE7r/5lBjU25928/3ON9F9ZJxQ8USGIGKWSIR","preKeyId":11773183}}},"version":"v1"}