{"_sessions":{"BeO6ReDlvWKy7rhZV/zTNoDzh+5cE0YvwJt7KbtbPHUt":{"registrationId":1591794552,"currentRatchet":{"ephemeralKeyPair":{"pubKey":"BVNzYlNMLzgbW0ureWt7YfCrcgeDqaJYk0Pqx/uBoZJC","privKey":"qCVS7rdfxuM2n6wtP0wY8nrEmhJVdzsMRNihHfRT33w="},"lastRemoteEphemeralKey":"BXMqNXmrZbZiBOOlE0ScHxskudiJWEzw1Us6wanxc4AG","previousCounter":0,"rootKey":"xti/A+YESIsJ4VkDT3ZYhOhK0727EVBRNdWcl7Imdmk="},"indexInfo":{"baseKey":"BeO6ReDlvWKy7rhZV/zTNoDzh+5cE0YvwJt7KbtbPHUt","baseKeyType":1,"closed":-1,"used":1722454512261,"created":1722454512261,"remoteIdentityKey":"BTKFTZIVi3tPgdPRcp1CtqaBBzB7hi1ownIi0GoxbrRk"},"_chains":{"BVNzYlNMLzgbW0ureWt7YfCrcgeDqaJYk0Pqx/uBoZJC":{"chainKey":{"counter":7,"key":"rnDqOuotvPpz3tuggisOwzkwMXKIrZUKrFiEEC8oMGM="},"chainType":1,"messageKeys":{}}},"pendingPreKey":{"signedKeyId":0,"baseKey":"BeO6ReDlvWKy7rhZV/zTNoDzh+5cE0YvwJt7KbtbPHUt","preKeyId":12448041}}},"version":"v1"}