{"_sessions":{"BZ4W/leHJRtUqejnG0tut2aYWbrFBtySXY48ygqJqQkd":{"registrationId":137312536,"currentRatchet":{"ephemeralKeyPair":{"pubKey":"BY6stKqpdX4xCKHhooB1/rqm8AI2Hw0psu3eCckNuaQF","privKey":"4K2VaXBQBtpy0Z918bZBmeLDsM4o7QjuAlUyXQENNH4="},"lastRemoteEphemeralKey":"BaF5qHMTCvnqLiV33YsEFO4jYIvEETq3p7iTRi0fqsQF","previousCounter":0,"rootKey":"3d1XgdnxJ8iQU/Z1/4TIH/yWA08bUuXWx4bTU8dLikY="},"indexInfo":{"baseKey":"BZ4W/leHJRtUqejnG0tut2aYWbrFBtySXY48ygqJqQkd","baseKeyType":1,"closed":-1,"used":1722224748379,"created":1722224748379,"remoteIdentityKey":"BZj8upuW/nHjQSjhUH6NixJWeCAh8bRz8Sts3C6Qj4JO"},"_chains":{"BY6stKqpdX4xCKHhooB1/rqm8AI2Hw0psu3eCckNuaQF":{"chainKey":{"counter":6,"key":"h6WcaInKxZEMDJWVUhhJnGNFG0irvFOya4lOdKKSSG4="},"chainType":1,"messageKeys":{}}},"pendingPreKey":{"signedKeyId":0,"baseKey":"BZ4W/leHJRtUqejnG0tut2aYWbrFBtySXY48ygqJqQkd"}}},"version":"v1"}