{"_sessions":{"BQNSpbKUfCLF9GdAuqhlnPSbtY8zF4enLvnpJOTMDNlN":{"registrationId":12070,"currentRatchet":{"ephemeralKeyPair":{"pubKey":"BbVUGydmz9BtdknvAkzU/clz7YLYm8Bq5GbIXOipO9UE","privKey":"qED9Hc6UeNOiCKmT8lFOb4NeQmbxn86QifFbfgIhiFg="},"lastRemoteEphemeralKey":"BUpYLFu09cQb8cIl0UEKRQFhmM4MeEjKNefY/EwyIatg","previousCounter":0,"rootKey":"FlLQX+WgLcQRsJnydUKHcCQz4AAxwZeclMp4NJbECok="},"indexInfo":{"baseKey":"BQNSpbKUfCLF9GdAuqhlnPSbtY8zF4enLvnpJOTMDNlN","baseKeyType":1,"closed":-1,"used":1722302914398,"created":1722302914398,"remoteIdentityKey":"BY57xrGkouQj4sYNEFf26C5em7INv83d9w2o3EDDkgs3"},"_chains":{"BbVUGydmz9BtdknvAkzU/clz7YLYm8Bq5GbIXOipO9UE":{"chainKey":{"counter":76,"key":"dILgGuqTlx9X7k4TxfLAbi9wHYsyqDplOMUt2IkeAi4="},"chainType":1,"messageKeys":{}}},"pendingPreKey":{"signedKeyId":1,"baseKey":"BQNSpbKUfCLF9GdAuqhlnPSbtY8zF4enLvnpJOTMDNlN","preKeyId":346}}},"version":"v1"}