{"_sessions":{"BZr8tKMaUkf/WXUDxYhB0CE2SLrrJ3K1yCYqtpsUgy9A":{"registrationId":730398353,"currentRatchet":{"ephemeralKeyPair":{"pubKey":"BXu8gHvU4nlmGu9CoJ4Penqq0P1xQGp2opP6MsogffAF","privKey":"eFuECcZanT6R19gAzL1VnPGc16hDWf182GrS7qT0wXE="},"lastRemoteEphemeralKey":"BUPvfBAEYpC2ooAZ482I6CA68BW/o2S/J34NGpLD6cQy","previousCounter":0,"rootKey":"2AUBcvHq8BlgIhfOVk5B4mR1yN/2ZDhM3D1yplA2slM="},"indexInfo":{"baseKey":"BZr8tKMaUkf/WXUDxYhB0CE2SLrrJ3K1yCYqtpsUgy9A","baseKeyType":1,"closed":-1,"used":1722302915955,"created":1722302915955,"remoteIdentityKey":"BcIv5qjjm96oFDHVBRLbJJVzowZAXeiRpAE1syT07iAc"},"_chains":{"BXu8gHvU4nlmGu9CoJ4Penqq0P1xQGp2opP6MsogffAF":{"chainKey":{"counter":76,"key":"jYhR+CU4+RXVKOeLBbFM5bhQOcOIkz3/kt8Q6x6IJHY="},"chainType":1,"messageKeys":{}}},"pendingPreKey":{"signedKeyId":2,"baseKey":"BZr8tKMaUkf/WXUDxYhB0CE2SLrrJ3K1yCYqtpsUgy9A","preKeyId":14082148}}},"version":"v1"}