{"_sessions":{"BdKMuRZkGdrYElx9o2gdBw8pD+1t8SLn2HJ9W/ai/CFD":{"registrationId":1724465248,"currentRatchet":{"ephemeralKeyPair":{"pubKey":"BUI13pMBknCbAH2gc+LGbkp4GlGM6zYurslvumaM7OtC","privKey":"kO26tKyqxQqqAmYzJ8pCbpAuUDYC6eh2b2/Fgo2bg2c="},"lastRemoteEphemeralKey":"BdRiKbba0dd8iF0jdySAf4QY2jHve9b+TaiKZR+0BMQ1","previousCounter":0,"rootKey":"Ar17JkH6beF04/5opQsZRx8HplS7xYolp8qvyETqs58="},"indexInfo":{"baseKey":"BdKMuRZkGdrYElx9o2gdBw8pD+1t8SLn2HJ9W/ai/CFD","baseKeyType":1,"closed":-1,"used":1722454512590,"created":1722454512590,"remoteIdentityKey":"BQkMSUHE2Bqunato4Hh0qH6HwuMsPMQszURKJLBob7AN"},"_chains":{"BUI13pMBknCbAH2gc+LGbkp4GlGM6zYurslvumaM7OtC":{"chainKey":{"counter":7,"key":"clfsD/GBCMr2KVb6wmkXx5NljnVUwl59ubLaFiRdaaU="},"chainType":1,"messageKeys":{}}},"pendingPreKey":{"signedKeyId":5,"baseKey":"BdKMuRZkGdrYElx9o2gdBw8pD+1t8SLn2HJ9W/ai/CFD","preKeyId":5912750}}},"version":"v1"}