{"_sessions":{"BTJfkNAYY/Df07fAVGdTdCquM0MEmmvzIyLOtQc6358U":{"registrationId":827253659,"currentRatchet":{"ephemeralKeyPair":{"pubKey":"Bc2jRbRxeJx5ZdoGZOQKGqy0nFPcGa8hQY4RItDTQwFG","privKey":"cFmeAM5zNpiQghsxBorCLn0mVAPXdVNjVsuecZWRzWA="},"lastRemoteEphemeralKey":"BeTq61ftLn5PiRbz58HNjzhhbOzanK/M1n43KGiGJVl9","previousCounter":0,"rootKey":"apvGPrS4Hfs5P9DKp13kSMh/niTMOR4AXagxOODk0lQ="},"indexInfo":{"baseKey":"BTJfkNAYY/Df07fAVGdTdCquM0MEmmvzIyLOtQc6358U","baseKeyType":1,"closed":-1,"used":1722224747467,"created":1722224747467,"remoteIdentityKey":"BbCLOnXWEgvpmw1MeWRctKA7oijwLKO+ppZ7vKqtYfgF"},"_chains":{"Bc2jRbRxeJx5ZdoGZOQKGqy0nFPcGa8hQY4RItDTQwFG":{"chainKey":{"counter":6,"key":"TmRcE+wd52VpH8o0XL385iKn5NeHgKPgdKUzdwbLtAY="},"chainType":1,"messageKeys":{}}},"pendingPreKey":{"signedKeyId":0,"baseKey":"BTJfkNAYY/Df07fAVGdTdCquM0MEmmvzIyLOtQc6358U","preKeyId":14010725}}},"version":"v1"}