{"_sessions":{"BUpnP5U4vWIbIVRVRlxtKwJejhd6Hfa1uMllraMmMPxf":{"registrationId":1716800644,"currentRatchet":{"ephemeralKeyPair":{"pubKey":"BSnHbCLs2IMib/T7a2iOmFvllWLAX2Y2f0v87UnrW7lz","privKey":"GJgDvKn0NdIbifXv92XgLZp7mjH8p7m9UB44yWYodmk="},"lastRemoteEphemeralKey":"BdtdWuiNTuJLg8bvO9BWin2IsF0Q3EvBTAIJD4TpcoQT","previousCounter":0,"rootKey":"XLmK/RpmI/tTcpOwQcHzXrwZqJR+XhBPCDjesafTaRI="},"indexInfo":{"baseKey":"BUpnP5U4vWIbIVRVRlxtKwJejhd6Hfa1uMllraMmMPxf","baseKeyType":1,"closed":-1,"used":1722224747775,"created":1722224747775,"remoteIdentityKey":"Bdqj0EwBt2kubt5OQIyrVHD4808fOt7NApPF/H2kbVcK"},"_chains":{"BSnHbCLs2IMib/T7a2iOmFvllWLAX2Y2f0v87UnrW7lz":{"chainKey":{"counter":6,"key":"aJwuiXK/xO+vSTFCu8Mq8XUajjp+qvhZhKSEks7csKE="},"chainType":1,"messageKeys":{}}},"pendingPreKey":{"signedKeyId":0,"baseKey":"BUpnP5U4vWIbIVRVRlxtKwJejhd6Hfa1uMllraMmMPxf","preKeyId":15548558}}},"version":"v1"}