{"_sessions":{"BfVVH5uU1SO5rMwbBvWc1R/ENv9vWzpA/XO9xkbqxXEz":{"registrationId":229693081,"currentRatchet":{"ephemeralKeyPair":{"pubKey":"Bct8DqVCDod4HnZhenWo3O4Mhioa9+BRuDBKAEgjPqxY","privKey":"mBJJSL3E9vNnmaTDjXfQn9VTLgPRU83cpPAFDe80XWg="},"lastRemoteEphemeralKey":"BVYSb5gYr7WGTV8J4rlPT6i8vBbc32lFQ5YBsEEWhB0T","previousCounter":0,"rootKey":"GXkeVjPTbPrTNjft4XAChwyS2a4qEOqsCXyQyVET230="},"indexInfo":{"baseKey":"BfVVH5uU1SO5rMwbBvWc1R/ENv9vWzpA/XO9xkbqxXEz","baseKeyType":1,"closed":-1,"used":1722224747407,"created":1722224747407,"remoteIdentityKey":"BSpCkGEsxj14LJmCwrlg5RRzYglhBBLIArkx5GH2d5Yp"},"_chains":{"Bct8DqVCDod4HnZhenWo3O4Mhioa9+BRuDBKAEgjPqxY":{"chainKey":{"counter":6,"key":"mkjpSD98G4IyjmYUGtui0LGfZX+IgWEVHkcJ8flFNsQ="},"chainType":1,"messageKeys":{}}},"pendingPreKey":{"signedKeyId":0,"baseKey":"BfVVH5uU1SO5rMwbBvWc1R/ENv9vWzpA/XO9xkbqxXEz"}}},"version":"v1"}