{"_sessions":{"Bbyeyp78cv+P6RyrK3hUJiQrEWxr+K8SlTyC0q+/vGME":{"registrationId":27962302,"currentRatchet":{"ephemeralKeyPair":{"pubKey":"BVgCrYQlo+ptlo7kr/ynTAoVw5W9licTv5yjA25s4dcw","privKey":"6A7JWXVrOYxvQm5SkRUIKS193kAnkog0CBa7nV72hHI="},"lastRemoteEphemeralKey":"Baq5C4QWGV9BvKstGQbCckr/yDpXcnwJDKeVld8NO7Rl","previousCounter":0,"rootKey":"aqA1M7DDglakzep5uqiajAk46T0q/na2G3KdwtPQX/g="},"indexInfo":{"baseKey":"Bbyeyp78cv+P6RyrK3hUJiQrEWxr+K8SlTyC0q+/vGME","baseKeyType":1,"closed":-1,"used":1722224749581,"created":1722224749581,"remoteIdentityKey":"BbumMQwl0jjfOywyOO+Bc6f3Digw+XJ4bMmNTQrK2YEy"},"_chains":{"BVgCrYQlo+ptlo7kr/ynTAoVw5W9licTv5yjA25s4dcw":{"chainKey":{"counter":6,"key":"MOqyJx18MCAu90m5OcImsimpiZonb3B4uKMy5dMyr+E="},"chainType":1,"messageKeys":{}}},"pendingPreKey":{"signedKeyId":2,"baseKey":"Bbyeyp78cv+P6RyrK3hUJiQrEWxr+K8SlTyC0q+/vGME","preKeyId":12908416}}},"version":"v1"}