{"_sessions":{"BZ4vuub8xt0DuETw2wp3kvTh6qQTehWEtjhkoQfg5IY4":{"registrationId":474569614,"currentRatchet":{"ephemeralKeyPair":{"pubKey":"BRXBMtox55mhQpQexDIWtI2SEnKducrmx37aaDASzfIX","privKey":"aJJsh9puteOeM6NLqpHduwaOWsmnSd3mjVM1uzsWL3U="},"lastRemoteEphemeralKey":"BWDdQ8M3PYJF0/CiN9SYnJTRp8meAI33UbwlHVpVZhAe","previousCounter":0,"rootKey":"EbEjMsrlqD8goKPCgbUopcd+zmq92wpgGlIDlBrNa2Y="},"indexInfo":{"baseKey":"BZ4vuub8xt0DuETw2wp3kvTh6qQTehWEtjhkoQfg5IY4","baseKeyType":1,"closed":-1,"used":1722224746709,"created":1722224746709,"remoteIdentityKey":"BR+UmVVdR9Z3xhusFN/Fnw4X/6Klib6LbK1ccfFNKJJ0"},"_chains":{"BRXBMtox55mhQpQexDIWtI2SEnKducrmx37aaDASzfIX":{"chainKey":{"counter":6,"key":"CnlTKu/JEdgXsVDZZ2sKrKPSe1M2RT7QkOHtH15EacA="},"chainType":1,"messageKeys":{}}},"pendingPreKey":{"signedKeyId":1,"baseKey":"BZ4vuub8xt0DuETw2wp3kvTh6qQTehWEtjhkoQfg5IY4","preKeyId":4210039}}},"version":"v1"}