{"_sessions":{"BYRD2YTPsCAhb3eW/TjtGfLjj3uGoDLtNbjeUJRHx0Ug":{"registrationId":1963499940,"currentRatchet":{"ephemeralKeyPair":{"pubKey":"BbQ8YbKCHnOS+OEMClI5jdZk9zAAjB/MvPuLHt8WvtED","privKey":"wMO1nCJhGukKYeFUegiYGmgtsRy8jYRakzJ8PXYy6mc="},"lastRemoteEphemeralKey":"BVuW2PobXZ3tdEHgXk7On+n88gJzBRvOtUkR/IW/tHpX","previousCounter":0,"rootKey":"UeLLI4geLPZNzrUvflk73fGTWEdfPxbmDFQk9h0jMek="},"indexInfo":{"baseKey":"BYRD2YTPsCAhb3eW/TjtGfLjj3uGoDLtNbjeUJRHx0Ug","baseKeyType":1,"closed":-1,"used":1722454513262,"created":1722454513262,"remoteIdentityKey":"Bdjzu/RWSWT+Zd0GA9YXrdfuPoOd0hgfrx+UsltLP1A+"},"_chains":{"BbQ8YbKCHnOS+OEMClI5jdZk9zAAjB/MvPuLHt8WvtED":{"chainKey":{"counter":7,"key":"DEyDqirD6OjF4GD7EzvRDV/DV4cRikDrxZ+9mjwJiPY="},"chainType":1,"messageKeys":{}}},"pendingPreKey":{"signedKeyId":4,"baseKey":"BYRD2YTPsCAhb3eW/TjtGfLjj3uGoDLtNbjeUJRHx0Ug","preKeyId":1447539}}},"version":"v1"}