{"_sessions":{"BcaGIB25TcokJfnfqAUXGEMjraps2DvVHaqjB2c6Ep57":{"registrationId":1463099186,"currentRatchet":{"ephemeralKeyPair":{"pubKey":"BfsRDjnFlfOnNE55H+3UsWePZ7gF3b9NytHHQKRdxMYc","privKey":"MEUqZ4SCuoqsEWCal1FCqPAnBxa3YHQfDv4eFoeL3WY="},"lastRemoteEphemeralKey":"BUA733N7BriW16f7/MFPFlhZC6kZZuabrzHmfJR5ZYo8","previousCounter":0,"rootKey":"tg3XjBBr41iMsYDuqVqKNsgC0H98S1S0r7dauSLkQJw="},"indexInfo":{"baseKey":"BcaGIB25TcokJfnfqAUXGEMjraps2DvVHaqjB2c6Ep57","baseKeyType":1,"closed":-1,"used":1722224748194,"created":1722224748194,"remoteIdentityKey":"Bemeo0yzB9dMmV7A/n5zp3eN1BtnLxDcGUenE39P0sgF"},"_chains":{"BfsRDjnFlfOnNE55H+3UsWePZ7gF3b9NytHHQKRdxMYc":{"chainKey":{"counter":6,"key":"eWaZ/t4V5lQ3XInRVTLICCwcOuLOGhCxN1v4hKkR7EA="},"chainType":1,"messageKeys":{}}},"pendingPreKey":{"signedKeyId":0,"baseKey":"BcaGIB25TcokJfnfqAUXGEMjraps2DvVHaqjB2c6Ep57"}}},"version":"v1"}