{"_sessions":{"Bb2mGAL7abnr9kMUtY3GMnldnFfNiDen2d0TqQReunZ5":{"registrationId":901899582,"currentRatchet":{"ephemeralKeyPair":{"pubKey":"BXBAiXsw6S2R5HzvN6e0N3oAL/AgpGFdOl/vQfMWhVVG","privKey":"WCg1nxiXxlnjtkq4DCILcNY6BzQdgmnDBX1s3U5QvmQ="},"lastRemoteEphemeralKey":"BXhk6YR9tyEskfeWTxgfH8kD26haHSuP6l+dtL/GnvB+","previousCounter":0,"rootKey":"KetvBqnbSRbFYPc+b2gsTaaNzdp7CfvFiMUFuvBQEfY="},"indexInfo":{"baseKey":"Bb2mGAL7abnr9kMUtY3GMnldnFfNiDen2d0TqQReunZ5","baseKeyType":1,"closed":-1,"used":1722224746775,"created":1722224746775,"remoteIdentityKey":"BWdKOiYRtJiG+iaK+HVjT9VvcKq7dAQzU+nmuithnbhW"},"_chains":{"BXBAiXsw6S2R5HzvN6e0N3oAL/AgpGFdOl/vQfMWhVVG":{"chainKey":{"counter":6,"key":"9BHli+sMWIizeeTwoNKxenxOOdfM67zLMZymteRG0Qk="},"chainType":1,"messageKeys":{}}},"pendingPreKey":{"signedKeyId":0,"baseKey":"Bb2mGAL7abnr9kMUtY3GMnldnFfNiDen2d0TqQReunZ5"}}},"version":"v1"}