{"_sessions":{"BZFF6gpsyFPZp72p4YkLP5d1guGcN4tj4TWTdSK+GjV2":{"registrationId":335139152,"currentRatchet":{"ephemeralKeyPair":{"pubKey":"Bcj5R7J901sXKRwq7YKdxpyb12Ov1am6kFs6Hh7JiJ1l","privKey":"UE0l2baVO7qlmp+H5F9qdGUd2Oogb0qBkilLpcJqA04="},"lastRemoteEphemeralKey":"BSXGiqBCJm1Pu0DTdYU8uU7DHT0G6/t9PYoLJ+MkYQsA","previousCounter":0,"rootKey":"ZbvyrUJWeSGnRKavMGq6k0hw/TcB2L52MrJ0oJX+59M="},"indexInfo":{"baseKey":"BZFF6gpsyFPZp72p4YkLP5d1guGcN4tj4TWTdSK+GjV2","baseKeyType":1,"closed":-1,"used":1722224749491,"created":1722224749491,"remoteIdentityKey":"BSlx+PNGm0VD/B2P9mEyWp8pWz0RzpsCXdLUYwkbS5Bm"},"_chains":{"Bcj5R7J901sXKRwq7YKdxpyb12Ov1am6kFs6Hh7JiJ1l":{"chainKey":{"counter":6,"key":"NtOYLp0hU8pNzUoqyswylOV0/V4grvwpEuBj4THhfrg="},"chainType":1,"messageKeys":{}}},"pendingPreKey":{"signedKeyId":6,"baseKey":"BZFF6gpsyFPZp72p4YkLP5d1guGcN4tj4TWTdSK+GjV2","preKeyId":12635434}}},"version":"v1"}