{"_sessions":{"BWTSExe1ul3EG0VQDwKebOFY1kIqMCg7Yrxsgku6XLZL":{"registrationId":560352886,"currentRatchet":{"ephemeralKeyPair":{"pubKey":"BS878eqC5qjRZDsKzb4RbriBbrhXsq5qPKrVf13mGQoU","privKey":"oOFmQ9KWsa30hjAP67Kiz1I2yDFb6S8d50MLKIYlbW0="},"lastRemoteEphemeralKey":"BQeBdNBjJAUXNsLwFWqczWYfrHTspRKPXoz9at9Hb2dq","previousCounter":3,"rootKey":"RR3fOYPDI+s9EtybV/MM1gIdltSdmdYjFCPv7keL+Ro="},"indexInfo":{"baseKey":"BWTSExe1ul3EG0VQDwKebOFY1kIqMCg7Yrxsgku6XLZL","baseKeyType":1,"closed":-1,"used":1722399782875,"created":1722302915391,"remoteIdentityKey":"BWPMVXKAHqWxPDeZvvF1W/8OKpWAaX3RjFsmSlDIU40K"},"_chains":{"BcALskAgdizBJQ2qUwgO3C4xEvGrYmNEGlarPXOdbg4+":{"chainKey":{"counter":1},"chainType":2,"messageKeys":{}},"BQeBdNBjJAUXNsLwFWqczWYfrHTspRKPXoz9at9Hb2dq":{"chainKey":{"counter":0,"key":"LhkJPc1SelpuVa2iQhGLPZt/ixF8PzYjZTZcIOe61zY="},"chainType":2,"messageKeys":{}},"BS878eqC5qjRZDsKzb4RbriBbrhXsq5qPKrVf13mGQoU":{"chainKey":{"counter":27,"key":"t0gCSfxQfqRH0TwOWWc/g3TVAvsxnuf1xeZh3QfgJIs="},"chainType":1,"messageKeys":{}}}}},"version":"v1"}