{"_sessions":{"BTUElIggxVhf6WVSBtnUSNsAHUlg9oWqLsd7azDrfbNR":{"registrationId":15481,"currentRatchet":{"ephemeralKeyPair":{"pubKey":"BQxwyKwOwkGDV0ae2VoePU0D2CAQtBPleuG7SCb/g29V","privKey":"OHhHuOSG2j/OmiFTpn1Cp5AVpQEyw9uOh+MANdpSxWg="},"lastRemoteEphemeralKey":"BROrsWVy5HHmB6C5Ems/nQVn/4aBl3NbztzNwp+v6SE8","previousCounter":0,"rootKey":"RGWfzk7oN5X/foZc9oMV9kPI5iHuXVcpx24RrcDqOi4="},"indexInfo":{"baseKey":"BTUElIggxVhf6WVSBtnUSNsAHUlg9oWqLsd7azDrfbNR","baseKeyType":1,"closed":-1,"used":1722224746176,"created":1722224746176,"remoteIdentityKey":"BezeGCR6TayEDl9av1pBByW3tXcSpcA0s4d08YyaHSs+"},"_chains":{"BQxwyKwOwkGDV0ae2VoePU0D2CAQtBPleuG7SCb/g29V":{"chainKey":{"counter":6,"key":"SS2+j4lHk+tVUsR7ZcrRPorC1gvRyiyaIh4sRC3lzx4="},"chainType":1,"messageKeys":{}}},"pendingPreKey":{"signedKeyId":1,"baseKey":"BTUElIggxVhf6WVSBtnUSNsAHUlg9oWqLsd7azDrfbNR"}}},"version":"v1"}