{"_sessions":{"BbapY4T+m0bsVQZn83Rk3JiPBMXKp0NGKA7CWMmpTz4d":{"registrationId":1946317967,"currentRatchet":{"ephemeralKeyPair":{"pubKey":"BSiaewX8IlL9x6dBFyMPWXhLsdzCA8/3v/7y2mzSitxD","privKey":"AHwziGnQ/o8NFqf3WDuzUrEL7BWuhjMiWm+fnaTx9GI="},"lastRemoteEphemeralKey":"BZ9UScWCSn769qZePtrNZhcIPwAWzpCw4hynrZ32FQ58","previousCounter":48,"rootKey":"q1FQ5DAO9FReCZyr3oIfoJDLJ3+JzEfkSvdXhVd/H6I="},"indexInfo":{"baseKey":"BbapY4T+m0bsVQZn83Rk3JiPBMXKp0NGKA7CWMmpTz4d","baseKeyType":1,"closed":-1,"used":1722400982458,"created":1722302915490,"remoteIdentityKey":"BXCTI8DbW1CqLfGf4qZY6pJRLYJ/1GR5r1/c0GbPuz4B"},"_chains":{"BZ9UScWCSn769qZePtrNZhcIPwAWzpCw4hynrZ32FQ58":{"chainKey":{"counter":1,"key":"2U+pcxUTBxqDJTPXbs8h2H23fY7hZQyzESI3nSPeeF8="},"chainType":2,"messageKeys":{}},"BSiaewX8IlL9x6dBFyMPWXhLsdzCA8/3v/7y2mzSitxD":{"chainKey":{"counter":27,"key":"1u6kwASv4mFMvo8m+6kQUhEy36XJHeIDD+oJfmHynww="},"chainType":1,"messageKeys":{}}}}},"version":"v1"}