{"_sessions":{"BQ6IyTFflztof0MgtOV19zVCl0e0daqCu3eZndJJ2bQp":{"registrationId":15853,"currentRatchet":{"ephemeralKeyPair":{"pubKey":"BSb9y/OmocvZLoojowcMcUvW+hJGzHrSy8H9spRPXWJn","privKey":"cIDhQH4/ZBeL0JYz9Xolv2/3X10Ovuwg+edVjwOXWH8="},"lastRemoteEphemeralKey":"BRhctzixzwtfyiLLuQ/eaLN4pDPDDvBYYL4eeoosanJa","previousCounter":0,"rootKey":"1mxTE/smHpOlsfOAS+Fq9F0m7rA12X8iwK4hOwV/KFw="},"indexInfo":{"baseKey":"BQ6IyTFflztof0MgtOV19zVCl0e0daqCu3eZndJJ2bQp","baseKeyType":1,"closed":-1,"used":1722302914599,"created":1722302914599,"remoteIdentityKey":"BUTdKKjBxoqHkmR8fMq7iCcvlPh6dX/FwrZTKym9uGwC"},"_chains":{"BSb9y/OmocvZLoojowcMcUvW+hJGzHrSy8H9spRPXWJn":{"chainKey":{"counter":76,"key":"gOfhE/gmGRRs+j1HavWjJoE1i02QH3Ln+G7GTOk0soM="},"chainType":1,"messageKeys":{}}},"pendingPreKey":{"signedKeyId":2,"baseKey":"BQ6IyTFflztof0MgtOV19zVCl0e0daqCu3eZndJJ2bQp"}}},"version":"v1"}