{"_sessions":{"BRbwL6U8hyDdngyyo0PRbZPwBvgKavFOTrron415H+MJ":{"registrationId":516155805,"currentRatchet":{"ephemeralKeyPair":{"pubKey":"BftgD1+4pl4ol73PkXlIqWyg/WdXcfb4dxlm8SlDy6ln","privKey":"EMOrQ9XDXBPhKmFeJFnnssD9S5afaspc+TcdhM3fAXw="},"lastRemoteEphemeralKey":"BQEnin+8JqhXKjol+uznjr0XQb2P1K7D6qaIZ+v09kg9","previousCounter":0,"rootKey":"Kmv+7b0mXtKE5B1EwrFvCzjmkiAUk5QSeuas+r4Lszg="},"indexInfo":{"baseKey":"BRbwL6U8hyDdngyyo0PRbZPwBvgKavFOTrron415H+MJ","baseKeyType":1,"closed":-1,"used":1722224749456,"created":1722224749456,"remoteIdentityKey":"BSGBL9DYV8UoEJY+VMvrpp5zUQS4iA6zr0e1k9Xd5Mc5"},"_chains":{"BftgD1+4pl4ol73PkXlIqWyg/WdXcfb4dxlm8SlDy6ln":{"chainKey":{"counter":6,"key":"ZOmRKBw/Cz1rgj29vuM1PWufDyLz9NfpPai5Bhp6Q5w="},"chainType":1,"messageKeys":{}}},"pendingPreKey":{"signedKeyId":10,"baseKey":"BRbwL6U8hyDdngyyo0PRbZPwBvgKavFOTrron415H+MJ","preKeyId":727384}}},"version":"v1"}