{"_sessions":{"BfqPHrg95an18s357+Qmw3PmqDKAW0q/NgTWpG0nGPBI":{"registrationId":505973449,"currentRatchet":{"ephemeralKeyPair":{"pubKey":"BVV3LNxARpvuIWtjJ0d67Ob5pjBPD+1GNjNyR5aGhs4K","privKey":"gHWZF53CkgFw8a7SpO/0PVikn0hRFZb1odBOWY7ej2o="},"lastRemoteEphemeralKey":"Bd9aOgxPTMWdYreSjEIrocAOfeQKfPbjoAYZiXmh/1pz","previousCounter":0,"rootKey":"FcJ3uOP36xWGA9YgyxduDNGA1n9OFJqVGUMoL9PxYmc="},"indexInfo":{"baseKey":"BfqPHrg95an18s357+Qmw3PmqDKAW0q/NgTWpG0nGPBI","baseKeyType":1,"closed":-1,"used":1722454511994,"created":1722454511994,"remoteIdentityKey":"BXnVHLcwkcmSBVjX4P8zGpo85U9JNgGDdSELEtD2Zvkb"},"_chains":{"BVV3LNxARpvuIWtjJ0d67Ob5pjBPD+1GNjNyR5aGhs4K":{"chainKey":{"counter":7,"key":"Z5m9xiv028HDJKhk2BSLGKaekl7Ll5djWBLw0Bk/LNE="},"chainType":1,"messageKeys":{}}},"pendingPreKey":{"signedKeyId":1,"baseKey":"BfqPHrg95an18s357+Qmw3PmqDKAW0q/NgTWpG0nGPBI","preKeyId":9453005}}},"version":"v1"}