{"_sessions":{"BUhl0/Yksg/gD9I52743VPfgpYhh4N5gmhiM00vyLkMM":{"registrationId":1010408495,"currentRatchet":{"ephemeralKeyPair":{"pubKey":"BfhVi1K0j3ijYgncGAIic+ocaZ5ibU67ii3Ar/7N4e9t","privKey":"cD5B22BBOTUR7Yu7+sU3nkAJLKlTB19qu7D5tKUvH1s="},"lastRemoteEphemeralKey":"BVH8OsqmcD1i29ounpmgB3PoWaief23KXWwfGhc1d2B2","previousCounter":0,"rootKey":"+UWskGh/OP9YNqlQYvTQaATevew9zBdO2EHn3ir/CIY="},"indexInfo":{"baseKey":"BUhl0/Yksg/gD9I52743VPfgpYhh4N5gmhiM00vyLkMM","baseKeyType":1,"closed":-1,"used":1722224745799,"created":1722224745799,"remoteIdentityKey":"BRVcxl2JpXaqfbHPYHiEJX+xxTd0lU7qyt7Z1Euw1cpa"},"_chains":{"BfhVi1K0j3ijYgncGAIic+ocaZ5ibU67ii3Ar/7N4e9t":{"chainKey":{"counter":6,"key":"UUL9xC0FRrwNc7wUeQkooOSRkKWWr8u1+5wmnUwDiiY="},"chainType":1,"messageKeys":{}}},"pendingPreKey":{"signedKeyId":1,"baseKey":"BUhl0/Yksg/gD9I52743VPfgpYhh4N5gmhiM00vyLkMM"}}},"version":"v1"}