{"_sessions":{"BRT+ElpkD1YamHeNwmC1A8jP3CAhySX0MlxEzaBG6KMA":{"registrationId":769889349,"currentRatchet":{"ephemeralKeyPair":{"pubKey":"BVA8tDCwIsy4hSx6hsnOulUX/6Az55+BP7ocz+lFwWgF","privKey":"WH8D/Zsgebd18wKkbOfzRlSMMCXZrb0PZlut/7D0NnQ="},"lastRemoteEphemeralKey":"BSm3Jh+4IjHRxSDJx5WfLsu2Mn0dkfmsiyudxjTmhf95","previousCounter":0,"rootKey":"3ystBZiV9A+iMZJHC8dMvVYuV2pmuizQUcLbQZVWvr0="},"indexInfo":{"baseKey":"BRT+ElpkD1YamHeNwmC1A8jP3CAhySX0MlxEzaBG6KMA","baseKeyType":1,"closed":-1,"used":1722302915296,"created":1722302915296,"remoteIdentityKey":"BfqtYpezyRy6viyNO7ksht7HsWxfZ0cyTuNMYDry7PcX"},"_chains":{"BVA8tDCwIsy4hSx6hsnOulUX/6Az55+BP7ocz+lFwWgF":{"chainKey":{"counter":76,"key":"uReS3MgkBI1hPyAjrplpMEnHCwCV5N40/J4O8lgo0EU="},"chainType":1,"messageKeys":{}}},"pendingPreKey":{"signedKeyId":9,"baseKey":"BRT+ElpkD1YamHeNwmC1A8jP3CAhySX0MlxEzaBG6KMA","preKeyId":5426289}}},"version":"v1"}