{"_sessions":{"BexNANfgqC9zaIIb1VWpjQTNK3s7gT1rW/63p19w8foJ":{"registrationId":560352886,"currentRatchet":{"ephemeralKeyPair":{"pubKey":"BWRy7ZxJqYrLA1Fsd1UcmOnoq1ZpQgBRyyJYmlKJPc1Z","privKey":"cLInoYXIS3cLUH5d4ChgDb5pRtzeTJ29K944pan3vUE="},"lastRemoteEphemeralKey":"BT3IkCa3YDQiKP+MSD61Kt2VNMyT1tkCmcPmS20gYcVT","previousCounter":0,"rootKey":"ZF4ZwJQYUVo40z0uYEy1t+gWvvJ7H2q8AiYQwEq4LGY="},"indexInfo":{"baseKey":"BexNANfgqC9zaIIb1VWpjQTNK3s7gT1rW/63p19w8foJ","baseKeyType":1,"closed":-1,"used":1722454512271,"created":1722454512271,"remoteIdentityKey":"BWPMVXKAHqWxPDeZvvF1W/8OKpWAaX3RjFsmSlDIU40K"},"_chains":{"BWRy7ZxJqYrLA1Fsd1UcmOnoq1ZpQgBRyyJYmlKJPc1Z":{"chainKey":{"counter":7,"key":"LFmkNo7ZDe0up/ziNYa56Do19eyFlV4lWxb4NVh8LCc="},"chainType":1,"messageKeys":{}}},"pendingPreKey":{"signedKeyId":0,"baseKey":"BexNANfgqC9zaIIb1VWpjQTNK3s7gT1rW/63p19w8foJ","preKeyId":13031558}}},"version":"v1"}