{"_sessions":{"BW0TEYIuY3jXk9oiObrRpgseYuaONLxqK/b8ItvJ4jJ6":{"registrationId":16,"currentRatchet":{"ephemeralKeyPair":{"pubKey":"BUA2ir7WMBgjemj7DOLzaPe/AmUEa4/kUmCdiHIR5PsU","privKey":"6CD1Fyr2/THzAtrTB3zMpFaRJ2hjDivHNDMBqBxs1Us="},"lastRemoteEphemeralKey":"BZF4YOwZiUhlfw/YhQ2YPfItVUmfzy8cQM/UeQLeXWo8","previousCounter":0,"rootKey":"gnb2dkP+aOM3dfHyC6XDkN3D1V4M5IRUXoLqiD4wr3M="},"indexInfo":{"baseKey":"BW0TEYIuY3jXk9oiObrRpgseYuaONLxqK/b8ItvJ4jJ6","baseKeyType":1,"closed":-1,"used":1722224746397,"created":1722224746397,"remoteIdentityKey":"BRxczksIHcwWX7tHx5n6H73Jje5bzeXQWDUINbK1YElK"},"_chains":{"BUA2ir7WMBgjemj7DOLzaPe/AmUEa4/kUmCdiHIR5PsU":{"chainKey":{"counter":6,"key":"QOEnDfcrOLfMASkRPQ0GC81doGmaN3PcSDf2pDPkl2A="},"chainType":1,"messageKeys":{}}},"pendingPreKey":{"signedKeyId":1,"baseKey":"BW0TEYIuY3jXk9oiObrRpgseYuaONLxqK/b8ItvJ4jJ6"}}},"version":"v1"}