{"_sessions":{"BfE75po7nH3fyZmHmCW3l6SMwh4/eZOpCrCDapB0/FkW":{"registrationId":730245543,"currentRatchet":{"ephemeralKeyPair":{"pubKey":"BVhYV2KyFR2U4M9NsPUVIQJYQ5iU+cceuCwnaIvA24gC","privKey":"+CNGpr/e+f+9OqeHD4hiEOQS88hfMalD+OEBcVafmnw="},"lastRemoteEphemeralKey":"BQbjPV2tXd++IQn0q8kxV+sWzh6SRyB+SC3FszgM6qga","previousCounter":0,"rootKey":"DEuyeU/6wdICDIfKoF8ADgWdk/p8nUiKaC0I8UQ2EBc="},"indexInfo":{"baseKey":"BfE75po7nH3fyZmHmCW3l6SMwh4/eZOpCrCDapB0/FkW","baseKeyType":1,"closed":-1,"used":1722224747586,"created":1722224747586,"remoteIdentityKey":"BWX6veruDiyL842+cEc+RYyTkuoPj8dPBs17kAxnwtQA"},"_chains":{"BVhYV2KyFR2U4M9NsPUVIQJYQ5iU+cceuCwnaIvA24gC":{"chainKey":{"counter":6,"key":"Azhf7dB4AxwfQpzNG1yVdgRXnsTcf/T0l2R3hmxRVkE="},"chainType":1,"messageKeys":{}}},"pendingPreKey":{"signedKeyId":0,"baseKey":"BfE75po7nH3fyZmHmCW3l6SMwh4/eZOpCrCDapB0/FkW","preKeyId":6513049}}},"version":"v1"}