{"_sessions":{"BZGYkn+F+4dZ4OTCTLqb7IwK8nPNXYaAbke8tlkT6o1v":{"registrationId":248966087,"currentRatchet":{"ephemeralKeyPair":{"pubKey":"BWY23IW1t3wpf7QgvdDQuyJS1qTLXFaQAqCXhqafbBYU","privKey":"AHOCwAuJNgZEN0X7q23QiE8icE2Eh0RmSQ5837mhvX8="},"lastRemoteEphemeralKey":"BXq9cl7zaE2MEx8MKj7+2W/yCq89iSDYrJuwkTaz+G8p","previousCounter":0,"rootKey":"x/yMcDxbQgiLonTuZJa7vEmwQ4CTgP2llJOpLws5OzI="},"indexInfo":{"baseKey":"BZGYkn+F+4dZ4OTCTLqb7IwK8nPNXYaAbke8tlkT6o1v","baseKeyType":1,"closed":-1,"used":1722224746358,"created":1722224746358,"remoteIdentityKey":"BYGO+0ucPG/CCY4JPe0BOj7jrQzD1zsF4S0cbdzut8MS"},"_chains":{"BWY23IW1t3wpf7QgvdDQuyJS1qTLXFaQAqCXhqafbBYU":{"chainKey":{"counter":6,"key":"ufd2KBQ9J5er2Y3kqZ9YyZx84wfKKDGsRpxOXNz4JIc="},"chainType":1,"messageKeys":{}}},"pendingPreKey":{"signedKeyId":2736953,"baseKey":"BZGYkn+F+4dZ4OTCTLqb7IwK8nPNXYaAbke8tlkT6o1v"}}},"version":"v1"}