{"_sessions":{"BXHaHua4BYnJDLK7G/AGdf/H0DPN4T89DHUAyS7MZYhs":{"registrationId":2012693128,"currentRatchet":{"ephemeralKeyPair":{"pubKey":"BZkJHBdCCC3l4lIlhTz+k+TeBd83CQ9w89pipEzczDsA","privKey":"GDzZJtXw/iOCIbfivZ4574TiuilGIMcmu8T3mjpxX0o="},"lastRemoteEphemeralKey":"BSbT6Pmlsw4Hefzzs1udNZbzrBLbvFGJqITIDeBfdkhE","previousCounter":0,"rootKey":"4e0DF3oFfcp/pJLXVzmAZBcKV9ySsojeEQbEvDTyfws="},"indexInfo":{"baseKey":"BXHaHua4BYnJDLK7G/AGdf/H0DPN4T89DHUAyS7MZYhs","baseKeyType":1,"closed":-1,"used":1722302915192,"created":1722302915192,"remoteIdentityKey":"BVTTpfpPVlu3iZejPs3tYJFNOLmZl9YiMS515CEYzvgT"},"_chains":{"BZkJHBdCCC3l4lIlhTz+k+TeBd83CQ9w89pipEzczDsA":{"chainKey":{"counter":76,"key":"g6oAcplx0ibW9p09y5/ur2bnIIZ3BLEQYx1RoD9cpU4="},"chainType":1,"messageKeys":{}}},"pendingPreKey":{"signedKeyId":1,"baseKey":"BXHaHua4BYnJDLK7G/AGdf/H0DPN4T89DHUAyS7MZYhs"}}},"version":"v1"}