{"_sessions":{"Beggprc9Pd1SsUfWax4gZ1cAcs95Xhkl/Fhf3Uv3h6sU":{"registrationId":991054007,"currentRatchet":{"ephemeralKeyPair":{"pubKey":"BdcEjwRk/JYbTQvHeXz5fXjRF/GZ5qO42hQGdQbB5QlA","privKey":"CLtiVvPDAo3r2p7UQ2wm3LnzHINsstmNEkeZk9gYmVU="},"lastRemoteEphemeralKey":"Bd+a2zsjAs4TExQxB41djpaZuhiyxPjWGdGe1/6PIPpA","previousCounter":0,"rootKey":"TfQkinUE6pLrlvJtJfWFEka43rdXHr4/qukfkEp3V5s="},"indexInfo":{"baseKey":"Beggprc9Pd1SsUfWax4gZ1cAcs95Xhkl/Fhf3Uv3h6sU","baseKeyType":1,"closed":-1,"used":1722468128470,"created":1722468121958,"remoteIdentityKey":"BTxcThmlkL0V4W07ZdDCX897421fwrHXr21NRTdKB3MS"},"_chains":{"Bd+a2zsjAs4TExQxB41djpaZuhiyxPjWGdGe1/6PIPpA":{"chainKey":{"counter":0,"key":"weciss7McOgwD8FyDngsVJSIy7Y13W97KKrBeEkht0g="},"chainType":2,"messageKeys":{}},"BdcEjwRk/JYbTQvHeXz5fXjRF/GZ5qO42hQGdQbB5QlA":{"chainKey":{"counter":0,"key":"5/9wiviChH2LLau7xLx8Z7/i9yVnYKFZJMJt7RdkoxQ="},"chainType":1,"messageKeys":{}}}}},"version":"v1"}