{"_sessions":{"BfP9/fP84HV27++yQNzcEN/m4H/BKMeNN+aW47s1WUJN":{"registrationId":1199,"currentRatchet":{"ephemeralKeyPair":{"pubKey":"BbR1xJxeWzKnthBLa6zh83J5AFVtKU8qfVT77EKE5pE6","privKey":"cMgZtPasPu+KUolyU6k/40/QUDyGYCEk5zDFtHEv61E="},"lastRemoteEphemeralKey":"BUAVfAyg4aU/7FASLOheU0XP13oDm1lW+AwoChYyRXoL","previousCounter":0,"rootKey":"xsbCotXu7QTwurwFPG9/+q6jvg3Q/oQeNALdHZ8QM/w="},"indexInfo":{"baseKey":"BfP9/fP84HV27++yQNzcEN/m4H/BKMeNN+aW47s1WUJN","baseKeyType":1,"closed":-1,"used":1722224745777,"created":1722224745777,"remoteIdentityKey":"BXi50b0IrmH1ycBJCaI6F1rK661hAC7dRpi6vsCzrkZi"},"_chains":{"BbR1xJxeWzKnthBLa6zh83J5AFVtKU8qfVT77EKE5pE6":{"chainKey":{"counter":6,"key":"Lj35T3A4Cz+Pvn4ri2gcnpEx3fyNFKZSyKMbYYGrOyY="},"chainType":1,"messageKeys":{}}},"pendingPreKey":{"signedKeyId":1,"baseKey":"BfP9/fP84HV27++yQNzcEN/m4H/BKMeNN+aW47s1WUJN","preKeyId":140}}},"version":"v1"}