{"_sessions":{"BTxxBY37DnLWCbZErIb6PtwiM6saqVkj8P22Ye0DXoZz":{"registrationId":2140355426,"currentRatchet":{"ephemeralKeyPair":{"pubKey":"BU4g1oqKIPQKI5osuhQr9ma21zoYPyvcr72pDoUOyZIN","privKey":"EN+91LD80ztpUpq/ZNPjDNpxjwQmNWt4oSSMPVGkWk4="},"lastRemoteEphemeralKey":"BZeCXw8WThKttDLqdWWGh4DX1A/DoxwUFJ9ejskTVGZL","previousCounter":7,"rootKey":"BaGdy9nTZnQYjB/BzcVXOeme5hvlGWbXCQDkQgI3bGk="},"indexInfo":{"baseKey":"BTxxBY37DnLWCbZErIb6PtwiM6saqVkj8P22Ye0DXoZz","baseKeyType":1,"closed":-1,"used":1722356882600,"created":1722302915292,"remoteIdentityKey":"BUUhbP6YW9LPfOL9ptWKoTjmTjRnc8Ex35QA0aq8e+cY"},"_chains":{"BdOxLSmq7ZqWiGc4OZNQz7/3eQkRVR4YXM30t9K4JnZU":{"chainKey":{"counter":1},"chainType":2,"messageKeys":{}},"BZeCXw8WThKttDLqdWWGh4DX1A/DoxwUFJ9ejskTVGZL":{"chainKey":{"counter":1,"key":"IBvK0Uqi3C9M7bjp69Imon23B4SIXEvfLWLvAVN/8dk="},"chainType":2,"messageKeys":{}},"BU4g1oqKIPQKI5osuhQr9ma21zoYPyvcr72pDoUOyZIN":{"chainKey":{"counter":37,"key":"2VTbjPbQGt886e4f8231LO4pesBR4CvHHSyKJtpnSQg="},"chainType":1,"messageKeys":{}}}}},"version":"v1"}