{"_sessions":{"BUdPsX5go1uk51XaZcfd/koTI8SHTo/8mzLP/FyHD1gt":{"registrationId":980186985,"currentRatchet":{"ephemeralKeyPair":{"pubKey":"BTM3jpJv1UGNVRu82uhjQprBQwlwpi65NdV9FyUIun8B","privKey":"WBnYcQrUZDyYpiZCMr7i+eQrlkEd9cQPsQ15RMNxH1c="},"lastRemoteEphemeralKey":"BbnpprJV6cJ5bmoJc3dogkAKsUKRFc54CJWcNuCOblhR","previousCounter":1,"rootKey":"QpCRsQn4htFjTNpV+Zf2n4cQsB2i6CN4/iKD6HWhH3o="},"indexInfo":{"baseKey":"BUdPsX5go1uk51XaZcfd/koTI8SHTo/8mzLP/FyHD1gt","baseKeyType":1,"closed":-1,"used":1722472321704,"created":1722454513165,"remoteIdentityKey":"BbuLkPa4a6LQHcIi4jAo2Qqjk6wzNXDpJ1O+NmYdFmwo"},"_chains":{"BbnpprJV6cJ5bmoJc3dogkAKsUKRFc54CJWcNuCOblhR":{"chainKey":{"counter":0,"key":"QIHbDPNIXDrgu2y3PyLWVGp0ghmYwwsLeYvmvFbI/3o="},"chainType":2,"messageKeys":{}},"BTM3jpJv1UGNVRu82uhjQprBQwlwpi65NdV9FyUIun8B":{"chainKey":{"counter":5,"key":"3cpIOBZOnUF/K1z4ecQQCt/ZFGEn/PdnCOVY65y18vQ="},"chainType":1,"messageKeys":{}}}}},"version":"v1"}