{"_sessions":{"BQW6erLcQksjinVvjEkyFEWE4fOkxyvqmOAwUuNaN+0F":{"registrationId":1825047040,"currentRatchet":{"ephemeralKeyPair":{"pubKey":"BS9/PG9A/ZeOh0Sk2zRsKYR+FLpVkT3dZV8myKWBzW9S","privKey":"QCf3ZrN18WX2N1hCwABPVe8R3NnWRNYyGsqsSpSzXVQ="},"lastRemoteEphemeralKey":"BYLZAPtPQsQdNhRVYjQplF7rCBiBauhp6DPlbTWh1pop","previousCounter":0,"rootKey":"OmOUpk50EkwpUZb9E2NnzAPZvnELK8ay8i35EB9bzGw="},"indexInfo":{"baseKey":"BQW6erLcQksjinVvjEkyFEWE4fOkxyvqmOAwUuNaN+0F","baseKeyType":1,"closed":-1,"used":1722224746858,"created":1722224746858,"remoteIdentityKey":"BdZyHncZ20a/mYSZxLAYACv8/6K+LZII4OB9hhKQ71hm"},"_chains":{"BS9/PG9A/ZeOh0Sk2zRsKYR+FLpVkT3dZV8myKWBzW9S":{"chainKey":{"counter":6,"key":"Rcnh3iSYRb0Dco7Une7dMLpJW5GnLZ2X0bce8lszze0="},"chainType":1,"messageKeys":{}}},"pendingPreKey":{"signedKeyId":30,"baseKey":"BQW6erLcQksjinVvjEkyFEWE4fOkxyvqmOAwUuNaN+0F","preKeyId":9042588}}},"version":"v1"}