{"_sessions":{"BXULTEb9pJdpgyVdxinbu2Pk6Lhm0aBzAtzoXNuP9iNz":{"registrationId":7953,"currentRatchet":{"ephemeralKeyPair":{"pubKey":"BUS5NBp3CSayac0GH7tS7Q9h70ldWp35e+PGdPOxy51g","privKey":"sBYxMIhg3/fcu5InzpMGz9VhwQnyfRX/5cfZ2SESBHo="},"lastRemoteEphemeralKey":"BWRXscmaV425D0nNetk4EBxNonzuu04Q2eZp+X6Fy/pV","previousCounter":0,"rootKey":"g2XbdpFJCyRflbzgXfQwreTW7z90Z1idmJTuMHPWOFM="},"indexInfo":{"baseKey":"BXULTEb9pJdpgyVdxinbu2Pk6Lhm0aBzAtzoXNuP9iNz","baseKeyType":1,"closed":-1,"used":1722224745077,"created":1722224745077,"remoteIdentityKey":"BYiaPEpJRbJ5Qg654OftycR8iBi4n7Vf8zmcI0OgowkW"},"_chains":{"BUS5NBp3CSayac0GH7tS7Q9h70ldWp35e+PGdPOxy51g":{"chainKey":{"counter":6,"key":"UbcMWlhQC3E1P8C0WLyYoK9wraP90eOLuETd+CREkCA="},"chainType":1,"messageKeys":{}}},"pendingPreKey":{"signedKeyId":1,"baseKey":"BXULTEb9pJdpgyVdxinbu2Pk6Lhm0aBzAtzoXNuP9iNz"}}},"version":"v1"}