{"_sessions":{"BcMupTll5rTPR+czgyw3bpxYCLX02PgaQrYEPTqd/xZm":{"registrationId":948435577,"currentRatchet":{"ephemeralKeyPair":{"pubKey":"BerV3hqc8dGz4JfNoEA4knJl2Tjy6cdxXdpolBrbL/5E","privKey":"ePVoC2v98ho4ZznEviNYi4FBdYbearZKIsEhUdQFDE4="},"lastRemoteEphemeralKey":"BVqgkR8JoXwp1lcCHsEJKCuboEODRbLQsIbce+xf5aIp","previousCounter":0,"rootKey":"3qBU635R8vkcgrBLUkM6Yjkyq6h7tRNfiJRIuX9ZZfc="},"indexInfo":{"baseKey":"BcMupTll5rTPR+czgyw3bpxYCLX02PgaQrYEPTqd/xZm","baseKeyType":1,"closed":-1,"used":1722224748590,"created":1722224748590,"remoteIdentityKey":"BfTtDABny13CtPXFd65P4M+cygynqhDp3AkEPxmfPzpJ"},"_chains":{"BerV3hqc8dGz4JfNoEA4knJl2Tjy6cdxXdpolBrbL/5E":{"chainKey":{"counter":6,"key":"ejR4DxIH6KSWc7KhnT4qwHzFgLekFDUkavQfl85B1ZA="},"chainType":1,"messageKeys":{}}},"pendingPreKey":{"signedKeyId":0,"baseKey":"BcMupTll5rTPR+czgyw3bpxYCLX02PgaQrYEPTqd/xZm","preKeyId":2211940}}},"version":"v1"}