{"_sessions":{"BRYnvZf/ZeeilcRyzIGonENap8ZOT3DM63GRe7z4anlz":{"registrationId":3803,"currentRatchet":{"ephemeralKeyPair":{"pubKey":"BVu7m6veuymGs0XEgWdOSLMOsKYp6BblqCnFAybyW1g+","privKey":"AMt6q2+I7Bua1Pet9WvwzOQzh01rdwymp67gAATGjVk="},"lastRemoteEphemeralKey":"BfupbrbeoIBglf2wXohbc73v3q2EOPAx/EcO7YxcjRd5","previousCounter":0,"rootKey":"uAQdkhYi6ryl2SHASzj7r4J+gAomcI/dhKonVN1Z3ak="},"indexInfo":{"baseKey":"BRYnvZf/ZeeilcRyzIGonENap8ZOT3DM63GRe7z4anlz","baseKeyType":1,"closed":-1,"used":1722224745790,"created":1722224745790,"remoteIdentityKey":"BR8NvPNG5AviXVSciD5eSTEWvazO6fHub0oE0nsJOuoX"},"_chains":{"BVu7m6veuymGs0XEgWdOSLMOsKYp6BblqCnFAybyW1g+":{"chainKey":{"counter":6,"key":"4rPklfbG9MNgmVc3lr7DQRLDZ5xbX2biWzZLqbeDr6U="},"chainType":1,"messageKeys":{}}},"pendingPreKey":{"signedKeyId":1,"baseKey":"BRYnvZf/ZeeilcRyzIGonENap8ZOT3DM63GRe7z4anlz"}}},"version":"v1"}