{"_sessions":{"Bden/yYnH1KmUYJxeyTatm8SFKzTFulG38/ftUxcPSMQ":{"registrationId":1130882759,"currentRatchet":{"ephemeralKeyPair":{"pubKey":"BcYGsCMC45DuM3/6E6gwMrAdxmD37U3mQE1O/c15Wkgn","privKey":"IC9/RIKsLVucNkTiIOqsqEIv3PYV1NY3/h/D108KrXY="},"lastRemoteEphemeralKey":"Ba4TgPQvWV0HYlJJe80N4RofOo806id+TP4poviYrWtq","previousCounter":0,"rootKey":"166iaaln18MgHSzJnmLjsPoTofBpvebGVCZ0PaFdiKs="},"indexInfo":{"baseKey":"Bden/yYnH1KmUYJxeyTatm8SFKzTFulG38/ftUxcPSMQ","baseKeyType":1,"closed":-1,"used":1722224746878,"created":1722224746878,"remoteIdentityKey":"BX8KKMZyan3re/dsparz5pngWdoYzJwOCtZgXXww7w4b"},"_chains":{"BcYGsCMC45DuM3/6E6gwMrAdxmD37U3mQE1O/c15Wkgn":{"chainKey":{"counter":6,"key":"Qgfgf3poqBDzEcDfdISFhn1Qjy/bvjPuDo1qz/scQV0="},"chainType":1,"messageKeys":{}}},"pendingPreKey":{"signedKeyId":1,"baseKey":"Bden/yYnH1KmUYJxeyTatm8SFKzTFulG38/ftUxcPSMQ","preKeyId":340004}}},"version":"v1"}