{"_sessions":{"BWgILHdFs2IL5TWIIMLDMUuYfxuit00vK7zLDbG+AFkk":{"registrationId":592033608,"currentRatchet":{"ephemeralKeyPair":{"pubKey":"BXCBWp9W4BaBJRamHsfAcbUorNZZQ9TLrpn81u43stFX","privKey":"MB4FP/e2QkQGByfDDs+YQ5OAd77kHaCWj/Vhe7l680M="},"lastRemoteEphemeralKey":"BYdcqFda9oZEo4Qhbg00QxTP7yZpqDyjHZLupckgMq42","previousCounter":0,"rootKey":"AjGpiCn/3fjk17QonDq6I3rPQlnMkY5gd+6dMVfh0pU="},"indexInfo":{"baseKey":"BWgILHdFs2IL5TWIIMLDMUuYfxuit00vK7zLDbG+AFkk","baseKeyType":1,"closed":-1,"used":1722302915466,"created":1722302915466,"remoteIdentityKey":"BeY9roiZmMCCo+2JXmEVINNL/hBg6qzmTiP52b8l4GAv"},"_chains":{"BXCBWp9W4BaBJRamHsfAcbUorNZZQ9TLrpn81u43stFX":{"chainKey":{"counter":76,"key":"dyanmfy0/cNJFT53rt9YZYS+4FeOLCwmAvP+BQugpU4="},"chainType":1,"messageKeys":{}}},"pendingPreKey":{"signedKeyId":1,"baseKey":"BWgILHdFs2IL5TWIIMLDMUuYfxuit00vK7zLDbG+AFkk","preKeyId":13055811}}},"version":"v1"}