{"_sessions":{"BVPcJpllDvliLkz6xVt8qKS2z6V1zl9xJPYL0nDvHXtZ":{"registrationId":1395062582,"currentRatchet":{"ephemeralKeyPair":{"pubKey":"BZca9hTG4g186tbszTqfu21yKc/U1v88GMbwph9aTkhx","privKey":"uLiO94l+Gahn48hoDCQrtLxgYehMFk+SXykCvA29vGI="},"lastRemoteEphemeralKey":"BVW4xYYaqbL7hKNrHXP2fg8ptvphG2LU24QQKEOaH/cz","previousCounter":0,"rootKey":"yo3JJPiDfQyBo34Tj+uRCSuf8Iieti0ERVhnI6McXH4="},"indexInfo":{"baseKey":"BVPcJpllDvliLkz6xVt8qKS2z6V1zl9xJPYL0nDvHXtZ","baseKeyType":1,"closed":-1,"used":1722244793302,"created":1722244793302,"remoteIdentityKey":"BTqhjzo1kxdGJVMgAU567HSaGG9c9fDtHyDpOfLONg0r"},"_chains":{"BZca9hTG4g186tbszTqfu21yKc/U1v88GMbwph9aTkhx":{"chainKey":{"counter":14,"key":"HejtfSh58M1tnFU7mQcdTSW0fvRyAvbu3chBiUBS6UU="},"chainType":1,"messageKeys":{}}},"pendingPreKey":{"signedKeyId":1,"baseKey":"BVPcJpllDvliLkz6xVt8qKS2z6V1zl9xJPYL0nDvHXtZ"}}},"version":"v1"}