{"_sessions":{"BYNrZepJHlVjbVNa2uOrBTVRVt3/H9NJzoCcP5BzcWYr":{"registrationId":156167258,"currentRatchet":{"ephemeralKeyPair":{"pubKey":"BUeTd/po1nLMBoLmS7Hm0lUcUrIpX4GD6GRc1MVPnPQG","privKey":"sPeaTY2t3od/iNT5bYvDyQOp3gwVPKAI5qOvEh6bCmU="},"lastRemoteEphemeralKey":"BZVhtnyjlgqRFNiF77UYvREXslbb/D2iOnsVvNeBRC8p","previousCounter":0,"rootKey":"GuacDqT7LH9cdAWBZ1JyCWGgPDJFSD20ajN3FapL97g="},"indexInfo":{"baseKey":"BYNrZepJHlVjbVNa2uOrBTVRVt3/H9NJzoCcP5BzcWYr","baseKeyType":1,"closed":-1,"used":1722224746759,"created":1722224746759,"remoteIdentityKey":"BfAYVH7XjbDUUHqDePea9unSaiIgLTYwq/ju+aeeQ+Fs"},"_chains":{"BUeTd/po1nLMBoLmS7Hm0lUcUrIpX4GD6GRc1MVPnPQG":{"chainKey":{"counter":6,"key":"aH/9fktsoXaPp8BobjYk7Wk9dHTZEbL6wRb1kIaLSj4="},"chainType":1,"messageKeys":{}}},"pendingPreKey":{"signedKeyId":1,"baseKey":"BYNrZepJHlVjbVNa2uOrBTVRVt3/H9NJzoCcP5BzcWYr","preKeyId":7721158}}},"version":"v1"}