{"_sessions":{"BeDeLSQEXpQbBfhzXIcQRadeZtVwIBF1n8pd0qWwGoYT":{"registrationId":77807949,"currentRatchet":{"ephemeralKeyPair":{"pubKey":"BbtrKX/cNoQvZ71n40NPgaHFIJG0klTB5838FQY56SsB","privKey":"EAjVvAOS0eNfI1PrdpWnzV47lz8E3+FMOFt0+1CWGmo="},"lastRemoteEphemeralKey":"BUE2L66V5wLIbxSduTQQQm6glyl2J5Fk+HzSJoKItoUL","previousCounter":21,"rootKey":"LGZGzl5uczhUzKL4zknOmT501P4JGJu78sAfnyhCVjI="},"indexInfo":{"baseKey":"BeDeLSQEXpQbBfhzXIcQRadeZtVwIBF1n8pd0qWwGoYT","baseKeyType":1,"closed":-1,"used":1722409939574,"created":1722302914857,"remoteIdentityKey":"BVu3S1KUPlM7CybPCzaWy9Y3KHt5DpHP8YbnsTE0tQUK"},"_chains":{"BWshAwdPyVZikwRxKJL+hFeRT2ScTl/7WQXfCGwFJCs/":{"chainKey":{"counter":0},"chainType":2,"messageKeys":{}},"BalMhAdbZzb0IhmwxfMun2jV+MF1HxAkozH85fR5VT4n":{"chainKey":{"counter":1},"chainType":2,"messageKeys":{}},"Bb8YX6Tp1UZx9mQZQ38HVzrhPPj+v65d/Jde8rXXfFow":{"chainKey":{"counter":0},"chainType":2,"messageKeys":{}},"BSyZiofEbYuBIVVSnMbSqQb4HpIELOoeWPCi7z1aYxJq":{"chainKey":{"counter":0},"chainType":2,"messageKeys":{}},"BUE2L66V5wLIbxSduTQQQm6glyl2J5Fk+HzSJoKItoUL":{"chainKey":{"counter":0,"key":"DBpok4fngCm75eXLB7GI2KqR7KyVQ89zb9JZ7p8IVVw="},"chainType":2,"messageKeys":{}},"BbtrKX/cNoQvZ71n40NPgaHFIJG0klTB5838FQY56SsB":{"chainKey":{"counter":9,"key":"V0if7HohLxFpuQMCUrcJ0nL77gK+cXFxlCA8ACapKgo="},"chainType":1,"messageKeys":{}}}}},"version":"v1"}