{"_sessions":{"Bdl6F203GORvUndinB93YQSyYk56ay1E9v0fDayVvitQ":{"registrationId":1586648760,"currentRatchet":{"ephemeralKeyPair":{"pubKey":"BWe+syzoOubJCfaN4SEye/EkJj51d59SXI0vRh0hAzM4","privKey":"sFFEiWiHehaT+IoeMMOfhW4XrXYeLS5pQ6LpmyBDpVQ="},"lastRemoteEphemeralKey":"BTgVc3IOPAnx/57jQtiVkrPQdPT+xGTPGRESvzRBvqNq","previousCounter":0,"rootKey":"Noc69ovCr4KM5s9nYLs3g+8TIgOGftGG91bJ8QAYhAQ="},"indexInfo":{"baseKey":"Bdl6F203GORvUndinB93YQSyYk56ay1E9v0fDayVvitQ","baseKeyType":1,"closed":-1,"used":1722454511666,"created":1722454511666,"remoteIdentityKey":"BRXpf0FBwIjMzAWhOsry3znEKns93TgsJxL+TgGS2kMg"},"_chains":{"BWe+syzoOubJCfaN4SEye/EkJj51d59SXI0vRh0hAzM4":{"chainKey":{"counter":7,"key":"VUXd8yJ7+JAC8QLAklh1GdP4AOCtU3ZyesqXMg814W0="},"chainType":1,"messageKeys":{}}},"pendingPreKey":{"signedKeyId":8,"baseKey":"Bdl6F203GORvUndinB93YQSyYk56ay1E9v0fDayVvitQ","preKeyId":1284094}}},"version":"v1"}