{"_sessions":{"BcaMrPOgYR/o6mOE1XrVvS+7BMh69t8JeTYkX+qW4v50":{"registrationId":939988376,"currentRatchet":{"ephemeralKeyPair":{"pubKey":"BRragePmu3vNTgdS5IP/JuEoctbFpLJjqSL5nTT/vTUA","privKey":"oLvZELtIgGeEF2G/z6xvbwQTzUWz/8Pnfn+5hEhOLGY="},"lastRemoteEphemeralKey":"BU8tM1zwW4qKJb/vudjvQhCPEj3XUOBRX6LscsSXW8hp","previousCounter":0,"rootKey":"rZJcMTazh0bdqEcN60aWsZSTme/GD3NeOE8IhyhFH+c="},"indexInfo":{"baseKey":"BcaMrPOgYR/o6mOE1XrVvS+7BMh69t8JeTYkX+qW4v50","baseKeyType":1,"closed":-1,"used":1722224748457,"created":1722224748457,"remoteIdentityKey":"BS7cqB+TNndY+mSS2NgvqJGgtIYV3cZfm9nO6bAgxpwM"},"_chains":{"BRragePmu3vNTgdS5IP/JuEoctbFpLJjqSL5nTT/vTUA":{"chainKey":{"counter":6,"key":"43owMzNXhrdm9dxoQcUIm8Oae64in2Lt/kihZON57d0="},"chainType":1,"messageKeys":{}}},"pendingPreKey":{"signedKeyId":0,"baseKey":"BcaMrPOgYR/o6mOE1XrVvS+7BMh69t8JeTYkX+qW4v50"}}},"version":"v1"}