{"_sessions":{"BQMWVzCWyJKeuWME+YrHwQtjF9JXECfC3W5tQfHo+tsf":{"registrationId":712807009,"currentRatchet":{"ephemeralKeyPair":{"pubKey":"BcIlzZDoYpXS6kH870x69AUTaL2Wn/Oxmf3sPDRG+TRB","privKey":"QBo8Q3u3iI6uo7uXIL4amlPUMYlj7fSprnY8LY7kgng="},"lastRemoteEphemeralKey":"BX5YcV2EsBiJdrGWOefT7NnuWqJpo8YItoQ03hMHH7g3","previousCounter":0,"rootKey":"Mr6c6zgsiH4Eb0nyJQVeED+dX6yPTeU592K57QavwsQ="},"indexInfo":{"baseKey":"BQMWVzCWyJKeuWME+YrHwQtjF9JXECfC3W5tQfHo+tsf","baseKeyType":1,"closed":-1,"used":1722454513295,"created":1722454513295,"remoteIdentityKey":"BQ/RGZ/kNuBmjuvnmiwWxlxK+NC9r9hVyCa8FrTRHg4l"},"_chains":{"BcIlzZDoYpXS6kH870x69AUTaL2Wn/Oxmf3sPDRG+TRB":{"chainKey":{"counter":7,"key":"IfgjyyZePRLraSMou6ZocRes9Q8GoX2KGYD4IB+uD44="},"chainType":1,"messageKeys":{}}},"pendingPreKey":{"signedKeyId":6,"baseKey":"BQMWVzCWyJKeuWME+YrHwQtjF9JXECfC3W5tQfHo+tsf","preKeyId":11739284}}},"version":"v1"}