{"_sessions":{"Be6lWpMnGwLBD4RlA7MhrcqS/nCSQLsx+Rvomf8E1jxa":{"registrationId":1863317028,"currentRatchet":{"ephemeralKeyPair":{"pubKey":"BSmmDgQcUtJZ57biYneiAS2121ZZZgH8x3BTZ2LfM5Yo","privKey":"wIc41QzQpqLpgepnBNepy2RsjRmTwzZmgS3SpBxHd1k="},"lastRemoteEphemeralKey":"BdJpRIWwcOUtilFHdhyPANL0kK6oW9Wclo4d2bagwnkj","previousCounter":0,"rootKey":"3K6ODcXNVypQpIphHIw3R4IfleyIuWaZ2BZLumqpeko="},"indexInfo":{"baseKey":"Be6lWpMnGwLBD4RlA7MhrcqS/nCSQLsx+Rvomf8E1jxa","baseKeyType":1,"closed":-1,"used":1722454511781,"created":1722454511781,"remoteIdentityKey":"BXLMViPLBnnNJcQb2pGDYmrWqtjwh+gEp023wBJwe5lP"},"_chains":{"BSmmDgQcUtJZ57biYneiAS2121ZZZgH8x3BTZ2LfM5Yo":{"chainKey":{"counter":7,"key":"l60QDULpRVpoNiipJNEHZQjOM/sVxyqUC2q9bp38GyA="},"chainType":1,"messageKeys":{}}},"pendingPreKey":{"signedKeyId":5,"baseKey":"Be6lWpMnGwLBD4RlA7MhrcqS/nCSQLsx+Rvomf8E1jxa","preKeyId":1238233}}},"version":"v1"}