{"_sessions":{"BeSggFrN14HJMvcsS6SwPR+JUwozp2RKW6Itt9vfibwy":{"registrationId":1175628279,"currentRatchet":{"ephemeralKeyPair":{"pubKey":"BQNwHUi1ohBlpii+zdrNMBRaEZTMJ0vyuU696aJFFFh+","privKey":"0FzXMeWgPb1jKlTnptKqrNHFNJdGToixHoSu5lsmfkA="},"lastRemoteEphemeralKey":"BUhqQss8EjQvp2ViCaEn2p6dulUmyE5oJ7MKjoYYjaIL","previousCounter":0,"rootKey":"eTOOhMpny47ZHJ7BYO1Di1KLx1zBmWXNVmOAOz0OeLA="},"indexInfo":{"baseKey":"BeSggFrN14HJMvcsS6SwPR+JUwozp2RKW6Itt9vfibwy","baseKeyType":1,"closed":-1,"used":1722224748497,"created":1722224748497,"remoteIdentityKey":"BZq3+0vR41Ahc4WaxaCAWGq64dJWystp5PUdvc2n/xhh"},"_chains":{"BQNwHUi1ohBlpii+zdrNMBRaEZTMJ0vyuU696aJFFFh+":{"chainKey":{"counter":6,"key":"jFmbpstp1zLexrdNj0tKhK0wcMJ4MhQ3BFweFMsfXmY="},"chainType":1,"messageKeys":{}}},"pendingPreKey":{"signedKeyId":1,"baseKey":"BeSggFrN14HJMvcsS6SwPR+JUwozp2RKW6Itt9vfibwy","preKeyId":15608627}}},"version":"v1"}