{"_sessions":{"BRUBaE2IHL6fZj3l6wjcaEH6Xl6JCXaKnDR1wq8Ceygq":{"registrationId":306710579,"currentRatchet":{"ephemeralKeyPair":{"pubKey":"BXAAIyOKbc/F2BkFoFnSPawytp8vdV4o3Dc5yGqZw08u","privKey":"gEyw/txypdz8aXejKz05Xn4e9gISLby6ZEMw1zg26Gc="},"lastRemoteEphemeralKey":"BSgq8GnO8qaXfFWeeK2WxYM87Y+Z4W6KdOhWgGVKmvow","previousCounter":0,"rootKey":"p/471OQYt7fnDtnf2Dyxb1XHCGtw0VDuMoNb68+433E="},"indexInfo":{"baseKey":"BRUBaE2IHL6fZj3l6wjcaEH6Xl6JCXaKnDR1wq8Ceygq","baseKeyType":1,"closed":-1,"used":1722224748596,"created":1722224748596,"remoteIdentityKey":"BVzGUEMGuLVpBRmbjIDbX2XW3ahePVaa+v0eDIBjoWFb"},"_chains":{"BXAAIyOKbc/F2BkFoFnSPawytp8vdV4o3Dc5yGqZw08u":{"chainKey":{"counter":6,"key":"84ePVB0ZHUdlOzZltzrkXVtKZjzFnLPQLzmnsGrHCQU="},"chainType":1,"messageKeys":{}}},"pendingPreKey":{"signedKeyId":3,"baseKey":"BRUBaE2IHL6fZj3l6wjcaEH6Xl6JCXaKnDR1wq8Ceygq","preKeyId":3210225}}},"version":"v1"}