{"_sessions":{"Bfi/9tQUafcMcbyM2PqK8KguEPhdIf9EH6KE6ZcbNb5I":{"registrationId":2056645791,"currentRatchet":{"ephemeralKeyPair":{"pubKey":"BUFkQcQgevxkLGKC/CBuKSjuaxmUmHCF+z+Nlj5FdtdP","privKey":"eFyXvsJdgsiWIG/mr3RzCQgAOIBdG2vErX85E9FTgUU="},"lastRemoteEphemeralKey":"BUudWYgmi0gqowiu6ouMumw9rqshgV0mMxF2CH4qliEz","previousCounter":0,"rootKey":"uzBu4nadoBRlnjacCVCC3jRA4TN2a7qBJI5ySF/aoO8="},"indexInfo":{"baseKey":"Bfi/9tQUafcMcbyM2PqK8KguEPhdIf9EH6KE6ZcbNb5I","baseKeyType":1,"closed":-1,"used":1722454511571,"created":1722454511571,"remoteIdentityKey":"BX5xUFZ88xBiHUaSi7xastTNFKbl35OmV8kMr/Cg6AVZ"},"_chains":{"BUFkQcQgevxkLGKC/CBuKSjuaxmUmHCF+z+Nlj5FdtdP":{"chainKey":{"counter":7,"key":"tYT2mkD8J03Eg8qAT3nNRF26jAN4udYr+AcD2w36piA="},"chainType":1,"messageKeys":{}}},"pendingPreKey":{"signedKeyId":0,"baseKey":"Bfi/9tQUafcMcbyM2PqK8KguEPhdIf9EH6KE6ZcbNb5I","preKeyId":14232183}}},"version":"v1"}