{"_sessions":{"BfpjBxxkCf/CTrFC375eZkSCKr92XqD+yQI9FHRPogFQ":{"registrationId":521909306,"currentRatchet":{"ephemeralKeyPair":{"pubKey":"BYBoh6n9Vk92N7RDspErHOMcu7+d1IbnHkZJvoPSyp4b","privKey":"ALGcT2ELlyGZUc4iitB8LNr04uPC7ofg0rALHD1iKmo="},"lastRemoteEphemeralKey":"BZHFGm8Mte3wBFDPt/BpZupb+I2aprl6fd0u9Xv31UxV","previousCounter":0,"rootKey":"7dnwEG4YM1WfbYfQVVfPHLuzpOWgoojqMr3HgBcsROE="},"indexInfo":{"baseKey":"BfpjBxxkCf/CTrFC375eZkSCKr92XqD+yQI9FHRPogFQ","baseKeyType":1,"closed":-1,"used":1722454511601,"created":1722454511601,"remoteIdentityKey":"Bdsp50Osf/w/XsRQgrEzVhmgtcWf4QgvShR5Bh6n3WI1"},"_chains":{"BYBoh6n9Vk92N7RDspErHOMcu7+d1IbnHkZJvoPSyp4b":{"chainKey":{"counter":7,"key":"uJISm8Qivtj8rSPms1MeoHtj+yKdhdptbsEX0lCYeJI="},"chainType":1,"messageKeys":{}}},"pendingPreKey":{"signedKeyId":14,"baseKey":"BfpjBxxkCf/CTrFC375eZkSCKr92XqD+yQI9FHRPogFQ","preKeyId":1399879}}},"version":"v1"}