{"_sessions":{"BW00FKuyQUBrnbE4jmRDPv4WIPMb68tgN1XdBUK9mQET":{"registrationId":608016198,"currentRatchet":{"ephemeralKeyPair":{"pubKey":"BUWEq+vuZytbE2u4F+pKY0qSpCyRj/AlFOq55avC3eJW","privKey":"2EP2WVD45t0HaMyy3k0hnaTJjOU50sBkOX7214dFeUk="},"lastRemoteEphemeralKey":"BbzutC4TMlRQCXZ8bNgsGkgxnU2scK0ajcbwdnpHZp98","previousCounter":0,"rootKey":"qokNWUzAxYoCM+n0dc88+Qp9DFI+RLPFo4yF0KCN3/E="},"indexInfo":{"baseKey":"BW00FKuyQUBrnbE4jmRDPv4WIPMb68tgN1XdBUK9mQET","baseKeyType":1,"closed":-1,"used":1722224753758,"created":1722224746794,"remoteIdentityKey":"BVHm9NhgCevyB/TLDe5oy3f/TVpaiXMvBDMhI44xGq1k"},"_chains":{"BbzutC4TMlRQCXZ8bNgsGkgxnU2scK0ajcbwdnpHZp98":{"chainKey":{"counter":0,"key":"bm5J1THgD+dCHIvGJ5BdVHcjHH+zHzjD8ko2JHHVlcE="},"chainType":2,"messageKeys":{}},"BUWEq+vuZytbE2u4F+pKY0qSpCyRj/AlFOq55avC3eJW":{"chainKey":{"counter":5,"key":"UTVfNbaARHXVBu94EMGnPvtED6z0nkYQq6GWvTCyzUg="},"chainType":1,"messageKeys":{}}}}},"version":"v1"}