{"_sessions":{"BUGNquTVzHUlfbeujgCDZSYcmKJVhhge5b+yWUj0HBZ2":{"registrationId":1149994080,"currentRatchet":{"ephemeralKeyPair":{"pubKey":"BQiP7WD20vgfDhebuMsa0G40aa5bQWRNqpiOHg38qlJN","privKey":"kBD1BRoowXGFj8T4S3UVNrq4CwO6Um7Ehnd58ZyAAUI="},"lastRemoteEphemeralKey":"BeRRheQ/Wv6YvRLyCLftojU1FE+z5P7iTS7Mf/r7bTMV","previousCounter":0,"rootKey":"Gi6imKFyqndWhn05MJA7zwar6Jn52Mr4Cdd7cJdQfuY="},"indexInfo":{"baseKey":"BUGNquTVzHUlfbeujgCDZSYcmKJVhhge5b+yWUj0HBZ2","baseKeyType":1,"closed":-1,"used":1722224747965,"created":1722224747965,"remoteIdentityKey":"BVfQUSje/ccXnbG35skV9W2NICsgm95psPBzXA9dpAEt"},"_chains":{"BQiP7WD20vgfDhebuMsa0G40aa5bQWRNqpiOHg38qlJN":{"chainKey":{"counter":6,"key":"FjcZiN3CMEo/qre2c9GV93xVjjpPkRKFjFNuEJ6ZYhw="},"chainType":1,"messageKeys":{}}},"pendingPreKey":{"signedKeyId":25,"baseKey":"BUGNquTVzHUlfbeujgCDZSYcmKJVhhge5b+yWUj0HBZ2","preKeyId":11271822}}},"version":"v1"}