{"_sessions":{"Bc5bu6M9idmdAqw3qNj2++Mg6dtCGkBO0vlYl6aumLAK":{"registrationId":9521,"currentRatchet":{"ephemeralKeyPair":{"pubKey":"BekxBSa8uejWpltjPhpu+nn11E7KXUMIc+misJHGdd12","privKey":"cHuY5n2/jF5qNWdwXrYeNgaRH3o9b3qs4AsnkGaq8U4="},"lastRemoteEphemeralKey":"BcKi8OBwMsS7RXI2vwGbcpopKSEbTKwBi6hYdDyMQY0c","previousCounter":0,"rootKey":"X9W+3opF2EY0flvIUp9xzkqy7alrC/WHAIRJZk/qWnk="},"indexInfo":{"baseKey":"Bc5bu6M9idmdAqw3qNj2++Mg6dtCGkBO0vlYl6aumLAK","baseKeyType":1,"closed":-1,"used":1722224745469,"created":1722224745469,"remoteIdentityKey":"BT53Ynt+uDZ0HdTOqWpCIh02P991nMWPpuse4JF3i94R"},"_chains":{"BekxBSa8uejWpltjPhpu+nn11E7KXUMIc+misJHGdd12":{"chainKey":{"counter":6,"key":"YHvPB++rKIXtiyZc7CgCzdQo6TZ32l19dkHUmE+GjCc="},"chainType":1,"messageKeys":{}}},"pendingPreKey":{"signedKeyId":1,"baseKey":"Bc5bu6M9idmdAqw3qNj2++Mg6dtCGkBO0vlYl6aumLAK"}}},"version":"v1"}