{"_sessions":{"Bc61Or9lkQe7hgWb0/YWQ3tY8G+Y+qkQjCNVq6o3e6QN":{"registrationId":130,"currentRatchet":{"ephemeralKeyPair":{"pubKey":"BXj/0rRWmbhn3HIdS27SiXr8aeBdNawwbqTSUtdIh4kk","privKey":"2P0ucmLAgJTRwHi4lteaHfWea/4vzAbHtEBO+HCJQ3g="},"lastRemoteEphemeralKey":"BSDvRww8JDgMpqV4YwfkU6zNHN8glmzdZQ48jykaVHZA","previousCounter":0,"rootKey":"AHpi7z55Q6VGZAyRlxX3pxMMIfJoC0Y7phGuL6yP1vk="},"indexInfo":{"baseKey":"Bc61Or9lkQe7hgWb0/YWQ3tY8G+Y+qkQjCNVq6o3e6QN","baseKeyType":1,"closed":-1,"used":1722302914603,"created":1722302914603,"remoteIdentityKey":"BVHyMqQhjJNxzoQXN0Guu5XyDKDfmx/k+cyDPTPPtAQX"},"_chains":{"BXj/0rRWmbhn3HIdS27SiXr8aeBdNawwbqTSUtdIh4kk":{"chainKey":{"counter":76,"key":"nj7YBQZ8fhgg5ME0+vXiklZr1Fh8/lhOyJeriKL+1dA="},"chainType":1,"messageKeys":{}}},"pendingPreKey":{"signedKeyId":1,"baseKey":"Bc61Or9lkQe7hgWb0/YWQ3tY8G+Y+qkQjCNVq6o3e6QN"}}},"version":"v1"}