{"_sessions":{"Bc2Tvoq4IR7ConNWGhlwbHfPslF+3EBubrJoXopEcOor":{"registrationId":5905,"currentRatchet":{"ephemeralKeyPair":{"pubKey":"BYViENRq9DM1Ko8x7uKPOsD8BoZI4sXqPfkTx69D9Hwu","privKey":"uBHUwqwYmsg6e/crsNLBuqneqfCUWT293jqmni/3fEA="},"lastRemoteEphemeralKey":"BRBRs0RAWlSvvLuZf7LvG9KRjPkk5Lalz/4SbRRgE5UM","previousCounter":0,"rootKey":"R7JvdODR4bS8yKePiFo1vKRF3IdxPJvyJQld7iQl+mM="},"indexInfo":{"baseKey":"Bc2Tvoq4IR7ConNWGhlwbHfPslF+3EBubrJoXopEcOor","baseKeyType":1,"closed":-1,"used":1722224745998,"created":1722224745998,"remoteIdentityKey":"BXHsk4gfwR0jLhc3XdymYQR/00Gnq1d/hrfQbk5KADI0"},"_chains":{"BYViENRq9DM1Ko8x7uKPOsD8BoZI4sXqPfkTx69D9Hwu":{"chainKey":{"counter":6,"key":"4WYjG6HXSR5TleO9jPKlpL9gk77GnCgSDyceH8KB0R0="},"chainType":1,"messageKeys":{}}},"pendingPreKey":{"signedKeyId":1,"baseKey":"Bc2Tvoq4IR7ConNWGhlwbHfPslF+3EBubrJoXopEcOor"}}},"version":"v1"}