{"_sessions":{"BeuK1FlcAXUONch8oc/7wJQQYN4Wy5/cgqlFcrNxx5ZA":{"registrationId":664834434,"currentRatchet":{"ephemeralKeyPair":{"pubKey":"BeKwWffCxnFsBjATHIhLJBJSOH0fDoFdaLsiP5XXg518","privKey":"eENqfc9VqdfjOq+AFZif6fB/uXxHoYVLLGIAEvW8tVo="},"lastRemoteEphemeralKey":"Bf3SrATu9yYceHdFX6BM0xS2kprAcv//v0+zAgfEaTxf","previousCounter":0,"rootKey":"spWppLA7HhNlhnCZ48dF08z42W4c+X4ta+4V1MyOmSw="},"indexInfo":{"baseKey":"BeuK1FlcAXUONch8oc/7wJQQYN4Wy5/cgqlFcrNxx5ZA","baseKeyType":1,"closed":-1,"used":1722224748802,"created":1722224748802,"remoteIdentityKey":"BRoxAP0oBJuZKXqCXQbhpoJJd7widTryS3I2Y9U55ZlC"},"_chains":{"BeKwWffCxnFsBjATHIhLJBJSOH0fDoFdaLsiP5XXg518":{"chainKey":{"counter":6,"key":"/x8iHS1r+ISqXQpZjQLXo6qDI5/ztRMRzgtaSoygS3M="},"chainType":1,"messageKeys":{}}},"pendingPreKey":{"signedKeyId":1,"baseKey":"BeuK1FlcAXUONch8oc/7wJQQYN4Wy5/cgqlFcrNxx5ZA","preKeyId":6171401}}},"version":"v1"}