{"_sessions":{"BZdHuhUWmIly1QH+BRY6Faor3PSaUCZ1f8/nj7COcmsj":{"registrationId":2040401990,"currentRatchet":{"ephemeralKeyPair":{"pubKey":"BaYetuX9vl0rmqwc0QrWbufbB4PLYUdQsGkLW9bzHFpN","privKey":"uIbe9iICqFP/5t6W7eeh6cjCNfgYQInWm4YjGp4Zf3E="},"lastRemoteEphemeralKey":"BflhV40EXuyscFe3Yp1TP84Ag+cI6zV7RoPtwIQo6Q8c","previousCounter":0,"rootKey":"15I/J99IuB9IGDvUnHEGkDuQ3gUmNBwxiRkMFV5sgfI="},"indexInfo":{"baseKey":"BZdHuhUWmIly1QH+BRY6Faor3PSaUCZ1f8/nj7COcmsj","baseKeyType":1,"closed":-1,"used":1722224746280,"created":1722224746280,"remoteIdentityKey":"BQy0MGce//IZmDfE8vV4OMrM7cOAHm/ZLMBQDnWHmacB"},"_chains":{"BaYetuX9vl0rmqwc0QrWbufbB4PLYUdQsGkLW9bzHFpN":{"chainKey":{"counter":6,"key":"6IiGwzO+PsTIrS4ZjpcXHtsWLhLkpNqstN0MfsOmYJA="},"chainType":1,"messageKeys":{}}},"pendingPreKey":{"signedKeyId":5217778,"baseKey":"BZdHuhUWmIly1QH+BRY6Faor3PSaUCZ1f8/nj7COcmsj"}}},"version":"v1"}