{"_sessions":{"BXisy+Mf/Tln4JGqsb+WzKFCLQHbgFVuZ3GBoJCgTdAK":{"registrationId":1946317967,"currentRatchet":{"ephemeralKeyPair":{"pubKey":"BUBWcZR0G1mrEowkyBA4iXllxQYlUfGQ0Nr86E7xaZ1y","privKey":"QEGUie7+ahbJmFQ+nOmoQaL9Qzd6Ko9tSa8cB9SZu2A="},"lastRemoteEphemeralKey":"BQtcrlpVuybeJOjcW3yp9r4XoXXuLUHgCEykLcQ/hyg+","previousCounter":0,"rootKey":"6KqMNNDhmM4gzx1FrAGef1+un7oN6kYdaHZAb3mEErg="},"indexInfo":{"baseKey":"BXisy+Mf/Tln4JGqsb+WzKFCLQHbgFVuZ3GBoJCgTdAK","baseKeyType":1,"closed":-1,"used":1722454512364,"created":1722454512364,"remoteIdentityKey":"BXCTI8DbW1CqLfGf4qZY6pJRLYJ/1GR5r1/c0GbPuz4B"},"_chains":{"BUBWcZR0G1mrEowkyBA4iXllxQYlUfGQ0Nr86E7xaZ1y":{"chainKey":{"counter":7,"key":"jPXxAvTHYqZJxl0qhuTJcQJRjywVJ7tupZOaQgCN0+g="},"chainType":1,"messageKeys":{}}},"pendingPreKey":{"signedKeyId":0,"baseKey":"BXisy+Mf/Tln4JGqsb+WzKFCLQHbgFVuZ3GBoJCgTdAK","preKeyId":5419375}}},"version":"v1"}