{"_sessions":{"BWcB6cT6TOiu+OXG0dhOYccl2ZJcTH+C89DfVzFEmYMG":{"registrationId":986,"currentRatchet":{"ephemeralKeyPair":{"pubKey":"BY3hdlJe4F3JP73AxiE2/OEUgjigxcxg+C3eeYKv+eBc","privKey":"oHwgLB3RU4OHZdU1Jxp+F3mkKad/t675JjWd8fVYDkE="},"lastRemoteEphemeralKey":"Bcn17s6KIxmmZune+qz9AC2iZ0aBhQgrpkcMrFpDKUV+","previousCounter":0,"rootKey":"ZQhl5QJjpAamTj920ltvnUUnq8b9n23xvQVli2/CtcY="},"indexInfo":{"baseKey":"BWcB6cT6TOiu+OXG0dhOYccl2ZJcTH+C89DfVzFEmYMG","baseKeyType":1,"closed":-1,"used":1722224745478,"created":1722224745478,"remoteIdentityKey":"BXWW23q291E7mJaoMrtWR/A7M5fNweQMXDd3l+vsdCcK"},"_chains":{"BY3hdlJe4F3JP73AxiE2/OEUgjigxcxg+C3eeYKv+eBc":{"chainKey":{"counter":6,"key":"MU0h/EHQlHzMqT3vfgjk7DM7/4y2swPSz+AXb1KE0e8="},"chainType":1,"messageKeys":{}}},"pendingPreKey":{"signedKeyId":1,"baseKey":"BWcB6cT6TOiu+OXG0dhOYccl2ZJcTH+C89DfVzFEmYMG"}}},"version":"v1"}