{"_sessions":{"BbiRcbuSCEykNG47z8YU+UAGXI3n3leaxbwRF/kpawkU":{"registrationId":625009676,"currentRatchet":{"ephemeralKeyPair":{"pubKey":"BYGNzJZWytwY0ZZTFjKBnUSFIxe/DGUe+ywQ6NHbsC4t","privKey":"gPuOZR7rcRbp2jAq32xdz/uT9p+tp9go+0/R4yyBH0k="},"lastRemoteEphemeralKey":"BRPqdIupKH65RR2j0ES98xE5BNVQqUUahESk/K9XKgda","previousCounter":0,"rootKey":"qs/Do4baBGhbSlTzMd3Gg5P6WkVPTqXui31LsK/2kYs="},"indexInfo":{"baseKey":"BbiRcbuSCEykNG47z8YU+UAGXI3n3leaxbwRF/kpawkU","baseKeyType":1,"closed":-1,"used":1722224748294,"created":1722224748294,"remoteIdentityKey":"BdyrlwAU9iYSNmA7q6m8t48dUKXdmQaTnJmyCcalJvwU"},"_chains":{"BYGNzJZWytwY0ZZTFjKBnUSFIxe/DGUe+ywQ6NHbsC4t":{"chainKey":{"counter":6,"key":"J3hLzLo5CPRljRqd+kDNws/6moIPCqxhmWGPKEogTrU="},"chainType":1,"messageKeys":{}}},"pendingPreKey":{"signedKeyId":1,"baseKey":"BbiRcbuSCEykNG47z8YU+UAGXI3n3leaxbwRF/kpawkU"}}},"version":"v1"}