{"_sessions":{"BTzhOwnMMtEfqF2VYqOBvyV4l+K4aE+MtsobeUA3bJMh":{"registrationId":1647799266,"currentRatchet":{"ephemeralKeyPair":{"pubKey":"BfECJ/P2v05Fb3+mCCcetrVg75wXfLvl7WDPheoOLIAm","privKey":"wJWR6sHm6idLUUmrADkBr1gOBuAy3fKmVHL6qp3af2Q="},"lastRemoteEphemeralKey":"BTpjLF//CdvQGPKApUJA/wMOydZQcG6UPXbf6VGeKrFZ","previousCounter":9,"rootKey":"QtADc5V4Be6ks4vBcWh9xmeRnFvRTF+y7yqhGXdq/zU="},"indexInfo":{"baseKey":"BTzhOwnMMtEfqF2VYqOBvyV4l+K4aE+MtsobeUA3bJMh","baseKeyType":1,"closed":-1,"used":1722349766165,"created":1722302916079,"remoteIdentityKey":"BUNRMUDpW2pqqDgJg8eALNF8avD+wwQ/AkFxHr7Hkug7"},"_chains":{"BYwYiQO8d/Na0u1sFjDSI9YQjXtWOqnvBBgN7JpQAesu":{"chainKey":{"counter":0},"chainType":2,"messageKeys":{}},"BTpjLF//CdvQGPKApUJA/wMOydZQcG6UPXbf6VGeKrFZ":{"chainKey":{"counter":0,"key":"llMFuwsrDoap05Emk0PJmHn8IVxrqtN8bmmloAc55Yo="},"chainType":2,"messageKeys":{}},"BfECJ/P2v05Fb3+mCCcetrVg75wXfLvl7WDPheoOLIAm":{"chainKey":{"counter":35,"key":"2Dtgtns0v9cy80+ojeCFjdHtwBdyupvJzYuHOOW9FEs="},"chainType":1,"messageKeys":{}}}}},"version":"v1"}