{"_sessions":{"BZzZOd4xoSqblQgc+gpq1nfIVf75O7v6H+9eJqXD8RE+":{"registrationId":3076,"currentRatchet":{"ephemeralKeyPair":{"pubKey":"Bb4P1yrb6bjsAgfQe3J90vrl0vDRhBzAmJR7xj4qaI1q","privKey":"wE01dBu5qLztQDiuthr4SmYutBr6hB0oOZ6qEIKsIkk="},"lastRemoteEphemeralKey":"BWcYlm2iICb03dmx7kHG1bgJA2kU+PHsTE7QiJpJ8UsJ","previousCounter":0,"rootKey":"/ULcTNiG3LbqDnlBBZg/BOTbV7d5srEw9hIRFfg6+cs="},"indexInfo":{"baseKey":"BZzZOd4xoSqblQgc+gpq1nfIVf75O7v6H+9eJqXD8RE+","baseKeyType":1,"closed":-1,"used":1722224745560,"created":1722224745560,"remoteIdentityKey":"BbQrdqoCkE5Acbs+D+JOjsbfeXUFRDUZqFbO5rBFf0B9"},"_chains":{"Bb4P1yrb6bjsAgfQe3J90vrl0vDRhBzAmJR7xj4qaI1q":{"chainKey":{"counter":6,"key":"igTJnpdC7W1HWwm2iVT778xiA8JyGunHIh+Ixv/5hfY="},"chainType":1,"messageKeys":{}}},"pendingPreKey":{"signedKeyId":1,"baseKey":"BZzZOd4xoSqblQgc+gpq1nfIVf75O7v6H+9eJqXD8RE+","preKeyId":3355}}},"version":"v1"}