{"_sessions":{"BV2zG0OYtgyUSPhw9nqSDBunAjKO6RvZc4sCcNieRw1A":{"registrationId":333462401,"currentRatchet":{"ephemeralKeyPair":{"pubKey":"BXjVjYCAlxhH0lYsecZyMf2LayAaFsK3tgdMme9NA28r","privKey":"uIRvy1t5aoymLoXhTeBvDbll0JsMLgnYlG6gVkOpLkw="},"lastRemoteEphemeralKey":"BcKIXePEqa+YQSJAwbpasHGvFLWngeBC1fxuujUino0j","previousCounter":0,"rootKey":"I8YVp2oyF6MTIP8G+8NS/uGT8hQcsNinyigJlQvfTls="},"indexInfo":{"baseKey":"BV2zG0OYtgyUSPhw9nqSDBunAjKO6RvZc4sCcNieRw1A","baseKeyType":1,"closed":-1,"used":1722224748183,"created":1722224748183,"remoteIdentityKey":"BVqP8UFdVsnurm2CS5BnDWxocmjtqTTg4RsjHVs40HZ1"},"_chains":{"BXjVjYCAlxhH0lYsecZyMf2LayAaFsK3tgdMme9NA28r":{"chainKey":{"counter":6,"key":"3PCEimH2GTFQpigP7W/Lzo8h9oFnF+p9D391IUw/IJU="},"chainType":1,"messageKeys":{}}},"pendingPreKey":{"signedKeyId":1,"baseKey":"BV2zG0OYtgyUSPhw9nqSDBunAjKO6RvZc4sCcNieRw1A"}}},"version":"v1"}