{"_sessions":{"BRDRZlfDglxTzBcdCspoqtvBdrtjP8kdpmvb+b76f2Z1":{"registrationId":2235,"currentRatchet":{"ephemeralKeyPair":{"pubKey":"BZe/ipA4BnVIZTyfzc883BYYfjt+Zx5yNtZQhyWVPrQW","privKey":"WPkDHJbKxTsR5+MNjoM+NjIrYsqSspDyM//1GPUC82A="},"lastRemoteEphemeralKey":"BaFrk0XKkmaGAaLfQxxIAgt1R1I6XpfBzy4dptWhm14M","previousCounter":0,"rootKey":"YoTbdnCfrnp36VCqbFP1fuJ7OBN0EJFCxq/aDwzRz9I="},"indexInfo":{"baseKey":"BRDRZlfDglxTzBcdCspoqtvBdrtjP8kdpmvb+b76f2Z1","baseKeyType":1,"closed":-1,"used":1722224745296,"created":1722224745296,"remoteIdentityKey":"BRyb7kylt28zOpHATmSTpw++jLFQPYhk7Wopq6u4vn9k"},"_chains":{"BZe/ipA4BnVIZTyfzc883BYYfjt+Zx5yNtZQhyWVPrQW":{"chainKey":{"counter":6,"key":"h+MjUB5RrbYKdr0b8N2bhwXDV3no/m//SxcV7y5XZ7A="},"chainType":1,"messageKeys":{}}},"pendingPreKey":{"signedKeyId":1,"baseKey":"BRDRZlfDglxTzBcdCspoqtvBdrtjP8kdpmvb+b76f2Z1"}}},"version":"v1"}