{"_sessions":{"BZhHSgnVveMEZh6IDmu+yZVQfmWhTmaLa2kEvs9K+m9E":{"registrationId":1622627935,"currentRatchet":{"ephemeralKeyPair":{"pubKey":"Baq9QCTslvXIfY3TMUwg4RJh7kpHuDprkbAmMvG2hChD","privKey":"cDIxB+fBJ8TkkN5QrgtJNK+7ZzfIsoFVf3Qh9NGb824="},"lastRemoteEphemeralKey":"BWjUh8l8FPKHGGTFO6/B9c3xJIs/YuP5EYsXH7hM7KUJ","previousCounter":0,"rootKey":"WYAeB3/ac4HvZtdZTZJp6+iplyveESwr59YzJENsYMY="},"indexInfo":{"baseKey":"BZhHSgnVveMEZh6IDmu+yZVQfmWhTmaLa2kEvs9K+m9E","baseKeyType":1,"closed":-1,"used":1722302915692,"created":1722302915692,"remoteIdentityKey":"BYQIfFd3kgipeTombYUa/gJ/MRiWjYGHxMPYCgt/+HUu"},"_chains":{"Baq9QCTslvXIfY3TMUwg4RJh7kpHuDprkbAmMvG2hChD":{"chainKey":{"counter":76,"key":"bxbrruhZREBqwwyBo0KDTpLucb4xSirzdMLM5qEmseQ="},"chainType":1,"messageKeys":{}}},"pendingPreKey":{"signedKeyId":0,"baseKey":"BZhHSgnVveMEZh6IDmu+yZVQfmWhTmaLa2kEvs9K+m9E","preKeyId":1198454}}},"version":"v1"}