{"_sessions":{"BfKpznOBawst/nS/TahQbqEXP4V+jZqQgdJ/UVBUnIpw":{"registrationId":1086266104,"currentRatchet":{"ephemeralKeyPair":{"pubKey":"BVvILyTsjq6stfJtH6nLB2VDb7hhgECrOyREzCKIqqJt","privKey":"6OcNjOKB7MF/V3CPapghm4sxwxa3gn+TEO1lG7ybrWw="},"lastRemoteEphemeralKey":"Be7bjNRV0OgJrs8NHx7m57Y05eKpenxtdxKGwDXqy5wo","previousCounter":0,"rootKey":"ou0huXX9rdqddZlf24xUS6Mk6uEfnw3Xr7qi0pr6sHc="},"indexInfo":{"baseKey":"BfKpznOBawst/nS/TahQbqEXP4V+jZqQgdJ/UVBUnIpw","baseKeyType":1,"closed":-1,"used":1722224746902,"created":1722224746902,"remoteIdentityKey":"BUYCSybKlnFPaya8NS+OQrvI2kVKrP8Qf9/xGtJJI105"},"_chains":{"BVvILyTsjq6stfJtH6nLB2VDb7hhgECrOyREzCKIqqJt":{"chainKey":{"counter":6,"key":"kZeTAdHS4PgV3w1BrUgyzuv606rmw+2K4ADFJIzZElg="},"chainType":1,"messageKeys":{}}},"pendingPreKey":{"signedKeyId":6,"baseKey":"BfKpznOBawst/nS/TahQbqEXP4V+jZqQgdJ/UVBUnIpw","preKeyId":16028741}}},"version":"v1"}