{"_sessions":{"BUNRXCnVgMXUGuztyFhDvctHZiZ7zv/ez0G2kQYd3Rlc":{"registrationId":116,"currentRatchet":{"ephemeralKeyPair":{"pubKey":"BU8DyvymsB/Q7D/T8pMCSI11jaK8Z4710faidI8KE4x9","privKey":"eCawWzvB9lsEfZL5iq5Kn+FIAYbBsDEC/+oO6D04824="},"lastRemoteEphemeralKey":"BUyx2PppiNEpR6TXVthFY8K65g6HccnHDZRwkn5xM6Eu","previousCounter":0,"rootKey":"IShlrOF/Pp5P9V1QyZKYugg2qMi/DrrKOAVO3IOA3Xk="},"indexInfo":{"baseKey":"BUNRXCnVgMXUGuztyFhDvctHZiZ7zv/ez0G2kQYd3Rlc","baseKeyType":1,"closed":-1,"used":1722302914253,"created":1722302914253,"remoteIdentityKey":"BWHHsUM9AkVO99e8kqshXfDXXz9OqgC2XyOt2JPwru1N"},"_chains":{"BU8DyvymsB/Q7D/T8pMCSI11jaK8Z4710faidI8KE4x9":{"chainKey":{"counter":76,"key":"Q2VOApOZkolCZiJqkotZy40Qp9u/qFof3zKLprn/1/g="},"chainType":1,"messageKeys":{}}},"pendingPreKey":{"signedKeyId":1,"baseKey":"BUNRXCnVgMXUGuztyFhDvctHZiZ7zv/ez0G2kQYd3Rlc"}}},"version":"v1"}