{"_sessions":{"BfasSOYZIVM6TY2uDWKSNYnWP0P7UwbULapYyZAjFoJc":{"registrationId":176,"currentRatchet":{"ephemeralKeyPair":{"pubKey":"BUEcdGDZo5kz4kF0FZ7fRw96u3PEqkXc73c8w1j7kzBX","privKey":"MFLcufrCnmDnGfQf8nFWnd2Hvi6YnuBCXGmnfXMXQGo="},"lastRemoteEphemeralKey":"Bet7a4p3MCh+FL3WEkO9c4vXAcEYWbUjsaS8nVI7ydct","previousCounter":0,"rootKey":"bENLOi2zTtAnfDlwlLR/WGQY/ZWO8jx4K6T5LETKCiI="},"indexInfo":{"baseKey":"BfasSOYZIVM6TY2uDWKSNYnWP0P7UwbULapYyZAjFoJc","baseKeyType":1,"closed":-1,"used":1722454510856,"created":1722454510856,"remoteIdentityKey":"Bat325yfzMcNP5PW7ROpnK++nTmoz3isKifOydbtmitk"},"_chains":{"BUEcdGDZo5kz4kF0FZ7fRw96u3PEqkXc73c8w1j7kzBX":{"chainKey":{"counter":7,"key":"uG2YOMHzHrIpzhgQkgRoYkSnLEV94QKR8Cm3CQDzJtA="},"chainType":1,"messageKeys":{}}},"pendingPreKey":{"signedKeyId":1,"baseKey":"BfasSOYZIVM6TY2uDWKSNYnWP0P7UwbULapYyZAjFoJc"}}},"version":"v1"}