{"_sessions":{"BU0ITIda086Dr9H9vL7MdJ+U633VYVgQ3pNgy2D4ROZN":{"registrationId":2134161501,"currentRatchet":{"ephemeralKeyPair":{"pubKey":"BUtC9MdJ2Xy173Y3jFF6Wsu+y76OaXLhrM9tVrlSaUI1","privKey":"OGoUb/58m9cRQvemafCj9Ll8X/DV79lX9YY7dKk8bVo="},"lastRemoteEphemeralKey":"BTvFjMj4XPle28hYN+qaTzXQ18UoVekfGO4TxL1jqgxy","previousCounter":0,"rootKey":"tG5o39AX03k5Qi34ki3svIP11h1GxLKvz1wZlHHtmIM="},"indexInfo":{"baseKey":"BU0ITIda086Dr9H9vL7MdJ+U633VYVgQ3pNgy2D4ROZN","baseKeyType":1,"closed":-1,"used":1722224749002,"created":1722224749002,"remoteIdentityKey":"BTw7jYnldH4FSLCwx00BdLLgNf5xAvzvDB+wtYfB24UK"},"_chains":{"BUtC9MdJ2Xy173Y3jFF6Wsu+y76OaXLhrM9tVrlSaUI1":{"chainKey":{"counter":6,"key":"2OqKZd0tZZNgak4tDG4tHh5DN+G8gOEPac9I4G03BSo="},"chainType":1,"messageKeys":{}}},"pendingPreKey":{"signedKeyId":1,"baseKey":"BU0ITIda086Dr9H9vL7MdJ+U633VYVgQ3pNgy2D4ROZN"}}},"version":"v1"}