{"_sessions":{"BW96mitGorx3vdaTl7wk2iISoHHwI4lGSCLoeSla+uYR":{"registrationId":2140002226,"currentRatchet":{"ephemeralKeyPair":{"pubKey":"BVN4dPwCha2+gaFLJGGp1AUJmRa3Hi4vPdTTMCaiWzEH","privKey":"iHsqxzKyzUokCRn3wkZHMT7gio8WXsJEei/y94ns6kA="},"lastRemoteEphemeralKey":"BSnsgADNF/KK0pu2iUuex3BcgosZn+uDsI0GWZY10BMM","previousCounter":0,"rootKey":"FytZoUoReeYxM2wx7NXlo6zrBnVXnq3XZgbJia5wPDQ="},"indexInfo":{"baseKey":"BW96mitGorx3vdaTl7wk2iISoHHwI4lGSCLoeSla+uYR","baseKeyType":1,"closed":-1,"used":1722224749409,"created":1722224749409,"remoteIdentityKey":"BZuraU/mAKSucrZv2luyRVARg34vh4237GoLd59hy2cE"},"_chains":{"BVN4dPwCha2+gaFLJGGp1AUJmRa3Hi4vPdTTMCaiWzEH":{"chainKey":{"counter":6,"key":"GOnIJrJzCe5/V0TgJbexvhECz/fUExqKM1ONh/HU8Fo="},"chainType":1,"messageKeys":{}}},"pendingPreKey":{"signedKeyId":23,"baseKey":"BW96mitGorx3vdaTl7wk2iISoHHwI4lGSCLoeSla+uYR","preKeyId":10153816}}},"version":"v1"}