{"_sessions":{"BYT8+CiflLJ0YMmVh2pF1knn2wzJyciqroTo3QR3+Psi":{"registrationId":3481,"currentRatchet":{"ephemeralKeyPair":{"pubKey":"BWVKIrpZaUA1gDUd6lTgYZwart8PEQHhTTU9QVCyUdkY","privKey":"OGed4Ge0g7I00dCDKozr8GPC18UElki8k6tyWRwBbWI="},"lastRemoteEphemeralKey":"BXuMIWu744F/lPzJVY68g3UhNn4m6n2RdGJsnmYcVJZM","previousCounter":0,"rootKey":"X3woUBtgkDWEWxv5hA+8biwdsIcj6NSEM+EjsmJiqV4="},"indexInfo":{"baseKey":"BYT8+CiflLJ0YMmVh2pF1knn2wzJyciqroTo3QR3+Psi","baseKeyType":1,"closed":-1,"used":1722224746362,"created":1722224746362,"remoteIdentityKey":"BZ3JanaQ21OojY7BxJXpRDWiMfmTzwPQS2umMFoGY0RY"},"_chains":{"BWVKIrpZaUA1gDUd6lTgYZwart8PEQHhTTU9QVCyUdkY":{"chainKey":{"counter":6,"key":"+H8BSVsJT+wsGzU2YGSShcDiMcC7noYKjlEJ3QJKus8="},"chainType":1,"messageKeys":{}}},"pendingPreKey":{"signedKeyId":1,"baseKey":"BYT8+CiflLJ0YMmVh2pF1knn2wzJyciqroTo3QR3+Psi"}}},"version":"v1"}