{"_sessions":{"BZzONSuEsb32a2liLixjVg5fKG723Iow7IbQVoYVhsoT":{"registrationId":1417121575,"currentRatchet":{"ephemeralKeyPair":{"pubKey":"BeTgzbm7Q4yIBFENz/DcCX3qtrjBZBul0GhKneLCnTtD","privKey":"mLlCx1vL/iNVKt2eFnEE4bCtMAZ+a3wZhLiHpuCcDlA="},"lastRemoteEphemeralKey":"BVJGHJRUlTJ7SsbttqwNr8xFRQusR05NIjwHg5TYBfoP","previousCounter":0,"rootKey":"4aq0Iml6Q/kWKA44XftHW04LHliP9HiLsTXu1oCP5CU="},"indexInfo":{"baseKey":"BZzONSuEsb32a2liLixjVg5fKG723Iow7IbQVoYVhsoT","baseKeyType":1,"closed":-1,"used":1722224747863,"created":1722224747863,"remoteIdentityKey":"BR7OPV8rmLAg8ZXmMvwfhPj5CBI+4k6KVp/1WJoUOl4v"},"_chains":{"BeTgzbm7Q4yIBFENz/DcCX3qtrjBZBul0GhKneLCnTtD":{"chainKey":{"counter":6,"key":"8YRLOsi8K+8enWxEPjQ4erx+gCmcR2vha28qfyLoRhQ="},"chainType":1,"messageKeys":{}}},"pendingPreKey":{"signedKeyId":1,"baseKey":"BZzONSuEsb32a2liLixjVg5fKG723Iow7IbQVoYVhsoT","preKeyId":12380862}}},"version":"v1"}