{"_sessions":{"BeKqVP8LTBfceo/Ba9Kc6PcgrLW+saf8AJsTqAnOo7JY":{"registrationId":583609870,"currentRatchet":{"ephemeralKeyPair":{"pubKey":"BVdmJ6ze5WddexNYKeqVzftepUSDsU9Wq/sRwdqo7kAz","privKey":"kBd5Uy9/XeURHQX6fy8+Zl9MKBd8paPtB1tcjLsd8F0="},"lastRemoteEphemeralKey":"BQO7vR6VIqAgDI8pD5rTy6bpOKIXd5LUXVh9S1BuWhEt","previousCounter":0,"rootKey":"mJG5t0cFt/2jpPoUPhScXlw10frW7Bvr8+nfMsRdv1Y="},"indexInfo":{"baseKey":"BeKqVP8LTBfceo/Ba9Kc6PcgrLW+saf8AJsTqAnOo7JY","baseKeyType":1,"closed":-1,"used":1722224747501,"created":1722224747501,"remoteIdentityKey":"BVPHOybZcoOVb/P2wIiVu7fYUqj5RoZwzMkrk3rnYiFB"},"_chains":{"BVdmJ6ze5WddexNYKeqVzftepUSDsU9Wq/sRwdqo7kAz":{"chainKey":{"counter":6,"key":"eSfetxvZA+fKAqoPwYWdqWW60rmf3twOxPhay//cQRM="},"chainType":1,"messageKeys":{}}},"pendingPreKey":{"signedKeyId":1,"baseKey":"BeKqVP8LTBfceo/Ba9Kc6PcgrLW+saf8AJsTqAnOo7JY"}}},"version":"v1"}