{"_sessions":{"Bb50Dpu/w+oljKLuHXqTQQbPYiOPxkKtPF1/eTyLSDZM":{"registrationId":193,"currentRatchet":{"ephemeralKeyPair":{"pubKey":"BawJ1aa1i6UYsjGlT3OdCmlWbKzjXgiEI2k62BrtCVdp","privKey":"aOxTq+jXM+ic8h0GEqAGxKUpoQ/O+dENOLE20GfcEH8="},"lastRemoteEphemeralKey":"BXSt1GyHXBo6OOBFyewSu95e5zI/54WPqL+Zmw7ZKoUJ","previousCounter":0,"rootKey":"2Pdv+uW8mvQMaLFOzlVq524ots5ImdNo3JKMwVhXka4="},"indexInfo":{"baseKey":"Bb50Dpu/w+oljKLuHXqTQQbPYiOPxkKtPF1/eTyLSDZM","baseKeyType":1,"closed":-1,"used":1722454510475,"created":1722454510475,"remoteIdentityKey":"BZ+M4CAwU7mRyxakI0rUwACp/TM1zjz1T/GLurhSIVI2"},"_chains":{"BawJ1aa1i6UYsjGlT3OdCmlWbKzjXgiEI2k62BrtCVdp":{"chainKey":{"counter":7,"key":"PqbZURyeegeOxHftVihN3kwFe1A7aZzq+87UCPetCFk="},"chainType":1,"messageKeys":{}}},"pendingPreKey":{"signedKeyId":1,"baseKey":"Bb50Dpu/w+oljKLuHXqTQQbPYiOPxkKtPF1/eTyLSDZM"}}},"version":"v1"}