{"_sessions":{"BRnAtm0SZvzPZw8KWC6cu7rL9XeoPfsEhoe9/1A2qt0E":{"registrationId":535816293,"currentRatchet":{"ephemeralKeyPair":{"pubKey":"Bb2P3DiSZJvYOw8GHp0ozXLR/j6FTJkj7bLOw7GgcG4g","privKey":"UF9/kW9oq01MKikV+VunUGFumK5Yu82p6nQE88LLu2U="},"lastRemoteEphemeralKey":"BWF6OoB6LRufUEzcdQ1Ysk+lVLi897Ei2/y470DtMM9n","previousCounter":0,"rootKey":"wVgnd6Is605FTjc8TWAwiWDFqguDnqdimy2dil1afAk="},"indexInfo":{"baseKey":"BRnAtm0SZvzPZw8KWC6cu7rL9XeoPfsEhoe9/1A2qt0E","baseKeyType":1,"closed":-1,"used":1722302915479,"created":1722302915479,"remoteIdentityKey":"BdvCXPDQvmFVal4pzhs9zRbC8pPT17kz0uyCCuzjccVZ"},"_chains":{"Bb2P3DiSZJvYOw8GHp0ozXLR/j6FTJkj7bLOw7GgcG4g":{"chainKey":{"counter":76,"key":"evFaeUI/VnknfnrA35Vayw6grGVqj9MxzmB7VhIQD3s="},"chainType":1,"messageKeys":{}}},"pendingPreKey":{"signedKeyId":3,"baseKey":"BRnAtm0SZvzPZw8KWC6cu7rL9XeoPfsEhoe9/1A2qt0E","preKeyId":6040985}}},"version":"v1"}