{"_sessions":{"BWRHhUumMy5iPe6pfxJxo3fajFRHI4JDvub01MwA0840":{"registrationId":542090548,"currentRatchet":{"ephemeralKeyPair":{"pubKey":"BaYadRsdPaPzid9/ufsnc1ZUP2SyZF73ElLmvfN2EzQV","privKey":"YN5jSXNk61C00Q68szOrLV0RKXPUc857bJi5QHD44FM="},"lastRemoteEphemeralKey":"BWSq7jMcmJsako6zG+oVQkOrv/aM/8pm1j27zGh4b0Jx","previousCounter":0,"rootKey":"14CzJ3GDpKc54SnEZute2iKHAFXd6Sg41vj2fm30dYE="},"indexInfo":{"baseKey":"BWRHhUumMy5iPe6pfxJxo3fajFRHI4JDvub01MwA0840","baseKeyType":1,"closed":-1,"used":1722454513383,"created":1722454513383,"remoteIdentityKey":"BcngIRcQJzFasnycWbIlUXu19um5BL5Pp58AMJqqS/Mc"},"_chains":{"BaYadRsdPaPzid9/ufsnc1ZUP2SyZF73ElLmvfN2EzQV":{"chainKey":{"counter":7,"key":"b64eytjuENMw6QemSEgNEH6hv3YGHnAvceuDk7dWkB8="},"chainType":1,"messageKeys":{}}},"pendingPreKey":{"signedKeyId":0,"baseKey":"BWRHhUumMy5iPe6pfxJxo3fajFRHI4JDvub01MwA0840","preKeyId":13933720}}},"version":"v1"}