{"_sessions":{"BRmW2s351bmuT6uaQf7pjIQFv4sNmIHjXqFLuMHWREch":{"registrationId":170,"currentRatchet":{"ephemeralKeyPair":{"pubKey":"BW/2rUbs9CxQnORQEYCsPw2cawmxZHtycBxCCm3wUDJr","privKey":"CJgQWp2Cf3E1O4cpUcRVgHgpyyy8NKnFn/yME+Vc+no="},"lastRemoteEphemeralKey":"Be5tereNNMS0XTNWDtycc/pHVYsWiD5tedTHisFLpMoR","previousCounter":0,"rootKey":"dUfVL3eZVYY60USMon7DkoP3cFxMa7y848qWE2LmqYo="},"indexInfo":{"baseKey":"BRmW2s351bmuT6uaQf7pjIQFv4sNmIHjXqFLuMHWREch","baseKeyType":1,"closed":-1,"used":1722454511161,"created":1722454511161,"remoteIdentityKey":"BWNmh1DESDueoI9H35K0noH85Pzd0y0PIQzVjoDwEhNU"},"_chains":{"BW/2rUbs9CxQnORQEYCsPw2cawmxZHtycBxCCm3wUDJr":{"chainKey":{"counter":7,"key":"tcJklztv5/YdU8ELbv+OgMd9aBTBPYzq/KvSLPaPJ1U="},"chainType":1,"messageKeys":{}}},"pendingPreKey":{"signedKeyId":1,"baseKey":"BRmW2s351bmuT6uaQf7pjIQFv4sNmIHjXqFLuMHWREch"}}},"version":"v1"}