{"_sessions":{"BdAc7zDHEe0LyGNWGP1hkiIXD8/x7sZwSzC6ZNQWc9kl":{"registrationId":226,"currentRatchet":{"ephemeralKeyPair":{"pubKey":"BQFblAAZpm2YEuexF3JXUyidq40+d2hBAlukBwMXcx40","privKey":"+LgRA76V2c0gI1NFTESwjH7F1Bwg/SRhNG4b9lOfmk8="},"lastRemoteEphemeralKey":"BVD5ftJLLIcb0ajNFu/HAwBukHxMDsArzOP1NfoR0stI","previousCounter":0,"rootKey":"jCoJFHk0ELTzmjhyj4F/K7lxlrh51/1WnvTVy1JebiI="},"indexInfo":{"baseKey":"BdAc7zDHEe0LyGNWGP1hkiIXD8/x7sZwSzC6ZNQWc9kl","baseKeyType":1,"closed":1722324825083,"used":1722323883456,"created":1722302914480,"remoteIdentityKey":"BZlbgdolAui+xTOS8698okh5iffNdVSH/5BmkHIBvqFq"},"_chains":{"BVbcSwzAynLt4KHFpQPwiKJJHWcCB1qImenZL+SmeB4q":{"chainKey":{"counter":2},"chainType":2,"messageKeys":{}},"BUci4n/1fJ0YNqPTcVClkAwbs6gObSrT6NVaI2eCmiNZ":{"chainKey":{"counter":3},"chainType":2,"messageKeys":{"0":"U7uqzDUTk5QyR1Qvj3Sirq/ePVAD+kILqito1kodWGs="}},"BXssLOGbipcoP2h/LqIfAArlnqfHgABXCm2RaqO0vm92":{"chainKey":{"counter":0},"chainType":2,"messageKeys":{}},"Bd7m1w/55ayQWyxIuUffpD7thAarwMXxr9OlEWxmBgpK":{"chainKey":{"counter":0},"chainType":2,"messageKeys":{}},"BfNtl1cxwWHcTS8jwhJ32861f7y28JRY7PyCgDnNC9Q/":{"chainKey":{"counter":0},"chainType":2,"messageKeys":{}},"BVD5ftJLLIcb0ajNFu/HAwBukHxMDsArzOP1NfoR0stI":{"chainKey":{"counter":1,"key":"Vyt/u+g9y/NV3p66OHnqAx/cT03ciQYYtZ6Gdou5dwY="},"chainType":2,"messageKeys":{}},"BQFblAAZpm2YEuexF3JXUyidq40+d2hBAlukBwMXcx40":{"chainKey":{"counter":0,"key":"812WMNzIc3eO+NNolcona1Mke4r9mVPT0oAuDTGzeiY="},"chainType":1,"messageKeys":{}}}},"BQTns7dJfrKmiLCOuPL3sbRV338nY2LzBabTt6G+FfYz":{"registrationId":226,"currentRatchet":{"ephemeralKeyPair":{"pubKey":"BfMPPC56dgE6VcRRqUVJ8prlxTGABRMoXDEy+wuiWl9R","privKey":"iMc7PBws66s/Mb7o9TgQ40SVOzRbs+/aCq3P+7RV7nw="},"lastRemoteEphemeralKey":"BX9KZ46331CbL4rSWgznn5lam3PJ8AD+SGUiYzscCrB/","previousCounter":0,"rootKey":"kUOVPxFhrWS/Ua0fYZ+i04vAhX4QRWipgBK3LlLOC08="},"indexInfo":{"baseKey":"BQTns7dJfrKmiLCOuPL3sbRV338nY2LzBabTt6G+FfYz","baseKeyType":1,"closed":1722325395563,"used":1722324825074,"created":1722324825074,"remoteIdentityKey":"BZlbgdolAui+xTOS8698okh5iffNdVSH/5BmkHIBvqFq"},"_chains":{"BfMPPC56dgE6VcRRqUVJ8prlxTGABRMoXDEy+wuiWl9R":{"chainKey":{"counter":0,"key":"fvnG0n2yFcM0xD41BUPSb6mY8Jwo5cV90s2krkTwRVs="},"chainType":1,"messageKeys":{}}},"pendingPreKey":{"signedKeyId":1,"baseKey":"BQTns7dJfrKmiLCOuPL3sbRV338nY2LzBabTt6G+FfYz","preKeyId":360}},"BSum1krBP6sMg162AVsLYmMt8rRzsmyYtR9VbFGAnYFc":{"registrationId":226,"currentRatchet":{"ephemeralKeyPair":{"pubKey":"BVXo0s/E/0PA13IViROw6dJYqaholuSUk+nP/IQacHVo","privKey":"qDz5gMVNSAfyUsR6Hgd+aIFtXKhznWUq6kmocMgoVW0="},"lastRemoteEphemeralKey":"BX5u27E+IWGewC7rzov5dIhkEIWqvv6baJq/LNdhREUz","previousCounter":0,"rootKey":"Ex5jwavodm6Ca4q5fskwIpU91SctzgGCeM6IxSgR8VQ="},"indexInfo":{"baseKey":"BSum1krBP6sMg162AVsLYmMt8rRzsmyYtR9VbFGAnYFc","baseKeyType":2,"closed":1722325403790,"used":1722325395572,"created":1722325395572,"remoteIdentityKey":"BZlbgdolAui+xTOS8698okh5iffNdVSH/5BmkHIBvqFq"},"_chains":{"BX5u27E+IWGewC7rzov5dIhkEIWqvv6baJq/LNdhREUz":{"chainKey":{"counter":1,"key":"Z2WDXrvk8ohNi2bnaKh+SnCleiqKBvx3mhsYrG0qP8s="},"chainType":2,"messageKeys":{"0":"qsgEMh2Nzl1xroWTthPCr0hxyKua4iH/ypif0AAXGiA="}},"BVXo0s/E/0PA13IViROw6dJYqaholuSUk+nP/IQacHVo":{"chainKey":{"counter":0,"key":"rs7S2i1HZKy645OLidtKitDrQZuh54dTE80ai2qSKDk="},"chainType":1,"messageKeys":{}}}},"BTutFbdAVRCR2IOqK0wxQey+3WC7h0Id2eUA5P5N1J9V":{"registrationId":226,"currentRatchet":{"ephemeralKeyPair":{"pubKey":"BaQr9hX0sQc2Wh0h5Tl+PkIEpSKcRRVzOzqMJmlix2xy","privKey":"ALhZJJ7KWF1ioCTotb91m5ZlF+JpE6cmAaXcZe9QTEE="},"lastRemoteEphemeralKey":"BRjrugTRvBI2WYCZCcLkAtsC+gQF7XrLpBQ256jE091N","previousCounter":0,"rootKey":"Z8UmPEackQY7+lytNP05OsDy9EJl1QJNhO37AfD8q8U="},"indexInfo":{"baseKey":"BTutFbdAVRCR2IOqK0wxQey+3WC7h0Id2eUA5P5N1J9V","baseKeyType":2,"closed":1722325407064,"used":1722325403800,"created":1722325403800,"remoteIdentityKey":"BZlbgdolAui+xTOS8698okh5iffNdVSH/5BmkHIBvqFq"},"_chains":{"BRjrugTRvBI2WYCZCcLkAtsC+gQF7XrLpBQ256jE091N":{"chainKey":{"counter":2,"key":"X5jXJI+dB5jIIM8vdPolFUNmo+wYHMvwUtPXlqNrUgg="},"chainType":2,"messageKeys":{"0":"0nhrCm6BmzqAxWbgqAJNMJSIpgwe11XhEO8oi3VlkC4="}},"BaQr9hX0sQc2Wh0h5Tl+PkIEpSKcRRVzOzqMJmlix2xy":{"chainKey":{"counter":-1,"key":"ebeXqrc+TFlhQSm9QLI4n1BIy+g0bsQEWprMyGfBfTA="},"chainType":1,"messageKeys":{}}}},"BSGg5R9NLT1Qg/rwr3yun7sIyoiXcOPy2Mi50L9PmS0k":{"registrationId":226,"currentRatchet":{"ephemeralKeyPair":{"pubKey":"BQwKrdJgr57cMkOBsoVBWjUgcSx2fwgUZBvw/JUS3p1J","privKey":"aIWy4njpZOUp9usq5YoqPRXlydnblCe3FRLmtwJHEXg="},"lastRemoteEphemeralKey":"BSAGyy1ksDvpXhZ60Acu7834JJqGG+ILRxg6lcuwRVhf","previousCounter":0,"rootKey":"dWNY58xqdG3qBNQFafFnBzTpGNhGqKxFYV124XEG3CI="},"indexInfo":{"baseKey":"BSGg5R9NLT1Qg/rwr3yun7sIyoiXcOPy2Mi50L9PmS0k","baseKeyType":2,"closed":1722325411862,"used":1722325407069,"created":1722325407069,"remoteIdentityKey":"BZlbgdolAui+xTOS8698okh5iffNdVSH/5BmkHIBvqFq"},"_chains":{"BSAGyy1ksDvpXhZ60Acu7834JJqGG+ILRxg6lcuwRVhf":{"chainKey":{"counter":2,"key":"fNJYGgx5y1hlA8gjHY/4fnk9+ili7dntFeMF6QDvo8k="},"chainType":2,"messageKeys":{"0":"U2IRtVcZNjTPsOVb1NDCgHxlEHpSZmZVJLvToOL84Pw="}},"BQwKrdJgr57cMkOBsoVBWjUgcSx2fwgUZBvw/JUS3p1J":{"chainKey":{"counter":-1,"key":"/bs9itCApJnAIz+EScYvGjYZ0T1sUBVW+nIXWd0a0CQ="},"chainType":1,"messageKeys":{}}}},"BaW2X6NxoIaODQrHd4Xo96vOoMIocdIvUb3BLee9YkEt":{"registrationId":226,"currentRatchet":{"ephemeralKeyPair":{"pubKey":"Ba9hFbL7oPrLRKTG1DGG9VzFTQ26+dGeoDCvlGa0ImFW","privKey":"wOqtepVUWFonz+tvABzhO2H63KyLxPOwCy1jaX6+320="},"lastRemoteEphemeralKey":"BYAWZLrCWU6ua8m8Bby3036scIONo+8RV86jBIvEE+cX","previousCounter":0,"rootKey":"OatobcSSW9wtsKlPDsLoISQOUyX4DZPHmyL3QtH/+/I="},"indexInfo":{"baseKey":"BaW2X6NxoIaODQrHd4Xo96vOoMIocdIvUb3BLee9YkEt","baseKeyType":2,"closed":1722329803359,"used":1722325411867,"created":1722325411867,"remoteIdentityKey":"BZlbgdolAui+xTOS8698okh5iffNdVSH/5BmkHIBvqFq"},"_chains":{"BYAWZLrCWU6ua8m8Bby3036scIONo+8RV86jBIvEE+cX":{"chainKey":{"counter":5,"key":"JR6tWefy/sb1JU1/1GyBdnoE2UJvAGvJALMtFIySiJk="},"chainType":2,"messageKeys":{"0":"iaFLJzkOKs1GnPXxxoQBrd8h1L3ibHE1H+tmKpZXIDQ="}},"Ba9hFbL7oPrLRKTG1DGG9VzFTQ26+dGeoDCvlGa0ImFW":{"chainKey":{"counter":-1,"key":"wsO7fv8sTxonwuH+oP49Hm8wTefOiTBvNTqO1l5uiXw="},"chainType":1,"messageKeys":{}}}},"BVbQRdy5hslbc2KSTYamZs8LzuFXqFYczJ39AZU3AeNr":{"registrationId":226,"currentRatchet":{"ephemeralKeyPair":{"pubKey":"BUAHEszHXzxSppap+0Oc3H78AsV9naK+fBIhzOWwbVpm","privKey":"EFNkx+zj+Op0Jy30t/ykDoz4M1+/xrhHPLGxFy6VL2k="},"lastRemoteEphemeralKey":"BWU5D73SBkIdZ3Yn4ogJ8nMpwXYoTcYHfMD+5Z0D8nFs","previousCounter":0,"rootKey":"FHvPFPZzi4i3CybskPhyJFHTCnMDvFQ8czhKqTou0YA="},"indexInfo":{"baseKey":"BVbQRdy5hslbc2KSTYamZs8LzuFXqFYczJ39AZU3AeNr","baseKeyType":2,"closed":1722330015964,"used":1722329803363,"created":1722329803363,"remoteIdentityKey":"BZlbgdolAui+xTOS8698okh5iffNdVSH/5BmkHIBvqFq"},"_chains":{"BWU5D73SBkIdZ3Yn4ogJ8nMpwXYoTcYHfMD+5Z0D8nFs":{"chainKey":{"counter":2,"key":"XAlFUMgTfHftU6jl2xh+ToB3W/GTM/x/1opDyah0Amo="},"chainType":2,"messageKeys":{"0":"nk7gcbmq1KOCCqjzc3Yo+h+sVolcOn4LqLxnS9Gp23U="}},"BUAHEszHXzxSppap+0Oc3H78AsV9naK+fBIhzOWwbVpm":{"chainKey":{"counter":-1,"key":"uKAukEeDo8zAHJ8sY7xKR3zu71twcqIQUhY4A8vcupY="},"chainType":1,"messageKeys":{}}}},"BTWJdeX9QZQ8G463NALtYNuCfKVJVuCgnPXU410wJkAz":{"registrationId":226,"currentRatchet":{"ephemeralKeyPair":{"pubKey":"BXO4IrOSLG4q/P+WPsI5XAiWsoCtl8Ezm/g3s470L789","privKey":"QNFteqt7JYixSEihbnSB6G/lH+c/43b4LY/tQN9RWFI="},"lastRemoteEphemeralKey":"BXcTqSjFjWqH+BNNJpMkPxdvdMoilYklWyMY6Cn3h9J3","previousCounter":0,"rootKey":"/suRW+cl/Z5SqS02unuGkGjBaL1p2dEs//cl6A42QNQ="},"indexInfo":{"baseKey":"BTWJdeX9QZQ8G463NALtYNuCfKVJVuCgnPXU410wJkAz","baseKeyType":2,"closed":1722330024893,"used":1722330015972,"created":1722330015972,"remoteIdentityKey":"BZlbgdolAui+xTOS8698okh5iffNdVSH/5BmkHIBvqFq"},"_chains":{"BXcTqSjFjWqH+BNNJpMkPxdvdMoilYklWyMY6Cn3h9J3":{"chainKey":{"counter":1,"key":"q+JTHBvVEwBPu8YEIrINcF4QiKtKbDHXoNp1eUQaCtM="},"chainType":2,"messageKeys":{"0":"VBgILi8zvxce4qThuIr6T/alsE3MwmGOjoYgMJmciVc="}},"BXO4IrOSLG4q/P+WPsI5XAiWsoCtl8Ezm/g3s470L789":{"chainKey":{"counter":-1,"key":"ZdoFJii77raG9M5q0I/GFB0dNBtSsMFxmQLZv0gqj6o="},"chainType":1,"messageKeys":{}}}},"BY2cer43hfypAus8NWdEMp1vAFM6iacmFglsPzkhWLV3":{"registrationId":226,"currentRatchet":{"ephemeralKeyPair":{"pubKey":"BebpyfU2MnwSoXO2rVkCytMoMUBpi4i4uXKWMt9xLPc/","privKey":"SLkT6HUKUM+kSkxrdQrATpaS5eEOMIQWdzaTkS8c/lM="},"lastRemoteEphemeralKey":"BVSmjWL7ITEbB/y71b/7R0eETAJTkeqtIClSSHX0FQdl","previousCounter":0,"rootKey":"CFNqltzCYoElSCl7TNhaVmzsMy0wFhIM8N4HeFPsJ8w="},"indexInfo":{"baseKey":"BY2cer43hfypAus8NWdEMp1vAFM6iacmFglsPzkhWLV3","baseKeyType":2,"closed":1722330346959,"used":1722330024899,"created":1722330024899,"remoteIdentityKey":"BZlbgdolAui+xTOS8698okh5iffNdVSH/5BmkHIBvqFq"},"_chains":{"BVSmjWL7ITEbB/y71b/7R0eETAJTkeqtIClSSHX0FQdl":{"chainKey":{"counter":1,"key":"hJVsW97ZFfBuvwD8t4Ej52l6S2XfLvno4L57fdDxbNY="},"chainType":2,"messageKeys":{"0":"lm+5ttI1m9V6KHmMPSOioPQ3DjUFisWwcHPFqZ53JmM="}},"BebpyfU2MnwSoXO2rVkCytMoMUBpi4i4uXKWMt9xLPc/":{"chainKey":{"counter":-1,"key":"Xij3ntEBYsjLRAV/frOhINcoV5QDe4iKlADpkLuEYjY="},"chainType":1,"messageKeys":{}}}},"BZvYQfCL62Exrz/jdevzMwiYtJqrXvqA8shfrsqohbA+":{"registrationId":226,"currentRatchet":{"ephemeralKeyPair":{"pubKey":"BVBnHxLZEhL1OfkJlRPHilM9ojq6VrYbdgC+TH01xSkl","privKey":"mDz73xeWbtF0BHs2kZuhg+AqA6fzbKxP8xbjCECVL1E="},"lastRemoteEphemeralKey":"BbIGfSMrLTy2TkdW2WXQmlbFjooVsSdW+tWwSDHdFyxJ","previousCounter":7,"rootKey":"iwlkgeLJEsbUWn8OthQG2x076bCSbKwwbMgnt7t/5xA="},"indexInfo":{"baseKey":"BZvYQfCL62Exrz/jdevzMwiYtJqrXvqA8shfrsqohbA+","baseKeyType":2,"closed":1722347632776,"used":1722345531273,"created":1722330346972,"remoteIdentityKey":"BZlbgdolAui+xTOS8698okh5iffNdVSH/5BmkHIBvqFq"},"_chains":{"BWs3AHQ7LCVsBA+MkJkC9vq7EX0s/rYh8QnkVoC9cFgr":{"chainKey":{"counter":54},"chainType":2,"messageKeys":{"0":"v7rADdDM7dEmCQqlsQLWoP0jiOz+cTAeQ6Bcsfp14/Q=","27":"dYe11397sBM6B+HPQWAFbcAFmNeyob3fDAbLPsQ1YCk="}},"BbIGfSMrLTy2TkdW2WXQmlbFjooVsSdW+tWwSDHdFyxJ":{"chainKey":{"counter":2,"key":"U9X5V7MHBiBx373gNpyj3mzWkXUv3odJO7hc9laCVrQ="},"chainType":2,"messageKeys":{}},"BVBnHxLZEhL1OfkJlRPHilM9ojq6VrYbdgC+TH01xSkl":{"chainKey":{"counter":-1,"key":"vPfPBW7O9LLePlFCK4HfrAZOAk6u8V9nfFKFBaP3nEY="},"chainType":1,"messageKeys":{}}}},"BSPrXjhOpI91eFSQHL0CdB+iXObdLtPhUSFUf1fzQdVr":{"registrationId":226,"currentRatchet":{"ephemeralKeyPair":{"pubKey":"BT+UqQx3cKtCx04S5q0+Sx7gDLCaA2CLuKh6MfGu+NUo","privKey":"cO72J14LtCEnVut+sKQo3IvRUA16KYRS57+M+Pm8Lng="},"lastRemoteEphemeralKey":"BSFZrOAxQTS6RrhaH1r6PuVSi5PH3mEHtNhLyqC1gf5R","previousCounter":0,"rootKey":"8mDkZ6qxK8/AcUG9R8uFDniLd8oU7sk/S828JvbbJMA="},"indexInfo":{"baseKey":"BSPrXjhOpI91eFSQHL0CdB+iXObdLtPhUSFUf1fzQdVr","baseKeyType":2,"closed":1722347644199,"used":1722347632787,"created":1722347632787,"remoteIdentityKey":"BZlbgdolAui+xTOS8698okh5iffNdVSH/5BmkHIBvqFq"},"_chains":{"BSFZrOAxQTS6RrhaH1r6PuVSi5PH3mEHtNhLyqC1gf5R":{"chainKey":{"counter":1,"key":"Wm1uSvsG4uYHc7H//mP/yVMZK9iRJeMR4YhNPEoKW7Q="},"chainType":2,"messageKeys":{"0":"nxrHSd1qyJc23XidRmIRqcsewi5HOEfO8ZfUsDEWT84="}},"BT+UqQx3cKtCx04S5q0+Sx7gDLCaA2CLuKh6MfGu+NUo":{"chainKey":{"counter":-1,"key":"960SNVYr0IKLB4anDg8xMJjECwQY/stfREWIELD2bkU="},"chainType":1,"messageKeys":{}}}},"BfOAeQ/G89wcHHza1Q/TPOYMfak+o1AhWD2F2RlShcU9":{"registrationId":226,"currentRatchet":{"ephemeralKeyPair":{"pubKey":"BVUeIckY2LEssV16TPazlgDtd+eezIuZSL7CKFDKrN4U","privKey":"MKNleBMGE+3CDkwKQWV+CsXBQ30EbCS70EvJZqbkZU4="},"lastRemoteEphemeralKey":"BRDWISy0CCgQVqGYE40jYTWk9LLRtbcqUvKGs8QljCUj","previousCounter":0,"rootKey":"ktdfSl+g8iO3cdbjNhSPMfxcWeb1ZbIDSPBwnByg00Y="},"indexInfo":{"baseKey":"BfOAeQ/G89wcHHza1Q/TPOYMfak+o1AhWD2F2RlShcU9","baseKeyType":2,"closed":1722347672459,"used":1722347644203,"created":1722347644203,"remoteIdentityKey":"BZlbgdolAui+xTOS8698okh5iffNdVSH/5BmkHIBvqFq"},"_chains":{"BRDWISy0CCgQVqGYE40jYTWk9LLRtbcqUvKGs8QljCUj":{"chainKey":{"counter":3,"key":"TRf7z8cZUhkfyOhCJ88TcmuhUF8SVaW91iKtnxwU8uA="},"chainType":2,"messageKeys":{"0":"deN30pDKsK+WdMLOxw1R0Bih1SfkasPLNSNxYmznWM0="}},"BVUeIckY2LEssV16TPazlgDtd+eezIuZSL7CKFDKrN4U":{"chainKey":{"counter":-1,"key":"3/XZPVhmncMZ63vUtyS9nT8MpdCmf/Dz4ZvVvSpeJeE="},"chainType":1,"messageKeys":{}}}},"BSb3yKXDJOeTXsBDk/fegB9aVx6XdU0TK52dk4rhBNNv":{"registrationId":226,"currentRatchet":{"ephemeralKeyPair":{"pubKey":"BWsl7f89YGdyL7ioi7bD93nj+fPxfuHpncFSjXsSpHVa","privKey":"SB7oey+x1l1866mWcri5hLuo8fapIQqJG2aaZ7VtDGQ="},"lastRemoteEphemeralKey":"BQ0dBrNBHa6uCKZ311BEpGq3SC6g2PHYyYTSKvIP+gIV","previousCounter":0,"rootKey":"+7/C/K3uSSEDtTkuVUiLgj3L06AiuWi4A+zXDe0lJEg="},"indexInfo":{"baseKey":"BSb3yKXDJOeTXsBDk/fegB9aVx6XdU0TK52dk4rhBNNv","baseKeyType":2,"closed":1722349525886,"used":1722347672462,"created":1722347672462,"remoteIdentityKey":"BZlbgdolAui+xTOS8698okh5iffNdVSH/5BmkHIBvqFq"},"_chains":{"BQ0dBrNBHa6uCKZ311BEpGq3SC6g2PHYyYTSKvIP+gIV":{"chainKey":{"counter":33,"key":"6g57nKsRmDtv3rgOE4LxlU+QlEmef71UVSYQ5HK+6mM="},"chainType":2,"messageKeys":{"0":"vLW91BwKkmIay9GVdU9k2xu+/E6vwdVHCedsq1iX6vw=","8":"4lA8ERxFo0dVqSlCqhBeTUl3vyirHgb7JxHFEG6WjcI=","15":"PegBeUp43YWit715gaUiMCsFZ1Lp9dRKrdQUIgXdafI="}},"BWsl7f89YGdyL7ioi7bD93nj+fPxfuHpncFSjXsSpHVa":{"chainKey":{"counter":-1,"key":"DDfqr/FAg7qtgiooEiEqfbfZwXacrSrBcZFE9bXS+UM="},"chainType":1,"messageKeys":{}}}},"BUtK0h2+N6IE+R76n3AYvL1jkiRhcydqV60RNK81wuYN":{"registrationId":226,"currentRatchet":{"ephemeralKeyPair":{"pubKey":"BRtKgcPw+wkShx10SEyLKbmtlv2Hja5J7hM4Alvv400T","privKey":"KBSRgy2upQAnxxewgp2dA/GM4keWugSI044MYGg9NX4="},"lastRemoteEphemeralKey":"BZNwK4+lM9N5IbYyK3TGaVMyafVc5nxX8MvkKQPvFklH","previousCounter":4,"rootKey":"ufQPCuAXn8sjeKnFoRvolg34RO306K2jpn25XMkZ/r0="},"indexInfo":{"baseKey":"BUtK0h2+N6IE+R76n3AYvL1jkiRhcydqV60RNK81wuYN","baseKeyType":1,"closed":1722356896960,"used":1722350410462,"created":1722349525867,"remoteIdentityKey":"BZlbgdolAui+xTOS8698okh5iffNdVSH/5BmkHIBvqFq"},"_chains":{"BZNwK4+lM9N5IbYyK3TGaVMyafVc5nxX8MvkKQPvFklH":{"chainKey":{"counter":2,"key":"FtOIzCgraTlX8tna2QF4Nqd73qToXD9evAjM0fKBlKQ="},"chainType":2,"messageKeys":{}},"BRtKgcPw+wkShx10SEyLKbmtlv2Hja5J7hM4Alvv400T":{"chainKey":{"counter":-1,"key":"5qEka0uDkR0ZQncZ5T+AaT4cY8UpU6vlYir3EsZ7hoA="},"chainType":1,"messageKeys":{}}}},"BQt3BbeOaSt+BWf7qpDcHTSGLtDp2XN/FMbGDraWxSQx":{"registrationId":226,"currentRatchet":{"ephemeralKeyPair":{"pubKey":"BeQ/yhdDtmOFPt+ggZcd5plZtkvhW9Qg26169YebuDsW","privKey":"mNSPFud+dpB0hdLaWu5JxT6cySBqrI2rE+7ho4M/HVU="},"lastRemoteEphemeralKey":"BU1euAWYDVhrMEKVrUOlxtzF8Hc7b/iHjvvwyWedzREv","previousCounter":0,"rootKey":"Tgkc7HwQf1rfforxHm7qm27a+U3EkWY42CxjnUyQkFA="},"indexInfo":{"baseKey":"BQt3BbeOaSt+BWf7qpDcHTSGLtDp2XN/FMbGDraWxSQx","baseKeyType":2,"closed":1722356939462,"used":1722356896964,"created":1722356896964,"remoteIdentityKey":"BZlbgdolAui+xTOS8698okh5iffNdVSH/5BmkHIBvqFq"},"_chains":{"BU1euAWYDVhrMEKVrUOlxtzF8Hc7b/iHjvvwyWedzREv":{"chainKey":{"counter":4,"key":"xVwglBGZlTJVSA5pzQpFtAnDfaABIkLSux6rsmPeOtw="},"chainType":2,"messageKeys":{"0":"g6bbfhpTXKzR7CYg3N+PQw97c+WsQ/NqbLNleJuhb+8=","1":"ZCAtvlb6P9Zo+fZNd2QPIpfbyibGlArk+ut+bCo2KCE="}},"BeQ/yhdDtmOFPt+ggZcd5plZtkvhW9Qg26169YebuDsW":{"chainKey":{"counter":-1,"key":"cLrbU+41Eo3njLBYWKbArxrVeV7GAgUjSO1ca9KPEag="},"chainType":1,"messageKeys":{}}}},"BbN6OPQxG5gyEmMzaxhTSk4QIq1v8vifjCcG8P4lmDxi":{"registrationId":226,"currentRatchet":{"ephemeralKeyPair":{"pubKey":"BRZk3ws2keUcTzMl8WpywXw2/GEKD5/3Nrx3FJRe3blU","privKey":"QIt6UDp6NJzFiY4DyJQ9VVAOt78rzsydeXLIq8rxb0g="},"lastRemoteEphemeralKey":"BQ9qvJTwu20lYjMf6pddkJNqqRJgoVh+58lXuaVhWyd8","previousCounter":0,"rootKey":"mAQdYoDWDOs9N7S02HKIxwA4FKtVIFj0qwS8l5mlnHo="},"indexInfo":{"baseKey":"BbN6OPQxG5gyEmMzaxhTSk4QIq1v8vifjCcG8P4lmDxi","baseKeyType":2,"closed":1722356963301,"used":1722356939466,"created":1722356939466,"remoteIdentityKey":"BZlbgdolAui+xTOS8698okh5iffNdVSH/5BmkHIBvqFq"},"_chains":{"BQ9qvJTwu20lYjMf6pddkJNqqRJgoVh+58lXuaVhWyd8":{"chainKey":{"counter":1,"key":"N/LmFGj3Ca6nibvzFc9GcqRlOxVrwDCymtT0AJSOJ5Y="},"chainType":2,"messageKeys":{"0":"Eb7FKCfZ8PpUyBlzSCB8beZgHa3Bq3Yqamhf0MiuMlY="}},"BRZk3ws2keUcTzMl8WpywXw2/GEKD5/3Nrx3FJRe3blU":{"chainKey":{"counter":-1,"key":"kIUiiFIBjLJs7Z+jljI4gcr/Vw6XSJWqaFG9pAP6wq8="},"chainType":1,"messageKeys":{}}}},"Baq82qyemgo0s3sxCBDw4IzK1xECRyxzMjYiyRnNPlpZ":{"registrationId":226,"currentRatchet":{"ephemeralKeyPair":{"pubKey":"BZBpNlBcORI0DPuObFpd3qUivH/tEm36pClaERF5jIkE","privKey":"oKqgbwXXGsS4GnWXog2JuQ7CXT7wHZsTxKTQB/W6Mkk="},"lastRemoteEphemeralKey":"Bb8rohQkxwvO/XZMCccoUJv795Dt1kmuSc9IwGjVtANZ","previousCounter":0,"rootKey":"aVQRfnBzcvRF1IKOS698LYlulgFQJo8E0cfAYFG22dQ="},"indexInfo":{"baseKey":"Baq82qyemgo0s3sxCBDw4IzK1xECRyxzMjYiyRnNPlpZ","baseKeyType":2,"closed":1722367574675,"used":1722356963305,"created":1722356963305,"remoteIdentityKey":"BZlbgdolAui+xTOS8698okh5iffNdVSH/5BmkHIBvqFq"},"_chains":{"Bb8rohQkxwvO/XZMCccoUJv795Dt1kmuSc9IwGjVtANZ":{"chainKey":{"counter":7,"key":"sJATfku4Vn7FpGBl60EIV0SpE/Q+s02pgZ0R9NzOio0="},"chainType":2,"messageKeys":{"0":"ZAkd5yarrFlEX6WDa9G8E18IA97aoD9U//cLM2wpGfw="}},"BZBpNlBcORI0DPuObFpd3qUivH/tEm36pClaERF5jIkE":{"chainKey":{"counter":-1,"key":"/WZFTKofu0x/0nIhwxU7Yuc43tvQy81LB2xOWLeQJz0="},"chainType":1,"messageKeys":{}}}},"BawND/Km5xvKjkfJOo1SE9Ytv/h1dGrv7tQKIxcxPVJI":{"registrationId":226,"currentRatchet":{"ephemeralKeyPair":{"pubKey":"BQ7+wz4vkBnVGsa0VQRGAfXLvb5S6iNWO4uXpRnW6XdD","privKey":"+F8JfiZIoLqJ2pafmcoYGJOVysCKL0cfZrQ4q8/4BGA="},"lastRemoteEphemeralKey":"BWxYy+jhFbbvjeCO2eUbFymtIeA0TxZxCHFGgAyXzvh2","previousCounter":0,"rootKey":"fNFIoOTouNZZRNoJAJgEVYOzxIMTf5qOIfb73+ZszUg="},"indexInfo":{"baseKey":"BawND/Km5xvKjkfJOo1SE9Ytv/h1dGrv7tQKIxcxPVJI","baseKeyType":2,"closed":1722368045676,"used":1722367574679,"created":1722367574679,"remoteIdentityKey":"BZlbgdolAui+xTOS8698okh5iffNdVSH/5BmkHIBvqFq"},"_chains":{"BWxYy+jhFbbvjeCO2eUbFymtIeA0TxZxCHFGgAyXzvh2":{"chainKey":{"counter":1,"key":"b909U9LLJQYlwYqM0MJSORd9LDxOp7in8po9dJ2gvmc="},"chainType":2,"messageKeys":{"0":"Kz2aIZquTNoUk/IY+W1JDr9c2RJszAIDUxl4xPk/zsk="}},"BQ7+wz4vkBnVGsa0VQRGAfXLvb5S6iNWO4uXpRnW6XdD":{"chainKey":{"counter":-1,"key":"bj1r+gGMwdM7y6k2sSleg+AGZLp6ZcB03lWaCKxJHxU="},"chainType":1,"messageKeys":{}}}},"BQZ4LPKlNxZOrfDqpsQFG+Bw5lfh5yJF01HRE4d6VeQ7":{"registrationId":226,"currentRatchet":{"ephemeralKeyPair":{"pubKey":"BbqcchffUH/c7nzXPyE+tGnGAwn4sXE2WIkQwHN34AMW","privKey":"aJUY+87ykNEC/ceoM0mtSByKrr3fWo+PSOT1UyDB80I="},"lastRemoteEphemeralKey":"Bf5bMrTaGfjEXboPm//QtvvZE4edZd7cudbfKSZaJkEX","previousCounter":0,"rootKey":"aALfsEXHYWUqBQtQZcYHqkWxYGUo1MxHgA4R0VlmBws="},"indexInfo":{"baseKey":"BQZ4LPKlNxZOrfDqpsQFG+Bw5lfh5yJF01HRE4d6VeQ7","baseKeyType":2,"closed":1722368078966,"used":1722368045693,"created":1722368045693,"remoteIdentityKey":"BZlbgdolAui+xTOS8698okh5iffNdVSH/5BmkHIBvqFq"},"_chains":{"Bf5bMrTaGfjEXboPm//QtvvZE4edZd7cudbfKSZaJkEX":{"chainKey":{"counter":1,"key":"YH98WiRB11gu9O/sHeK3Yf4UbRTLEPQJvLGIZ77zIUU="},"chainType":2,"messageKeys":{"0":"PIBDA+oiNjNxQcndmPBO3O9cfEYe1W2aFMzIE8ZBe9U="}},"BbqcchffUH/c7nzXPyE+tGnGAwn4sXE2WIkQwHN34AMW":{"chainKey":{"counter":-1,"key":"4nrZZPMKwaFg1GeFB9wZfb+LZ6zcfQmjKQKO7jSKfdY="},"chainType":1,"messageKeys":{}}}},"BchbZsGLyFTSmir+tUsXeJNVp7PH0qlTzzCOBkWg+6sB":{"registrationId":226,"currentRatchet":{"ephemeralKeyPair":{"pubKey":"BXHRUy+fZlt2RsFSgZMzcTXpUd9/oFdoy7NuqgBvaW4O","privKey":"yPwUB0NVQVi+a8k11jaDlKZBd4JU0k80UE0exRixRFs="},"lastRemoteEphemeralKey":"BWP1xcv7MvWwYqAsDHDRiJFARLKw+yPkr1DbOTC1yEtT","previousCounter":0,"rootKey":"bD2O81Y4+FkJ1pw0+xPjZH+cTOcm45NhBM+4JzP2Z3w="},"indexInfo":{"baseKey":"BchbZsGLyFTSmir+tUsXeJNVp7PH0qlTzzCOBkWg+6sB","baseKeyType":2,"closed":1722368210965,"used":1722368078982,"created":1722368078982,"remoteIdentityKey":"BZlbgdolAui+xTOS8698okh5iffNdVSH/5BmkHIBvqFq"},"_chains":{"BWP1xcv7MvWwYqAsDHDRiJFARLKw+yPkr1DbOTC1yEtT":{"chainKey":{"counter":1,"key":"+ZUxCewV5WGgFSZxM/LNcL7PHj1foC0EYtGZmYP1YWA="},"chainType":2,"messageKeys":{"0":"qrcS/EXGbplPEv+7Tfl7rSacADzVK/X8YaNgkrsgMF4="}},"BXHRUy+fZlt2RsFSgZMzcTXpUd9/oFdoy7NuqgBvaW4O":{"chainKey":{"counter":-1,"key":"17GQuVwYwHyjRCW5ZsfazJO+6KgSQhVVsA7iP7CZD4c="},"chainType":1,"messageKeys":{}}}},"BYz7lPBaFr4SCOGYgbUSS/bjdwRgAQ96E6Sets6Up5FK":{"registrationId":226,"currentRatchet":{"ephemeralKeyPair":{"pubKey":"BaRr/c7c9RJdFaXm2PA68Jv+Oxmibelf+n8c2OmPjNdQ","privKey":"KDQK5e4BfNVwsPv42HZa3MJW3RAn0OQt8B27beSNiWY="},"lastRemoteEphemeralKey":"BS0k2Sm+C20wQQ3qxCbV8v9zX/MtFthKToCtWhBtmFYd","previousCounter":0,"rootKey":"iwLz75F6uAsV3uD9gRS6o0JlSOxRXerdI2rq3SlZGZc="},"indexInfo":{"baseKey":"BYz7lPBaFr4SCOGYgbUSS/bjdwRgAQ96E6Sets6Up5FK","baseKeyType":2,"closed":1722407785761,"used":1722368210972,"created":1722368210972,"remoteIdentityKey":"BZlbgdolAui+xTOS8698okh5iffNdVSH/5BmkHIBvqFq"},"_chains":{"BS0k2Sm+C20wQQ3qxCbV8v9zX/MtFthKToCtWhBtmFYd":{"chainKey":{"counter":1,"key":"LJFEsf2iPMnomPUNuVAALi7lEYAmAdZvNOhuYGz22Ig="},"chainType":2,"messageKeys":{"0":"f005/kt5pDr5Lsd5bTc2K7dPKT6Stz7p4gi7X++1TF0="}},"BaRr/c7c9RJdFaXm2PA68Jv+Oxmibelf+n8c2OmPjNdQ":{"chainKey":{"counter":9,"key":"WwKk6qp4gRnwbuI6M1Mby8hOHERxow9dCBZ3dd1/lk4="},"chainType":1,"messageKeys":{}}}},"Ba6nh/86H8a0qmm6kYVmOOPTFInGZrLMs1OHynfmdqlu":{"registrationId":226,"currentRatchet":{"ephemeralKeyPair":{"pubKey":"BW/2grH9xnJV3Xn4tl1LKQ49ZENhhfM6/2IQAVRqn1d9","privKey":"8Jk7v8WdaiglwWcoQbXkKt2ZSvNGwZc+dkwX2nhlUno="},"lastRemoteEphemeralKey":"BdyxemHQNw5ou077DT/B9JmhP7MigZtnd1vERGTcs9Yz","previousCounter":0,"rootKey":"VdyEAYfG6ooDnRdoaPUKmmNVYKOt5+JVIGN/sCdC5Fc="},"indexInfo":{"baseKey":"Ba6nh/86H8a0qmm6kYVmOOPTFInGZrLMs1OHynfmdqlu","baseKeyType":2,"closed":1722414726002,"used":1722407785766,"created":1722407785766,"remoteIdentityKey":"BZlbgdolAui+xTOS8698okh5iffNdVSH/5BmkHIBvqFq"},"_chains":{"BdyxemHQNw5ou077DT/B9JmhP7MigZtnd1vERGTcs9Yz":{"chainKey":{"counter":4,"key":"QVEbKq09mAg8Sd1K8SqPNEcen1xHbLKYBn4oEtQlN6A="},"chainType":2,"messageKeys":{"0":"QFu3mDdZImsuvvoErwbaeh6zVWHL24b5IrVF70hZrr4="}},"BW/2grH9xnJV3Xn4tl1LKQ49ZENhhfM6/2IQAVRqn1d9":{"chainKey":{"counter":13,"key":"b1i4W7hwoRcnseXmMcJ2+DO/PNVgKXsh4xILXPVRY8k="},"chainType":1,"messageKeys":{}}}},"BQDRZm1f5LEC/UptlEGP8GIvYGhj5Qyt4CT00VHktGBF":{"registrationId":226,"currentRatchet":{"ephemeralKeyPair":{"pubKey":"BRriRls5PIXNdl4qgBEdJgSWuew35xY60oyClKyRcVR2","privKey":"8ArXVQsUvSi3b8JI3Q0FDeuI8ZqTc6+Y4xH23js6Y3M="},"lastRemoteEphemeralKey":"BVOUz28LD0TGij5b3N/D3xAmgtyVRW1O9wEO4cMF55kE","previousCounter":0,"rootKey":"y8CsDHJheGfCNeBsdo6w+bNgOPNJaPBohCAzsOmlaPQ="},"indexInfo":{"baseKey":"BQDRZm1f5LEC/UptlEGP8GIvYGhj5Qyt4CT00VHktGBF","baseKeyType":2,"closed":1722414747011,"used":1722414726066,"created":1722414726066,"remoteIdentityKey":"BZlbgdolAui+xTOS8698okh5iffNdVSH/5BmkHIBvqFq"},"_chains":{"BVOUz28LD0TGij5b3N/D3xAmgtyVRW1O9wEO4cMF55kE":{"chainKey":{"counter":1,"key":"aSHgv73ial4xqxDF+epQVmsyJikUKz6GcacIVWILRNk="},"chainType":2,"messageKeys":{"0":"yWDGtSKqT6n0t0qlmqErmHvvxPAoOPGQFX7uLwFx6ZI="}},"BRriRls5PIXNdl4qgBEdJgSWuew35xY60oyClKyRcVR2":{"chainKey":{"counter":-1,"key":"rJU4B+8Tf7pWONoktl4APxS33c6UKoNkz1+ji1d11CE="},"chainType":1,"messageKeys":{}}}},"Bdu6lCjKwvrzXw3wmUajZeS+XFPZbQWcimWNtC2bsf0A":{"registrationId":226,"currentRatchet":{"ephemeralKeyPair":{"pubKey":"BYejQZdyIgxzTpu6D77ZfUzv6PR08ls/NXTlR3C2VFQh","privKey":"4H6z6ofRXj4LhW717d+UkbTh4F8Nj+izbmHYw0/Yz3k="},"lastRemoteEphemeralKey":"BdbmKK/CGxVmotR7oOUlEdDrzJdCB3XHikF0hXiMWk5V","previousCounter":4,"rootKey":"x6rQkX+nkdHE0MyAglOIzqdEV+PbpT54cVxLTdXmFXU="},"indexInfo":{"baseKey":"Bdu6lCjKwvrzXw3wmUajZeS+XFPZbQWcimWNtC2bsf0A","baseKeyType":2,"closed":-1,"used":1722418106194,"created":1722414747016,"remoteIdentityKey":"BZlbgdolAui+xTOS8698okh5iffNdVSH/5BmkHIBvqFq"},"_chains":{"BRGDiFSa3u0ZPtLwOuW+uZpby6GflwDw30yeHWmfdjMx":{"chainKey":{"counter":2},"chainType":2,"messageKeys":{"0":"QJ0IorAxBvNjUMEeC+ahdozPjBwiLGA1YCh5DO7ssUo=","2":"WKseXCQl65JjBn3ZJZLFos6tZrZzNJZnmokMkOPC/PY="}},"BdbmKK/CGxVmotR7oOUlEdDrzJdCB3XHikF0hXiMWk5V":{"chainKey":{"counter":1,"key":"a4XrP40Y/PYjV/athG6F3uzyzMQS968d1bTuxs/3eLc="},"chainType":2,"messageKeys":{"0":"HegfUTD0mzSem20/LlyWRdzd9tJfjKk0BlhID1KO2LA="}},"BYejQZdyIgxzTpu6D77ZfUzv6PR08ls/NXTlR3C2VFQh":{"chainKey":{"counter":4,"key":"HtVf5sfz8+ECT6MEIKgBfEkPOzU4rdgoODqFQeqNuto="},"chainType":1,"messageKeys":{}}}}},"version":"v1"}