{"_sessions":{"BbFYT+rHBbYUNokuTETPE8FKgKD5ei965MFFcBItq9h2":{"registrationId":1231086492,"currentRatchet":{"ephemeralKeyPair":{"pubKey":"BX/LTErAxXAYVLP7UnO+Z+duwI0oybWexMvQz+p+/EZC","privKey":"+F2sPP+mXwUSwzDHd/AG2E24mKjwO5fjmt5sAdhJjG4="},"lastRemoteEphemeralKey":"BZYi6k8ETYE9p4I+12YNNfb77i+MBgU4dmFBJl8dNNgI","previousCounter":0,"rootKey":"5nU2YCb/FzPjRNh0VOfq2BB21K6zOndJgfzOjsGFlVc="},"indexInfo":{"baseKey":"BbFYT+rHBbYUNokuTETPE8FKgKD5ei965MFFcBItq9h2","baseKeyType":1,"closed":-1,"used":1722302916306,"created":1722302916306,"remoteIdentityKey":"BaMXYldoKiLjVAJZ6Q/HuJAWaxZ1YVCH08kfvS/HGNQU"},"_chains":{"BX/LTErAxXAYVLP7UnO+Z+duwI0oybWexMvQz+p+/EZC":{"chainKey":{"counter":76,"key":"BxMEV14KJcJkpsIy0ndmD+JBcobI/edb2y+foIVkHFc="},"chainType":1,"messageKeys":{}}},"pendingPreKey":{"signedKeyId":1,"baseKey":"BbFYT+rHBbYUNokuTETPE8FKgKD5ei965MFFcBItq9h2","preKeyId":12235740}}},"version":"v1"}