{"_sessions":{"BUqlXwopa3EUzE9Ul37qnMOJrKQ4450qlalCSLYNSioo":{"registrationId":1782427479,"currentRatchet":{"ephemeralKeyPair":{"pubKey":"BXrzkoBP9ER6cc9Dyx/H57RjVtoG8jBuCeo8yubMD0Rv","privKey":"yIDKlgL78q29Q8NWu5Vx8kPsypDVnNC5eNGltqR88GI="},"lastRemoteEphemeralKey":"BRs0yI2H9SKeVVtTXb5EIDVcRQ5aA6IyBvr1Wv9lVZF3","previousCounter":0,"rootKey":"sZUqb2eTCO909pnNXKrs6kczS7OzLOOkqQB4Xn6frV4="},"indexInfo":{"baseKey":"BUqlXwopa3EUzE9Ul37qnMOJrKQ4450qlalCSLYNSioo","baseKeyType":1,"closed":-1,"used":1722224746563,"created":1722224746563,"remoteIdentityKey":"BTCBZF+Zla3jydTTYLpisSbmvgTFI4b//lfW2pL1/5l7"},"_chains":{"BXrzkoBP9ER6cc9Dyx/H57RjVtoG8jBuCeo8yubMD0Rv":{"chainKey":{"counter":6,"key":"mO2XvreYX3jlRjBJAUn6zhvC125i14xi/gkUoHrgNpw="},"chainType":1,"messageKeys":{}}},"pendingPreKey":{"signedKeyId":20,"baseKey":"BUqlXwopa3EUzE9Ul37qnMOJrKQ4450qlalCSLYNSioo","preKeyId":5801117}}},"version":"v1"}