{"_sessions":{"BZBP1vFKm6MoCx48oqFb83sNG93I2wpQcZFr/d7x+6AS":{"registrationId":5839,"currentRatchet":{"ephemeralKeyPair":{"pubKey":"BeuSljL6DaJxIdH0cR2gU5CyNnQl6S9OAOM7EYfrq49F","privKey":"IMZtd0ls4890nATJqkOwSry7eLc1z8uIK1+Nn623rGo="},"lastRemoteEphemeralKey":"BQ3udrkpX/SFYfsrROyLyOX5Eh7Mpogiz1qMR7LGIelc","previousCounter":0,"rootKey":"cPp09ArNYPrVwCLViv1pI+JHESOaPuARl48246QeE7A="},"indexInfo":{"baseKey":"BZBP1vFKm6MoCx48oqFb83sNG93I2wpQcZFr/d7x+6AS","baseKeyType":1,"closed":-1,"used":1722224746394,"created":1722224746394,"remoteIdentityKey":"Baj6BmVWJMhBAqH3ZjksZ08maSWIoGYW+Mh8fMGh845v"},"_chains":{"BeuSljL6DaJxIdH0cR2gU5CyNnQl6S9OAOM7EYfrq49F":{"chainKey":{"counter":6,"key":"JdtbA7zWeGsmxQLZRqaRkC4ZhFbDCPTZmIBua4HYUGo="},"chainType":1,"messageKeys":{}}},"pendingPreKey":{"signedKeyId":1,"baseKey":"BZBP1vFKm6MoCx48oqFb83sNG93I2wpQcZFr/d7x+6AS","preKeyId":1726}}},"version":"v1"}