{"_sessions":{"Be0+/oAi2n01MoQQB3RWWXdWQBvrkKW5rIpVLUGlZiNS":{"registrationId":1451164993,"currentRatchet":{"ephemeralKeyPair":{"pubKey":"BTSyO22tbeU5kYIgO8H6JYutcX2GiU/yDu/x+DyLapg9","privKey":"6ErnSVR0N5jdpeCec3TvbilNfti+kOtywB3JIPsNU3I="},"lastRemoteEphemeralKey":"BWwzfE/wnHcDWs8t9qcWVQgpzMWDpYh+l0Ai+FsYizU6","previousCounter":0,"rootKey":"4V6qTp0P4wSMoST4P4LIbH96Z7tINlUWDiR0mcIJQKI="},"indexInfo":{"baseKey":"Be0+/oAi2n01MoQQB3RWWXdWQBvrkKW5rIpVLUGlZiNS","baseKeyType":1,"closed":-1,"used":1722224747010,"created":1722224747010,"remoteIdentityKey":"BcVno6oF+dGpzjrwGvDa5DkhtsYhL3uzFletYM29U9kn"},"_chains":{"BTSyO22tbeU5kYIgO8H6JYutcX2GiU/yDu/x+DyLapg9":{"chainKey":{"counter":6,"key":"pyVz1fXTp3+Ey802AYF8UNGnk/GMiXaYc3WZRb8Ol24="},"chainType":1,"messageKeys":{}}},"pendingPreKey":{"signedKeyId":0,"baseKey":"Be0+/oAi2n01MoQQB3RWWXdWQBvrkKW5rIpVLUGlZiNS"}}},"version":"v1"}