{"_sessions":{"BUGvvQoFKv4Bwhwj6EFxBJmqxbxUqkb1bXMe2c9mg+Qt":{"registrationId":630417138,"currentRatchet":{"ephemeralKeyPair":{"pubKey":"BbcERUnGFEO0dNvxFt6+1EkioF8+c7NCAhowbwaKYd4f","privKey":"0CLi+cswmCXZ+iOKSE2ZO4p5SxQHH1WLVcuOIE4Xvko="},"lastRemoteEphemeralKey":"BdBDSMExsfJsHd4mq2DpZ5D7S0dPinmM6iwpPOaxs08k","previousCounter":0,"rootKey":"qVNyCtA8US2NcQrunr1AHEhaWnsF1G9pAoSGH8H30VU="},"indexInfo":{"baseKey":"BUGvvQoFKv4Bwhwj6EFxBJmqxbxUqkb1bXMe2c9mg+Qt","baseKeyType":1,"closed":-1,"used":1722224748281,"created":1722224748281,"remoteIdentityKey":"BfxpF1fx4v723JDoH/1Ih1joWiMt4upmZSNwegLryagQ"},"_chains":{"BbcERUnGFEO0dNvxFt6+1EkioF8+c7NCAhowbwaKYd4f":{"chainKey":{"counter":6,"key":"gEsUHUYGTHOP91iU0HJ1Z5mmsns5/dOAK8t83B6KmEs="},"chainType":1,"messageKeys":{}}},"pendingPreKey":{"signedKeyId":1,"baseKey":"BUGvvQoFKv4Bwhwj6EFxBJmqxbxUqkb1bXMe2c9mg+Qt"}}},"version":"v1"}