{"_sessions":{"BVFQMzQvyRVGPGoBVVTr3lW5YjE9GPZDnnFPRoYqC7kA":{"registrationId":10187,"currentRatchet":{"ephemeralKeyPair":{"pubKey":"BZUdwmAtmsVHFLiKTfTN1oueLyyFIUXVjTxpqh1/QWYZ","privKey":"6FamOEfenMUM6Efrd5GAp3KyHuwkjuXbV+T6g70jGns="},"lastRemoteEphemeralKey":"BRmor9F1/97A9TXl+6V/XMXWYLa3z29oopGC6n5A2KZC","previousCounter":0,"rootKey":"Cg6CME7fjvLlCAz5b3UHIcYuySSXKxWWJXE8JbRFkLQ="},"indexInfo":{"baseKey":"BVFQMzQvyRVGPGoBVVTr3lW5YjE9GPZDnnFPRoYqC7kA","baseKeyType":1,"closed":-1,"used":1722224745278,"created":1722224745278,"remoteIdentityKey":"BU5CNuUpBqeW1X9q1MHuJCo7X7QFKy9L+DBKTJZgovIz"},"_chains":{"BZUdwmAtmsVHFLiKTfTN1oueLyyFIUXVjTxpqh1/QWYZ":{"chainKey":{"counter":6,"key":"3Yj5tkyWrHI7MKZ2U2LmW+h1u8oF9afxFvWKXkumFdw="},"chainType":1,"messageKeys":{}}},"pendingPreKey":{"signedKeyId":1,"baseKey":"BVFQMzQvyRVGPGoBVVTr3lW5YjE9GPZDnnFPRoYqC7kA","preKeyId":1685}}},"version":"v1"}