{"_sessions":{"BQvHOOXYV9mrtem7G1LnmOShkbh2ojIr5Es/3MJIr3Mn":{"registrationId":1361467579,"currentRatchet":{"ephemeralKeyPair":{"pubKey":"BegJZcF2WaRnd+52O7rlevgm7C5QDllFGPkDs05m7n4J","privKey":"AHr+cSjlo0h9DWgqm7s6Sbt268zQ05uzM8kqjB3B0EE="},"lastRemoteEphemeralKey":"BQKbRi/dH09HbFpFh96/Hq8+SakqUNH8wC2xrbFUdNhX","previousCounter":0,"rootKey":"5QOPMRaoUIHTQvVW1QMz+5nzdVmuZaTShbMYJStEY7Y="},"indexInfo":{"baseKey":"BQvHOOXYV9mrtem7G1LnmOShkbh2ojIr5Es/3MJIr3Mn","baseKeyType":1,"closed":-1,"used":1722224748202,"created":1722224748202,"remoteIdentityKey":"BXxxWYV7SqI60KP5MK9ug6+mfuYJ89bkaEyJvRjxXxRY"},"_chains":{"BegJZcF2WaRnd+52O7rlevgm7C5QDllFGPkDs05m7n4J":{"chainKey":{"counter":6,"key":"DVDpc7HeV11I6jBs+uJVWCHA7CsV3e64NlL5eGt9zCY="},"chainType":1,"messageKeys":{}}},"pendingPreKey":{"signedKeyId":16534573,"baseKey":"BQvHOOXYV9mrtem7G1LnmOShkbh2ojIr5Es/3MJIr3Mn"}}},"version":"v1"}