{"_sessions":{"BTduNy0Y11viBwjbB9YNKhFHFybFZPHs2apIyBOdmZ0z":{"registrationId":9545,"currentRatchet":{"ephemeralKeyPair":{"pubKey":"BU3og6TipUkjExJUgr060uuCrX7nFqaJD6Ux5T+Sx/gI","privKey":"kBi7wfEuJ4KMc1Flv9Ix1Do65jR0GtG3G+4J36Fwi2M="},"lastRemoteEphemeralKey":"BTNjwsvLuDIYD2N+KAeeMcAkrSjhSVgbOOR13iqWYXwL","previousCounter":0,"rootKey":"w0NMwfJegtQJ0WM/zV2fzzapzFR3ua/SrVUDYzU27cI="},"indexInfo":{"baseKey":"BTduNy0Y11viBwjbB9YNKhFHFybFZPHs2apIyBOdmZ0z","baseKeyType":1,"closed":-1,"used":1722224746383,"created":1722224746383,"remoteIdentityKey":"Ba6P1sZLn86P7uUFvx1uhUFVT2FoUZSjiw56GPsGOUcc"},"_chains":{"BU3og6TipUkjExJUgr060uuCrX7nFqaJD6Ux5T+Sx/gI":{"chainKey":{"counter":6,"key":"ejQnSg5BWKpLcSirtc3Nty0c+/WVt939DG4voeyr8KM="},"chainType":1,"messageKeys":{}}},"pendingPreKey":{"signedKeyId":1,"baseKey":"BTduNy0Y11viBwjbB9YNKhFHFybFZPHs2apIyBOdmZ0z","preKeyId":2808}}},"version":"v1"}