{"_sessions":{"BZpCIxtz6kJl5mqt8DLbRt2NZMR4HmXieQx7IQB8Z38I":{"registrationId":868978175,"currentRatchet":{"ephemeralKeyPair":{"pubKey":"BftvBUtYl2m8RJGKR9WxW9VPNvLA/jZcpmlLyPWqbw4c","privKey":"CB/O8eL5LmlD62PDcKnhUDGellryIt82QVjuLOb6oUc="},"lastRemoteEphemeralKey":"BcRdJd7dzp7OhP3dwhwbkqhpMyjNmnrgEqeJN/iRYuVS","previousCounter":0,"rootKey":"DOF6vKkvVgO1HEITjsaoRshkrzbh6fgJQxOe8BlSvco="},"indexInfo":{"baseKey":"BZpCIxtz6kJl5mqt8DLbRt2NZMR4HmXieQx7IQB8Z38I","baseKeyType":1,"closed":-1,"used":1722454513081,"created":1722454513081,"remoteIdentityKey":"BenWNrxfDzDWd6Ds2hxq4Tko0t1qOfqacFCQNbOdNYxv"},"_chains":{"BftvBUtYl2m8RJGKR9WxW9VPNvLA/jZcpmlLyPWqbw4c":{"chainKey":{"counter":7,"key":"CSqvr0K0vwZ7Requ0ibgL0AQDqMuUT71bPivtjZafFY="},"chainType":1,"messageKeys":{}}},"pendingPreKey":{"signedKeyId":8,"baseKey":"BZpCIxtz6kJl5mqt8DLbRt2NZMR4HmXieQx7IQB8Z38I"}}},"version":"v1"}