{"_sessions":{"BcD+IWCpOqFbBxAbq0pX8Pw1Dx4SkWfP6nt+GwNqDPZX":{"registrationId":722068922,"currentRatchet":{"ephemeralKeyPair":{"pubKey":"BUGffN1RWzYTFF2st46KD4RIAH361w+q3kx9+JXZtEM8","privKey":"qCWdHTpq0UjUd1YQcjrFl5zDDQ90BNZxGyNPL415iVk="},"lastRemoteEphemeralKey":"BUBP4azEqzR9/5V8O2BA4vyj7d4C9A3A900jTRSVQati","previousCounter":0,"rootKey":"f8rxpsAsIYfw6LE3knHXGwk6nZ4V+bIWS6HwPSaLXYw="},"indexInfo":{"baseKey":"BcD+IWCpOqFbBxAbq0pX8Pw1Dx4SkWfP6nt+GwNqDPZX","baseKeyType":1,"closed":-1,"used":1722224749386,"created":1722224749386,"remoteIdentityKey":"BZiN6vNt02omW030q0psoTQTbAI78OAMwUJFsiScRbgi"},"_chains":{"BUGffN1RWzYTFF2st46KD4RIAH361w+q3kx9+JXZtEM8":{"chainKey":{"counter":6,"key":"lhex0oLfQh7QHvUL33rIonXClYlgBKu5xLK5Bu2PaZI="},"chainType":1,"messageKeys":{}}},"pendingPreKey":{"signedKeyId":5,"baseKey":"BcD+IWCpOqFbBxAbq0pX8Pw1Dx4SkWfP6nt+GwNqDPZX","preKeyId":3234214}}},"version":"v1"}