{"_sessions":{"BVftw8aOOJwuOi+V9iUub86fxrF4MgVczDOA+uyl8tFv":{"registrationId":1498867290,"currentRatchet":{"ephemeralKeyPair":{"pubKey":"BdTbW+BVnt+hDXMp4OQZ1sYt2xvmO/06Uwi8RYx0509I","privKey":"uJ/v6F68Mm0Rsx9X6/sYgFwcOXkUGBjZCwtjGuuGNEg="},"lastRemoteEphemeralKey":"BTgnp+b6lbqztMewM2LxVaPVv+1e9fZfb6aEMfP/T3Z1","previousCounter":0,"rootKey":"Vyv4v1yU23DXyTCb0iOBqIfVr2wWlubRBPx52/fUJwM="},"indexInfo":{"baseKey":"BVftw8aOOJwuOi+V9iUub86fxrF4MgVczDOA+uyl8tFv","baseKeyType":1,"closed":1722408943259,"used":1722302915779,"created":1722302915779,"remoteIdentityKey":"BWTpGkspfTrPNvBRzvwNVMtDBefNs5EJjE1n2NYSiE4H"},"_chains":{"BdTbW+BVnt+hDXMp4OQZ1sYt2xvmO/06Uwi8RYx0509I":{"chainKey":{"counter":52,"key":"2MORZYjjyu1BGqNOc9/b2MXcN0sdZiXPNd4J+rpNnfI="},"chainType":1,"messageKeys":{}}},"pendingPreKey":{"signedKeyId":0,"baseKey":"BVftw8aOOJwuOi+V9iUub86fxrF4MgVczDOA+uyl8tFv"}},"BXnieoN8zsjqvqcfQdYuKk93ZPDyqUbAPKzi5KpuSegV":{"registrationId":1498867290,"currentRatchet":{"ephemeralKeyPair":{"pubKey":"Bff2LOquNxSDJ34cTbpUz6NbCKTXXEvaf4rNtfl/iQdZ","privKey":"KM7IcKUyxH5ARtV4Q5EmZ+OZZsMtrix6NhP1QNMqxlc="},"lastRemoteEphemeralKey":"BTgnp+b6lbqztMewM2LxVaPVv+1e9fZfb6aEMfP/T3Z1","previousCounter":0,"rootKey":"vPARnTLtjeTISy454p35qks8cV0+ijlktCCiYyNjBWQ="},"indexInfo":{"baseKey":"BXnieoN8zsjqvqcfQdYuKk93ZPDyqUbAPKzi5KpuSegV","baseKeyType":1,"closed":1722408946083,"used":1722408943203,"created":1722408943203,"remoteIdentityKey":"BWTpGkspfTrPNvBRzvwNVMtDBefNs5EJjE1n2NYSiE4H"},"_chains":{"Bff2LOquNxSDJ34cTbpUz6NbCKTXXEvaf4rNtfl/iQdZ":{"chainKey":{"counter":0,"key":"EobXrVdjjRbtst62sb5z49UrxupDlm1V91Z0/7LrlgI="},"chainType":1,"messageKeys":{}}},"pendingPreKey":{"signedKeyId":0,"baseKey":"BXnieoN8zsjqvqcfQdYuKk93ZPDyqUbAPKzi5KpuSegV"}},"BdUgIz7bbr2AEzBONmPzwP8xLmec+7GXe8Ae/KcfUXls":{"registrationId":1498867290,"currentRatchet":{"ephemeralKeyPair":{"pubKey":"BV4T5g3CY0SiOcsC+HyfdxLHywkqpEtp22twizyEDd0E","privKey":"wJjr7p9AWc7vms9rig7Sr/E64MhnH27WMXlaTMrHRH4="},"lastRemoteEphemeralKey":"BTgnp+b6lbqztMewM2LxVaPVv+1e9fZfb6aEMfP/T3Z1","previousCounter":0,"rootKey":"+4Og5axlDeuF6ZxtvuvVD+Zyv4TDBJ+d6X3/oBJNUhM="},"indexInfo":{"baseKey":"BdUgIz7bbr2AEzBONmPzwP8xLmec+7GXe8Ae/KcfUXls","baseKeyType":1,"closed":1722408948296,"used":1722408946081,"created":1722408946081,"remoteIdentityKey":"BWTpGkspfTrPNvBRzvwNVMtDBefNs5EJjE1n2NYSiE4H"},"_chains":{"BV4T5g3CY0SiOcsC+HyfdxLHywkqpEtp22twizyEDd0E":{"chainKey":{"counter":0,"key":"nYLCyzmFQ4NLDAr8431lEMbFKAq6rv45j56Lt0rKyR8="},"chainType":1,"messageKeys":{}}},"pendingPreKey":{"signedKeyId":0,"baseKey":"BdUgIz7bbr2AEzBONmPzwP8xLmec+7GXe8Ae/KcfUXls"}},"BVNm4razzQPIi4AkH9Sr7xggZ758GvBoH5xwl/305NZ4":{"registrationId":1498867290,"currentRatchet":{"ephemeralKeyPair":{"pubKey":"BU4cUY3EmR0mPwph4Lf1Rtf4P0cQTfZ3v0X6PXHWgDc2","privKey":"mD5nrP6nz3ezdaS+C1xsEcdfD/Y1Ns06Oj+qMCQDlmg="},"lastRemoteEphemeralKey":"BTgnp+b6lbqztMewM2LxVaPVv+1e9fZfb6aEMfP/T3Z1","previousCounter":0,"rootKey":"MeJhG8p2SdDtPObPar1PGnclQM5d4YcZ55/k2Xd7TPg="},"indexInfo":{"baseKey":"BVNm4razzQPIi4AkH9Sr7xggZ758GvBoH5xwl/305NZ4","baseKeyType":1,"closed":1722408959481,"used":1722408948285,"created":1722408948285,"remoteIdentityKey":"BWTpGkspfTrPNvBRzvwNVMtDBefNs5EJjE1n2NYSiE4H"},"_chains":{"BU4cUY3EmR0mPwph4Lf1Rtf4P0cQTfZ3v0X6PXHWgDc2":{"chainKey":{"counter":6,"key":"7800asupdOo1XmIGWvtxzxelkplws5h0gmCEWAA4Q9U="},"chainType":1,"messageKeys":{}}},"pendingPreKey":{"signedKeyId":0,"baseKey":"BVNm4razzQPIi4AkH9Sr7xggZ758GvBoH5xwl/305NZ4"}},"BTqna8HISYaI3HhjV4FsDRKdUH05H5ECsipE3KUjxNkb":{"registrationId":1498867290,"currentRatchet":{"ephemeralKeyPair":{"pubKey":"BX4UjCxy7BN2x3O4dVIcZTS/oOVDJtcgTMFYgbwojX9r","privKey":"aPptHtLZgyu8s9KwEZ+gwbq9tW5Qc45m74aShBXW3FE="},"lastRemoteEphemeralKey":"BTgnp+b6lbqztMewM2LxVaPVv+1e9fZfb6aEMfP/T3Z1","previousCounter":0,"rootKey":"ZMyanwaxMji+irwnCF6ffCdQoEdD2c8JPtdZOVQ4J/o="},"indexInfo":{"baseKey":"BTqna8HISYaI3HhjV4FsDRKdUH05H5ECsipE3KUjxNkb","baseKeyType":1,"closed":1722409083806,"used":1722408959469,"created":1722408959469,"remoteIdentityKey":"BWTpGkspfTrPNvBRzvwNVMtDBefNs5EJjE1n2NYSiE4H"},"_chains":{"BX4UjCxy7BN2x3O4dVIcZTS/oOVDJtcgTMFYgbwojX9r":{"chainKey":{"counter":0,"key":"eJse6a6uNwcY9UKKF9BZestGgnJY8Ow2b+e96X0wKbI="},"chainType":1,"messageKeys":{}}},"pendingPreKey":{"signedKeyId":0,"baseKey":"BTqna8HISYaI3HhjV4FsDRKdUH05H5ECsipE3KUjxNkb"}},"BV8AHAJJY++FzVkCmdymTkD03mxNE4a6OaRo/EPq2c11":{"registrationId":1498867290,"currentRatchet":{"ephemeralKeyPair":{"pubKey":"BaPoIXMvtFBZa8Ptt8hFXIfSwvVV3D859RUBakuoZvss","privKey":"2F428sIyqw+FQS0wNdC+hB5S+J/sO6D0m3K0anWPDl4="},"lastRemoteEphemeralKey":"BTgnp+b6lbqztMewM2LxVaPVv+1e9fZfb6aEMfP/T3Z1","previousCounter":0,"rootKey":"3yPPP75Q+lBErtN8yIIS5BEPYpheBZ9mRirEyjd06rY="},"indexInfo":{"baseKey":"BV8AHAJJY++FzVkCmdymTkD03mxNE4a6OaRo/EPq2c11","baseKeyType":1,"closed":1722409085864,"used":1722409083801,"created":1722409083801,"remoteIdentityKey":"BWTpGkspfTrPNvBRzvwNVMtDBefNs5EJjE1n2NYSiE4H"},"_chains":{"BaPoIXMvtFBZa8Ptt8hFXIfSwvVV3D859RUBakuoZvss":{"chainKey":{"counter":0,"key":"w+NrnFxNA6loiIrOqgoU5KqhuMxUqwp9vvCz35DIR+c="},"chainType":1,"messageKeys":{}}},"pendingPreKey":{"signedKeyId":0,"baseKey":"BV8AHAJJY++FzVkCmdymTkD03mxNE4a6OaRo/EPq2c11"}},"BU9G9H1BmlQK4L/2kEIXQcQE9BeW2Kl7ZJWECnMUPN99":{"registrationId":1498867290,"currentRatchet":{"ephemeralKeyPair":{"pubKey":"Bcp4sklh5byAb/GblGetyr9Kbldj3AQM1Us7wpA1+6Mv","privKey":"GCL2asn8aCKR6BxrUM3FAf2xRyFxBv+9mcToxsZ/sVk="},"lastRemoteEphemeralKey":"BTgnp+b6lbqztMewM2LxVaPVv+1e9fZfb6aEMfP/T3Z1","previousCounter":0,"rootKey":"l3RbmdhLUHK1i9iENVe9Me7y7MU9//qO5s9/79OIKWc="},"indexInfo":{"baseKey":"BU9G9H1BmlQK4L/2kEIXQcQE9BeW2Kl7ZJWECnMUPN99","baseKeyType":1,"closed":1722409088374,"used":1722409085861,"created":1722409085861,"remoteIdentityKey":"BWTpGkspfTrPNvBRzvwNVMtDBefNs5EJjE1n2NYSiE4H"},"_chains":{"Bcp4sklh5byAb/GblGetyr9Kbldj3AQM1Us7wpA1+6Mv":{"chainKey":{"counter":0,"key":"B6792t0PVP+RzBilWnJbhF5ysaEr/hkxaMRNr6cgStU="},"chainType":1,"messageKeys":{}}},"pendingPreKey":{"signedKeyId":0,"baseKey":"BU9G9H1BmlQK4L/2kEIXQcQE9BeW2Kl7ZJWECnMUPN99"}},"BeWjKPJzp0/ctyBuGiXAyVd+Ue6dnS/cmEwlM1n4j0dp":{"registrationId":1498867290,"currentRatchet":{"ephemeralKeyPair":{"pubKey":"BRFBjKBT4Tbwa9QoJ3eMDaz1Ad5/hSKaimq7dFMMWAp+","privKey":"yIxgWlrxvMNUarnaXbzznLg8n4sKrBnzkN0OP6rQrWE="},"lastRemoteEphemeralKey":"BTgnp+b6lbqztMewM2LxVaPVv+1e9fZfb6aEMfP/T3Z1","previousCounter":0,"rootKey":"P4X0sIHx2AwwOpdSO4IqwfsnUr4Xto5qLIp7cnfnEy8="},"indexInfo":{"baseKey":"BeWjKPJzp0/ctyBuGiXAyVd+Ue6dnS/cmEwlM1n4j0dp","baseKeyType":1,"closed":1722409090109,"used":1722409088372,"created":1722409088372,"remoteIdentityKey":"BWTpGkspfTrPNvBRzvwNVMtDBefNs5EJjE1n2NYSiE4H"},"_chains":{"BRFBjKBT4Tbwa9QoJ3eMDaz1Ad5/hSKaimq7dFMMWAp+":{"chainKey":{"counter":0,"key":"xeud4HjWgdjzQ9BaTSwiHIgGSdj/VGTpvMNV4Hn4eyk="},"chainType":1,"messageKeys":{}}},"pendingPreKey":{"signedKeyId":0,"baseKey":"BeWjKPJzp0/ctyBuGiXAyVd+Ue6dnS/cmEwlM1n4j0dp"}},"BTn5wDZn28JJVq176H6L0Vl7hltgqTRgUZqiRK3U8zpr":{"registrationId":1498867290,"currentRatchet":{"ephemeralKeyPair":{"pubKey":"BWnKagUoYVyUN5/FiztuT6jkWKo8j+jg4CyoK5YWuHMJ","privKey":"wD1HmtnQrTubXafsNUKTK7iDi+Sf1RCjfVb8kva7nEg="},"lastRemoteEphemeralKey":"BTgnp+b6lbqztMewM2LxVaPVv+1e9fZfb6aEMfP/T3Z1","previousCounter":0,"rootKey":"GMORB/DRDnOgOVm8e9AmcEKJIFpScsTnrWr/NAG1PCk="},"indexInfo":{"baseKey":"BTn5wDZn28JJVq176H6L0Vl7hltgqTRgUZqiRK3U8zpr","baseKeyType":1,"closed":-1,"used":1722409090107,"created":1722409090107,"remoteIdentityKey":"BWTpGkspfTrPNvBRzvwNVMtDBefNs5EJjE1n2NYSiE4H"},"_chains":{"BWnKagUoYVyUN5/FiztuT6jkWKo8j+jg4CyoK5YWuHMJ":{"chainKey":{"counter":10,"key":"sDrLC/oqzDtMvaZOGb9D2A/OfdO3HtaYVsw+hcl3IAg="},"chainType":1,"messageKeys":{}}},"pendingPreKey":{"signedKeyId":0,"baseKey":"BTn5wDZn28JJVq176H6L0Vl7hltgqTRgUZqiRK3U8zpr"}}},"version":"v1"}