{"_sessions":{"Bfw5gIMNNN3NdxtEWfm0kXoBQ6LDaGEMJnjDgLEeg5w6":{"registrationId":593112319,"currentRatchet":{"ephemeralKeyPair":{"pubKey":"BQZYnUBPZGyTdF8uSKf801YXUhJZ/bxu0Kb7vITlwXUA","privKey":"YIosqqzECuPCKd4zvha8yK5vAl+4yWbxi37PudQ4GWU="},"lastRemoteEphemeralKey":"BYYfaQ8Mrt1Q1KqMMi2PBDnQfKeEqOUeNEB/BX8rUSYX","previousCounter":0,"rootKey":"1ib1QikH1eV5fjSfYrjFUOABcfRmief3SkLvfau4sv4="},"indexInfo":{"baseKey":"Bfw5gIMNNN3NdxtEWfm0kXoBQ6LDaGEMJnjDgLEeg5w6","baseKeyType":1,"closed":-1,"used":1722302916382,"created":1722302916382,"remoteIdentityKey":"BcdBmQX1SJy/H+DL5kpUgap67tkthf/RnMSckyxnDqEd"},"_chains":{"BQZYnUBPZGyTdF8uSKf801YXUhJZ/bxu0Kb7vITlwXUA":{"chainKey":{"counter":76,"key":"TsMFpXvLwUE5mfeBCX5pQ1tN1mYj47WrPF8KXH9QsWk="},"chainType":1,"messageKeys":{}}},"pendingPreKey":{"signedKeyId":1,"baseKey":"Bfw5gIMNNN3NdxtEWfm0kXoBQ6LDaGEMJnjDgLEeg5w6"}}},"version":"v1"}