{"_sessions":{"BSoJVbwIa4nVE3OOz5/C52umUxqDMSXZhi5nR9fkLwlk":{"registrationId":436369051,"currentRatchet":{"ephemeralKeyPair":{"pubKey":"BWEW6BxPWMiPSQF4uYesZURzatqOxx7bCrSqkorhZrd5","privKey":"aOpQ4EFz2tcc9y0mqspng5CeaBJG2lL2lGcQE4SoS3Q="},"lastRemoteEphemeralKey":"BSVBwjJDiyR3SKdFI+wJdCLs1KYVZRkeQLCdh5/x0mIx","previousCounter":0,"rootKey":"SaWkTV+DhPjhyk9qOg9z1Cp9jfOkToaX2ZyBZwG8ea0="},"indexInfo":{"baseKey":"BSoJVbwIa4nVE3OOz5/C52umUxqDMSXZhi5nR9fkLwlk","baseKeyType":1,"closed":-1,"used":1722224748666,"created":1722224748666,"remoteIdentityKey":"BX59bcFnlEtlqDcXxAhnFvMQN3g+lGnnmCTxzibhMRoY"},"_chains":{"BWEW6BxPWMiPSQF4uYesZURzatqOxx7bCrSqkorhZrd5":{"chainKey":{"counter":6,"key":"/53H1fdUKov0xwKVwm78jNlv+0Up3ehc7mFLzb+DLpE="},"chainType":1,"messageKeys":{}}},"pendingPreKey":{"signedKeyId":0,"baseKey":"BSoJVbwIa4nVE3OOz5/C52umUxqDMSXZhi5nR9fkLwlk"}}},"version":"v1"}