{"_sessions":{"BbxTidsk6+zotY+mAgkO5iiOII2vc7UqS1zPY7KlsJlc":{"registrationId":1457599991,"currentRatchet":{"ephemeralKeyPair":{"pubKey":"BSwhWSXzU/mtmiPntPy0FlDVtFdwXjHzn73o2dSaSwYU","privKey":"4OZmcspSrWFAm7xPePo6wzIiif0yRn+kizwA7rbFUGI="},"lastRemoteEphemeralKey":"BQf4UYmuius6ViH4JFrOAAnzgmddQdEpvkA1OK4NpFdk","previousCounter":0,"rootKey":"7oZ8Fn/ART7wvpgjR8wAetS9fOF8U0s9h1A+ZAcc6Og="},"indexInfo":{"baseKey":"BbxTidsk6+zotY+mAgkO5iiOII2vc7UqS1zPY7KlsJlc","baseKeyType":1,"closed":-1,"used":1722302916285,"created":1722302916285,"remoteIdentityKey":"BffIBUHoIUqezPSUybQrj6YMzsrDa4jnRIjG2rbhxXwg"},"_chains":{"BSwhWSXzU/mtmiPntPy0FlDVtFdwXjHzn73o2dSaSwYU":{"chainKey":{"counter":76,"key":"53zB2Y+xumIkz8LJdZCD1C2JemvaGQVelJxIX/Af32M="},"chainType":1,"messageKeys":{}}},"pendingPreKey":{"signedKeyId":30,"baseKey":"BbxTidsk6+zotY+mAgkO5iiOII2vc7UqS1zPY7KlsJlc","preKeyId":14370543}}},"version":"v1"}